source,retrieval_method,search_query,barcode,product_name,generic_name,brand,categories,category_tags,labels,label_tags,ingredients_text,ingredient_tags,packaging,packaging_tags,countries,country_tags,stores,origins,origin_tags,manufacturing_places,ecoscore_grade,ecoscore_score,image_url,created_datetime,last_modified_datetime,api_status,extraction_timestamp,ecoscore_grade_clean,has_ecoscore,has_product_name,has_brand,has_categories,has_labels,has_ingredients,has_packaging,has_country,has_image
food,barcode,,4014400400007,Toffifee 15er,Haselnuss (10 %) in Caramel (41 %) mit Nougatcreme (37 %) und Schokolade (12 %),Storck,Confectioneries,"['en:snacks', 'en:sweet-snacks', 'en:confectioneries']",,[],"Zucker, pflanzliche Fette (Palm, Shea), Haselnüsse, Glukosesirup, Magermilchpulver, Sorbitsirup, Kakaomasse, kondensierte Magermilch, kondensierte Süßmolke, Milchzucker, magerer Kakao, Kakaobutter, Butterreinfett, Rohrzuckersirup, Molkenerzeugnis, Emulgator Lecithine (Soja), Salz, Aromen. Kann auch Mandel, Erdnuss und andere Nüsse enthalten.","['en:sugar', 'en:added-sugar', 'en:disaccharide', 'en:vegetable-fat', 'en:oil-and-fat', 'en:vegetable-oil-and-fat', 'en:hazelnut', 'en:nut', 'en:tree-nut', 'en:glucose-syrup', 'en:monosaccharide', 'en:glucose', 'en:skimmed-milk-powder', 'en:dairy', 'en:milk-powder', 'en:e420ii', 'en:e420', 'en:cocoa-paste', 'en:plant', 'en:cocoa', 'en:skimmed-milk', 'en:milk', 'en:sweet-whey', 'en:whey', 'en:lactose', 'en:fat-reduced-cocoa', 'en:cocoa-butter', 'en:butterfat', 'en:fat', 'en:milkfat', 'en:cane-sugar-syrup', 'en:syrup', 'en:whey-product', 'en:emulsifier', 'en:salt', 'en:flavouring', 'en:palm', 'en:palm-oil-and-fat', 'en:palm-oil', 'en:shea-butter', 'en:e322']","Kunststoff,PET - Polyethylenterephtalat,PP - Polypropylen,Papier,Pappe,Ungewellte Pappe","['en:kunststoff', 'en:pet-polyethylenterephtalat', 'en:pp-polypropylen', 'en:papier', 'en:pappe', 'en:ungewellte-pappe']","Bulgaria, Czech Republic, France, Germany, Hungary, Morocco, Poland, Romania, Russia, Slovakia, Sweden, Switzerland, Turkey, Ukraine","['en:bulgaria', 'en:czech-republic', 'en:france', 'en:germany', 'en:hungary', 'en:morocco', 'en:poland', 'en:romania', 'en:russia', 'en:slovakia', 'en:sweden', 'en:switzerland', 'en:turkey', 'en:ukraine']","aldi, coop, delhaize, edeka, irma-dk, kaufland, lidl, netto-md, normal, penny, rewe","Germany, de:Njemačka","['en:germany', 'de:Njemačka']","berlin, deutschland, nemčija",unknown,,https://images.openfoodfacts.org/images/products/401/440/040/0007/front_en.638.400.jpg,2013-05-10 22:15:21,2026-06-10 00:34:28,found,2026-06-10 12:13:58.615561,unknown,False,True,True,True,False,True,True,True,True
beauty,barcode,,3474637195809,Bain Décalcifiant Réparateur,,Kérastase,Shampoos,"['en:hair', 'en:shampoos']",,[],,[],,[],Germany,['en:germany'],,,[],,unknown,,https://images.openbeautyfacts.org/images/products/347/463/719/5809/front_de.4.400.jpg,2025-03-09 01:22:23,2026-06-08 19:12:38,found,2026-06-10 12:13:58.792205,unknown,False,True,True,True,False,False,False,True,True
food,search,schokolade,20815356,Dunkle Schokolade mit ganzen Haselnüssen,,fin CARRE,fr:Barres chocolatées à la noix de coco,"['en:snacks', 'en:sweet-snacks', 'en:cocoa-and-its-products', 'en:confectioneries', 'en:chocolate-candies', 'en:bars', 'en:candy-chocolate-bars', 'fr:barres-chocolatees-a-la-noix-de-coco']","Sustainable farming, Fairtrade cocoa, Made in Germany, Max Havelaar, Triman","['en:fair-trade', 'en:fairtrade-international', 'en:sustainable-farming', 'en:fairtrade-cocoa', 'en:made-in-germany', 'en:max-havelaar', 'fr:triman']","Kakaomasse, Zucker, Haselnusskerne, Kakaobutter, Butterreinfett, Emulgator: Lecithine.","['en:cocoa-paste', 'en:plant', 'en:cocoa', 'en:sugar', 'en:added-sugar', 'en:disaccharide', 'fr:noisettes-decortiquees', 'en:nut', 'en:tree-nut', 'en:hazelnut', 'en:cocoa-butter', 'en:butterfat', 'en:oil-and-fat', 'en:dairy', 'en:fat', 'en:milkfat', 'en:emulsifier', 'en:e322']","Plastique,PP 5 - Polypropylène","['en:plastic', 'en:pp-5-polypropylene']","Belgium, France, Germany, Netherlands, Poland, Spain, Switzerland","['en:belgium', 'en:france', 'en:germany', 'en:netherlands', 'en:poland', 'en:spain', 'en:switzerland']",Lidl,,[],,a,75.0,https://images.openfoodfacts.org/images/products/000/002/081/5356/front_en.146.400.jpg,2018-04-12 11:10:19,2026-04-30 22:34:49,found,2026-06-10 12:14:00.799063,a,True,True,True,True,True,True,True,True,True
food,search,schokolade,20029838,Hazelnut Milk Chocolate,,fin CARRE,Milk chocolates with hazelnuts,"['en:snacks', 'en:sweet-snacks', 'en:cocoa-and-its-products', 'en:chocolates', 'en:milk-chocolates', 'en:chocolates-with-hazelnuts', 'en:milk-chocolates-with-hazelnuts']","Fairtrade cocoa, Green Dot, Max Havelaar, UTZ Certified Cocoa","['en:fair-trade', 'en:fairtrade-international', 'en:sustainable-farming', 'en:fairtrade-cocoa', 'en:green-dot', 'en:max-havelaar', 'en:utz-certified', 'en:utz-certified-cocoa']","sugar, cocoa butter, 12% hazelnuts, skimmed milk powder, cocoa mass, whey powder (milk), concentrated butter (milk), hazelnut paste, emulsifier: lecithin (soy), vanilla extract","['en:sugar', 'en:added-sugar', 'en:disaccharide', 'en:cocoa-butter', 'en:plant', 'en:cocoa', 'en:hazelnut', 'en:nut', 'en:tree-nut', 'en:skimmed-milk-powder', 'en:dairy', 'en:milk-powder', 'en:cocoa-paste', 'en:whey-powder', 'en:whey', 'en:butterfat', 'en:oil-and-fat', 'en:fat', 'en:milkfat', 'en:hazelnut-paste', 'en:emulsifier', 'en:vanilla-extract', 'en:extract', 'en:vanilla', 'en:vegetable-extract', 'en:e322i', 'en:e322']","Film,Plastique","['en:plastic', 'en:film']","Bulgaria, France, Germany","['en:bulgaria', 'en:france', 'en:germany']",Lidl,Unspecified,['en:unspecified'],,c,58.0,https://images.openfoodfacts.org/images/products/000/002/002/9838/front_en.115.400.jpg,2014-04-30 14:59:58,2026-04-24 16:08:19,found,2026-06-10 12:14:00.799077,c,True,True,True,True,True,True,True,True,True
food,search,schokolade,4014400932959,Toffifee weiße Schokolade,,"Storck, Storck KG",Bonbons,"['en:snacks', 'en:sweet-snacks', 'en:cocoa-and-its-products', 'en:confectioneries', 'en:chocolate-candies', 'en:bonbons']","Green Dot, Limited edition","['en:green-dot', 'en:limited-edition']","Zucker, pflanzliche Fette (Palm, Shea), Haselnüsse (13,1 %), Glukosesirup, Magermilchpulver (8,1%), Milchzucker, Feuchthaltemittel Sorbitsirup, Kakaobutter, kondensierte Magermilch, kondensierte Süßmolke, Vollmilchpulver, Sahnepulver, Rohrzuckersirup, Molkenerzeugnis, Emulgator Lecithine (Soja), Aromen (enthält Erdnuss), Buttermilchpulver, Salz. Kann auch Anteile von Mandel und anderen Nüssen enthalten.","['en:sugar', 'en:added-sugar', 'en:disaccharide', 'en:vegetable-fat', 'en:oil-and-fat', 'en:vegetable-oil-and-fat', 'en:hazelnut', 'en:nut', 'en:tree-nut', 'en:glucose-syrup', 'en:monosaccharide', 'en:glucose', 'en:skimmed-milk-powder', 'en:dairy', 'en:milk-powder', 'en:lactose', 'en:humectant', 'en:cocoa-butter', 'en:plant', 'en:cocoa', 'en:skimmed-milk', 'en:milk', 'en:sweet-whey', 'en:whey', 'en:whole-milk-powder', 'en:cream', 'en:cane-sugar-syrup', 'en:syrup', 'en:whey-product', 'en:emulsifier', 'en:flavouring', 'en:buttermilk', 'en:salt', 'en:palm', 'en:palm-oil-and-fat', 'en:palm-oil', 'en:shea-butter', 'en:e420ii', 'en:e420', 'en:e322', 'en:peanut']","Plastic,Cardboard,Box,Film,Paperboard,Tray","['en:plastic', 'en:cardboard', 'en:box', 'en:film', 'en:paperboard', 'en:tray']","Austria, Bulgaria, Czech Republic, France, Germany, Romania","['en:austria', 'en:bulgaria', 'en:czech-republic', 'en:france', 'en:germany', 'en:romania']","Aldi, Edeka, Hofer, Lidl, Netto MD, Rewe",,[],,unknown,,https://images.openfoodfacts.org/images/products/401/440/093/2959/front_en.111.400.jpg,2022-08-21 18:15:33,2026-06-08 18:16:03,found,2026-06-10 12:14:00.799089,unknown,False,True,True,True,True,True,True,True,True
food,search,schokolade,20481940,Dunkle Ganze Mandel,Schokolade mit ganzen Mandeln,"Fin carré, Lidl",Dark chocolates with almonds,"['en:snacks', 'en:sweet-snacks', 'en:cocoa-and-its-products', 'en:chocolates', 'en:dark-chocolates', 'en:chocolates-with-almonds', 'en:dark-chocolates-with-almonds']","Fairtrade cocoa, FSC Mix, Green Dot, Max Havelaar, Nutriscore Grade E, pure cocoa butter, UTZ Certified, Triman, Fsc-c-021442, Fsc-c021, fr:Fairtrade Max Havekaar Cacao, fr:Fairtrade-cocoa-programme","['en:fair-trade', 'en:fairtrade-international', 'en:sustainable-farming', 'en:fairtrade-cocoa', 'en:fsc', 'en:fsc-mix', 'en:green-dot', 'en:max-havelaar', 'en:nutriscore', 'en:nutriscore-grade-e', 'en:pure-cocoa-butter', 'en:utz-certified', 'fr:triman', 'en:Fsc-c-021442', 'en:Fsc-c021', 'fr:Fairtrade Max Havekaar Cacao', 'fr:Fairtrade-cocoa-programme']","Zucker, Kakaomasse, 25% Mandeln, Kakaobutter, Butterreinfett, Emulgator: Lecithine, Vanille-Extrakt.","['en:sugar', 'en:added-sugar', 'en:disaccharide', 'en:cocoa-paste', 'en:plant', 'en:cocoa', 'en:almond', 'en:nut', 'en:tree-nut', 'en:cocoa-butter', 'en:butterfat', 'en:oil-and-fat', 'en:dairy', 'en:fat', 'en:milkfat', 'en:emulsifier', 'en:vanilla-extract', 'en:extract', 'en:vanilla', 'en:vegetable-extract', 'en:e322']","Carton, Boite carton de 11g, FSC C021442, FSC Mixte carton, Film papier, Film papier de 3g, Point vert, Triman","['en:cardboard', 'fr:boite-carton-de-11g', 'fr:fsc-c021442', 'fr:fsc-mixte-carton', 'fr:film-papier', 'fr:film-papier-de-3g', 'fr:point-vert', 'fr:triman']","France, Germany","['en:france', 'en:germany']",Lidl,,[],,c,58.0,https://images.openfoodfacts.org/images/products/000/002/048/1940/front_de.116.400.jpg,2015-01-30 14:01:24,2026-03-13 14:11:04,found,2026-06-10 12:14:00.799099,c,True,True,True,True,True,True,True,True,True
food,search,schokolade,8000500435618,"Eat Natural Vegan - Erdnüsse, Kokos & dunkle Schokolade",,"Eat Natural, Ferrero","Chocolate cereal bars, Fruits cereal bars","['en:snacks', 'en:sweet-snacks', 'en:bars', 'en:cereal-bars', 'en:chocolate-cereal-bars', 'en:fruits-cereal-bars']","No gluten, Vegan, FSC Mix","['en:vegetarian', 'en:no-gluten', 'en:vegan', 'en:fsc', 'en:fsc-mix']","Bitterschokolade 20 % (Kakaomasse, Rohrzucker, Kakaobutter), ERDNÜSSE (18%), Reissirup, getrocknete Aprikosen (getrocknete Aprikosen 11 %**, Reismehl), Reis-Crispies, Kürbiskerne, Kokosraspel (5 %), Kokoschips (4,5 %), Kokossirup (4,5%), Kichererbsen-Crispies, Sonnenblumenkerne, ** Im Endprodukt 〃 Kann SOJA, MILCH, MANDELN, HASELNÜSSE, WALNÜSSE, KASCHUNÜSSE, PECANNÜSSE, PARANÜSSE, PISTAZIEN und MACADAMIANÜSSE enthalten,","['de:bitterschokolade', 'en:peanut', 'en:nut', 'en:rice-syrup', 'en:added-sugar', 'en:disaccharide', 'en:syrup', 'en:dried-apricots', 'en:fruit', 'en:prunus-species-fruit', 'en:apricot', 'en:puffed-rice', 'en:rice', 'en:pumpkin-seed', 'en:vegetable', 'en:fruit-vegetable', 'en:seed', 'en:pumpkin', 'en:coconut', 'en:coconut-chips', 'de:kichererbsen-crispies', 'en:sunflower-seed', 'en:plant', 'en:sunflower', 'en:cocoa-paste', 'en:cocoa', 'en:cane-sugar', 'en:sugar', 'en:cocoa-butter', 'en:rice-flour', 'en:flour']",,[],"France, Germany","['en:france', 'en:germany']",,,[],,c,48.0,https://images.openfoodfacts.org/images/products/800/050/043/5618/front_de.37.400.jpg,2025-01-18 11:34:57,2026-03-26 19:16:15,found,2026-06-10 12:14:00.799111,c,True,True,True,True,True,True,False,True,True
food,search,schokolade,8711327370708,Chocolate Fudge Brownie,Schokoladen-Eiscreme mit Schokogebäckstücken (12%),Ben & Jerry's,Chocolate ice cream tubs,"['en:desserts', 'en:frozen-foods', 'en:frozen-desserts', 'en:ice-creams-and-sorbets', 'en:ice-creams', 'en:ice-cream-tubs', 'en:chocolate-ice-cream-tubs']","Vegetarian, Halal, Triman","['en:vegetarian', 'en:halal', 'fr:triman']","_RAHM_ 25%, Trinkwasser, Zucker, konzentrierte _MAGERMILCH_, Kakao 4,5%, _WEIZENMEHL_, fettarmer Kakao, Sojaöl, _EIGELB_, Invertzucker, _EIER_, _EIKLARPULVER_, Stabilisatoren (Guarkernmehl, Carrageen), Salz, Vanilleextrakt, _GERSTENMALZMEHL_, Backtriebmittel (Natriumcarbonat)","['en:cream', 'en:dairy', 'en:water', 'en:sugar', 'en:added-sugar', 'en:disaccharide', 'en:skimmed-milk', 'en:milk', 'en:cocoa', 'en:plant', 'en:wheat-flour', 'en:cereal', 'en:flour', 'en:wheat', 'en:cereal-flour', 'en:fat-reduced-cocoa', 'en:soya-oil', 'en:oil-and-fat', 'en:vegetable-oil-and-fat', 'en:vegetable-oil', 'en:egg-yolk', 'en:egg', 'en:invert-sugar', 'en:monosaccharide', 'en:powdered-egg-white', 'en:egg-white', 'en:stabiliser', 'en:salt', 'en:vanilla-extract', 'en:extract', 'en:vanilla', 'en:vegetable-extract', 'en:barley-malt-flour', 'en:barley', 'en:barley-flour', 'en:raising-agent', 'en:e412', 'en:e407', 'en:e500i', 'en:e500']","Card-lid,Card-tub,Green Dot,Couvercle carton,Film plastique,Pot carton","['en:card-lid', 'en:card-tub', 'en:couvercle-carton', 'en:film-plastique', 'en:green-dot', 'en:pot-carton']","Austria, France, Germany, Netherlands, Spain, Sweden, Switzerland, United Kingdom","['en:austria', 'en:france', 'en:germany', 'en:netherlands', 'en:spain', 'en:sweden', 'en:switzerland', 'en:united-kingdom']","carrefour-fr, coop, rewe",el:free range eggs,['el:free range eggs'],netherlands,b,68.0,https://images.openfoodfacts.org/images/products/871/132/737/0708/front_en.161.400.jpg,2020-03-06 22:45:10,2026-06-09 09:01:49,found,2026-06-10 12:14:00.799122,b,True,True,True,True,True,True,True,True,True
food,search,schokolade,7622210396334,Milka Choc & Choc,"Kuchen mit Füllung (21,6%) mit Alpenmilchschokoladenstückchen (4,4%), überzogen mit Alpenmilchschokolade (32%)",Milka,"Chocolate candies, Chocolate cakes, de:Kuchen mit Füllung und überzogen mit Schokolade","['en:snacks', 'en:sweet-snacks', 'en:biscuits-and-cakes', 'en:cocoa-and-its-products', 'en:confectioneries', 'en:chocolate-candies', 'en:cakes', 'en:chocolate-cakes', 'de:Kuchen mit Füllung und überzogen mit Schokolade']",Green Dot,['en:green-dot'],"Zucker, _Weizenmehl_, Glukose-Fruktosesirup, _Ei_, Rapsöl, Kakaobutter, _Magermilchpulver_, Kakaomasse, Stabilisator (Glycerin), Süßmolkenpulver (aus _Milch_), Kartoffelstärke, Sheabutter, _Butterreinfett_, fettarmes Kakaopulver 1,6%, Emulgatoren (_Sojalecithin_, E475, E471, E476, Sonnenblumenlecithin), _Vollmilchpulver_, _Eiklarpulver_, Backtriebmittel (Dinatriumdiphosphat, Natriumhydrogencarbonat), Speisesalz, _Haselnussmasse_, Aromen, Verdickungsmittel (Xanthan)","['en:sugar', 'en:added-sugar', 'en:disaccharide', 'en:wheat-flour', 'en:cereal', 'en:flour', 'en:wheat', 'en:cereal-flour', 'en:glucose-fructose-syrup', 'en:monosaccharide', 'en:fructose', 'en:glucose', 'en:egg', 'en:rapeseed-oil', 'en:oil-and-fat', 'en:vegetable-oil-and-fat', 'en:cocoa-butter', 'en:plant', 'en:cocoa', 'en:skimmed-milk-powder', 'en:dairy', 'en:milk-powder', 'en:cocoa-paste', 'en:stabiliser', 'en:sweet-whey-powder', 'en:whey', 'en:sweet-whey', 'en:potato-starch', 'en:starch', 'en:shea-butter', 'en:vegetable-fat', 'en:butterfat', 'en:fat', 'en:milkfat', 'en:fat-reduced-cocoa-powder', 'en:cocoa-powder', 'en:emulsifier', 'en:whole-milk-powder', 'en:powdered-egg-white', 'en:egg-white', 'en:raising-agent', 'en:salt', 'en:hazelnut-paste', 'en:nut', 'en:tree-nut', 'en:hazelnut', 'en:flavouring', 'en:thickener', 'en:e422', 'en:milk', 'en:soya-lecithin', 'en:e322', 'en:e322i', 'en:e475', 'en:e471', 'en:e476', 'en:sunflower-lecithin', 'en:e450i', 'en:e450', 'en:e500ii', 'en:e500', 'en:e415']","Plastic,PP 5 - Polypropylene,Bag,Tray","['en:plastic', 'en:pp-5-polypropylene', 'en:bag', 'en:tray']","Belgium, France, Germany, Spain","['en:belgium', 'en:france', 'en:germany', 'en:spain']","carrefour-fr, delhaize, magasins-u, noz, rewe",,[],,d,32.0,https://images.openfoodfacts.org/images/products/762/221/039/6334/front_en.78.400.jpg,2015-08-27 13:15:23,2026-05-27 14:35:05,found,2026-06-10 12:14:00.799133,d,True,True,True,True,True,True,True,True,True
food,search,schokolade,8711327611924,Magnum Mini Almond,"Vanilleeis umhüllt von Milchschokolade (32%) mit Mandeln (4,5%)",MAGNUM,Vanilla ice cream bars coated with milk chocolate and almonds,"['en:desserts', 'en:frozen-foods', 'en:frozen-desserts', 'en:ice-creams-and-sorbets', 'en:ice-creams', 'en:ice-cream-bars', 'en:ice-cream-bars-coated-with-chocolate', 'en:vanilla-ice-cream-bars-coated-with-milk-chocolate-and-almonds']","No gluten, Rainforest Alliance Cocoa, Triman","['en:no-gluten', 'en:rainforest-alliance', 'en:rainforest-alliance-cocoa', 'fr:triman']","Entrahmte MILCH, Zucker, Kakaobutter', Trinkwasser, MAGERMILCHPULVER, Kokosfett, MANDELN, Glukosesirup, BUTTERFETT, Glukose-Fruktose-Sirup, Kakaomasse', MOLKENERZEUGNIS, Emulgatoren (E471, Lecithine), Stabilisatoren (Guarkernmehl, Johannisbrotkernmehl, Tarakernmehl, Carrageen), vermahlene Vanilleschoten, natürliches Vanillearoma' (mit MILCH), natürliches Vanillearoma, Farbstoff (Carotin). Kann andere Nüsse enthalten. Glutenfrei.","['en:skimmed-milk', 'en:dairy', 'en:milk', 'en:sugar', 'en:added-sugar', 'en:disaccharide', 'en:cocoa-butter', 'en:plant', 'en:cocoa', 'en:water', 'en:skimmed-milk-powder', 'en:milk-powder', 'en:coconut-fat', 'en:oil-and-fat', 'en:vegetable-oil-and-fat', 'en:vegetable-fat', 'en:almond', 'en:nut', 'en:tree-nut', 'en:glucose-syrup', 'en:monosaccharide', 'en:glucose', 'en:butter', 'en:glucose-fructose-syrup', 'en:fructose', 'en:cocoa-paste', 'en:whey-product', 'en:whey', 'en:emulsifier', 'en:stabiliser', 'en:ground-vanilla-beans', 'en:vanilla', 'en:vanilla-pod', 'en:natural-vanilla-flavouring', 'en:flavouring', 'en:natural-flavouring', 'en:vanilla-flavouring', 'en:colour', 'en:e471', 'en:e322', 'en:e412', 'en:carob-seed-flour', 'en:vegetable', 'en:flour', 'en:legume', 'en:pulse', 'en:carob-bean', 'en:e417', 'en:e407', 'en:e160a']",,[],"France, Germany","['en:france', 'en:germany']",rewe,,[],,a-plus,91.0,https://images.openfoodfacts.org/images/products/871/132/761/1924/front_de.63.400.jpg,2024-02-02 23:26:51,2026-06-03 13:35:23,found,2026-06-10 12:14:00.799144,a-plus,True,True,True,True,True,True,False,True,True
food,search,schokolade,20154653,"Lebkuchen Hearts, Pretzels & Stars Zartbitter",Lebkuchem umhüllt mit 25% dunkler Schokolade,Favorina,"Biscuits, Plain gingerbreads covered with chocolate","['en:snacks', 'en:sweet-snacks', 'en:biscuits-and-cakes', 'en:biscuits-and-crackers', 'en:biscuits', 'en:gingerbreads', 'en:plain-gingerbreads-covered-with-chocolate']","Vegan, Fairtrade cocoa, Green Dot, Made in Germany","['en:vegetarian', 'en:fair-trade', 'en:vegan', 'en:fairtrade-cocoa', 'en:green-dot', 'en:made-in-germany']","Weizenmehl, Glukose-Fruktose-Sirup, 25% Zartbitterschokolade (Zucker, Kakaomasse, Kakaobutter, Emulgator: Lecithine; natürliches Aroma), Wasser, Karamellzuckersirup, Backtriebmittel: Ammoniumcarbonate, Natriumcarbonate; Gewürze, Zimt, Speisesalz. Kann Spuren von Roggen, Gerste, Hafer, Dinkel, Ei, Schalenfrüchten und Milch enthalten.","['en:wheat-flour', 'en:cereal', 'en:flour', 'en:wheat', 'en:cereal-flour', 'en:glucose-fructose-syrup', 'en:added-sugar', 'en:monosaccharide', 'en:fructose', 'en:glucose', 'en:dark-chocolate', 'en:chocolate', 'en:water', 'en:caramelised-sugar-syrup', 'en:disaccharide', 'en:sugar', 'en:caramel-syrup', 'en:raising-agent', 'en:e500', 'en:spice', 'en:condiment', 'en:cinnamon', 'en:salt', 'en:cocoa-paste', 'en:plant', 'en:cocoa', 'en:cocoa-butter', 'en:emulsifier', 'en:natural-flavouring', 'en:flavouring', 'en:e503', 'en:e322']","Plastic, Cardboard, Pp-tub, fr:Point vert, nl:PAP 21","['en:plastic', 'en:cardboard', 'en:pp-tub', 'fr:point-vert', 'nl:pap-21']","France, Germany","['en:france', 'en:germany']",Lidl,,[],,b,68.0,https://images.openfoodfacts.org/images/products/000/002/015/4653/front_de.131.400.jpg,2013-01-16 15:39:21,2026-03-13 23:44:38,found,2026-06-10 12:14:00.799154,b,True,True,True,True,True,True,True,True,True
food,search,schokolade,4067796000306,Schoko Crunchy,,dmBio,Mueslis with chocolate,"['en:plant-based-foods-and-beverages', 'en:plant-based-foods', 'en:breakfasts', 'en:cereals-and-potatoes', 'en:cereals-and-their-products', 'en:breakfast-cereals', 'en:chocolate-cereals', 'en:mueslis', 'en:mueslis-with-chocolate']",Fairtrade International,"['en:fair-trade', 'en:fairtrade-international']","48% HAFERFLOCKEN, Reissirup, Rapsöl, WEIZENFLOCKEN, Rohrohrzucker, DINKEL gepufft, 3% Kakaopulver, 3% VOLLMILCHSCHOKOLADE (Rohrohrzucker, 20% VOLLMILCHPULVER, 16% Kakaomasse, Kakaobutter, 5% SUBMOLKENPULVER, Emulgator: Lecithine), Honig, Kokosraspeln, Meersalz.","['en:oat-flakes', 'en:cereal', 'en:oat', 'en:rice-syrup', 'en:added-sugar', 'en:disaccharide', 'en:syrup', 'en:rapeseed-oil', 'en:oil-and-fat', 'en:vegetable-oil-and-fat', 'en:wheat-flakes', 'en:wheat', 'en:unrefined-cane-sugar', 'en:sugar', 'en:cane-sugar', 'en:unrefined-sugar', 'en:inflated-spelt', 'en:spelt', 'en:cocoa-powder', 'en:plant', 'en:cocoa', 'de:feine-milchschokolade', 'en:chocolate', 'en:milk-chocolate', 'en:honey', 'en:coconut', 'en:fruit', 'en:sea-salt', 'en:salt', 'en:whole-milk-powder', 'en:dairy', 'en:milk-powder', 'en:cocoa-paste', 'en:cocoa-butter', 'de:submolkenpulver', 'en:emulsifier', 'en:e322']",,[],"France, Germany, Romania","['en:france', 'en:germany', 'en:romania']",,,[],,b,74.0,https://images.openfoodfacts.org/images/products/406/779/600/0306/front_en.30.400.jpg,2024-06-08 11:37:48,2026-05-16 15:25:17,found,2026-06-10 12:14:00.799164,b,True,True,True,True,True,True,False,True,True
food,search,schokolade,4056489223368,Eis Mandel,,"Bon Gelati, Lidl, Lidl Bon Gelati",Vanilla ice cream bars coated with milk chocolate and almonds,"['en:desserts', 'en:frozen-foods', 'en:frozen-desserts', 'en:ice-creams-and-sorbets', 'en:ice-creams', 'en:ice-cream-bars', 'en:ice-cream-bars-coated-with-chocolate', 'en:vanilla-ice-cream-bars-coated-with-milk-chocolate-and-almonds']","Green Dot, Nutriscore Grade E, Rainforest Alliance Cocoa, Triman","['en:green-dot', 'en:nutriscore', 'en:nutriscore-grade-e', 'en:rainforest-alliance', 'en:rainforest-alliance-cocoa', 'fr:triman']","Entrahmte Milch, Zucker, Kakaobutter*, Mandelstückchen, Molkenerzeugnis, Vollmilchpulver, Kokosfett, Glukosesirup, Kakaomasse*, Glukose-Fruktose-Sirup, Butterreinfett, Emulgatoren: Mono - und Diglyceride von Speisefettsäuren**, Lecithine, Polyglycerin-Polyricinoleat, Stabilisatoren: Johannisbrotkernmehl, Guarkernmehl, färbendes Karottenkonzentrat, natürliches Bourbon Vanille-Aroma, gemahlene extrahierte Vanilleschoten, Aroma, Kann Spuren von Gluten, Soja, anderen Schalenfrüchten und Erdnüssen enthalten,","['en:skimmed-milk', 'en:dairy', 'en:milk', 'en:sugar', 'en:added-sugar', 'en:disaccharide', 'en:cocoa-butter', 'en:plant', 'en:cocoa', 'en:almonds-pieces', 'en:nut', 'en:tree-nut', 'en:almond', 'en:whey-product', 'en:whey', 'en:whole-milk-powder', 'en:milk-powder', 'en:coconut-fat', 'en:oil-and-fat', 'en:vegetable-oil-and-fat', 'en:vegetable-fat', 'en:glucose-syrup', 'en:monosaccharide', 'en:glucose', 'en:cocoa-paste', 'en:glucose-fructose-syrup', 'en:fructose', 'en:butterfat', 'en:fat', 'en:milkfat', 'en:emulsifier', 'en:e322', 'en:e476', 'en:stabiliser', 'en:e412', 'en:carrot-concentrate', 'en:vegetable', 'en:root-vegetable', 'en:taproot-vegetable', 'en:carrot', 'en:bourbon-vanilla-natural-flavouring', 'en:flavouring', 'en:natural-flavouring', 'en:vanilla-flavouring', 'en:natural-vanilla-flavouring', 'en:exhausted-ground-vanilla-pod', 'en:vanilla', 'en:vanilla-pod', 'en:exhausted-vanilla-pod', 'en:e471', 'en:carob-seed-flour', 'en:flour', 'en:legume', 'en:pulse', 'en:carob-bean']","Carton,Carton non ondulé","['en:cardboard', 'en:non-corrugated-cardboard']","Bulgaria, France, Germany, United Kingdom","['en:bulgaria', 'en:france', 'en:germany', 'en:united-kingdom']",Lidl,Unspecified,['en:unspecified'],Deutschland,a,83.0,https://images.openfoodfacts.org/images/products/405/648/922/3368/front_en.42.400.jpg,2020-04-08 03:15:42,2026-06-08 14:02:00,found,2026-06-10 12:14:00.799175,a,True,True,True,True,True,True,True,True,True
food,search,schokolade,8000500111581,Kinder Schokolade,,Kinder,Chocolate confectionery with dairy filling,"['en:snacks', 'en:sweet-snacks', 'en:cocoa-and-its-products', 'en:confectioneries', 'en:chocolate-candies', 'en:bars', 'en:candy-chocolate-bars', 'en:chocolate-confectionery-with-dairy-filling']","No gluten, No preservatives, Green Dot, Limited edition","['en:no-gluten', 'en:no-preservatives', 'en:green-dot', 'en:limited-edition']","milk chocolate 40 % (sugar, whole milk powder, cocoa butter, cocoa mass, emulsifier lecithins ( soy ), vanillin), sugar, skimmed milk powder (18 %), palm oil, clarified butter , emulsifier lecithins ( soy ), vanillin, total milk constituents in the product 33 %, total cocoa constituents in the product 13%,","['en:milk-chocolate', 'en:chocolate', 'en:sugar', 'en:added-sugar', 'en:disaccharide', 'en:skimmed-milk-powder', 'en:dairy', 'en:milk-powder', 'en:palm-oil', 'en:oil-and-fat', 'en:vegetable-oil-and-fat', 'en:palm-oil-and-fat', 'en:clarified-butter', 'en:fat', 'en:milkfat', 'en:butterfat', 'en:emulsifier', 'en:vanillin', 'en:total-milk-constituents-in-the-product', 'en:total-cocoa-constituents-in-the-product', 'en:whole-milk-powder', 'en:cocoa-butter', 'en:plant', 'en:cocoa', 'en:cocoa-paste', 'en:e322']","Metall,Wiederverwertbare Metalle,Aluminium,en:container","['en:metal', 'en:recyclable-metals', 'en:aluminium', 'en:container']","Austria, Belgium, Bulgaria, France, Germany, Italy, Switzerland","['en:austria', 'en:belgium', 'en:bulgaria', 'en:france', 'en:germany', 'en:italy', 'en:switzerland']","Billa, Carrefour Market, REWE, Spar",,[],Ferrero S.p.A P.le P. Ferrero 1 - 12051 Alba (CN) Italia,d,33.0,https://images.openfoodfacts.org/images/products/800/050/011/1581/front_de.119.400.jpg,2013-04-25 14:07:10,2026-05-21 10:59:26,found,2026-06-10 12:14:00.799185,d,True,True,True,True,True,True,True,True,True
food,search,schokolade,4011100005846,Peanut,,m&m's,Chocolate covered peanuts,"['en:plant-based-foods-and-beverages', 'en:plant-based-foods', 'en:snacks', 'en:sweet-snacks', 'en:cocoa-and-its-products', 'en:confectioneries', 'en:nuts-and-their-products', 'en:chocolate-candies', 'en:bonbons', 'en:chocolate-covered-nuts-and-fruits', 'en:nut-confectioneries', 'en:chocolate-covered-nuts', 'en:chocolate-covered-peanuts']","Green Dot, Made in France","['en:green-dot', 'en:made-in-france']","Zucker, Erdnüsse, Kakaomasse, Vollmilchpulver, Kakaobutter, Stärke, Palmfett, Glukosesirup, Magermilchpulver, Emulgator (Sojalecithin). Milchzucker, Stabilisator (Gummi arabicum), Sheafett, Butterreinfett (Milch), Dextrin, Farbstoffe (E100, E120, E133, E160a, E160e, E170), Überzugsmittel (Carnaubawachs), Palmkernöl, Salz, Aroma.","['en:sugar', 'en:added-sugar', 'en:disaccharide', 'en:peanut', 'en:nut', 'en:cocoa-paste', 'en:plant', 'en:cocoa', 'en:whole-milk-powder', 'en:dairy', 'en:milk-powder', 'en:cocoa-butter', 'en:starch', 'en:palm-fat', 'en:oil-and-fat', 'en:vegetable-oil-and-fat', 'en:palm-oil-and-fat', 'en:glucose-syrup', 'en:monosaccharide', 'en:glucose', 'en:skimmed-milk-powder', 'en:emulsifier', 'en:lactose', 'en:stabiliser', 'en:shea-butter', 'en:vegetable-fat', 'en:butterfat', 'en:fat', 'en:milkfat', 'en:e1400', 'en:colour', 'en:glazing-agent', 'en:palm-kernel-oil', 'en:palm-kernel-oil-and-fat', 'en:salt', 'en:flavouring', 'en:soya-lecithin', 'en:e322', 'en:e322i', 'en:e414', 'en:e100', 'en:e120', 'en:e133', 'en:e160a', 'en:e160e', 'en:e170', 'en:e903']","Plastic,Bag,Pouch flask,07 o","['en:plastic', 'en:other-plastics', 'en:bag', 'en:pouch-flask']","France, Germany, Italy, Luxembourg, Romania, Switzerland","['en:france', 'en:germany', 'en:italy', 'en:luxembourg', 'en:romania', 'en:switzerland']","Leclerc, Super U",,[],France,e,15.0,https://images.openfoodfacts.org/images/products/401/110/000/5846/front_en.93.400.jpg,2013-04-25 13:58:22,2026-03-14 04:04:14,found,2026-06-10 12:14:00.799195,e,True,True,True,True,True,True,True,True,True
food,search,schokolade,8000500359884,Ferrero Rocher Haselnuss white,,Ferrero Rocher,White chocolates with hazelnuts,"['en:snacks', 'en:sweet-snacks', 'en:cocoa-and-its-products', 'en:chocolates', 'en:white-chocolates', 'en:chocolates-with-hazelnuts', 'en:white-chocolates-with-hazelnuts']",Triman,['fr:triman'],"Zucker, MAGERMILCHPULVER, Kakaobutter, HASELNÜSSE (13,5 %), Palmöl, VOLLMILCHPULVER, SÜSS - MOLKENPULVER, BUTTERREINFETT, Emulgator Lecithine (SOJA), Aromen, Gesamtkakaobestandteile im Produkt 20 %, Kann MANDELN, WALNÜSSE, KASCHUNÜSSE, PECANNÜSSE, PARANÜSSE, PISTAZIEN und MACADAMIANÜSSE enthalten,","['en:sugar', 'en:added-sugar', 'en:disaccharide', 'en:skimmed-milk-powder', 'en:dairy', 'en:milk-powder', 'en:cocoa-butter', 'en:plant', 'en:cocoa', 'en:hazelnut', 'en:nut', 'en:tree-nut', 'en:palm-oil', 'en:oil-and-fat', 'en:vegetable-oil-and-fat', 'en:palm-oil-and-fat', 'en:whole-milk-powder', 'de:SÜSS', 'en:whey-powder', 'en:whey', 'en:butterfat', 'en:fat', 'en:milkfat', 'en:emulsifier', 'en:flavouring', 'de:Gesamtkakaobestandteile im Produkt', 'en:e322']","Métal,Carton,Métaux recyclables,Aluminium,Feuille,Étui","['en:metal', 'en:cardboard', 'en:recyclable-metals', 'en:aluminium', 'en:sheet', 'en:sleeve']","France, Germany, Italy, Morocco, United Kingdom","['en:france', 'en:germany', 'en:italy', 'en:morocco', 'en:united-kingdom']","Carrefour, Leclerc, carrefour.fr",,[],,f,11.0,https://images.openfoodfacts.org/images/products/800/050/035/9884/front_en.101.400.jpg,2021-09-30 22:01:14,2026-06-07 21:05:00,found,2026-06-10 12:14:00.799205,f,True,True,True,True,True,True,True,True,True
food,search,schokolade,4056489223351,Mini Mix Classic,,BON Gelati,Ice cream bars coated with chocolate,"['en:desserts', 'en:frozen-foods', 'en:frozen-desserts', 'en:ice-creams-and-sorbets', 'en:ice-creams', 'en:ice-cream-bars', 'en:ice-cream-bars-coated-with-chocolate']","Fair trade, Do not freeze again, Rainforest Alliance Cocoa","['en:fair-trade', 'en:do-not-freeze-again', 'en:rainforest-alliance', 'en:rainforest-alliance-cocoa']","Entrahmte Milch, Zucker, Kakaobutter', Molkenerzeugnis, Kakaomasse', Kokosfett, Vollmilchpulver, Glukosesirup, Glukose-Fruktose-Sirup, Butterreinfett, Mandelstückchen, Magermilchpulver, Emulgatoren: Mono - und Diglyceride von Speisefettsäuren*, Lecithine, Polyglycerin-Polyricinoleat, Stabilisatoren: Johannisbrotkernmehl, Guarkernmehl, färbendes Karottenkonzentrat, natürliches Bourbon Vanille-Aroma, gemahlene extrahierte Vanilleschoten, Aroma,","['en:skimmed-milk', 'en:dairy', 'en:milk', 'en:sugar', 'en:added-sugar', 'en:disaccharide', 'en:cocoa-butter', 'en:plant', 'en:cocoa', 'en:whey-product', 'en:whey', 'en:cocoa-paste', 'en:coconut-fat', 'en:oil-and-fat', 'en:vegetable-oil-and-fat', 'en:vegetable-fat', 'en:whole-milk-powder', 'en:milk-powder', 'en:glucose-syrup', 'en:monosaccharide', 'en:glucose', 'en:glucose-fructose-syrup', 'en:fructose', 'en:butterfat', 'en:fat', 'en:milkfat', 'en:almonds-pieces', 'en:nut', 'en:tree-nut', 'en:almond', 'en:skimmed-milk-powder', 'en:emulsifier', 'en:e322', 'en:e476', 'en:stabiliser', 'en:e412', 'en:carrot-concentrate', 'en:vegetable', 'en:root-vegetable', 'en:taproot-vegetable', 'en:carrot', 'en:bourbon-vanilla-natural-flavouring', 'en:flavouring', 'en:natural-flavouring', 'en:vanilla-flavouring', 'en:natural-vanilla-flavouring', 'en:exhausted-ground-vanilla-pod', 'en:vanilla', 'en:vanilla-pod', 'en:exhausted-vanilla-pod', 'en:e471', 'en:carob-seed-flour', 'en:flour', 'en:legume', 'en:pulse', 'en:carob-bean']","Plastic, Cardboard","['en:plastic', 'en:cardboard']","France, Germany, Spain, United Kingdom","['en:france', 'en:germany', 'en:spain', 'en:united-kingdom']",lidl,,[],,a,81.0,https://images.openfoodfacts.org/images/products/405/648/922/3351/front_de.44.400.jpg,2020-06-09 20:49:07,2026-05-27 18:23:27,found,2026-06-10 12:14:00.799216,a,True,True,True,True,True,True,True,True,True
food,search,schokolade,3046920022071,Pistazie Feinherb,Feinherbe Schokolade mit karamellisierten Pistazienstückchen (10%) und Fleur de Sel (Meersalz),Lindt,Dark chocolates,"['en:snacks', 'en:sweet-snacks', 'en:cocoa-and-its-products', 'en:chocolates', 'en:dark-chocolates']",Green Dot,['en:green-dot'],"Zucker, Kakaomasse, Pistazien (6%), Kakaobutter, Butterreinfett, Emulgator (Sojalecithin), natürliches Aroma, Fleur de Sel (Meersalz) 0,15%, Salz. Kann Haselnüsse, Mandeln, andere Schalenfrüchte und Sesamsamen enthalten.","['en:sugar', 'en:added-sugar', 'en:disaccharide', 'en:cocoa-paste', 'en:plant', 'en:cocoa', 'en:pistachio-nuts', 'en:nut', 'en:tree-nut', 'en:cocoa-butter', 'en:butterfat', 'en:oil-and-fat', 'en:dairy', 'en:fat', 'en:milkfat', 'en:emulsifier', 'en:natural-flavouring', 'en:flavouring', 'en:fleur-de-sel', 'en:salt', 'en:sea-salt', 'en:soya-lecithin', 'en:e322', 'en:e322i']",,[],"France, Germany, Italy","['en:france', 'en:germany', 'en:italy']",Kaufland,,[],,e,26.0,https://images.openfoodfacts.org/images/products/304/692/002/2071/front_de.36.400.jpg,2024-08-19 13:47:14,2026-03-23 22:09:43,found,2026-06-10 12:14:00.799226,e,True,True,True,True,True,True,False,True,True
food,search,schokolade,4011800571214,Corny Free Schoko,,Corny,"Chocolate candies, Chocolate cereal bars","['en:snacks', 'en:sweet-snacks', 'en:cocoa-and-its-products', 'en:confectioneries', 'en:chocolate-candies', 'en:bars', 'en:cereal-bars', 'en:chocolate-cereal-bars']","No preservatives, No added sugar, Rainforest Alliance","['en:no-preservatives', 'en:no-added-sugar', 'en:rainforest-alliance']","Süßungsmittel Maltitsirup, Vollkorngetreideflocken (Hafer - 9%, Gersten - 8%, Weizen - 5 %), kakaohaltige Vollkornweizen-Crispies (Weizenvollkornmehi 9%, fettarmes Kakaopulver**, Weizengluten), Vollkornweizen-Crispies (Weizenvollkornmehl 9 %, Weizengluten, Gerstenmalzextrakt), Vollmilchschokolade mit Süßungsmittel 9 % (Süßungsmittel Maltit, Kakaobutter**, Vollmilchpulver, Kakaomasse**, Emulgator (E476, E442)), geröstete Erdnüsse, Cornflakes (Mais, Salz, Gerstenmalzextrakt), Kokosöl, Feuchthaltemittel Glycerin, Salz, natürliche Aromen, Emulgator Lecithine. Kann Schalenfrüchte enthalten.","['en:sweetener', 'en:wholemeal-cereal', 'en:cereal', 'de:kakaohaltige Vollkornweizen-Crispies', 'de:Vollkornweizen-Crispies', 'de:Vollmilchschokolade mit Süßungsmittel', 'en:roasted-peanut', 'en:nut', 'en:peanut', 'en:corn-flakes', 'en:corn', 'en:coconut-oil', 'en:oil-and-fat', 'en:vegetable-oil-and-fat', 'en:vegetable-oil', 'en:humectant', 'en:salt', 'en:natural-flavouring', 'en:flavouring', 'en:emulsifier', 'en:e965ii', 'en:e965', 'en:oat', 'en:barley', 'en:wheat', 'de:Weizenvollkornmehi', 'en:fat-reduced-cocoa-powder', 'en:plant', 'en:cocoa', 'en:cocoa-powder', 'en:wheat-gluten', 'en:gluten', 'en:whole-wheat-flour', 'en:flour', 'en:cereal-flour', 'en:wholemeal-flour', 'en:wheat-flour', 'en:barley-malt-extract', 'en:malt', 'en:malted-barley', 'en:cocoa-butter', 'en:whole-milk-powder', 'en:dairy', 'en:milk-powder', 'en:cocoa-paste', 'en:e422', 'en:e322', 'en:e476', 'en:e442']","Plastic,Cardboard","['en:plastic', 'en:cardboard']","Bulgaria, France, Germany, Italy","['en:bulgaria', 'en:france', 'en:germany', 'en:italy']","aldi, edeka, netto, rewe",,[],,c,47.0,https://images.openfoodfacts.org/images/products/401/180/057/1214/front_de.184.400.jpg,2017-02-27 08:51:41,2026-06-01 12:09:04,found,2026-06-10 12:14:00.799236,c,True,True,True,True,True,True,True,True,True
food,search,schokolade,4021700900021,Puffreis mit Schokolade,Puffreis und Cerealien in Kakaocreme mit Milchschokolade überzogen,kosta,"Milk chocolate biscuits, Chocolate covered bars with milk and cereals, Chocolate puffed rice","['en:plant-based-foods-and-beverages', 'en:plant-based-foods', 'en:snacks', 'en:breakfasts', 'en:cereals-and-potatoes', 'en:sweet-snacks', 'en:biscuits-and-cakes', 'en:biscuits-and-crackers', 'en:cereals-and-their-products', 'en:cocoa-and-its-products', 'en:confectioneries', 'en:biscuits', 'en:breakfast-cereals', 'en:chocolate-candies', 'en:puffed-grains', 'en:bars', 'en:chocolate-cereals', 'en:puffed-cereals', 'en:chocolate-biscuits', 'en:candy-chocolate-bars', 'en:milk-chocolate-biscuits', 'en:puffed-rice', 'en:chocolate-covered-bars-with-milk-and-cereals', 'en:chocolate-puffed-rice']","Tidy man, Triman","['fr:tidy-man', 'fr:triman']","Zucker, pflanzliche Fette (Palmkern, Palm), Puffreis, Kakaobutter, Traubenzucker, Vollmilchpulver, Kakaomasse, Süßmolkenpulver, Maisgrieß, Süßlupinenmehl, Reisgrieß, Weizenmehl, fettarmes Kakaopulver dav 2% Sheabutter, Milchzucker, Emulgator: Lecithine (Soja), E476; Salz, Gerstenmalzmehl, Gerstenmalzextrakt, Aroma. Kann Spuren von Schalenfrüchten und Erdnüssen enthalten.","['en:sugar', 'en:added-sugar', 'en:disaccharide', 'en:vegetable-fat', 'en:oil-and-fat', 'en:vegetable-oil-and-fat', 'en:puffed-rice', 'en:rice', 'en:cocoa-butter', 'en:plant', 'en:cocoa', 'en:grape-sugar', 'en:monosaccharide', 'en:glucose', 'en:whole-milk-powder', 'en:dairy', 'en:milk-powder', 'en:cocoa-paste', 'en:sweet-whey-powder', 'en:whey', 'en:sweet-whey', 'en:cornmeal', 'en:cereal', 'en:corn', 'en:lupin-flour', 'en:vegetable', 'en:flour', 'en:legume', 'en:pulse', 'en:lupin-bean', 'en:rice-semolina', 'en:wheat-flour', 'en:wheat', 'en:cereal-flour', 'de:fettarmes Kakaopulver dav 2\xa0% Sheabutter', 'en:lactose', 'en:emulsifier', 'en:e476', 'en:salt', 'en:barley-malt-flour', 'en:barley', 'en:barley-flour', 'en:barley-malt-extract', 'en:malt', 'en:malted-barley', 'en:flavouring', 'en:palm-kernel-oil', 'en:palm-kernel-oil-and-fat', 'en:palm', 'en:palm-oil-and-fat', 'en:palm-oil', 'en:e322']","Plastique,Sachet","['en:plastic', 'en:bag']","France, Germany, Italy, Switzerland","['en:france', 'en:germany', 'en:italy', 'en:switzerland']","Action, Lidl",Unspecified,['en:unspecified'],"74597 Stimpfach, Deutschland",e,28.0,https://images.openfoodfacts.org/images/products/402/170/090/0021/front_en.105.400.jpg,2015-11-30 12:43:07,2026-06-08 14:18:42,found,2026-06-10 12:14:00.799247,e,True,True,True,True,True,True,True,True,True
food,search,schokolade,4000539671104,Lindt Schokolade Goldhase,Milk chocoate shpared into a bunny,Lindt,"Confectioneries, Milk chocolates, Easter chocolate rabbits","['en:snacks', 'en:sweet-snacks', 'en:cocoa-and-its-products', 'en:confectioneries', 'en:festive-foods', 'en:chocolates', 'en:chocolate-molds', 'en:easter-foods-and-drinks', 'en:milk-chocolates', 'en:easter-chocolates', 'en:easter-chocolate-rabbits']",Triman,['fr:triman'],"sugar, cocoa butter, whole milk powder, cocoa mass, lactose, skimmed milk powder, emulsifier (soya lecithin), barley malt extract, flavouring,","['en:sugar', 'en:added-sugar', 'en:disaccharide', 'en:cocoa-butter', 'en:plant', 'en:cocoa', 'en:whole-milk-powder', 'en:dairy', 'en:milk-powder', 'en:cocoa-paste', 'en:lactose', 'en:skimmed-milk-powder', 'en:emulsifier', 'en:barley-malt-extract', 'en:cereal', 'en:malt', 'en:malted-barley', 'en:flavouring', 'en:soya-lecithin', 'en:e322', 'en:e322i']","Metal,Recyclable Metals,Aluminium,Feuille aluminium,Étiquette papier,Ruban tissu,Clochette métallique","['en:metal', 'en:recyclable-metals', 'en:aluminium', 'fr:clochette-metallique', 'fr:feuille-aluminium', 'fr:ruban-tissu', 'fr:etiquette-papier']","Åland Islands, Finland, France, Germany, Sweden, Switzerland, United Kingdom","['en:aland-islands', 'en:finland', 'en:france', 'en:germany', 'en:sweden', 'en:switzerland', 'en:united-kingdom']","Carrefour, Morrisons",,[],Switzerland,d,32.0,https://images.openfoodfacts.org/images/products/400/053/967/1104/front_en.113.400.jpg,2014-04-20 18:15:38,2026-04-29 22:53:28,found,2026-06-10 12:14:00.799257,d,True,True,True,True,True,True,True,True,True
food,search,schokolade,5000159532969,Notenreep,,BE-KIND,Chocolate cereal bars,"['en:snacks', 'en:sweet-snacks', 'en:bars', 'en:cereal-bars', 'en:chocolate-cereal-bars']","No gluten, No colorings","['en:no-gluten', 'en:no-colorings']","Amandes, cacahuètes, chocolat noir (sucre, pâte de cacao, beurre de cacao, émulsifiant lecithine de soja, extrait de vanille), fibre de racine de chicorée, miel, sirop de glucose, pépites de riz soufflé (farine de riz), pâte de cacao, sel marin, émulsifiant lécithine de soja.","['en:almond', 'en:nut', 'en:tree-nut', 'en:peanut', 'en:dark-chocolate', 'en:chocolate', 'en:chicory-fibre', 'en:vegetable', 'en:fiber', 'en:shoot-vegetable', 'en:vegetable-fiber', 'en:chicory', 'en:honey', 'en:added-sugar', 'en:glucose-syrup', 'en:monosaccharide', 'en:glucose', 'fr:pépites de riz soufflé', 'en:cocoa-paste', 'en:plant', 'en:cocoa', 'en:sea-salt', 'en:salt', 'en:emulsifier', 'en:sugar', 'en:disaccharide', 'en:cocoa-butter', 'en:vanilla-extract', 'en:extract', 'en:vanilla', 'en:vegetable-extract', 'en:rice-flour', 'en:flour', 'en:rice', 'en:soya-lecithin', 'en:e322', 'en:e322i']",,[],"Belgium, France, Germany, Switzerland","['en:belgium', 'en:france', 'en:germany', 'en:switzerland']",,,[],,d,32.0,https://images.openfoodfacts.org/images/products/500/015/953/2969/front_fr.3.400.jpg,2020-10-27 17:49:13,2026-05-27 21:43:41,found,2026-06-10 12:14:00.799267,d,True,True,True,True,True,True,False,True,True
food,search,schokolade,4014400901405,Merci Milk Selection,"4 erlesene Milch-Schokoladen-Spezialitäten, 20 Stück","Merci, Storck","Chocolate candies, Milk chocolates, Chocolate filled with praline","['en:snacks', 'en:sweet-snacks', 'en:cocoa-and-its-products', 'en:confectioneries', 'en:chocolate-candies', 'en:chocolates', 'en:milk-chocolates', 'en:filled-chocolates', 'en:chocolate-filled-with-praline']","Green Dot, Made in Germany, pure cocoa butter","['en:green-dot', 'en:made-in-germany', 'en:pure-cocoa-butter']","Zucker, Kakaobutter, _Vollmilchpulver_, _Haselnüsse_ (7,6%), Kakaomasse, pflanzliche Fette (Palm, Shea), _Milchzucker_, _Buttermilchpulver_, _Magermilchpulver_, _Butterreinfett_, gehackte _Mandeln_ (1,3 %), Dextrose, Emulgator Lecithine (_Soja_), magerer Kakao, Aromen, Salz","['en:sugar', 'en:added-sugar', 'en:disaccharide', 'en:cocoa-butter', 'en:plant', 'en:cocoa', 'en:whole-milk-powder', 'en:dairy', 'en:milk-powder', 'en:hazelnut', 'en:nut', 'en:tree-nut', 'en:cocoa-paste', 'en:vegetable-fat', 'en:oil-and-fat', 'en:vegetable-oil-and-fat', 'en:lactose', 'en:buttermilk', 'en:skimmed-milk-powder', 'en:butterfat', 'en:fat', 'en:milkfat', 'en:almond', 'en:dextrose', 'en:monosaccharide', 'en:glucose', 'en:emulsifier', 'en:fat-reduced-cocoa', 'en:flavouring', 'en:salt', 'en:palm', 'en:palm-oil-and-fat', 'en:palm-oil', 'en:shea-butter', 'en:e322']","Plastic, Cardboard, Paperboard","['en:plastic', 'en:cardboard', 'en:paperboard']","Bulgaria, France, Germany, Hungary, Romania, Russia, Switzerland, Tunisia","['en:bulgaria', 'en:france', 'en:germany', 'en:hungary', 'en:romania', 'en:russia', 'en:switzerland', 'en:tunisia']",REWE,Germany,['en:germany'],Deutschland,e,22.0,https://images.openfoodfacts.org/images/products/401/440/090/1405/front_en.112.400.jpg,2017-02-07 21:21:06,2026-06-06 08:03:49,found,2026-06-10 12:14:00.799288,e,True,True,True,True,True,True,True,True,True
food,search,schokolade,4011800523213,Schokoladenriegel Schoko Banane,,CORNY,"Chocolate cereal bars, Banana cereal bars","['en:snacks', 'en:sweet-snacks', 'en:bars', 'en:cereal-bars', 'en:chocolate-cereal-bars', 'en:fruits-cereal-bars', 'en:banana-cereal-bars']","No preservatives, Rainforest Alliance, UTZ Certified Cocoa","['en:no-preservatives', 'en:sustainable-farming', 'en:rainforest-alliance', 'en:utz-certified', 'en:utz-certified-cocoa']","Milchschokolade 24 % (Zucker, Kakaomasse*, Kakaobutter*, Magermilchpulver, Butterreinfett, Emulgator (E 442, E 476)), Getreidecrispies (Weizenmehl, Zucker, Reismehl, Maismehl, Gerstenmalzextrakt, Salz, Karamellzuckersirup), Glukose-Fruktose-Sirup, Vollkorngetreideflocken 13 % (Hafer-, Weizen-, Gersten-), Glukosesirup, Zucker, Kokosfett, getrocknete Bananen 3 %, Cornflakes (Mais, Salz, Gerstenmalzextrakt), geröstete Erdnüsse, Honig 1%, natürliches Aroma, Salz, Emulgator Lecithine. Kann Schalenfrüchte enthalten. * Rainforest Alliance Certified.","['en:milk-chocolate', 'en:chocolate', 'de:Getreidecrispies', 'en:glucose-fructose-syrup', 'en:added-sugar', 'en:monosaccharide', 'en:fructose', 'en:glucose', 'en:wholemeal-cereal', 'en:cereal', 'en:glucose-syrup', 'en:sugar', 'en:disaccharide', 'en:coconut-fat', 'en:oil-and-fat', 'en:vegetable-oil-and-fat', 'en:vegetable-fat', 'en:banana', 'en:fruit', 'en:corn-flakes', 'en:corn', 'en:roasted-peanut', 'en:nut', 'en:peanut', 'en:honey', 'en:natural-flavouring', 'en:flavouring', 'en:salt', 'en:emulsifier', 'en:cocoa-paste', 'en:plant', 'en:cocoa', 'en:cocoa-butter', 'en:skimmed-milk-powder', 'en:dairy', 'en:milk-powder', 'en:butterfat', 'en:fat', 'en:milkfat', 'en:wheat-flour', 'en:flour', 'en:wheat', 'en:cereal-flour', 'en:rice-flour', 'en:rice', 'en:corn-flour', 'en:barley-malt-extract', 'en:malt', 'en:malted-barley', 'en:caramelised-sugar-syrup', 'en:caramel-syrup', 'en:oat', 'en:barley', 'en:e322', 'en:e442', 'en:e476']","Paper,Faltschachtel,Kartonage","['en:paper', 'en:faltschachtel', 'en:kartonage']","Austria, Germany","['en:austria', 'en:germany']",netto,,[],,b,73.0,https://images.openfoodfacts.org/images/products/401/180/052/3213/front_de.137.400.jpg,2017-04-18 16:04:06,2026-05-27 13:42:33,found,2026-06-10 12:14:00.799299,b,True,True,True,True,True,True,True,True,True
food,search,schokolade,7622300617820,Milka Oreo,Alpenmilch Schokolade mit Kakaokeksstückchen (12%) und einer Milchcremefüllung (42%) mit Vanillegeschmack,"Milka, Mondelez, Oreo","Confectioneries, Filled milk chocolates","['en:snacks', 'en:sweet-snacks', 'en:cocoa-and-its-products', 'en:confectioneries', 'en:chocolates', 'en:milk-chocolates', 'en:filled-chocolates', 'en:filled-milk-chocolates']","Cocoa Life, Green Dot, Made in Germany, Made in the EU, grüner-punkt","['en:cocoa-life', 'en:green-dot', 'en:made-in-germany', 'en:made-in-the-eu', 'en:grüner-punkt']","Cukor, növényi zsírok (pálma, pálmamag), SOVÁNY TEJPOR, kakaóvaj, BÚZALISZT, kakaómassza, TEJSAVÓPOR, TEJZSÍR, zsírszegény kakaópor (0,7 %), emulgeálószer (SZÓJALECITINEK), glükóz-fruktózszirup, BÚZAKEMÉNYÍTŐ, MOGYORÓMASSZA, térfogatnövelő szerek (E503, E501, E500), étkezési só, aromák, savanyúságot szabályozó anyag (E524), A tejes krémtöltelék 7% sovány tejport tartalmaz, TARTALMAZHAT EGYÉB DIÓFÉLÉKET,","['en:sugar', 'en:added-sugar', 'en:disaccharide', 'en:vegetable-fat', 'en:oil-and-fat', 'en:vegetable-oil-and-fat', 'en:skimmed-milk-powder', 'en:dairy', 'en:milk-powder', 'en:cocoa-butter', 'en:plant', 'en:cocoa', 'en:wheat-flour', 'en:cereal', 'en:flour', 'en:wheat', 'en:cereal-flour', 'en:cocoa-paste', 'en:whey-powder', 'en:whey', 'en:milkfat', 'en:fat', 'en:fat-reduced-cocoa-powder', 'en:cocoa-powder', 'en:emulsifier', 'en:glucose-fructose-syrup', 'en:monosaccharide', 'en:fructose', 'en:glucose', 'en:wheat-starch', 'en:starch', 'hu:mogyorómassza', 'en:raising-agent', 'en:salt', 'en:flavouring', 'en:acidity-regulator', 'hu:a-tejes-krémtöltelék-7-sovány-tejport-tartalmaz', 'en:palm', 'en:palm-oil-and-fat', 'en:palm-oil', 'en:palm-kernel-oil', 'en:palm-kernel-oil-and-fat', 'en:soya-lecithin', 'en:e322', 'en:e322i', 'en:e503', 'en:e501', 'en:e500', 'en:e524']","Kunststoff,PP 5 - Polypropylen,Folie","['en:plastic', 'en:pp-5-polypropylene', 'en:film']","Australia, France, Germany, Hungary","['en:australia', 'en:france', 'en:germany', 'en:hungary']",Spa,,[],,e,19.0,https://images.openfoodfacts.org/images/products/762/230/061/7820/front_hu.91.400.jpg,2016-09-15 20:24:27,2026-04-01 10:21:21,found,2026-06-10 12:14:00.799309,e,True,True,True,True,True,True,True,True,True
food,search,schokolade,4000417602510,Marzipan,Gefüllte Halbbitter-Schokolade mit Edel-Marzipan (44%),Ritter Sport,"Filled chocolates, de:Gefüllte-halbbitter-schokolade, de:Marzipanschokolade","['en:snacks', 'en:sweet-snacks', 'en:cocoa-and-its-products', 'en:chocolates', 'en:filled-chocolates', 'de:Gefüllte-halbbitter-schokolade', 'de:Marzipanschokolade']","Green Dot, Rainforest Alliance Cocoa","['en:green-dot', 'en:rainforest-alliance', 'en:rainforest-alliance-cocoa']","Zucker, Kakaomasse, _MANDELN_ (16 %), Kakaobutter', Invertzuckersirup, Emulgator: Lecithine (SOJA), Feuchthaltemittel: Invertase. Kann Spuren von Erdnüssen, anderen Schalenfrüchten, glutenhaltigem Getreide, Milch und Ei enthalten.","['en:sugar', 'en:added-sugar', 'en:disaccharide', 'en:cocoa-paste', 'en:plant', 'en:cocoa', 'en:almond', 'en:nut', 'en:tree-nut', 'en:cocoa-butter', 'en:invert-sugar-syrup', 'en:monosaccharide', 'en:syrup', 'en:invert-sugar', 'en:sugar-syrup', 'en:emulsifier', 'en:humectant', 'en:e322', 'en:e1103']","Kunststoff,Folie","['en:plastic', 'en:film']",Germany,['en:germany'],"EDEKA, Lidl, REWE, Spar, nahkauf",,[],"Deutschland, Waldenbuch",unknown,,https://images.openfoodfacts.org/images/products/400/041/760/2510/front_en.63.400.jpg,2022-07-05 11:09:35,2026-05-08 17:55:44,found,2026-06-10 12:14:00.799320,unknown,False,True,True,True,True,True,True,True,True
food,search,schokolade,4104420017849,Schoko Müsli,Bio Müsli mit 73% Getreidevollkornflocken und mit 17% Vollmilchschokolade,Alnatura,Mueslis with chocolate,"['en:plant-based-foods-and-beverages', 'en:plant-based-foods', 'en:breakfasts', 'en:cereals-and-potatoes', 'en:cereals-and-their-products', 'en:breakfast-cereals', 'en:chocolate-cereals', 'en:mueslis', 'en:mueslis-with-chocolate']","non-EU Agriculture, de:Bio 7 Initiative, EG-Öko-Verordnung, DE-ÖKO-001, EU Agriculture, de:agriculture-ue/non-ue, de:bio-européen, de:bio-label-german","['en:organic', 'en:eu-organic', 'en:non-eu-agriculture', 'de:bio-7-initiative', 'de:eg-öko-verordnung', 'en:de-oko-001', 'en:eu-agriculture', 'de:agriculture-ue/non-ue', 'de:bio-européen', 'de:bio-label-german']","HAFERVOLLKORNFLOCKEN*, WEIZENVOLLKORNFLOCKEN*, Vollmilchschokolade* (Rohrohrzucker*, MILCHPULVER*, Kakaobutter*, Kakaomasse*, Emulgator: SOJALECITHIN*, Bourbon Vanilleschote* gemahlen), Reisgrieß* extrudiert mit Kakao-Überzug* 10% (Reisgrieß, Rohrohrzucker*, Kakao*, Maismalz, GERSTENMALZ*, Sonnenblumenöl*, Meersalz) *aus biologischer Landwirtschaft. Kann Spuren von Mandel, Nüssen und Sesam enthalten.","['en:whole-grain-oat-flakes', 'en:cereal', 'en:oat', 'en:oat-flakes', 'en:wholemeal-oat', 'en:whole-wheat-flakes', 'en:wheat', 'en:whole-wheat', 'en:wheat-flakes', 'de:feine-milchschokolade', 'en:chocolate', 'en:milk-chocolate', 'de:reisgrieß-extrudiert-mit-kakao-überzug', 'en:unrefined-cane-sugar', 'en:added-sugar', 'en:disaccharide', 'en:sugar', 'en:cane-sugar', 'en:unrefined-sugar', 'en:milk-powder', 'en:dairy', 'en:cocoa-butter', 'en:plant', 'en:cocoa', 'en:cocoa-paste', 'en:emulsifier', 'en:bourbon-vanilla-beans', 'en:vanilla', 'en:vanilla-pod', 'en:bourbon-vanilla', 'en:rice-semolina', 'en:rice', 'en:corn-malt', 'en:malt', 'en:corn', 'en:malted-barley', 'en:sunflower-oil', 'en:oil-and-fat', 'en:vegetable-oil-and-fat', 'en:vegetable-oil', 'en:sea-salt', 'en:salt', 'en:soya-lecithin', 'en:e322', 'en:e322i']","Kunststoff, PP - Polypropylen","['en:plastic', 'en:pp-polypropylene']","France, Germany, Luxembourg, Switzerland, world","['en:france', 'en:germany', 'en:luxembourg', 'en:switzerland', 'en:world']",Alnatura,,[],Deutschland,a,86.0,https://images.openfoodfacts.org/images/products/410/442/001/7849/front_en.89.400.jpg,2017-06-22 08:11:37,2026-05-25 21:34:15,found,2026-06-10 12:14:00.799330,a,True,True,True,True,True,True,True,True,True
food,search,schokolade,5000159454346,M&M's Peanut,,m&m's,"Chocolate covered nuts, chocolate-coated-peanuts","['en:plant-based-foods-and-beverages', 'en:plant-based-foods', 'en:snacks', 'en:sweet-snacks', 'en:cocoa-and-its-products', 'en:confectioneries', 'en:nuts-and-their-products', 'en:chocolate-candies', 'en:bonbons', 'en:chocolate-covered-nuts-and-fruits', 'en:nut-confectioneries', 'en:chocolate-covered-nuts', 'en:chocolate-coated-peanuts']",,[],"Zucker, Erdnüsse, Kakaomasse, Vollmilchpulver, Kakaobutter, Stärke, Palmfett, Glukosesirup, Magermilchpulver, Emulgator (Sojalecithin), Stabilisator (Gummi arabicum), Sheafett, Molkepermeat (Milch), Butterreinfett (Milch), Dextrin, Überzugsmittel (Carnaubawachs), Farbstoffe (E100, E120, E133, E160a, E160e, E170), Palmkernöl, Salz, Aroma.","['en:sugar', 'en:added-sugar', 'en:disaccharide', 'en:peanut', 'en:nut', 'en:cocoa-paste', 'en:plant', 'en:cocoa', 'en:whole-milk-powder', 'en:dairy', 'en:milk-powder', 'en:cocoa-butter', 'en:starch', 'en:palm-fat', 'en:oil-and-fat', 'en:vegetable-oil-and-fat', 'en:palm-oil-and-fat', 'en:glucose-syrup', 'en:monosaccharide', 'en:glucose', 'en:skimmed-milk-powder', 'en:emulsifier', 'en:stabiliser', 'en:shea-butter', 'en:vegetable-fat', 'en:whey-permeate', 'en:whey', 'en:butterfat', 'en:fat', 'en:milkfat', 'en:e1400', 'en:glazing-agent', 'en:colour', 'en:palm-kernel-oil', 'en:palm-kernel-oil-and-fat', 'en:salt', 'en:flavouring', 'en:soya-lecithin', 'en:e322', 'en:e322i', 'en:e414', 'en:e903', 'en:e100', 'en:e120', 'en:e133', 'en:e160a', 'en:e160e', 'en:e170']",,[],"France, Germany, Morocco","['en:france', 'en:germany', 'en:morocco']",,,[],,f,10.0,https://images.openfoodfacts.org/images/products/500/015/945/4346/front_en.13.400.jpg,2018-03-25 11:39:18,2026-06-01 23:32:58,found,2026-06-10 12:14:00.799341,f,True,True,True,True,False,True,False,True,True
food,search,schokolade,20452735,Cookies Haselnusscreme & Schokolade,Mürbegebäck mit 28% Haselnusscremefüllung und 15% Schokolade,Grandino,"Chocolate biscuits, Filled drop cookies","['en:snacks', 'en:sweet-snacks', 'en:biscuits-and-cakes', 'en:biscuits-and-crackers', 'en:biscuits', 'en:chocolate-biscuits', 'en:filled-biscuits', 'en:filled-drop-cookies']","Nutriscore Grade E, Roundtable on Sustainable Palm Oil, UTZ Certified","['en:sustainable', 'en:sustainable-farming', 'en:sustainable-palm-oil', 'en:nutriscore', 'en:nutriscore-grade-e', 'en:roundtable-on-sustainable-palm-oil', 'en:utz-certified']","Zucker, Weizenmehl, pflanzliche Öle (Ölpalme, Sonnenblume), Kakaomasse**, Hafermehl, Butter, 4% gemahlene Haselnüsse, Magermilchpulver, fettarmes Kakaopulver**, Emulgatoren: Sojalecithine, Laktose, Hühnervolleipulver*, Glukosesirup, Kakaobutter**, Backtriebmittel: Diphosphate, Natriumcarbonate; Speisesalz, natürliches Aroma. Kann Spuren von anderen Schalenfrüchten enthalten.","['en:sugar', 'en:added-sugar', 'en:disaccharide', 'en:wheat-flour', 'en:cereal', 'en:flour', 'en:wheat', 'en:cereal-flour', 'en:vegetable-oil', 'en:oil-and-fat', 'en:vegetable-oil-and-fat', 'en:cocoa-paste', 'en:plant', 'en:cocoa', 'en:oat-flour', 'en:oat', 'en:butter', 'en:dairy', 'en:nibbed-and-ground-hazelnuts', 'en:nut', 'en:tree-nut', 'en:hazelnut', 'fr:eclats-de-noisettes', 'en:ground-hazelnuts', 'en:skimmed-milk-powder', 'en:milk-powder', 'en:fat-reduced-cocoa-powder', 'en:cocoa-powder', 'en:emulsifier', 'en:lactose', 'en:whole-powdered-chicken-egg', 'en:egg', 'en:whole-egg', 'en:whole-powdered-egg', 'en:glucose-syrup', 'en:monosaccharide', 'en:glucose', 'en:cocoa-butter', 'en:raising-agent', 'en:e500', 'en:salt', 'en:natural-flavouring', 'en:flavouring', 'en:palm-oil', 'en:palm-oil-and-fat', 'en:sunflower', 'en:soya-lecithin', 'en:e322', 'en:e322i', 'en:e450']","Kunststoff, Tüte, PP - Polypropylen, en:mixed plastic-packet, en:pp-tray","['en:plastic', 'en:bag', 'en:pp-polypropylene', 'en:mixed-plastic-packet', 'en:pp-tray']","Bulgaria, France, Germany, Hungary","['en:bulgaria', 'en:france', 'en:germany', 'en:hungary']",Lidl,,[],,c,48.0,https://images.openfoodfacts.org/images/products/000/002/045/2735/front_de.99.400.jpg,2015-04-11 01:49:14,2026-03-26 17:09:43,found,2026-06-10 12:14:00.799351,c,True,True,True,True,True,True,True,True,True
food,search,schokolade,4066447524413,Bio Schokomüsli ohne Rosinen,,Dm,Mueslis with chocolate,"['en:plant-based-foods-and-beverages', 'en:plant-based-foods', 'en:breakfasts', 'en:cereals-and-potatoes', 'en:cereals-and-their-products', 'en:breakfast-cereals', 'en:chocolate-cereals', 'en:mueslis', 'en:mueslis-with-chocolate']","Fairtrade International, DE-ÖKO-001, HU-ÖKO-01, Made in Germany","['en:fair-trade', 'en:organic', 'en:eu-organic', 'en:fairtrade-international', 'en:de-oko-001', 'en:hu-oko-01', 'en:made-in-germany']","HAFERVOLLKORNFLOCKEN*, WEIZENVOLLKORNFLOCKEN*, 17% Vollmilchschokolade* (Rohrohrzucker*, VOLLMILCHPULVER*, Kakaobutter*, Kakaomasse*, Emulgator: SOJALECITHINE*, Bourbon-Vanillepulver*), 10% Reisextrudat* mit Kakao* (Reis*, Rohrzucker*, fettarmes Kakaopulver*, GERSTENMALZMEHL*, Sonnenblumenöl*, Meersalz). *aus biologischer Landwirtschaft. Kann Spuren von Haselnüssen, Cashewkernen, Mandeln und Sesam enthalten.","['en:whole-grain-oat-flakes', 'en:cereal', 'en:oat', 'en:oat-flakes', 'en:wholemeal-oat', 'en:whole-wheat-flakes', 'en:wheat', 'en:whole-wheat', 'en:wheat-flakes', 'de:feine-milchschokolade', 'en:chocolate', 'en:milk-chocolate', 'de:reisextrudat-mit-kakao', 'en:unrefined-cane-sugar', 'en:added-sugar', 'en:disaccharide', 'en:sugar', 'en:cane-sugar', 'en:unrefined-sugar', 'en:whole-milk-powder', 'en:dairy', 'en:milk-powder', 'en:cocoa-butter', 'en:plant', 'en:cocoa', 'en:cocoa-paste', 'en:emulsifier', 'en:bourbon-vanilla-powder', 'en:vanilla', 'en:bourbon-vanilla', 'en:vanilla-powder', 'en:rice', 'en:fat-reduced-cocoa-powder', 'en:cocoa-powder', 'en:barley-malt-flour', 'en:flour', 'en:cereal-flour', 'en:barley', 'en:barley-flour', 'en:sunflower-oil', 'en:oil-and-fat', 'en:vegetable-oil-and-fat', 'en:vegetable-oil', 'en:sea-salt', 'en:salt', 'en:soya-lecithin', 'en:e322', 'en:e322i']",,[],"France, Germany, Hungary","['en:france', 'en:germany', 'en:hungary']",dm,Germany,['en:germany'],Németország,a-plus,91.0,https://images.openfoodfacts.org/images/products/406/644/752/4413/front_en.22.400.jpg,2023-08-30 12:35:30,2026-03-09 12:04:37,found,2026-06-10 12:14:00.799361,a-plus,True,True,True,True,True,True,False,True,True
food,search,schokolade,4000417602015,Schokolade Halbbitter,,Ritter Sport,Dark chocolates,"['en:snacks', 'en:sweet-snacks', 'en:cocoa-and-its-products', 'en:chocolates', 'en:dark-chocolates']",Rainforest Alliance,['en:rainforest-alliance'],"Zucker, Kakaomasse¹, Kakaobutter¹, Emulgator: Lecithine (SOJA). Kann Spuren von Erdnüssen, Schalenfrüchten, glutenhaltigem Getreide, Milch und Ei enthalten. ¹Rainforest Alliance Certified. Erfahren Sie mehr unter ra.org |||||","['en:sugar', 'en:added-sugar', 'en:disaccharide', 'en:cocoa-paste', 'en:plant', 'en:cocoa', 'en:cocoa-butter', 'en:emulsifier', 'de:Erfahren Sie mehr unter ra.org |||||', 'en:e322']",,[],"Germany, Morocco","['en:germany', 'en:morocco']",Rewe,,[],,e,27.0,https://images.openfoodfacts.org/images/products/400/041/760/2015/front_de.9.400.jpg,2022-07-10 14:16:33,2026-06-07 17:50:46,found,2026-06-10 12:14:00.799371,e,True,True,True,True,True,True,False,True,True
food,search,schokolade,7610400013864,SWISS PREMIUM CHOCOLATE Alpenvollmilch Nuss,,"Lindt, Lindt & Sprüngli",Milk chocolates with hazelnuts,"['en:snacks', 'en:sweet-snacks', 'en:cocoa-and-its-products', 'en:chocolates', 'en:milk-chocolates', 'en:chocolates-with-hazelnuts', 'en:milk-chocolates-with-hazelnuts']",Made in Swiss,['en:made-in-swiss'],"Zucker, Kakaobutter, Haselnüsse (15%), Vollmilchpulver, Kakaomasse, Milchzucker, Magermilchpulver, Emulgator (Sojalecithin), Gerstenmalzextrakt, Aroma,","['en:sugar', 'en:added-sugar', 'en:disaccharide', 'en:cocoa-butter', 'en:plant', 'en:cocoa', 'en:hazelnut', 'en:nut', 'en:tree-nut', 'en:whole-milk-powder', 'en:dairy', 'en:milk-powder', 'en:cocoa-paste', 'en:lactose', 'en:skimmed-milk-powder', 'en:emulsifier', 'en:barley-malt-extract', 'en:cereal', 'en:malt', 'en:malted-barley', 'en:flavouring', 'en:soya-lecithin', 'en:e322', 'en:e322i']",Stück,['fr:stuck'],"Australia, France, Germany, Italy, Morocco, Spain, Switzerland","['en:australia', 'en:france', 'en:germany', 'en:italy', 'en:morocco', 'en:spain', 'en:switzerland']",Woolworths,,[],,e,19.0,https://images.openfoodfacts.org/images/products/761/040/001/3864/front_en.21.400.jpg,2017-02-07 20:15:45,2026-06-09 12:08:38,found,2026-06-10 12:14:00.799382,e,True,True,True,True,True,True,True,True,True
food,search,schokolade,4066447576221,Schokocreme Haselnuss,Biologischer Brotaufstrich mit 50% Haselnüssen und 7% Schokolade,"dmBio, Dm",Cocoa and hazelnuts spreads,"['en:breakfasts', 'en:spreads', 'en:sweet-spreads', 'fr:pates-a-tartiner', 'en:hazelnut-spreads', 'en:chocolate-spreads', 'en:cocoa-and-hazelnuts-spreads']","Fairtrade International, Vegan, EG-Öko-Verordnung, NL-BIO-01, No palm oil, V-Label International","['en:vegetarian', 'en:fair-trade', 'en:organic', 'en:eu-organic', 'en:fairtrade-international', 'en:vegan', 'de:eg-öko-verordnung', 'en:nl-bio-01', 'en:no-palm-oil', 'en:v-label-international']","50% HASELNUSSKERNE*, Rohrzucker*, 7% Schokolade* (Rohrzucker*, Kakaopulver* stark entölt, Kakaobutter*), Sonnenblumenöl*, Rohrohrzucker*, 4,1% Kakaobutter*, Emulgator: Lecithine*, Bourbon-Vanillepulver*.
*aus biologischer Landwirtschaft.","['fr:noisettes-decortiquees', 'en:nut', 'en:tree-nut', 'en:hazelnut', 'en:cane-sugar', 'en:added-sugar', 'en:disaccharide', 'en:sugar', 'en:chocolate', 'en:sunflower-oil', 'en:oil-and-fat', 'en:vegetable-oil-and-fat', 'en:vegetable-oil', 'en:unrefined-cane-sugar', 'en:unrefined-sugar', 'en:cocoa-butter', 'en:plant', 'en:cocoa', 'en:emulsifier', 'en:bourbon-vanilla-powder', 'en:vanilla', 'en:bourbon-vanilla', 'en:vanilla-powder', 'en:fat-reduced-cocoa-powder', 'en:cocoa-powder', 'en:e322']",,[],Germany,['en:germany'],dm,"Netherlands, European Union and Non European Union, Non European Union, de:Haselnüsse aus Nicht-Europäische Union, de:Hergestellt in den Niederlanden, de:Stark entöltes Kakaopulver aus Nicht-Europäische Union","['en:netherlands', 'en:european-union-and-non-european-union', 'en:non-european-union', 'de:Haselnüsse aus Nicht-Europäische Union', 'de:Hergestellt in den Niederlanden', 'de:Stark entöltes Kakaopulver aus Nicht-Europäische Union']",,c,57.0,https://images.openfoodfacts.org/images/products/406/644/757/6221/front_de.52.400.jpg,2024-01-31 16:10:41,2026-04-14 19:26:31,found,2026-06-10 12:14:00.799394,c,True,True,True,True,True,True,False,True,True
food,search,schokolade,4388844216297,Edel-Bitter Schokolade Kakao 85 %,Bitterschokolade 85%,REWE Bio,Dark chocolates,"['en:snacks', 'en:sweet-snacks', 'en:cocoa-and-its-products', 'en:chocolates', 'en:dark-chocolates']","Fairtrade International, EG-Öko-Verordnung, de:Pro Planet, CH-BIO-006, Climate Neutral product, European Vegetarian Union Vegan, FSC Mix, Made in Swiss, Naturland, Nutriscore Grade D","['en:vegetarian', 'en:fair-trade', 'en:organic', 'en:eu-organic', 'en:fairtrade-international', 'en:vegan', 'de:eg-öko-verordnung', 'de:pro-planet', 'en:ch-bio-006', 'en:climate-neutral-product', 'en:european-vegetarian-union', 'en:european-vegetarian-union-vegan', 'en:fsc', 'en:fsc-mix', 'en:made-in-swiss', 'en:naturland', 'en:nutriscore', 'en:nutriscore-grade-d']","Kakaomasse, Kakaobutter, Rohrzucker, gemahlene Vanilleschoten","['en:cocoa-paste', 'en:plant', 'en:cocoa', 'en:cocoa-butter', 'en:cane-sugar', 'en:added-sugar', 'en:disaccharide', 'en:sugar', 'en:ground-vanilla-beans', 'en:vanilla', 'en:vanilla-pod']","Cardboard,Paperboard,de:Aluminiumfolie","['en:cardboard', 'en:paperboard', 'de:aluminiumfolie']",Germany,['en:germany'],Rewe,"Dominican Republic, Peru","['en:dominican-republic', 'en:peru']","Pratteln, Schweiz",c,49.0,https://images.openfoodfacts.org/images/products/438/884/421/6297/front_de.89.400.jpg,2018-02-25 17:37:49,2026-05-18 12:37:29,found,2026-06-10 12:14:00.799406,c,True,True,True,True,True,True,True,True,True
food,search,schokolade,4011800523220,Corny - Schoko-Banane,,CORNY,Chocolate cereal bars,"['en:snacks', 'en:sweet-snacks', 'en:bars', 'en:cereal-bars', 'en:chocolate-cereal-bars']",Rainforest Alliance Cocoa,"['en:rainforest-alliance', 'en:rainforest-alliance-cocoa']","_Milchschokolade_ 24 % (Zucker, Kakaomasse, Kakaobutter, _Magermilchpulver_, _Butterreinfett_, Emulgator (E 442, E 476)), Getreidecrispies (_Weizenmehl_, Zucker, Reismehl, Maismehl, _Gerstenmalzextrakt_, Salz, Karamellzuckersirup), Glukose-Fruktose-Sirup, Vollkorngetreideflocken 13% (_Hafer-_, _Weizen-_, _Gersten-_), Glukosesirup, Zucker, Kokosfett, getrocknete Bananen 3 %, Cornflakes (Mais, Salz, _Gerstenmalzextrakt_), geröstete _Erdnüsse_, Honig 1 %, natürliches Aroma, Salz, Emulgator Lecithine","['en:milk-chocolate', 'en:chocolate', 'de:Getreidecrispies', 'en:glucose-fructose-syrup', 'en:added-sugar', 'en:monosaccharide', 'en:fructose', 'en:glucose', 'en:wholemeal-cereal', 'en:cereal', 'en:glucose-syrup', 'en:sugar', 'en:disaccharide', 'en:coconut-fat', 'en:oil-and-fat', 'en:vegetable-oil-and-fat', 'en:vegetable-fat', 'en:banana', 'en:fruit', 'en:corn-flakes', 'en:corn', 'en:roasted-peanut', 'en:nut', 'en:peanut', 'en:honey', 'en:natural-flavouring', 'en:flavouring', 'en:salt', 'en:emulsifier', 'en:cocoa-paste', 'en:plant', 'en:cocoa', 'en:cocoa-butter', 'en:skimmed-milk-powder', 'en:dairy', 'en:milk-powder', 'en:butterfat', 'en:fat', 'en:milkfat', 'en:wheat-flour', 'en:flour', 'en:wheat', 'en:cereal-flour', 'en:rice-flour', 'en:rice', 'en:corn-flour', 'en:barley-malt-extract', 'en:malt', 'en:malted-barley', 'en:caramelised-sugar-syrup', 'en:caramel-syrup', 'en:oat', 'en:barley', 'en:e322', 'en:e442', 'en:e476']","Plastic,Film","['en:plastic', 'en:film']","Austria, France, Germany, Luxembourg","['en:austria', 'en:france', 'en:germany', 'en:luxembourg']",,,[],,c,47.0,https://images.openfoodfacts.org/images/products/401/180/052/3220/front_de.57.400.jpg,2017-07-21 18:11:21,2026-06-02 11:14:13,found,2026-06-10 12:14:00.799417,c,True,True,True,True,True,True,True,True,True
food,search,schokolade,4011800521219,CORNY Schoko,Müsliriegel Milchschokolade,Corny,"Chocolate cereal bars, Getreideriegel, Imbiss, Müsliriegel mit Schokolade, Riegel, Süßer Snack","['en:snacks', 'en:sweet-snacks', 'en:bars', 'en:cereal-bars', 'en:chocolate-cereal-bars', 'en:Getreideriegel', 'en:Imbiss', 'en:Müsliriegel mit Schokolade', 'en:Riegel', 'en:Süßer Snack']","No preservatives, Sustainable farming, Rainforest Alliance Cocoa","['en:no-preservatives', 'en:sustainable-farming', 'en:rainforest-alliance', 'en:rainforest-alliance-cocoa']","Milchschokolade 24 % (Zucker, Kakaomasse**, Kakaobutter**, Magermilchpulver, Butterreinfett, Emulgator (E 442, E 476)), Getreidecrispies (Weizenmehl, Zucker, Maismehl, Reismehl, Gerstenmalzextrakt, Salz, Karamellzuckersirup), Glukosesirup, Vollkorngetrei - deflocken 11 % (Hafer-, Weizen-, Gersten-), Glu - kose-Fruktose-Sirup, Zucker, geröstete Erdnüsse, Kokos - fett, Cornflakes (Mais, Salz, Gerstenmalzextrakt), Honig 1 %, Salz, natürliches Aroma, Karamellzuckersirup, Emulgator Lecithine. Kann Schalenfrüchte enthalten. ** Rainforest Alliance Certified. Mehr Infos unter ra.org","['en:milk-chocolate', 'en:chocolate', 'de:getreidecrispies', 'en:glucose-syrup', 'en:added-sugar', 'en:monosaccharide', 'en:glucose', 'de:vollkorngetrei', 'de:deflocken', 'de:glu', 'de:kose-fruktose-sirup', 'en:sugar', 'en:disaccharide', 'en:roasted-peanut', 'en:nut', 'en:peanut', 'en:coconut', 'en:fruit', 'en:fat', 'en:oil-and-fat', 'en:corn-flakes', 'en:cereal', 'en:corn', 'en:honey', 'en:salt', 'en:natural-flavouring', 'en:flavouring', 'en:caramelised-sugar-syrup', 'en:caramel-syrup', 'en:emulsifier', 'en:cocoa-paste', 'en:plant', 'en:cocoa', 'en:cocoa-butter', 'en:skimmed-milk-powder', 'en:dairy', 'en:milk-powder', 'en:butterfat', 'en:milkfat', 'en:wheat-flour', 'en:flour', 'en:wheat', 'en:cereal-flour', 'en:corn-flour', 'en:rice-flour', 'en:rice', 'en:barley-malt-extract', 'en:malt', 'en:malted-barley', 'en:oat', 'en:barley', 'en:e322', 'de:mehr-infos-unter-ra-org', 'en:e442', 'en:e476']","Cardboard,Paperboard","['en:cardboard', 'en:paperboard']",Germany,['en:germany'],,,[],,c,47.0,https://images.openfoodfacts.org/images/products/401/180/052/1219/front_de.40.400.jpg,2015-06-15 11:18:35,2026-05-12 17:40:48,found,2026-06-10 12:14:00.799427,c,True,True,True,True,True,True,True,True,True
food,search,schokolade,4008400521824,Kinder,,Milka,"Chocolate candies, Easter eggs, Easter chocolate rabbits, Hollow chocolate eggs, de:Hohlkörper aus Schokolade","['en:snacks', 'en:sweet-snacks', 'en:cocoa-and-its-products', 'en:confectioneries', 'en:festive-foods', 'en:chocolate-candies', 'en:chocolates', 'en:chocolate-molds', 'en:easter-foods-and-drinks', 'en:easter-chocolates', 'en:easter-eggs', 'en:chocolate-eggs', 'en:easter-chocolate-rabbits', 'en:hollow-chocolate-eggs', 'de:Hohlkörper aus Schokolade']",Made in the EU,['en:made-in-the-eu'],"Chocolat supérieur au LAIT 45% (sucre, LAIT en poudre, beurre de cacao, pâte de cacao, émulsifiants: lécithines [SOJA]; vanilline), LAIT écrémé en poudre, sucre, graisses végétales (palme, karité), BEURRE concentré, émulsifiants: lecithines (SOJA); vanilline.","['de:feine-milchschokolade', 'en:chocolate', 'en:milk-chocolate', 'en:skimmed-milk-powder', 'en:dairy', 'en:milk-powder', 'en:sugar', 'en:added-sugar', 'en:disaccharide', 'en:vegetable-fat', 'en:oil-and-fat', 'en:vegetable-oil-and-fat', 'en:butterfat', 'en:fat', 'en:milkfat', 'en:emulsifier', 'en:vanillin', 'en:cocoa-butter', 'en:plant', 'en:cocoa', 'en:cocoa-paste', 'en:palm-oil', 'en:palm-oil-and-fat', 'en:shea-butter', 'en:e322', 'en:soya-lecithin', 'en:e322i']","Metall,Wiederverwertbare Metalle,Aluminium","['en:metal', 'en:recyclable-metals', 'en:aluminium']","France, Germany","['en:france', 'en:germany']",Intermarché,,[],,unknown,,https://images.openfoodfacts.org/images/products/400/840/052/1824/front_fr.49.400.jpg,2018-04-27 11:24:06,2026-06-07 04:45:08,found,2026-06-10 12:14:00.799437,unknown,False,True,True,True,True,True,True,True,True
food,search,schokolade,5411188091622,Dessert Dark Chocolate,"Sojadessert, Schokolade, angereichert mit Calcium & Vitaminen.","alpro, Danone","Vegan chocolate puddings, Chocolate soy desserts","['en:plant-based-foods-and-beverages', 'en:dairy-substitutes', 'en:desserts', 'en:vegan-products', 'en:non-dairy-desserts', 'en:chocolate-desserts', 'en:soy-desserts', 'en:vegan-creamy-puddings', 'en:flavoured-soy-dessert', 'en:vegan-chocolate-puddings', 'en:chocolate-soy-desserts']","No gluten, European Vegetarian Union Vegan, No colorings, No lactose","['en:vegetarian', 'en:no-gluten', 'en:vegan', 'en:european-vegetarian-union', 'en:european-vegetarian-union-vegan', 'en:no-colorings', 'en:no-lactose']","Sojabasis (80,8%) (Wasser, geschälte Sojabohnen (6,4%)), Zucker, Kakao* (3%), modifizierte Stärke, Schokolade (1%), Calcium (Tricalciumphosphat), Aroma, Verdickungsmittel (Carrageen), Meersalz, Vitamine B2, D2.","['en:soy-base', 'en:sugar', 'en:added-sugar', 'en:disaccharide', 'en:cocoa', 'en:plant', 'en:modified-starch', 'en:starch', 'en:chocolate', 'en:calcium', 'en:minerals', 'en:flavouring', 'en:thickener', 'en:sea-salt', 'en:salt', 'en:vitamins', 'en:e101', 'en:ergocalciferol', 'en:vitamin-d', 'en:water', 'en:soya-bean', 'en:vegetable', 'en:legume', 'en:pulse', 'en:soya', 'en:e341iii', 'en:e341', 'en:e407']","Plastic,Cardboard,Refrigerated,Envasado en atmósfera protectora,Produkt","['en:plastic', 'en:cardboard', 'en:refrigerated', 'en:envasado-en-atmosfera-protectora', 'en:produkt']","Austria, Belgium, Finland, Germany, Spain, Switzerland","['en:austria', 'en:belgium', 'en:finland', 'en:germany', 'en:spain', 'en:switzerland']","Caprabo, Carrefour, Edeka, El Corte Inglés, Eroski, Hipercor, Kaufland, Rewe",,[],,a,88.0,https://images.openfoodfacts.org/images/products/541/118/809/1622/front_de.157.400.jpg,2016-02-11 21:30:03,2026-06-04 10:44:11,found,2026-06-10 12:14:00.799448,a,True,True,True,True,True,True,True,True,True
food,search,schokolade,7622200009084,Milka Schoko & Keks,"Alpenmilch Schokolade mit Kakaocreme-Füllung, Sahnecreme-Füllung und feinem Keks","Milka, Mondelez","Chocolate candies, Bars, Milk chocolate biscuits, Filled milk chocolates","['en:snacks', 'en:sweet-snacks', 'en:biscuits-and-cakes', 'en:biscuits-and-crackers', 'en:cocoa-and-its-products', 'en:confectioneries', 'en:biscuits', 'en:chocolate-candies', 'en:bars', 'en:chocolates', 'en:chocolate-biscuits', 'en:milk-chocolates', 'en:filled-chocolates', 'en:milk-chocolate-biscuits', 'en:filled-milk-chocolates']","Cocoa Life, Green Dot, de:Nationalpark Hohe Tauern Offizieller Förderer","['en:cocoa-life', 'en:green-dot', 'de:Nationalpark Hohe Tauern Offizieller Förderer']","Zucker, Palmöl, WEIZENMEHL, Kakaomasse, Kakaobutter, MAGERMILCHPULVER, Süssmolkenpulver (aus MILCH), BUTTERREINFETT, Kakaopulver (1%), Emulgator (SOJALECITHINE), Glukosesirup, HASELNUSSMASSE, Speisesalz, Backtriebmittel (E500, E503), Aromen (enthalten MILCH), 7% Magermilchpulver in der Milchcrèmefüllung,","['en:sugar', 'en:added-sugar', 'en:disaccharide', 'en:palm-oil', 'en:oil-and-fat', 'en:vegetable-oil-and-fat', 'en:palm-oil-and-fat', 'en:wheat-flour', 'en:cereal', 'en:flour', 'en:wheat', 'en:cereal-flour', 'en:cocoa-paste', 'en:plant', 'en:cocoa', 'en:cocoa-butter', 'en:skimmed-milk-powder', 'en:dairy', 'en:milk-powder', 'en:sweet-whey-powder', 'en:whey', 'en:sweet-whey', 'en:butterfat', 'en:fat', 'en:milkfat', 'en:cocoa-powder', 'en:emulsifier', 'en:glucose-syrup', 'en:monosaccharide', 'en:glucose', 'en:hazelnut-paste', 'en:nut', 'en:tree-nut', 'en:hazelnut', 'en:salt', 'en:raising-agent', 'en:flavouring', 'de:magermilchpulver-in-der-milchcrèmefüllung', 'en:milk', 'en:soya-lecithin', 'en:e322', 'en:e322i', 'en:e500', 'en:e503']","Kunststoff,en:pp-polypropylene","['en:plastic', 'en:pp-5-polypropylene']","Austria, France, Germany, Italy","['en:austria', 'en:france', 'en:germany', 'en:italy']","EDEKA, Hofer, Norma",,[],Österreich,f,11.0,https://images.openfoodfacts.org/images/products/762/220/000/9084/front_de.58.400.jpg,2016-01-04 00:24:48,2026-02-20 21:42:03,found,2026-06-10 12:14:00.799458,f,True,True,True,True,True,True,True,True,True
food,search,schokolade,20452728,Grandino White Choc & Cranberry Cookies,Mürbegebäck mit 20% Weißer Schokolade und 8% Cranberries,"Lidl, Merba, Sondey","Chocolate biscuits, Drop cookies","['en:snacks', 'en:sweet-snacks', 'en:biscuits-and-cakes', 'en:biscuits-and-crackers', 'en:biscuits', 'en:chocolate-biscuits', 'en:drop-cookies']","Green Dot, Nutriscore Grade E, UTZ Certified Cocoa","['en:sustainable-farming', 'en:green-dot', 'en:nutriscore', 'en:nutriscore-grade-e', 'en:utz-certified', 'en:utz-certified-cocoa']","Zucker, Weizenmehl, pflanzliche Öle (Ölpalme, Sonnenblume), 9% Rosinen, 8% gesüßte, getrocknete Cranberries (4.8% Cranberries, Zucker, Sonnenblumenöl), Hafermehl, Vollmilchpulver, Kakaobutter*, getrockneter Apfel, Backtriebmittel: Diphosphate, Natriumcarbonate; Glukose-Fruktose-Sirup, Magermilchpulver, Speisesalz, Korinthen, modifizierte Stärke, Emulgator: Lecithine (Soja); Zitronensaftpulver, karamellisierter Zucker, natürliches Aroma. Kann Spuren von Schalenfrüchten und Ei enthalten.","['en:sugar', 'en:added-sugar', 'en:disaccharide', 'en:wheat-flour', 'en:cereal', 'en:flour', 'en:wheat', 'en:cereal-flour', 'en:vegetable-oil', 'en:oil-and-fat', 'en:vegetable-oil-and-fat', 'en:raisin', 'en:fruit', 'en:berries', 'en:grape', 'de:gesüßte', 'en:cranberry', 'en:oat-flour', 'en:oat', 'en:whole-milk-powder', 'en:dairy', 'en:milk-powder', 'en:cocoa-butter', 'en:plant', 'en:cocoa', 'en:apple', 'en:malaceous-fruit', 'en:raising-agent', 'en:e500', 'en:glucose-fructose-syrup', 'en:monosaccharide', 'en:fructose', 'en:glucose', 'en:skimmed-milk-powder', 'en:salt', 'en:corinthian-raisins', 'en:modified-starch', 'en:starch', 'en:emulsifier', 'en:lemon-powder', 'en:juice', 'en:fruit-juice', 'en:lemon-juice', 'en:caramelised-sugar', 'en:natural-flavouring', 'en:flavouring', 'en:palm-oil', 'en:palm-oil-and-fat', 'en:sunflower', 'en:sunflower-oil', 'en:e450', 'en:e322']","MixedPlasticFilm-film, Pp-tray","['en:mixedplasticfilm-film', 'en:pp-tray']","Bulgaria, France, Germany, Spain","['en:bulgaria', 'en:france', 'en:germany', 'en:spain']",Lidl,,[],Pays-Bas,d,44.0,https://images.openfoodfacts.org/images/products/000/002/045/2728/front_en.44.400.jpg,2015-04-10 18:35:44,2026-04-11 11:52:13,found,2026-06-10 12:14:00.799468,d,True,True,True,True,True,True,True,True,True
food,search,schokolade,5701051302147,Buttergebäck & Schokolade Mürbegebäck,,Keksen Dk,Assortments of biscuits,"['en:snacks', 'en:sweet-snacks', 'en:biscuits-and-cakes', 'en:biscuits-and-crackers', 'en:biscuits', 'en:assortments-of-biscuits']",Green Dot,['en:green-dot'],"Weizenmehl, Butter (25%), Zucker, Hagelzucker, Speisesalz, Invertzuckersirup [Saccharose, Wasser, Glukose, Fruchtzucker], Kokosraspeln, Backtriebmittel (Ammoniumhydrogencarbonat), natürliches Aroma. Schokolade Mürbegebäck (40%): Zutaten: Weizenmehl, Zucker, Pflanzenfett (Palm), Schokoladenstückchen (9%) [Zucker, Kakaomasse, Kakaobutter, Emulgator (Sonnenblumenlecithin)], fettarmes Kakaopulver,Speisesalz, Süßmolkenpulver (Milch), Backtriebmittel (Ammoniumhydrogencarbonat), Kokosraspeln, Backtriebmittel (Natriumhydrogencarbonat), natürliches Aroma.","['en:wheat-flour', 'en:cereal', 'en:flour', 'en:wheat', 'en:cereal-flour', 'en:butter', 'en:dairy', 'en:sugar', 'en:added-sugar', 'en:disaccharide', 'en:nib-sugar', 'en:salt', 'en:invert-sugar-syrup', 'en:monosaccharide', 'en:syrup', 'en:invert-sugar', 'en:sugar-syrup', 'en:coconut', 'en:fruit', 'en:raising-agent', 'en:natural-flavouring', 'en:flavouring', 'de:schokolade-mürbegebäck', 'en:vegetable-fat', 'en:oil-and-fat', 'en:vegetable-oil-and-fat', 'en:chocolate-chunk', 'en:chocolate', 'en:fat-reduced-cocoa-powder', 'en:plant', 'en:cocoa', 'en:cocoa-powder', 'en:sweet-whey-powder', 'en:whey', 'en:sweet-whey', 'en:sucrose', 'en:water', 'en:glucose', 'en:fructose', 'en:e503ii', 'en:e503', 'de:zutaten', 'en:palm-fat', 'en:palm-oil-and-fat', 'en:cocoa-paste', 'en:cocoa-butter', 'en:emulsifier', 'en:e500ii', 'en:e500', 'en:sunflower-lecithin', 'en:e322', 'en:e322i']",Blechdose,['de:blechdose'],"Bulgaria, Germany, Ireland, Romania","['en:bulgaria', 'en:germany', 'en:ireland', 'en:romania']",,,[],,d,31.0,https://images.openfoodfacts.org/images/products/570/105/130/2147/front_de.35.400.jpg,2020-03-26 09:43:58,2026-02-20 15:03:08,found,2026-06-10 12:14:00.799478,d,True,True,True,True,True,True,True,True,True
food,search,schokolade,4014400934045,Knoppers Goodies,Waffelgebäck mit Milchcreme und Schokolade,"Knoppers, Storck","Confectioneries, Stuffed wafers","['en:snacks', 'en:sweet-snacks', 'en:biscuits-and-cakes', 'en:biscuits-and-crackers', 'en:confectioneries', 'en:biscuits', 'en:wafers', 'en:stuffed-wafers']",,[],"Zucker, _Vollmilchpulver_ (12%), Kakaobutter, pflanzliche Fette (Palm, Shea), _Weizenmehl_, Kakaomasse, _Magermilchpulver_ (6,1%), _Haselnüsse_ (3,8%), _Buttermilchpulver_, _Milchzucker_, _Butterreinfett_, Kakao, Emulgator Lecithine (_Soja_), Salz, Aromen, magerer Kakao, Karamellzuckersirup, Backtriebmittel Natriumhydrogencarbonat, gemahlene _Erdnüsse_","['en:sugar', 'en:added-sugar', 'en:disaccharide', 'en:whole-milk-powder', 'en:dairy', 'en:milk-powder', 'en:cocoa-butter', 'en:plant', 'en:cocoa', 'en:vegetable-fat', 'en:oil-and-fat', 'en:vegetable-oil-and-fat', 'en:wheat-flour', 'en:cereal', 'en:flour', 'en:wheat', 'en:cereal-flour', 'en:cocoa-paste', 'en:skimmed-milk-powder', 'en:hazelnut', 'en:nut', 'en:tree-nut', 'en:buttermilk', 'en:lactose', 'en:butterfat', 'en:fat', 'en:milkfat', 'en:emulsifier', 'en:salt', 'en:flavouring', 'en:fat-reduced-cocoa', 'en:caramelised-sugar-syrup', 'en:caramel-syrup', 'en:raising-agent', 'en:peanut', 'en:palm', 'en:palm-oil-and-fat', 'en:palm-oil', 'en:shea-butter', 'en:e322', 'en:e500ii', 'en:e500']",,[],Germany,['en:germany'],"Edeka, Penny, Rewe",,[],,c,54.0,https://images.openfoodfacts.org/images/products/401/440/093/4045/front_en.92.400.jpg,2024-01-13 20:40:29,2026-05-02 12:02:28,found,2026-06-10 12:14:00.799488,c,True,True,True,True,False,True,False,True,True
food,search,schokolade,20343613,bellona,"Waffel mit 54% Milch-Haselnussfüllung, überzogen mit 28% Milchschokolade, dekoriert mit 2% Schokolade",Mister Choc,"Candy chocolate bars, süßer-snack, süßwaren","['en:snacks', 'en:sweet-snacks', 'en:cocoa-and-its-products', 'en:confectioneries', 'en:chocolate-candies', 'en:bars', 'en:candy-chocolate-bars', 'en:süßer-snack', 'en:süßwaren']","Rainforest Alliance Cocoa, Roundtable on Sustainable Palm Oil","['en:sustainable', 'en:sustainable-palm-oil', 'en:rainforest-alliance', 'en:rainforest-alliance-cocoa', 'en:roundtable-on-sustainable-palm-oil']","Azúcar, harina de trigo, 12% leche entera en polvo, aceite de palma sostenible certificado, 11% avellanas, manteca de cacao*, leche desnatada en polvo, pasta de cacao*, grasas vegetales (palmiste sostenible certificada, coco), cacao desgrasado en polvo*, almidón, emulgente: lecitinas (soja); suero lácteo dulce en polvo, lactosa, mantequilla concentrada, aroma de vainillina, sal, gasificante: carbonatos de sodio. Certificado Rainforest Alliance. ra.org. Puede contener trazas de otros frutos de casse Conservar en un lugar seco y protegido delat PT Bolacha wafer recheada com 54% creme com leite e avelã, coberta com 28% chocolate de leite, decorada com 2% chocolate. Ingredientes: açúcar, farinha de trigo, 12% leite em pó gordo, gordura de palma sustentável certificada, 11% avelã, manteiga de cacau*, leite em pó magro, pasta de cacau*, gorduras vegetais (palmiste sustentável certificado, coco), cacau magro em pó*, amido de milho, emulsionante: lecitinas de soja; soro doce de leite em pó, lactose, manteiga concentrada, aroma de vanilina, sal, levedante: - 170362039 - DL 44941 lor energético/Ene rasas/Lipidos de las cuales, satura dos quais saturados Hidratos de carbono de los cuales, azúca dos quais açúcares Proteínas/Proteínas Sal/Sal RI (reference intake) medio (8400 kJ/2000 adulto médio (8400 k","['en:sugar', 'en:added-sugar', 'en:disaccharide', 'en:wheat-flour', 'en:cereal', 'en:flour', 'en:wheat', 'en:cereal-flour', 'en:whole-milk-powder', 'en:dairy', 'en:milk-powder', 'en:palm-oil', 'en:oil-and-fat', 'en:vegetable-oil-and-fat', 'en:palm-oil-and-fat', 'en:hazelnut', 'en:nut', 'en:tree-nut', 'en:cocoa-butter', 'en:plant', 'en:cocoa', 'en:skimmed-milk-powder', 'en:cocoa-paste', 'en:vegetable-fat', 'en:fat-reduced-cocoa-powder', 'en:cocoa-powder', 'en:starch', 'en:emulsifier', 'es:suero-lacteo-dulce-en-polvo', 'en:lactose', 'en:butterfat', 'en:fat', 'en:milkfat', 'es:aroma-de-vainillina', 'en:salt', 'en:raising-agent', 'es:coberta-com-28-chocolate-de-leite', 'es:decorada-com-2-chocolate', 'es:ingredientes', 'es:farinha-de-trigo', 'es:leite-em-po-gordo', 'es:gordura-de-palma-sustentavel-certificada', 'es:avela', 'es:manteiga-de-cacau', 'es:leite-em-po-magro', 'es:pasta-de-cacau', 'es:gorduras-vegetais', 'es:cacau-magro-em-po', 'es:amido-de-milho', 'es:soro-doce-de-leite-em-po', 'es:lactose', 'es:manteiga-concentrada', 'es:aroma-de-vanilina', 'es:levedante', 'es:170362039', 'es:dl-44941-lor-energetico', 'es:ene-rasas', 'es:lipidos-de-las-cuales', 'es:satura-dos-quais-saturados-hidratos-de-carbono-de-los-cuales', 'es:azuca-dos-quais-acucares-proteinas', 'es:proteinas-sal', 'es:sal-ri', 'es:medio', 'es:8400-kj', 'es:2000-adulto-medio', 'es:8400-k', 'es:palmiste-sostenible-certificada', 'en:coconut-fat', 'en:e322', 'en:e500', 'es:certificado-rainforest-alliance', 'es:ra-org', 'es:puede-contener-trazas-de-otros-frutos-de-casse-conservar-en-un-lugar-seco-y-protegido-delat-pt-bolacha-wafer-recheada-com-54-creme-com-leite-y-avela', 'es:acucar', 'es:palmiste-sustentavel-certificado', 'en:coconut', 'en:fruit', 'en:soya-lecithin', 'en:e322i', 'es:reference-intake']","Kunststoff,Tüte,Pappe,Einzeltüten,Ungewellte Pappe,PP - Polypropylen,Tablettverpackung","['en:plastic', 'en:pp-polypropylene', 'en:bag', 'en:cardboard', 'en:individual-bag', 'en:non-corrugated-cardboard', 'en:tray']","France, Germany","['en:france', 'en:germany']",Lidl,,[],Österreich,unknown,,https://images.openfoodfacts.org/images/products/000/002/034/3613/front_en.146.400.jpg,2016-01-29 22:03:55,2026-05-15 15:38:56,found,2026-06-10 12:14:00.799499,unknown,False,True,True,True,True,True,True,True,True
food,search,schokolade,20419813,Crunchy muesli,Müsli,Lidl,"Frühstücke, Frühstückscerealien, Getreide und Kartoffeln, Getreideprodukte, Müslis, Müslis mit Schokolade, Pflanzliche Lebensmittel, Pflanzliche Lebensmittel und Getränke, Schokoflocken","['en:Frühstücke', 'en:Frühstückscerealien', 'en:Getreide und Kartoffeln', 'en:Getreideprodukte', 'en:Müslis', 'en:Müslis mit Schokolade', 'en:Pflanzliche Lebensmittel', 'en:Pflanzliche Lebensmittel und Getränke', 'en:Schokoflocken']","Nutriscore, Rainforest Alliance, Roundtable on Sustainable Palm Oil, UTZ Certified, whole grain","['en:sustainable', 'en:sustainable-farming', 'en:sustainable-palm-oil', 'en:nutriscore', 'en:rainforest-alliance', 'en:roundtable-on-sustainable-palm-oil', 'en:utz-certified', 'en:whole-grain']","Hafervollkornflocken, Zucker, Sonnenblumenöl, Reisextrudat [Reismehl, Zucker, Weizenkleber, Malzmehl (Gerste, Weizen), Speisesalz), Glukosesirup, Vollmilch - schokoladenstückchen (Zucker, Kakaomasse*, Vollmilchpulver, Kakaobutter*, Emulgator: Lecithine), Cornflakes (Mais, Speisesalz, Gerstenmalzextrakt), Kakaopulver*, Speisesalz, Antioxidations mittel: stark tocopherolhaltige Extrakte. *Rainforest Alliance - zertifiziert. Mehr unter ra.org. Kann Spuren von Erdnüssen, Schalenfrüchten, Soja, Sesam, Senf und Lupinen enthalten.","['en:whole-grain-oat-flakes', 'en:cereal', 'en:oat', 'en:oat-flakes', 'en:wholemeal-oat', 'en:sugar', 'en:added-sugar', 'en:disaccharide', 'en:sunflower-oil', 'en:oil-and-fat', 'en:vegetable-oil-and-fat', 'en:vegetable-oil', 'de:reisextrudat', 'en:rice-flour', 'en:flour', 'en:rice', 'en:wheat-gluten', 'en:gluten', 'en:malt-flour', 'en:cereal-flour', 'en:salt', 'en:glucose-syrup', 'en:monosaccharide', 'en:glucose', 'en:whole-milk', 'en:dairy', 'en:milk', 'en:chocolate-chunk', 'en:chocolate', 'en:corn-flakes', 'en:corn', 'en:cocoa-powder', 'en:plant', 'en:cocoa', 'en:antioxidant', 'de:zertifiziert', 'de:Mehr unter ra.org', 'en:barley', 'en:wheat', 'en:cocoa-paste', 'en:whole-milk-powder', 'en:milk-powder', 'en:cocoa-butter', 'en:emulsifier', 'en:barley-malt-extract', 'en:malt', 'en:malted-barley', 'en:e306', 'en:e322']",Box,['en:box'],"France, Germany, Switzerland","['en:france', 'en:germany', 'en:switzerland']",Lidl,,[],,unknown,,https://images.openfoodfacts.org/images/products/000/002/041/9813/front_en.85.400.jpg,2017-02-18 07:08:42,2026-06-05 03:03:02,found,2026-06-10 12:14:00.799509,unknown,False,True,True,True,True,True,True,True,True
food,search,schokolade,4104420222878,Zartbitter Schoko Reiswaffeln Bio,,Alnatura,"Pastries, Puffed rice cakes with black chocolate, Puffed rice cakes with white chocolate, de:Reis/Getr waffel süß","['en:plant-based-foods-and-beverages', 'en:plant-based-foods', 'en:snacks', 'en:cereals-and-potatoes', 'en:sweet-snacks', 'en:biscuits-and-cakes', 'en:cereals-and-their-products', 'en:pastries', 'en:puffed-cereal-cakes', 'en:puffed-rice-cakes', 'en:puffed-rice-cakes-with-black-chocolate', 'en:puffed-rice-cakes-with-white-chocolate', 'de:Reis/Getr waffel süß']","Crossed Grain Trademark, de:Bio 7 Initiative, EG-Öko-Verordnung, CZ-BIO-001, EU/non-EU Agriculture, The Vegan Society, Triman, de:Bio européen, de:Bio-label-german, de:Dgz-gluten-free, de:VEGAN SOCIETY VEGAN LOGO","['en:vegetarian', 'en:no-gluten', 'en:organic', 'en:crossed-grain-trademark', 'en:eu-organic', 'en:non-eu-agriculture', 'en:vegan', 'de:bio-7-initiative', 'de:eg-öko-verordnung', 'en:cz-bio-001', 'en:eu-agriculture', 'en:eu-non-eu-agriculture', 'en:the-vegan-society', 'fr:triman', 'de:Bio européen', 'de:Bio-label-german', 'de:Dgz-gluten-free', 'de:VEGAN SOCIETY VEGAN LOGO']","Zartbitterschokolade* 60 % (Kakaomasse*, Rohrzucker*, Kakaobutter*), Vollkornreis* 40 % *aus biologischer Landwirtschaft. Kann Spuren von Soja enthalten.","['en:dark-chocolate', 'en:chocolate', 'en:whole-grain-rice', 'en:rice', 'en:cocoa-paste', 'en:plant', 'en:cocoa', 'en:cane-sugar', 'en:added-sugar', 'en:disaccharide', 'en:sugar', 'en:cocoa-butter']",Plastique,['en:plastic'],"France, Germany, Switzerland, world","['en:france', 'en:germany', 'en:switzerland', 'en:world']",alnatura,,[],,a-plus,95.0,https://images.openfoodfacts.org/images/products/410/442/022/2878/front_en.28.400.jpg,2020-02-29 09:52:45,2026-05-28 20:33:35,found,2026-06-10 12:14:00.799519,a-plus,True,True,True,True,True,True,True,True,True
food,search,schokolade,4337256012232,Zartbitter Schokolade,Zartbitterschokolade,ja!,"Dark chocolates, de:Zartbitterschokolade","['en:snacks', 'en:sweet-snacks', 'en:cocoa-and-its-products', 'en:chocolates', 'en:dark-chocolates', 'de:Zartbitterschokolade']","de:Pro Planet, Fairtrade cocoa, Nutriscore","['en:fair-trade', 'de:pro-planet', 'en:fairtrade-cocoa', 'en:nutriscore']","Kakaomasse, Zucker, Kakaobutter, Emulgator Lecithine (_Soja_), Bourbon-Vanilleextrakt","['en:cocoa-paste', 'en:plant', 'en:cocoa', 'en:sugar', 'en:added-sugar', 'en:disaccharide', 'en:cocoa-butter', 'en:emulsifier', 'en:bourbon-vanilla-extract', 'en:extract', 'en:vanilla', 'en:bourbon-vanilla', 'en:vegetable-extract', 'en:vanilla-extract', 'en:e322']",Kunststoff,['en:plastic'],"Germany, Morocco","['en:germany', 'en:morocco']",REWE,,[],Norderstedt,e,17.0,https://images.openfoodfacts.org/images/products/433/725/601/2232/front_de.57.400.jpg,2020-11-07 10:53:47,2026-04-01 16:19:03,found,2026-06-10 12:14:00.799529,e,True,True,True,True,True,True,True,True,True
food,search,schokolade,4316268666763,Schweizer Edel-Zartbitter Schokolade,,"Netto MD, Schokoliebe",Dark chocolate bar with more than 70% cocoa,"['en:snacks', 'en:sweet-snacks', 'en:cocoa-and-its-products', 'en:chocolates', 'en:dark-chocolates', 'en:dark-chocolate-bar-with-more-than-70-cocoa']","Vegan, FSC Mix, Rainforest Alliance","['en:vegetarian', 'en:vegan', 'en:fsc', 'en:fsc-mix', 'en:rainforest-alliance']","Kakaomasse, Kakaobutter, Zucker, Kakaopulver, natürliches Aroma","['en:cocoa-paste', 'en:plant', 'en:cocoa', 'en:cocoa-butter', 'en:sugar', 'en:added-sugar', 'en:disaccharide', 'en:cocoa-powder', 'en:natural-flavouring', 'en:flavouring']","Metal,Paper,Recyclable Metals,Aluminium,Box,Film,FSC paper","['en:metal', 'en:paper', 'en:recyclable-metals', 'en:aluminium', 'en:box', 'en:film', 'en:fsc-paper']",Germany,['en:germany'],Netto Marken-Discount,,[],,d,41.0,https://images.openfoodfacts.org/images/products/431/626/866/6763/front_de.27.400.jpg,2022-07-22 17:42:35,2026-03-26 11:49:16,found,2026-06-10 12:14:00.799539,d,True,True,True,True,True,True,True,True,True
food,search,schokolade,4061459208078,Edelbitter- Schokolade,,"Aldi, Gut Bio, Halba",Dark chocolates,"['en:snacks', 'en:sweet-snacks', 'en:cocoa-and-its-products', 'en:chocolates', 'en:dark-chocolates']","Fairtrade International, EG-Öko-Verordnung, CH-BIO-006, European Vegetarian Union Vegan, Nutriscore Grade D","['en:vegetarian', 'en:fair-trade', 'en:organic', 'en:eu-organic', 'en:fairtrade-international', 'en:vegan', 'de:eg-öko-verordnung', 'en:ch-bio-006', 'en:european-vegetarian-union', 'en:european-vegetarian-union-vegan', 'en:nutriscore', 'en:nutriscore-grade-d']","Kakaomasse¹, Rohrzucker¹, Kakaobutter¹. ¹aus kontrolliert biologischer Erzeugung.","['en:cocoa-paste', 'en:plant', 'en:cocoa', 'en:cane-sugar', 'en:added-sugar', 'en:disaccharide', 'en:sugar', 'en:cocoa-butter', 'de:aus-erzeugung']",,[],Germany,['en:germany'],ALDI Süd,,[],,d,37.0,https://images.openfoodfacts.org/images/products/406/145/920/8078/front_en.32.400.jpg,2023-10-29 13:48:18,2026-03-26 16:18:27,found,2026-06-10 12:14:00.799550,d,True,True,True,True,True,True,False,True,True
food,search,schokolade,4011800520052,Big Schoko,,Corny BIG,"Chocolate candies, Chocolate cereal bars","['en:snacks', 'en:sweet-snacks', 'en:cocoa-and-its-products', 'en:confectioneries', 'en:chocolate-candies', 'en:bars', 'en:cereal-bars', 'en:chocolate-cereal-bars']","Made in Germany, natural flavors, UTZ Certified Cocoa","['en:sustainable-farming', 'en:made-in-germany', 'en:natural-flavors', 'en:utz-certified', 'en:utz-certified-cocoa']","Milchschokolade 20 % (Zucker, Kakaomasse*, Kakaobutter*, Magermilchpulver, Butterreinfett, Emulgator (E442, E 476)), Getreidecrispies (Weizenmehl, Zucker, Maismehl, Reismehl, Gerstenmalzextrakt, Salz, Karamellzuckersirup), Glukosesirup, Glukose-Fruktose-Sirup, Vollkorngetreideflocken 11% (Hafer-, Weizen-, Gersten-), Zucker, geröstete Erdnüsse, Kokosfett, Cornflakes (Mais, Salz, Gerstenmalzextrakt), Honig, Salz, natürliches Aroma, Karamellzuckersirup, Emulgator Lecithine. Kann Schalenfrüchte enthalten.","['en:milk-chocolate', 'en:chocolate', 'de:Getreidecrispies', 'en:glucose-syrup', 'en:added-sugar', 'en:monosaccharide', 'en:glucose', 'en:glucose-fructose-syrup', 'en:fructose', 'en:wholemeal-cereal', 'en:cereal', 'en:sugar', 'en:disaccharide', 'en:roasted-peanut', 'en:nut', 'en:peanut', 'en:coconut-fat', 'en:oil-and-fat', 'en:vegetable-oil-and-fat', 'en:vegetable-fat', 'en:corn-flakes', 'en:corn', 'en:honey', 'en:salt', 'en:natural-flavouring', 'en:flavouring', 'en:caramelised-sugar-syrup', 'en:caramel-syrup', 'en:emulsifier', 'en:cocoa-paste', 'en:plant', 'en:cocoa', 'en:cocoa-butter', 'en:skimmed-milk-powder', 'en:dairy', 'en:milk-powder', 'en:butterfat', 'en:fat', 'en:milkfat', 'en:wheat-flour', 'en:flour', 'en:wheat', 'en:cereal-flour', 'en:corn-flour', 'en:rice-flour', 'en:rice', 'en:barley-malt-extract', 'en:malt', 'en:malted-barley', 'en:oat', 'en:barley', 'en:e322', 'en:e442', 'en:e476']",Plastic,['en:plastic'],"Germany, Morocco, Switzerland","['en:germany', 'en:morocco', 'en:switzerland']",,,[],schwartau,c,47.0,https://images.openfoodfacts.org/images/products/401/180/052/0052/front_de.64.400.jpg,2016-05-23 18:29:59,2026-06-01 16:18:41,found,2026-06-10 12:14:00.799561,c,True,True,True,True,True,True,True,True,True
food,search,schokolade,4017100291005,CHOCO LEIBNIZ EDELHERB,Butterkeks mit edelherber Schokolade (63%),"Bahlsen, Leibniz",Biscuit with a dark chocolate bar covering,"['en:snacks', 'en:sweet-snacks', 'en:biscuits-and-cakes', 'en:biscuits-and-crackers', 'en:biscuits', 'en:chocolate-biscuits', 'en:dark-chocolate-biscuits', 'en:biscuit-with-a-chocolate-bar-covering', 'en:biscuit-with-a-dark-chocolate-bar-covering']","Green Dot, Nutriscore Grade E, Rainforest Alliance Cocoa, UTZ Certified Cocoa","['en:sustainable-farming', 'en:green-dot', 'en:nutriscore', 'en:nutriscore-grade-e', 'en:rainforest-alliance', 'en:rainforest-alliance-cocoa', 'en:utz-certified', 'en:utz-certified-cocoa']","Zucker, Kakaomasse¹, WEIZENMEHL (26 %), Kakaobutter', BUTTER (3,7 %), Glukosesirup, Molkenerzeugnis (MILCH), BUTTERREINFETT, VOLLMILCHPULVER, Backtriebmittel: Natriumcarbonate, Diphosphate; Salz, Emulgator: Lecithine; Aromen, HÜHNEREIGELBPULVER, Säuerungsmittel: Citronensäure.","['en:sugar', 'en:added-sugar', 'en:disaccharide', 'en:cocoa-paste', 'en:plant', 'en:cocoa', 'en:wheat-flour', 'en:cereal', 'en:flour', 'en:wheat', 'en:cereal-flour', 'en:cocoa-butter', 'en:butter', 'en:dairy', 'en:glucose-syrup', 'en:monosaccharide', 'en:glucose', 'en:whey-product', 'en:whey', 'en:butterfat', 'en:oil-and-fat', 'en:fat', 'en:milkfat', 'en:whole-milk-powder', 'en:milk-powder', 'en:raising-agent', 'en:e450', 'en:salt', 'en:emulsifier', 'en:flavouring', 'en:chicken-egg-yolk-powder', 'en:egg', 'en:egg-yolk', 'en:chicken-egg-yolk', 'en:acid', 'en:e500', 'en:e322', 'en:e330']","Plastic,Box,Cardboard,Film,Paperboard,Tray,21 pap,05 pp","['en:plastic', 'en:pp-polypropylene', 'en:box', 'en:cardboard', 'en:film', 'en:non-corrugated-cardboard', 'en:paperboard', 'en:tray']","Germany, Italy, Morocco","['en:germany', 'en:italy', 'en:morocco']","Delhaize, Rewe, sky",,[],Deutschland,b,69.0,https://images.openfoodfacts.org/images/products/401/710/029/1005/front_de.174.400.jpg,2016-01-07 08:25:30,2026-03-01 09:54:53,found,2026-06-10 12:14:00.799571,b,True,True,True,True,True,True,True,True,True
food,search,schokolade,4000417020000,Halbbitter,"Halbbitter, zart-herbe, dunkle Schokolade",RITTER SPORT,Dark chocolates,"['en:snacks', 'en:sweet-snacks', 'en:cocoa-and-its-products', 'en:chocolates', 'en:dark-chocolates']","Green Dot, Rainforest Alliance, it:Cacao certificato RA","['en:green-dot', 'en:rainforest-alliance', 'it:Cacao certificato RA']","Zucker, Kakaomasse (davon 25 % Edel-Kakao), Kakaobutter, Emulgator: Lecithine (_SOJA_)","['en:sugar', 'en:added-sugar', 'en:disaccharide', 'en:cocoa-paste', 'en:plant', 'en:cocoa', 'en:cocoa-butter', 'en:emulsifier', 'de:davon 25\xa0% Edel-Kakao', 'en:e322']","Kunststoff,Folie","['en:plastic', 'en:film']","Austria, France, Germany, Italy, Switzerland, Thailand","['en:austria', 'en:france', 'en:germany', 'en:italy', 'en:switzerland', 'en:thailand']",,"Papua New Guinea, papua-nuova-guinea","['en:papua-new-guinea', 'en:papua-nuova-guinea']",deutschland,d,41.0,https://images.openfoodfacts.org/images/products/400/041/702/0000/front_en.107.400.jpg,2015-01-30 09:41:09,2026-05-30 11:20:10,found,2026-06-10 12:14:00.799581,d,True,True,True,True,True,True,True,True,True
food,search,schokolade,4000417670014,Nussklasse Voll-Nuss,,Ritter Sport,Chocolates with hazelnuts,"['en:snacks', 'en:sweet-snacks', 'en:cocoa-and-its-products', 'en:chocolates', 'en:chocolates-with-hazelnuts']",Rainforest Alliance,['en:rainforest-alliance'],"Zucker, HASELNÜSSE 25%, Kakaomasse, Kakaobutter, VollMILCHpulver, LAKTOSE, MagerMILCHpulver, BUTTERreinfett, Lecithine (SOJA).","['en:sugar', 'en:added-sugar', 'en:disaccharide', 'en:hazelnut', 'en:nut', 'en:tree-nut', 'en:cocoa-paste', 'en:plant', 'en:cocoa', 'en:cocoa-butter', 'en:whole-milk-powder', 'en:dairy', 'en:milk-powder', 'en:lactose', 'en:skimmed-milk-powder', 'en:butterfat', 'en:oil-and-fat', 'en:fat', 'en:milkfat', 'en:e322']","Kunststoff,Folie","['en:folie', 'en:kunststoff']",Germany,['en:germany'],Edeka,,[],,unknown,,https://images.openfoodfacts.org/images/products/400/041/767/0014/front_de.12.400.jpg,2022-07-17 10:09:24,2026-03-18 08:32:56,found,2026-06-10 12:14:00.799591,unknown,False,True,True,True,True,True,True,True,True
food,search,schokolade,4067796194548,Schokolade feine Bitter,,dm,Dark chocolates,"['en:snacks', 'en:sweet-snacks', 'en:cocoa-and-its-products', 'en:chocolates', 'en:dark-chocolates']","Vegan, DE-ÖKO-013, Made in Germany","['en:vegetarian', 'en:organic', 'en:eu-organic', 'en:vegan', 'en:de-oko-013', 'en:made-in-germany']","Kakaomasse*, Rohrohrzucker*, Kakaobutter*. *aus biologischer Landwirtschaft Kakao: 70%","['en:cocoa-paste', 'en:plant', 'en:cocoa', 'en:unrefined-cane-sugar', 'en:added-sugar', 'en:disaccharide', 'en:sugar', 'en:cane-sugar', 'en:unrefined-sugar', 'en:cocoa-butter']",,[],Germany,['en:germany'],,Non European Union,['en:non-european-union'],,d,32.0,https://images.openfoodfacts.org/images/products/406/779/619/4548/front_de.6.400.jpg,2025-05-30 18:38:17,2026-03-26 21:12:22,found,2026-06-10 12:14:00.799602,d,True,True,True,True,True,True,False,True,True
food,search,schokolade,20774998,Schoko Hafer-Müsli,,Crownfield,Mueslis with chocolate,"['en:plant-based-foods-and-beverages', 'en:plant-based-foods', 'en:breakfasts', 'en:cereals-and-potatoes', 'en:cereals-and-their-products', 'en:breakfast-cereals', 'en:chocolate-cereals', 'en:mueslis', 'en:mueslis-with-chocolate']","Reduced sugar, FSC Mix, Natural product, Nutriscore Grade A, Rainforest Alliance Cocoa, UTZ Certified Cocoa","['en:low-or-no-sugar', 'en:low-sugar', 'en:reduced-sugar', 'en:sustainable-farming', 'en:fsc', 'en:fsc-mix', 'en:natural-product', 'en:nutriscore', 'en:nutriscore-grade-a', 'en:rainforest-alliance', 'en:rainforest-alliance-cocoa', 'en:utz-certified', 'en:utz-certified-cocoa']","78 % Hafervollkornflocken, Reis-Kakao-Extrudat [Reismehl, Zucker, fettarmes Kakaopulver, Vollmilchschokolade (Zucker, Kakaobutter, Vollmilchpulver, Kakaomasse, Emulgator: Lecithine), Glukosesirup, Gerstenmalzextrakt, Sonnenblumenöl, Speisesalz, natürliches Kakao-Aroma], 5 % Zartbitterschokoladen - plättchen (Kakaomasse, Zucker, Kakaobutter, Emulgator: Lecithine), 5 % Vollmilchschokoladenplättchen (Zucker, Kakaomasse, Vollmilchpulver, Kakaobutter, Emulgator: Lecithine).","['en:whole-grain-oat-flakes', 'en:cereal', 'en:oat', 'en:oat-flakes', 'en:wholemeal-oat', 'de:Reis-Kakao-Extrudat', 'de:Zartbitterschokoladen', 'de:plättchen', 'de:Vollmilchschokoladenplättchen', 'en:rice-flour', 'en:flour', 'en:rice', 'en:sugar', 'en:added-sugar', 'en:disaccharide', 'en:fat-reduced-cocoa-powder', 'en:plant', 'en:cocoa', 'en:cocoa-powder', 'de:feine-milchschokolade', 'en:chocolate', 'en:milk-chocolate', 'en:glucose-syrup', 'en:monosaccharide', 'en:glucose', 'en:barley-malt-extract', 'en:malt', 'en:malted-barley', 'en:sunflower-oil', 'en:oil-and-fat', 'en:vegetable-oil-and-fat', 'en:vegetable-oil', 'en:salt', 'de:natürliches Kakao-Aroma', 'en:cocoa-paste', 'en:cocoa-butter', 'en:emulsifier', 'en:whole-milk-powder', 'en:dairy', 'en:milk-powder', 'en:e322']","Pappe,Karton","['en:cardboard', 'en:paperboard']","Croatia, Germany, Slovenia, Switzerland","['en:croatia', 'en:germany', 'en:slovenia', 'en:switzerland']",lidl,,[],deutschland,a-plus,90.0,https://images.openfoodfacts.org/images/products/000/002/077/4998/front_de.62.400.jpg,2017-03-09 12:06:33,2026-06-01 06:24:13,found,2026-06-10 12:14:00.799612,a-plus,True,True,True,True,True,True,True,True,True
food,search,schokolade,4000540003222,"Kellogs, Hafer-Müsli, Schoko und Keks",Knuspriges Vollkorn-Getreideerzeugnis mit Vollmilchschokolade und Butterkeksen,Kölln,Mueslis with chocolate,"['en:plant-based-foods-and-beverages', 'en:plant-based-foods', 'en:breakfasts', 'en:cereals-and-potatoes', 'en:cereals-and-their-products', 'en:breakfast-cereals', 'en:chocolate-cereals', 'en:mueslis', 'en:mueslis-with-chocolate']","Sustainable Palm Oil, Rainforest Alliance Cocoa, UTZ Certified, de:RSPO-1106176","['en:sustainable', 'en:sustainable-farming', 'en:sustainable-palm-oil', 'en:rainforest-alliance', 'en:rainforest-alliance-cocoa', 'en:utz-certified', 'de:RSPO-1106176']","Vollkorn-Haferflocken (48 %), Zucker, Weizenmehl, Palmöl, Vollkorn-Weizenflocken (6 %), Glukose-Fruktose-Sirup, Vollmilchpulver, Vollkorn-Hafermehl (2 %), Kakaomasse, Kakaobutter, Süßmolkenpulver, Butter, Weizenstärke, Gerstenmalzextrakt, Backtriebmittel (Ammoniumhydrogencarbonat, Natriumhydrogencarbonat), Säureregulator Calciumcarbonat, Speisesalz, Säuerungsmittel Citronensäure, Emulgator Lecithine, Aroma","['en:whole-grain-oat-flakes', 'en:cereal', 'en:oat', 'en:oat-flakes', 'en:wholemeal-oat', 'en:sugar', 'en:added-sugar', 'en:disaccharide', 'en:wheat-flour', 'en:flour', 'en:wheat', 'en:cereal-flour', 'en:palm-oil', 'en:oil-and-fat', 'en:vegetable-oil-and-fat', 'en:palm-oil-and-fat', 'en:whole-wheat-flakes', 'en:whole-wheat', 'en:wheat-flakes', 'en:glucose-fructose-syrup', 'en:monosaccharide', 'en:fructose', 'en:glucose', 'en:whole-milk-powder', 'en:dairy', 'en:milk-powder', 'en:wholemeal-oat-flour', 'en:wholemeal-flour', 'en:oat-flour', 'en:cocoa-paste', 'en:plant', 'en:cocoa', 'en:cocoa-butter', 'en:sweet-whey-powder', 'en:whey', 'en:sweet-whey', 'en:butter', 'en:wheat-starch', 'en:starch', 'en:barley-malt-extract', 'en:malt', 'en:malted-barley', 'en:raising-agent', 'en:acidity-regulator', 'en:salt', 'en:acid', 'en:emulsifier', 'en:flavouring', 'en:e503ii', 'en:e503', 'en:e500ii', 'en:e500', 'en:e170i', 'en:e170', 'en:e330', 'en:e322']","Kunststoff, Pappe, Karton","['en:plastic', 'en:cardboard', 'en:paperboard']","Germany, Italy","['en:germany', 'en:italy']","EDEKA, Lidl, NETTO, REWE",,[],Elmshorn,a,78.0,https://images.openfoodfacts.org/images/products/400/054/000/3222/front_de.56.400.jpg,2015-07-29 21:31:53,2026-03-26 00:05:41,found,2026-06-10 12:14:00.799622,a,True,True,True,True,True,True,True,True,True
food,search,schokolade,4025700001023,Milka chocolate Hazelnuts,,Milka,Milk chocolates with hazelnuts,"['en:snacks', 'en:sweet-snacks', 'en:cocoa-and-its-products', 'en:chocolates', 'en:milk-chocolates', 'en:chocolates-with-hazelnuts', 'en:milk-chocolates-with-hazelnuts']","Cocoa Life, Green Dot, Made in the EU, pure cocoa butter, Cacao life","['en:cocoa-life', 'en:green-dot', 'en:made-in-the-eu', 'en:pure-cocoa-butter', 'en:Cacao life']","Sugar, cocoa butter, cocoa mass, skimmed MILK powder, HAZELNUT pieces (9%), whey powder (from MILK), MILK fat, emulsifier (SOYA lecithins), HAZELNUT paste, flavouring. MAY CONTAIN OTHER NUTS AND WHEAT.","['en:sugar', 'en:added-sugar', 'en:disaccharide', 'en:cocoa-butter', 'en:plant', 'en:cocoa', 'en:cocoa-paste', 'en:skimmed-milk-powder', 'en:dairy', 'en:milk-powder', 'en:hazelnut', 'en:nut', 'en:tree-nut', 'en:whey-powder', 'en:whey', 'en:milkfat', 'en:oil-and-fat', 'en:fat', 'en:emulsifier', 'en:hazelnut-paste', 'en:flavouring', 'en:soya-lecithin', 'en:e322', 'en:e322i']","Plastic,Pp-polypropylene,de:Packung(en),Pp-wrapper,Produkt,Stück","['en:plastic', 'en:pp-5-polypropylene', 'de:packung-en', 'en:pp-wrapper', 'en:produkt', 'en:stuck']","Austria, Bulgaria, France, Germany, Italy, Morocco, Netherlands, Poland, Romania, Thailand, Tunisia, United Kingdom","['en:austria', 'en:bulgaria', 'en:france', 'en:germany', 'en:italy', 'en:morocco', 'en:netherlands', 'en:poland', 'en:romania', 'en:thailand', 'en:tunisia', 'en:united-kingdom']","HIT, Żabka",,[],"Deutschland, Germany",e,19.0,https://images.openfoodfacts.org/images/products/402/570/000/1023/front_en.160.400.jpg,2013-03-02 02:51:17,2026-03-19 02:46:02,found,2026-06-10 12:14:00.799632,e,True,True,True,True,True,True,True,True,True
food,search,schokolade,4000417670212,Schokolade Dunkle Voll-Nuss,,Ritter Sport,"Dark chocolate bar with less than 70% cocoa, Dark chocolates with hazelnuts","['en:snacks', 'en:sweet-snacks', 'en:cocoa-and-its-products', 'en:chocolates', 'en:dark-chocolates', 'en:chocolates-with-hazelnuts', 'en:dark-chocolate-bar-with-less-than-70-cocoa', 'en:dark-chocolates-with-hazelnuts']","Sustainable farming, Green Dot, Rainforest Alliance Cocoa","['en:sustainable-farming', 'en:green-dot', 'en:rainforest-alliance', 'en:rainforest-alliance-cocoa']","Zucker, Kakaomasse, _Haselnüsse_ 25%, Kakaobutter, _Butterreinfett_, Emulgator: Lecithine (_Soja_)","['en:sugar', 'en:added-sugar', 'en:disaccharide', 'en:cocoa-paste', 'en:plant', 'en:cocoa', 'en:hazelnut', 'en:nut', 'en:tree-nut', 'en:cocoa-butter', 'en:butterfat', 'en:oil-and-fat', 'en:dairy', 'en:fat', 'en:milkfat', 'en:emulsifier', 'en:e322']","Kunststoff,Folie","['en:plastic', 'en:film']",Germany,['en:germany'],,,[],,d,41.0,https://images.openfoodfacts.org/images/products/400/041/767/0212/front_de.10.400.jpg,2022-06-21 13:33:18,2026-03-26 11:28:49,found,2026-06-10 12:14:00.799642,d,True,True,True,True,True,True,True,True,True
food,search,schokolade,4000417028006,Pfefferminze,"Gefüllte, dunkle Halbbitter-Schokolade mit Pfefferminz-Füllung (40%)",RITTER SPORT,"Chocolate candies, Filled dark chocolates","['en:snacks', 'en:sweet-snacks', 'en:cocoa-and-its-products', 'en:confectioneries', 'en:chocolate-candies', 'en:chocolates', 'en:dark-chocolates', 'en:filled-chocolates', 'en:filled-dark-chocolates']","Green Dot, Rainforest Alliance Cocoa","['en:green-dot', 'en:rainforest-alliance', 'en:rainforest-alliance-cocoa']","Zucker, Kakaomasse, Pflanzliche Fette (Palm, Kokos), Kakaobutter, Glukosesirup, Stabilisator (E420ii), Butterreinfett, Emulgator (Sojalecithin), Pfefferminzöl","['en:sugar', 'en:added-sugar', 'en:disaccharide', 'en:cocoa-paste', 'en:plant', 'en:cocoa', 'en:vegetable-fat', 'en:oil-and-fat', 'en:vegetable-oil-and-fat', 'en:cocoa-butter', 'en:glucose-syrup', 'en:monosaccharide', 'en:glucose', 'en:stabiliser', 'en:butterfat', 'en:dairy', 'en:fat', 'en:milkfat', 'en:emulsifier', 'en:peppermint-oil', 'en:herb', 'en:mint', 'en:peppermint', 'en:palm', 'en:palm-oil-and-fat', 'en:palm-oil', 'en:coconut', 'en:fruit', 'en:e420ii', 'en:e420', 'en:soya-lecithin', 'en:e322', 'en:e322i']",Plastic,['en:plastic'],"Austria, France, Germany, Morocco, United Kingdom","['en:austria', 'en:france', 'en:germany', 'en:morocco', 'en:united-kingdom']",lidl,,[],"deutschland, waldenbuch",e,24.0,https://images.openfoodfacts.org/images/products/400/041/702/8006/front_en.68.400.jpg,2016-04-16 10:49:32,2026-05-28 16:17:06,found,2026-06-10 12:14:00.799652,e,True,True,True,True,True,True,True,True,True
food,search,schokolade,4011800571221,Corny Free - Schoko,,Corny,"Cereals and their products, Chocolate cereal bars","['en:plant-based-foods-and-beverages', 'en:plant-based-foods', 'en:snacks', 'en:cereals-and-potatoes', 'en:sweet-snacks', 'en:cereals-and-their-products', 'en:bars', 'en:cereal-bars', 'en:chocolate-cereal-bars']","Made in Germany, Rainforest Alliance","['en:made-in-germany', 'en:rainforest-alliance']","Süßungsmittel Maltitsirup, Vollkorngetreideflocken 18% (Gersten-, Weizen-), Vollkornweizen-Crispies (Weizenvollkornmehl 9 %, Weizengluten, Gerstenmalzextrakt), kakaohaltige Vollkornweizen-Crispies (Weizenvollkornmehl 9%, fettarmes Kakaopulver, Weizengluten), Vollmilchpulver, Vollmilchschokolade mit Süßungsmittel 9 % (Süßungsmittel Maltit, Kakaobutter, Vollmilchpulver, Kakaomasse, Emulgator (E 442, E 476)), Cornflakes (Mais, Salz, Gerstenmalzextrakt), geröstete Erdnüsse, Kokosfett, Stabilisator Glycerin, Salz, natürliches Kakao-Aroma* mit anderen natürlichen Aromen, Emulgator Lecithine. Kann bei übermäßigem Verzehr abführend wirken. Kann Schalenfrüchte enthalten. *Rainforest Alliance Certified. Mehr Infos unter ra.org","['en:sweetener', 'en:wholemeal-cereal', 'en:cereal', 'de:Vollkornweizen-Crispies', 'de:kakaohaltige Vollkornweizen-Crispies', 'en:whole-milk-powder', 'en:dairy', 'en:milk-powder', 'de:Vollmilchschokolade mit Süßungsmittel', 'en:corn-flakes', 'en:corn', 'en:roasted-peanut', 'en:nut', 'en:peanut', 'en:coconut-fat', 'en:oil-and-fat', 'en:vegetable-oil-and-fat', 'en:vegetable-fat', 'en:stabiliser', 'en:salt', 'de:natürliches Kakao-Aroma* mit anderen natürlichen Aromen', 'en:emulsifier', 'en:e965ii', 'en:e965', 'en:barley', 'en:wheat', 'en:whole-wheat-flour', 'en:flour', 'en:cereal-flour', 'en:wholemeal-flour', 'en:wheat-flour', 'en:wheat-gluten', 'en:gluten', 'en:barley-malt-extract', 'en:malt', 'en:malted-barley', 'en:fat-reduced-cocoa-powder', 'en:plant', 'en:cocoa', 'en:cocoa-powder', 'en:fat-reduced-cocoa', 'en:cocoa-butter', 'en:cocoa-paste', 'en:e422', 'en:e322', 'de:Kann bei übermäßigem Verzehr abführend wirken', 'de:Mehr Infos unter ra.org', 'en:e442', 'en:e476']",Kunststoff,['en:kunststoff'],Germany,['en:germany'],"Edeka, Rewe",,[],,c,52.0,https://images.openfoodfacts.org/images/products/401/180/057/1221/front_de.76.400.jpg,2016-09-27 15:45:56,2026-06-08 21:52:16,found,2026-06-10 12:14:00.799661,c,True,True,True,True,True,True,True,True,True
food,search,schokolade,4025700001450,Schokolade Joghurt,Alpenmilch Schokolade gefüllt mit Magermilchjoghurt-Crème,Milka,Filled milk chocolates,"['en:snacks', 'en:sweet-snacks', 'en:cocoa-and-its-products', 'en:chocolates', 'en:milk-chocolates', 'en:filled-chocolates', 'en:filled-milk-chocolates']","Cocoa Life, Green Dot, de:Offizieller Förderer Nationalpark Hohe Tauern","['en:cocoa-life', 'en:green-dot', 'de:Offizieller Förderer Nationalpark Hohe Tauern']","zucker, palmöl, kakaobutter, kakaomasse, magermilchpulver, süssmolkenpulver (aus milch), magermilchjoghurtpulver 2,5%, butterreinfett, emulgator (sojalecithine), haselnussmasse, säuerungsmittel (citronensäure), aromen. Kann enthalten: andere nüsse und weizen,","['en:sugar', 'en:added-sugar', 'en:disaccharide', 'en:palm-oil', 'en:oil-and-fat', 'en:vegetable-oil-and-fat', 'en:palm-oil-and-fat', 'en:cocoa-butter', 'en:plant', 'en:cocoa', 'en:cocoa-paste', 'en:skimmed-milk-powder', 'en:dairy', 'en:milk-powder', 'en:sweet-whey-powder', 'en:whey', 'en:sweet-whey', 'en:skimmed-milk-yogurt-powder', 'en:yogurt', 'en:yogurt-powder', 'en:butterfat', 'en:fat', 'en:milkfat', 'en:emulsifier', 'en:hazelnut-paste', 'en:nut', 'en:tree-nut', 'en:hazelnut', 'en:acid', 'en:flavouring', 'en:milk', 'en:soya-lecithin', 'en:e322', 'en:e322i', 'en:e330']","Kunststoff,en:pp-polypropylene,Stück","['en:plastic', 'en:pp-5-polypropylene', 'de:stück']","Austria, Germany, Morocco, Poland","['en:austria', 'en:germany', 'en:morocco', 'en:poland']","Rewe, Żabka",,[],,e,19.0,https://images.openfoodfacts.org/images/products/402/570/000/1450/front_en.47.400.jpg,2016-06-16 15:20:21,2026-04-09 22:35:43,found,2026-06-10 12:14:00.799672,e,True,True,True,True,True,True,True,True,True
food,search,schokolade,4104420222472,Feine Bitter Schokolade,,Alnatura,"Dark chocolate bar with more than 70% cocoa, de:Schokotafeln Dunkel","['en:snacks', 'en:sweet-snacks', 'en:cocoa-and-its-products', 'en:chocolates', 'en:dark-chocolates', 'en:dark-chocolate-bar-with-more-than-70-cocoa', 'de:Schokotafeln Dunkel']","de:Bio 7 Initiative, DE-ÖKO-013, Made in Germany, The Vegan Society, Triman, de:Agriculture non UE, de:Bio européen, de:Fabriqué en Allemagne, de:VEGAN SOCIETY VEGAN LOGO, de:Végétalien, de:Végétarien","['en:vegetarian', 'en:organic', 'en:eu-organic', 'en:vegan', 'de:bio-7-initiative', 'en:de-oko-013', 'en:made-in-germany', 'en:the-vegan-society', 'fr:triman', 'de:Agriculture non UE', 'de:Bio européen', 'de:Fabriqué en Allemagne', 'de:VEGAN SOCIETY VEGAN LOGO', 'de:Végétalien', 'de:Végétarien']","Kakaomasse*, Rohrohrzucker*, Kakaobutter* * aus biologischer Landwirtschaft
Kann Spuren von Gluten, Milch, Mandel, Haselnuss, Pecannuss und Pistazie enthalten.","['en:cocoa-paste', 'en:plant', 'en:cocoa', 'en:unrefined-cane-sugar', 'en:added-sugar', 'en:disaccharide', 'en:sugar', 'en:cane-sugar', 'en:unrefined-sugar', 'de:pecannuss-und-pistazie-enthalten']","en:Plastic,22 PAP","['en:plastic', 'en:paper']","Czech Republic, France, Germany, Switzerland, world","['en:czech-republic', 'en:france', 'en:germany', 'en:switzerland', 'en:world']","Alnatura, Globus",,[],,d,36.0,https://images.openfoodfacts.org/images/products/410/442/022/2472/front_en.46.400.jpg,2020-03-20 23:02:05,2026-03-13 07:15:11,found,2026-06-10 12:14:00.799681,d,True,True,True,True,True,True,True,True,True
food,search,schokolade,4337256032193,Edel-Bitter Kakao 70% Schokolade,,REWE Bio,Dark chocolates,"['en:snacks', 'en:sweet-snacks', 'en:cocoa-and-its-products', 'en:chocolates', 'en:dark-chocolates']","Fairtrade International, EG-Öko-Verordnung, CH-BIO-006, European Vegetarian Union Vegan, FSC Mix, Naturland","['en:vegetarian', 'en:fair-trade', 'en:organic', 'en:eu-organic', 'en:fairtrade-international', 'en:vegan', 'de:eg-öko-verordnung', 'en:ch-bio-006', 'en:european-vegetarian-union', 'en:european-vegetarian-union-vegan', 'en:fsc', 'en:fsc-mix', 'en:naturland']","Kakaomasse¹, Rohrzucker¹, Kakaobutter¹, ¹aus kontrolliert biologischer Landwirtschaft, Kann Spuren von Milch, Haselnüssen, Mandeln und Soja enthalten,","['en:cocoa-paste', 'en:plant', 'en:cocoa', 'en:cane-sugar', 'en:added-sugar', 'en:disaccharide', 'en:sugar', 'en:cocoa-butter']",,[],Germany,['en:germany'],REWE,,[],,d,37.0,https://images.openfoodfacts.org/images/products/433/725/603/2193/front_de.45.400.jpg,2021-02-26 07:19:33,2026-03-23 15:44:39,found,2026-06-10 12:14:00.799691,d,True,True,True,True,True,True,False,True,True
food,search,schokolade,4311501480113,"Edel-Zartbitter Schokolade, 81 % Kakao",,"EDEKA, Edeka Herzstücke","Dark chocolate bar with more than 70% cocoa, Swiss chocolates","['en:snacks', 'en:sweet-snacks', 'en:cocoa-and-its-products', 'en:chocolates', 'en:dark-chocolates', 'en:dark-chocolate-bar-with-more-than-70-cocoa', 'en:swiss-chocolates']",Rainforest Alliance Cocoa,"['en:rainforest-alliance', 'en:rainforest-alliance-cocoa']","Kakaomasse, Kakaobutter, Zucker, Kakaopulver, natürliches Aroma.","['en:cocoa-paste', 'en:plant', 'en:cocoa', 'en:cocoa-butter', 'en:sugar', 'en:added-sugar', 'en:disaccharide', 'en:cocoa-powder', 'en:natural-flavouring', 'en:flavouring']","Plastic,Cardboard,Box,Film,Paperboard","['en:plastic', 'en:cardboard', 'en:box', 'en:film', 'en:paperboard']",Germany,['en:germany'],Edeka,,[],,d,40.0,https://images.openfoodfacts.org/images/products/431/150/148/0113/front_de.28.400.jpg,2022-05-19 20:30:06,2026-04-23 18:58:25,found,2026-06-10 12:14:00.799701,d,True,True,True,True,True,True,True,True,True
food,search,schokolade,7622202257803,Milka Schokolade,,"Milka, Mondelez Milka","Chocolate candies, Milk chocolate bar","['en:snacks', 'en:sweet-snacks', 'en:cocoa-and-its-products', 'en:confectioneries', 'en:chocolate-candies', 'en:chocolates', 'en:milk-chocolates', 'en:milk-chocolate-bar']","Cocoa Life, Made in the EU","['en:cocoa-life', 'en:made-in-the-eu']","Zucker, Kakaobutter, MAGERMILCHPULVER, Kakaomasse, Süssmolkenpulver (aus MILCH), BUTTERREINFETT, Emulgator (SOJALECITHINE), HASELNUSSMASSE, Aromen, Kakao: 33%","['en:sugar', 'en:added-sugar', 'en:disaccharide', 'en:cocoa-butter', 'en:plant', 'en:cocoa', 'en:skimmed-milk-powder', 'en:dairy', 'en:milk-powder', 'en:cocoa-paste', 'en:sweet-whey-powder', 'en:whey', 'en:sweet-whey', 'en:butterfat', 'en:oil-and-fat', 'en:fat', 'en:milkfat', 'en:emulsifier', 'en:hazelnut-paste', 'en:nut', 'en:tree-nut', 'en:hazelnut', 'en:flavouring', 'en:milk', 'en:soya-lecithin', 'en:e322', 'en:e322i']",,[],"Germany, Slovakia","['en:germany', 'en:slovakia']",,,[],,e,18.0,https://images.openfoodfacts.org/images/products/762/220/225/7803/front_de.4.400.jpg,2025-02-17 20:38:08,2026-05-12 20:16:09,found,2026-06-10 12:14:00.799711,e,True,True,True,True,True,True,False,True,True
food,search,schokolade,20708405,Bio Knusper Müsli Schoko,,Crownfield,"Extruded flakes, Mueslis with chocolate","['en:plant-based-foods-and-beverages', 'en:plant-based-foods', 'en:breakfasts', 'en:cereals-and-potatoes', 'en:cereals-and-their-products', 'en:breakfast-cereals', 'en:chocolate-cereals', 'en:flakes', 'en:mueslis', 'en:extruded-flakes', 'en:mueslis-with-chocolate']","Sustainable farming, DE-ÖKO-005, DE-ÖKO-024, EU/non-EU Agriculture, Green Dot, Nutriscore, AB Agriculture Biologique, Verified","['en:organic', 'en:eu-organic', 'en:non-eu-agriculture', 'en:sustainable-farming', 'en:de-oko-005', 'en:de-oko-024', 'en:eu-agriculture', 'en:eu-non-eu-agriculture', 'en:green-dot', 'en:nutriscore', 'fr:ab-agriculture-biologique', 'en:Verified']","42 % oats flakes , 13 % pieces dark chocolate (cocoa paste, cane sugar, cocoa butter, emulsifier : lecithins (sunflower), sugar, rolled whole wheat, sunflower oil, cocoa and wheat extrudate (wheat flour , sugar, cocoa powder strongly defatted, extract of malted barley , sunflower oil, sea salt), flour of spelt , lean cocoa powder, shredded coconut, honey, 2 % pieces of milk chocolate (sugar,  cocoa paste, whole milk powder, cocoa butter, emulsifier : lecithins (sunflower), sea salt,","['en:oat-flakes', 'en:cereal', 'en:oat', 'en:dark-chocolate', 'en:chocolate', 'en:cocoa-paste', 'en:plant', 'en:cocoa', 'en:cane-sugar', 'en:added-sugar', 'en:disaccharide', 'en:sugar', 'en:cocoa-butter', 'en:emulsifier', 'en:whole-wheat', 'en:wheat', 'en:sunflower-oil', 'en:oil-and-fat', 'en:vegetable-oil-and-fat', 'en:vegetable-oil', 'en:wheat-extrudate', 'en:spelt', 'en:fat-reduced-cocoa-powder', 'en:cocoa-powder', 'en:coconut', 'en:fruit', 'en:honey', 'en:milk-chocolate', 'en:whole-milk-powder', 'en:dairy', 'en:milk-powder', 'en:sea-salt', 'en:salt', 'en:e322', 'en:wheat-flour', 'en:flour', 'en:cereal-flour', 'en:cocoa-powder-strongly-defatted', 'en:malted-barley', 'en:malt', 'en:sunflower']","Plastic, Bag","['en:plastic', 'en:bag']","Belgium, France, Germany","['en:belgium', 'en:france', 'en:germany']",LIDL,,[],,a,84.0,https://images.openfoodfacts.org/images/products/000/002/070/8405/front_de.135.400.jpg,2016-09-22 16:17:00,2026-03-09 11:00:34,found,2026-06-10 12:14:00.799721,a,True,True,True,True,True,True,True,True,True
food,search,schokolade,20884611,Weiße Nussschokolade,,"Fin Carré, Lidl","Milk chocolates, White chocolates with hazelnuts","['en:snacks', 'en:sweet-snacks', 'en:cocoa-and-its-products', 'en:chocolates', 'en:milk-chocolates', 'en:white-chocolates', 'en:chocolates-with-hazelnuts', 'en:white-chocolates-with-hazelnuts']","Fairtrade International, Fairtrade cocoa, FSC Mix, Fairer Handel","['en:fair-trade', 'en:fairtrade-international', 'en:fairtrade-cocoa', 'en:fsc', 'en:fsc-mix', 'en:Fairer Handel']","Zucker, 27% Haselnüsse, Kakaobutter, Vollmilchpulver, Sahnepulver, Molkenerzeugnis, Emulgator: Lecithine, Speisesalz, Vanille-Extrakt. Kann Spuren von anderen Schalenfrüchten, Gluten und Ei enthalten.","['en:sugar', 'en:added-sugar', 'en:disaccharide', 'en:hazelnut', 'en:nut', 'en:tree-nut', 'en:cocoa-butter', 'en:plant', 'en:cocoa', 'en:whole-milk-powder', 'en:dairy', 'en:milk-powder', 'en:cream', 'en:whey-product', 'en:whey', 'en:emulsifier', 'en:salt', 'en:vanilla-extract', 'en:extract', 'en:vanilla', 'en:vegetable-extract', 'en:e322']","Metall,Wiederverwertbare Metalle,Aluminium,Pappe,Karton,PAP21,","['en:metal', 'en:recyclable-metals', 'en:aluminium', 'en:cardboard', 'en:non-corrugated-cardboard', 'en:karton', 'en:metall', 'en:pappe', 'en:wiederverwertbare-metalle']","France, Germany","['en:france', 'en:germany']",lidl,,[],,c,47.0,https://images.openfoodfacts.org/images/products/000/002/088/4611/front_de.59.400.jpg,2017-02-27 21:33:22,2026-03-17 22:39:49,found,2026-06-10 12:14:00.799731,c,True,True,True,True,True,True,True,True,True
food,search,schokolade,4335619012035,Dinkel Hafer Müsli - Schoko,,"Crownfield, Ceralia Getreideprodukte, Lidl",Bircher-style mueslis with chocolate,"['en:plant-based-foods-and-beverages', 'en:plant-based-foods', 'en:breakfasts', 'en:cereals-and-potatoes', 'en:cereals-and-their-products', 'en:breakfast-cereals', 'en:chocolate-cereals', 'en:mueslis', 'en:bircher-style-mueslis', 'en:mueslis-with-chocolate', 'en:bircher-style-mueslis-with-chocolate']","Bioland, DE-ÖKO-001, Nutriscore Grade B","['en:organic', 'en:eu-organic', 'en:bioland', 'en:de-oko-001', 'en:nutriscore', 'en:nutriscore-grade-b']","37% Dinkelweizenvollkornflocken', Hafervollkornflocken', 8% Zartbitterschokoladenblättchen (Kakaomasse, Rohrzucker', Kakaobutter), 8% Vollmilchschokoladenblättchen (Rohrzucker', Kakaobutter', Vollmilchpulver', Kakaomasse Kakao-Hafercrispies (Weizenmehl, Hafermehl', Zucker', fettarmes Kakaopulver, Gerstenmalzmehl', Meersalz), Roggenvollkornflocken', Mandeln' geröstet gehackt, Haselnüsse' geröstet. 'aus kontrolliert ökologischem Anbau. Kann Spuren von anderen Schalenfrüchten, Soja, Sesam und Lupinen enthalten.","['de:dinkelweizenvollkornflocken', 'en:whole-grain-oat-flakes', 'en:cereal', 'en:oat', 'en:oat-flakes', 'en:wholemeal-oat', 'de:zartbitterschokoladenblättchen', 'de:vollmilchschokoladenblättchen', 'en:cane-sugar', 'en:added-sugar', 'en:disaccharide', 'en:sugar', 'en:cocoa-butter', 'en:plant', 'en:cocoa', 'en:whole-milk-powder', 'en:dairy', 'en:milk-powder', 'de:kakaomasse-kakao-hafercrispies', 'en:whole-grain-rye-flakes', 'en:rye', 'en:rye-flakes', 'en:roasted-almonds', 'en:nut', 'en:tree-nut', 'en:almond', 'en:hazelnut', 'en:cocoa-paste', 'en:wheat-flour', 'en:flour', 'en:wheat', 'en:cereal-flour', 'en:oat-flour', 'en:fat-reduced-cocoa-powder', 'en:cocoa-powder', 'en:barley-malt-flour', 'en:barley', 'en:barley-flour', 'en:sea-salt', 'en:salt']",,[],Germany,['en:germany'],,,[],,a,79.0,https://images.openfoodfacts.org/images/products/433/561/901/2035/front_de.21.400.jpg,2024-06-22 21:04:46,2026-03-26 18:20:50,found,2026-06-10 12:14:00.799741,a,True,True,True,True,True,True,False,True,True
food,search,schokolade,3045140280902,Trauben-Nuss,Alpenmilch Schokolade mit getrockneten Weintrauben und Haselnussstückchen,Milka,"Chocolate candies, Milk chocolates, milk-chocolate-with-dried-grapes-and-hazelnut-pieces, susser-snack","['en:snacks', 'en:sweet-snacks', 'en:cocoa-and-its-products', 'en:confectioneries', 'en:chocolate-candies', 'en:chocolates', 'en:milk-chocolates', 'en:milk-chocolate-with-dried-grapes-and-hazelnut-pieces', 'en:susser-snack']","Cocoa Life, Green Dot, Made in Germany, Made in the EU","['en:cocoa-life', 'en:green-dot', 'en:made-in-germany', 'en:made-in-the-eu']","Zucker, getrocknete Weintrauben (19%), Kakaobutter, Magermilchpulver, Kakaomasse, Süßmolkenpulver (Milch), Haselnussstückchen (5%), Butterreinfett, Emulgator (Sojalecithin), Haselnussmasse, Aroma.","['en:sugar', 'en:added-sugar', 'en:disaccharide', 'de:getrocknete-weintrauben', 'en:cocoa-butter', 'en:plant', 'en:cocoa', 'en:skimmed-milk-powder', 'en:dairy', 'en:milk-powder', 'en:cocoa-paste', 'en:sweet-whey-powder', 'en:whey', 'en:sweet-whey', 'en:hazelnut', 'en:nut', 'en:tree-nut', 'en:butterfat', 'en:oil-and-fat', 'en:fat', 'en:milkfat', 'en:emulsifier', 'en:hazelnut-paste', 'en:flavouring', 'en:soya-lecithin', 'en:e322', 'en:e322i']","Plastic,PP - Polypropylene,Stück,Tafel","['en:plastic', 'en:pp-polypropylene', 'en:stuck', 'en:tafel']","Austria, Bulgaria, Canada, France, Germany, Morocco, Romania","['en:austria', 'en:bulgaria', 'en:canada', 'en:france', 'en:germany', 'en:morocco', 'en:romania']",Lidl,,[],"Allemagne, D-28078 Bremen",e,25.0,https://images.openfoodfacts.org/images/products/304/514/028/0902/front_en.78.400.jpg,2015-08-31 13:22:23,2026-03-13 00:54:19,found,2026-06-10 12:14:00.799751,e,True,True,True,True,True,True,True,True,True
food,search,schokolade,40255729,Joghurt mit der Ecke - Schoko Balls,"Joghurt mit Zubereitung Vanille-Geschmack und 8% schokolierten Getreidekugeln (mit 48% Milchschokolade, 30% weiße Schokolade), 3,8% Fett im Milchanteil.",müller,Yogurts,"['en:dairies', 'en:fermented-foods', 'en:fermented-milk-products', 'en:desserts', 'en:dairy-desserts', 'en:fermented-dairy-desserts', 'en:yogurts']",Made in Germany,['en:made-in-germany'],"JOGHURT, schokolierte Getreidekugeln (Zucker, VOLLMILCHPULVER, Kakaobutter, Reismehl, Kakaomasse, WEIZENVOLLKORNMEHL, MILCHEIWEIß, LAKTOSE, Emulgator Lecithine (enthält SOJA), GERSTENMALZ, Speisesalz, Aroma, Glukosesirup, Überzugsmittel Gummi arabicum), Wasser, Zucker, modifizierte Stärke, Verdickungsmittel Pektine, Säureregulator Natriumcitrate, Säuerungsmittel Citronensäure, färbendes Pflanzenkonzentrat (Karotte), extrahierte gemahlene Vanilleschoten, Aroma. KANN SPUREN VON ANDEREM GLUTENHALTIGEN GETREIDE, ERDNÜSSEN, EI, LUPINEN, SENF, SESAM UND NÜSSEN/SCHALENFRÜCHTEN ENTHALTEN.","['en:yogurt', 'en:dairy', 'de:schokolierte Getreidekugeln', 'en:water', 'en:sugar', 'en:added-sugar', 'en:disaccharide', 'en:modified-starch', 'en:starch', 'en:thickener', 'en:acidity-regulator', 'en:acid', 'en:concentrated-plant-colour', 'en:colour', 'en:exhausted-ground-vanilla-pod', 'en:plant', 'en:vanilla', 'en:vanilla-pod', 'en:exhausted-vanilla-pod', 'en:flavouring', 'de:KANN SPUREN VON ANDEREM GLUTENHALTIGEN GETREIDE', 'en:peanut', 'en:nut', 'en:egg', 'en:lupin-bean', 'en:vegetable', 'en:legume', 'en:pulse', 'en:mustard', 'en:sesame', 'en:seed', 'en:whole-milk-powder', 'en:milk-powder', 'en:cocoa-butter', 'en:cocoa', 'en:rice-flour', 'en:flour', 'en:rice', 'en:cocoa-paste', 'en:whole-wheat-flour', 'en:cereal', 'en:wheat', 'en:cereal-flour', 'en:wholemeal-flour', 'en:wheat-flour', 'en:milk-proteins', 'en:protein', 'en:animal-protein', 'en:lactose', 'en:emulsifier', 'en:malted-barley', 'en:malt', 'en:salt', 'en:glucose-syrup', 'en:monosaccharide', 'en:glucose', 'en:glazing-agent', 'en:e440a', 'en:e331', 'en:e330', 'en:carrot', 'en:root-vegetable', 'en:taproot-vegetable', 'en:e322', 'en:e414']","Plastic,PS - Polystyrene","['en:plastic', 'en:ps-polystyrene']",Germany,['en:germany'],"hit, netto",,[],,a,76.0,https://images.openfoodfacts.org/images/products/000/004/025/5729/front_de.99.400.jpg,2018-02-01 20:54:39,2026-05-31 18:51:46,found,2026-06-10 12:14:00.799761,a,True,True,True,True,True,True,True,True,True
food,search,schokolade,7622200003938,Milkinis,,Milka,"Chocolate confectionery with dairy filling, Getreideriegel, Imbiss, Kakao und Kakaoprodukte, Müsliriegel mit Schokolade, Riegel, Schokoladenkonfekt, Schokoriegel, Süßer Snack, Süßwaren","['en:snacks', 'en:sweet-snacks', 'en:cocoa-and-its-products', 'en:confectioneries', 'en:chocolate-candies', 'en:bars', 'en:candy-chocolate-bars', 'en:chocolate-confectionery-with-dairy-filling', 'en:Getreideriegel', 'en:Imbiss', 'en:Kakao und Kakaoprodukte', 'en:Müsliriegel mit Schokolade', 'en:Riegel', 'en:Schokoladenkonfekt', 'en:Schokoriegel', 'en:Süßer Snack', 'en:Süßwaren']",Triman,['fr:triman'],"Zucker, Palmöl, Süssmolkenpulver (aus MILCH), MAGERMILCHPULVER, Kakaobutter, Kakaomasse BUTTERREINFETT, Emulgator (SOJALECITHINE), Aromen, HASELNUSSMASSE. 7% Magermilchpulver in der Milchcrèmefüllung.","['en:sugar', 'en:added-sugar', 'en:disaccharide', 'en:palm-oil', 'en:oil-and-fat', 'en:vegetable-oil-and-fat', 'en:palm-oil-and-fat', 'en:sweet-whey-powder', 'en:dairy', 'en:whey', 'en:sweet-whey', 'en:skimmed-milk-powder', 'en:milk-powder', 'en:cocoa-butter', 'en:plant', 'en:cocoa', 'de:kakaomasse-butterreinfett', 'en:emulsifier', 'en:flavouring', 'en:hazelnut-paste', 'en:nut', 'en:tree-nut', 'en:hazelnut', 'de:magermilchpulver-in-der-milchcrèmefüllung', 'en:milk', 'en:soya-lecithin', 'en:e322', 'en:e322i']","Métal,Métaux recyclables,Aluminium,Carton,Aluminium léger,Carton non ondulé,Feuille","['en:metal', 'en:recyclable-metals', 'en:aluminium', 'en:cardboard', 'en:light-aluminium', 'en:non-corrugated-cardboard', 'en:sheet']","France, Germany","['en:france', 'en:germany']","Carrefour, Carrefour Market, Edeka, Géant, Leclerc",Unspecified,['en:unspecified'],Union européenne,d,33.0,https://images.openfoodfacts.org/images/products/762/220/000/3938/front_fr.64.400.jpg,2015-03-10 16:19:11,2026-03-26 12:15:22,found,2026-06-10 12:14:00.799771,d,True,True,True,True,True,True,True,True,True
food,search,schokolade,8000500273470,kinder bueno white,"Waffel mit feiner Milchhaselnusscreme-Füllung, überzogen mit Weißer Schokolade.",Kinder,"Chocolate biscuity bars, Chocolate nuts cookie bars","['en:snacks', 'en:sweet-snacks', 'en:cocoa-and-its-products', 'en:confectioneries', 'en:chocolate-candies', 'en:bars', 'en:candy-chocolate-bars', 'en:chocolate-biscuity-bars', 'en:chocolate-nuts-cookie-bars']","Green Dot, No dyes or preservatives","['en:no-preservatives', 'en:green-dot', 'en:no-colorings', 'en:no-dyes-or-preservatives']","Weiße Schokolade 28 % (Kakaobutter, Zucker, MAGERMILCHPULVER, BUTTERREIN - FETT, Émulgator Lecithine (SOJA), Vanillin), Zucker, Palmöl, WEIZENMEHL, MAGERMILCH - PULVER (8,5 %), VOLLMILCHPULVER (5,5 %), HASELNÜSSE (5 %), SÜSSMOLKENPULVER, WEIZENSTÄRKE, fettarmer Kakao, Sonnenblumenöl, MILCHEIWEISS, Emulgator Lecithine (SOJA), Backtriebmittel: Ammoniumhydrogencar - bonat, Natriumhydrogencarbonat; Aromen, Salz. Gesamtmilchbestandteile im Produkt 21,5 %.","['en:white-chocolate', 'en:chocolate', 'en:sugar', 'en:added-sugar', 'en:disaccharide', 'en:palm-oil', 'en:oil-and-fat', 'en:vegetable-oil-and-fat', 'en:palm-oil-and-fat', 'en:wheat-flour', 'en:cereal', 'en:flour', 'en:wheat', 'en:cereal-flour', 'en:skimmed-milk-powder', 'en:dairy', 'en:milk-powder', 'en:whole-milk-powder', 'en:hazelnut', 'en:nut', 'en:tree-nut', 'en:sweet-whey-powder', 'en:whey', 'en:sweet-whey', 'en:wheat-starch', 'en:starch', 'en:fat-reduced-cocoa', 'en:plant', 'en:cocoa', 'en:sunflower-oil', 'en:vegetable-oil', 'en:milk-proteins', 'en:protein', 'en:animal-protein', 'en:emulsifier', 'en:raising-agent', 'de:bonat', 'en:e500ii', 'en:e500', 'en:flavouring', 'en:salt', 'de:gesamtmilchbestandteile-im-produkt', 'en:cocoa-butter', 'de:butterrein', 'en:fat', 'de:émulgator-lecithine', 'en:vanillin', 'en:e322', 'de:ammoniumhydrogencar']","Pappe, Karton, Packung(en), Riegel","['en:cardboard', 'en:paperboard', 'de:packung-en', 'de:riegel']",Germany,['en:germany'],,,[],,e,24.0,https://images.openfoodfacts.org/images/products/800/050/027/3470/front_de.61.400.jpg,2019-06-01 21:28:53,2026-05-06 14:17:53,found,2026-06-10 12:14:00.799780,e,True,True,True,True,True,True,True,True,True
food,search,schokolade,4000417601216,Rum Trauben Nuss Schokolade,,Ritter Sport,"Milk chocolates, süßer-snack","['en:snacks', 'en:sweet-snacks', 'en:cocoa-and-its-products', 'en:chocolates', 'en:milk-chocolates', 'en:süßer-snack']",Rainforest Alliance,['en:rainforest-alliance'],"Zucker, Kakaobutter, Sultaninen, Kakaomasse', _Vollmilchpulver_, _Haselnüsse_, _Laktose_, _Magermilchpulver, _Butterreinfett_, Rum, Emulgator: Lecithine (_Soja_), Kann Spuren von Erdnüssen, anderen Schalenfrüchten, glutenhaltigem Getreide und Ei enthalten,","['en:sugar', 'en:added-sugar', 'en:disaccharide', 'en:cocoa-butter', 'en:plant', 'en:cocoa', 'en:sultana', 'en:fruit', 'en:berries', 'en:grape', 'en:cocoa-paste', 'en:whole-milk-powder', 'en:dairy', 'en:milk-powder', 'en:hazelnut', 'en:nut', 'en:tree-nut', 'en:lactose', 'en:skimmed-milk-powder', 'en:butterfat', 'en:oil-and-fat', 'en:fat', 'en:milkfat', 'en:rum', 'en:alcohol', 'en:emulsifier', 'en:e322']",,[],Germany,['en:germany'],Rewe,,[],,d,38.0,https://images.openfoodfacts.org/images/products/400/041/760/1216/front_en.57.400.jpg,2022-06-20 18:40:13,2026-04-19 14:54:24,found,2026-06-10 12:14:00.799790,d,True,True,True,True,True,True,False,True,True
food,search,schokolade,4066447704105,Feine Bitter Schokolade 70% Kakao,,dmBio,Dark chocolates,"['en:snacks', 'en:sweet-snacks', 'en:cocoa-and-its-products', 'en:chocolates', 'en:dark-chocolates']","European Vegetarian Union Vegan, FSC Mix, IT-BIO-013, Made in Germany, Naturland","['en:vegetarian', 'en:organic', 'en:eu-organic', 'en:vegan', 'en:european-vegetarian-union', 'en:european-vegetarian-union-vegan', 'en:fsc', 'en:fsc-mix', 'en:it-bio-013', 'en:made-in-germany', 'en:naturland']","Kakaomasse*, Rohrohrzucker*, Kakaobutter*, *aus biologischer Landwirtschaft
Kakao: 70% mindestens 

Kann Spuren von Schalenfrüchten, Milch und Gluten enthalten.","['en:cocoa-paste', 'en:plant', 'en:cocoa', 'en:unrefined-cane-sugar', 'en:added-sugar', 'en:disaccharide', 'en:sugar', 'en:cane-sugar', 'en:unrefined-sugar', 'en:cocoa-butter']",,[],Germany,['en:germany'],,"Germany, Dominican Republic","['en:germany', 'en:dominican-republic']",,c,46.0,https://images.openfoodfacts.org/images/products/406/644/770/4105/front_de.27.400.jpg,2024-04-05 20:05:54,2026-03-26 17:34:50,found,2026-06-10 12:14:00.799800,c,True,True,True,True,True,True,False,True,True
food,search,schokolade,8682354006147,Dubai Schokolade,,Alyan,"Chocolate candies, Chocolates","['en:snacks', 'en:sweet-snacks', 'en:cocoa-and-its-products', 'en:confectioneries', 'en:chocolate-candies', 'en:chocolates']",Halal,['en:halal'],"Pistazienpaste (45%) (Zucker, Pistazien (30%), pflanzliches Ol (voll gehärtetes Palm-, Baumwoll - und Sonnenblumenöl), Magermilch, Emulgator (Sonnenblumenlecithin E322), künstliches Aroma (Milch, Vanillin). Milchschokolade 45% (Zucker, Kakaobutter, Vollmilchpulver, Kakaomasse, Magermilchpulver, Molkenpulver, Emulgator (Ammoniumphosphatid E442, Polyglycerin-Polyricinoleat E476, Sonnenblumenlecithin E322), künstliches Aroma (Vanillin), Kunafa 10% (Weizen (enthält Gluten), Wasser, Konservierungsmittel (Kaliumsorbat E202, Calciumpropionat E282). Enthält Milch, Weizen und Pistazien. Kann Spuren von Schalenfrüchten, Erdnüssen und Eiern enthalten.","['en:pistachio-paste', 'en:nut', 'en:tree-nut', 'en:pistachio-nuts', 'en:sugar', 'en:added-sugar', 'en:disaccharide', 'de:pflanzliches-ol', 'en:skimmed-milk', 'en:dairy', 'en:milk', 'en:emulsifier', 'en:artificial-flavouring', 'en:flavouring', 'en:milk-chocolate', 'en:chocolate', 'en:cocoa-butter', 'en:plant', 'en:cocoa', 'en:whole-milk-powder', 'en:milk-powder', 'en:cocoa-paste', 'en:skimmed-milk-powder', 'en:whey-powder', 'en:whey', 'de:kunafa', 'en:wheat', 'en:cereal', 'en:water', 'en:preservative', 'en:palm', 'en:oil-and-fat', 'en:vegetable-oil-and-fat', 'en:palm-oil-and-fat', 'en:palm-oil', 'de:baumwoll', 'en:sunflower-oil', 'en:vegetable-oil', 'de:sonnenblumenlecithin-e322', 'en:vanillin', 'de:ammoniumphosphatid-e442', 'en:e476', 'en:e202', 'en:e282']",,[],"Austria, Germany, Spain","['en:austria', 'en:germany', 'en:spain']","Aldi, Alteza",Turkey,['en:turkey'],,unknown,,https://images.openfoodfacts.org/images/products/868/235/400/6147/front_en.27.400.jpg,2024-12-14 13:27:36,2026-03-26 19:58:29,found,2026-06-10 12:14:00.799809,unknown,False,True,True,True,True,True,False,True,True
food,search,schokolade,4011800521226,Corny Schoko,Müsliriegel Milchschokolade,CORNY,Chocolate cereal bars,"['en:snacks', 'en:sweet-snacks', 'en:bars', 'en:cereal-bars', 'en:chocolate-cereal-bars']","Rainforest Alliance, UTZ Certified Cocoa","['en:sustainable-farming', 'en:rainforest-alliance', 'en:utz-certified', 'en:utz-certified-cocoa']","Milchschokolade* 24 % (Zucker, Kakaomasse, Kakaobutter, Magermilchpulver, Butterfett, Emulgator Lecithine), Getreidecrispies (Weizenmehl, Zucker, Reismehl, Maismehl, Gerstenmalzextrakt, Salz, Karamellzuckersirup), Glukosesirup, Glukose-Fruktose-Sirup, Vollkorngetreideflocken 10 % (Hafer-, Weizen-, Gersten-), geröstete Erdnüsse, Zucker, Kokosfett, Cornflakes (Mais, Salz, Gerstenmalzextrakt), Honig 1 %, natürliches Aroma, Salz, Karamellzuckersirup, Emulgator Lecithine.","['en:milk-chocolate', 'en:chocolate', 'de:getreidecrispies', 'en:glucose-syrup', 'en:added-sugar', 'en:monosaccharide', 'en:glucose', 'en:glucose-fructose-syrup', 'en:fructose', 'en:wholemeal-cereal', 'en:cereal', 'en:roasted-peanut', 'en:nut', 'en:peanut', 'en:sugar', 'en:disaccharide', 'en:coconut-fat', 'en:oil-and-fat', 'en:vegetable-oil-and-fat', 'en:vegetable-fat', 'en:corn-flakes', 'en:corn', 'en:honey', 'en:natural-flavouring', 'en:flavouring', 'en:salt', 'en:caramelised-sugar-syrup', 'en:caramel-syrup', 'en:emulsifier', 'en:cocoa-paste', 'en:plant', 'en:cocoa', 'en:cocoa-butter', 'en:skimmed-milk-powder', 'en:dairy', 'en:milk-powder', 'en:butter', 'en:wheat-flour', 'en:flour', 'en:wheat', 'en:cereal-flour', 'en:rice-flour', 'en:rice', 'en:corn-flour', 'en:barley-malt-extract', 'en:malt', 'en:malted-barley', 'en:oat', 'en:barley', 'en:e322']",Plastic,['en:plastic'],"France, Germany","['en:france', 'en:germany']",Netto,,[],,c,57.0,https://images.openfoodfacts.org/images/products/401/180/052/1226/front_de.41.400.jpg,2017-06-14 08:40:29,2026-05-15 13:44:08,found,2026-06-10 12:14:00.799819,c,True,True,True,True,True,True,True,True,True
food,search,schokolade,4008400159027,Ferrero Küsschen,Nusspralinen-Spezialität mit feiner Milch-Halbbitter-Schokolade,Ferrero,"Chocolates with hazelnuts, Milk chocolate candies","['en:snacks', 'en:sweet-snacks', 'en:cocoa-and-its-products', 'en:confectioneries', 'en:chocolate-candies', 'en:bonbons', 'en:chocolates', 'en:chocolates-with-hazelnuts', 'en:milk-chocolate-candies']","Green Dot, Made in Germany, Verified","['en:green-dot', 'en:made-in-germany', 'en:Verified']","Milchschokolade 31% (Zucker, Kakaomasse, Kakaobutter, Vollmilchpulver, Butterreinfett, Emulgator Lecithine (Soja), Vanillin), Haselnüsse (26,5%), Halbbitterschokolade (Zucker, Kakaomasse, Kakaobutter, Emulgator Lecithine (Soja), Vanillin), Palmöl, Zucker, Magermilchpulver, fettarmer Kakao, Vanillin.","['en:milk-chocolate', 'en:chocolate', 'en:hazelnut', 'en:nut', 'en:tree-nut', 'de:halbbitterschokolade', 'en:palm-oil', 'en:oil-and-fat', 'en:vegetable-oil-and-fat', 'en:palm-oil-and-fat', 'en:sugar', 'en:added-sugar', 'en:disaccharide', 'en:skimmed-milk-powder', 'en:dairy', 'en:milk-powder', 'en:fat-reduced-cocoa', 'en:plant', 'en:cocoa', 'en:vanillin', 'en:cocoa-paste', 'en:cocoa-butter', 'en:whole-milk-powder', 'en:butterfat', 'en:fat', 'en:milkfat', 'en:emulsifier', 'en:e322']","Plastic,Cardboard,Paperboard,Packung(en)","['en:plastic', 'en:cardboard', 'en:paperboard', 'en:packung-en']","Austria, Germany, Morocco","['en:austria', 'en:germany', 'en:morocco']","Billa, Billa Plus, Eurospar, Interspar, Spar",,[],,unknown,,https://images.openfoodfacts.org/images/products/400/840/015/9027/front_en.45.400.jpg,2014-06-29 12:45:27,2026-04-04 20:22:43,found,2026-06-10 12:14:00.799829,unknown,False,True,True,True,True,True,True,True,True
food,search,schokolade,20301804,Soft baked cookies Weiße Schokolade & Zitrone,,"Lidl, Merba, Sondey",Chocolate chip cookies,"['en:snacks', 'en:sweet-snacks', 'en:biscuits-and-cakes', 'en:biscuits-and-crackers', 'en:biscuits', 'en:chocolate-biscuits', 'en:drop-cookies', 'en:chocolate-chip-cookies']","Nutriscore Grade E, Rainforest Alliance, UTZ Certified Cocoa","['en:sustainable-farming', 'en:nutriscore', 'en:nutriscore-grade-e', 'en:rainforest-alliance', 'en:utz-certified', 'en:utz-certified-cocoa']","Weizenmehl, Zucker, pflanzliche Öle (Ölpalme, Sonnenblume), Glukose-Fruktose-Sirup, Vollmilchpulver, Kakaobutter*, Stabilisatoren: Glycerin, Sorbit; Hafermehl, Rosinen, Magermilchpulver, Zitronenöl, Backtriebmittel: Natriumcarbonate, Diphosphate; Emulgator: Lecithine (Soja); Speisesalz, natürliches Aroma, Farbstoff: Carotin. Kann Spuren von Schalenfrüchten und Ei enthalten.","['en:wheat-flour', 'en:cereal', 'en:flour', 'en:wheat', 'en:cereal-flour', 'en:sugar', 'en:added-sugar', 'en:disaccharide', 'en:vegetable-oil', 'en:oil-and-fat', 'en:vegetable-oil-and-fat', 'en:glucose-fructose-syrup', 'en:monosaccharide', 'en:fructose', 'en:glucose', 'en:whole-milk-powder', 'en:dairy', 'en:milk-powder', 'en:cocoa-butter', 'en:plant', 'en:cocoa', 'en:stabiliser', 'en:e420', 'en:oat-flour', 'en:oat', 'en:raisin', 'en:fruit', 'en:berries', 'en:grape', 'en:skimmed-milk-powder', 'en:lemon-oil', 'en:citrus-fruit', 'en:lemon', 'en:citrus-oil', 'en:raising-agent', 'en:e450', 'en:emulsifier', 'en:salt', 'en:natural-flavouring', 'en:flavouring', 'en:colour', 'en:palm-oil', 'en:palm-oil-and-fat', 'en:sunflower', 'en:e422', 'en:e500', 'en:e322', 'en:e160a']",Papier,['en:paper'],"France, Germany, Spain","['en:france', 'en:germany', 'en:spain']",lidl,,[],,b,68.0,https://images.openfoodfacts.org/images/products/000/002/030/1804/front_de.55.400.jpg,2018-12-21 14:28:33,2026-03-14 05:31:14,found,2026-06-10 12:14:00.799838,b,True,True,True,True,True,True,True,True,True
food,search,schokolade,4061458022002,Nussknacker - Zartbitterschokolade,,"Aldi, Choceur, WIHA","Nuts and their products, Milk chocolates, Dark chocolates with hazelnuts","['en:plant-based-foods-and-beverages', 'en:plant-based-foods', 'en:snacks', 'en:sweet-snacks', 'en:cocoa-and-its-products', 'en:nuts-and-their-products', 'en:chocolates', 'en:dark-chocolates', 'en:milk-chocolates', 'en:chocolates-with-hazelnuts', 'en:dark-chocolates-with-hazelnuts']","Sustainable farming, Made in Germany, Nutriscore Grade E, PEFC, Rainforest Alliance Cocoa","['en:sustainable-farming', 'en:made-in-germany', 'en:nutriscore', 'en:nutriscore-grade-e', 'en:pefc', 'en:rainforest-alliance', 'en:rainforest-alliance-cocoa']","Zucker, Kakaomasse, Haselnüsse, Kakaobutter, Butterreinfett, Emulgator Lecithine (Soja), Vanilleextrakt.","['en:sugar', 'en:added-sugar', 'en:disaccharide', 'en:cocoa-paste', 'en:plant', 'en:cocoa', 'en:hazelnut', 'en:nut', 'en:tree-nut', 'en:cocoa-butter', 'en:butterfat', 'en:oil-and-fat', 'en:dairy', 'en:fat', 'en:milkfat', 'en:emulsifier', 'en:vanilla-extract', 'en:extract', 'en:vanilla', 'en:vegetable-extract', 'en:e322']","Kunststoff, Pappe","['en:plastic', 'en:cardboard']",Germany,['en:germany'],Aldi,,[],,d,38.0,https://images.openfoodfacts.org/images/products/406/145/802/2002/front_de.43.400.jpg,2019-07-25 19:51:54,2026-03-27 22:33:13,found,2026-06-10 12:14:00.799849,d,True,True,True,True,True,True,True,True,True
food,search,schokolade,4061463915030,High-Protein-Mousse - Schokolade,,Milsani,Refrigerated milk-based chocolate mousses,"['en:desserts', 'en:chocolate-desserts', 'en:sweet-mousses', 'en:chocolate-mousses', 'en:refrigerated-milk-based-chocolate-mousses']","Low fat, No added sugar, No lactose, Nutriscore, Rainforest Alliance Cocoa","['en:low-or-no-fat', 'en:low-fat', 'en:no-added-sugar', 'en:no-lactose', 'en:nutriscore', 'en:rainforest-alliance', 'en:rainforest-alliance-cocoa']","Fettarme Milch, Milcheiweiß (31%), Kakao (3,5 %), modifizierte Stärke, Speisegelatine, fettarmer Kakao³ (0,5 %), Verdickungsmittel Guarkernmehl, Carrageen; Stabilisator Natriumcarbonate, Süßungsmittel Sucralose, Acesulfam K; Laktase. Aufgeschlagen mit Luft","['en:skimmed-milk', 'en:dairy', 'en:milk', 'en:milk-proteins', 'en:protein', 'en:animal-protein', 'en:cocoa', 'en:plant', 'en:modified-starch', 'en:starch', 'en:e428', 'en:fat-reduced-cocoa', 'en:thickener', 'en:e407', 'en:stabiliser', 'en:sweetener', 'en:e950', 'en:lactase', 'en:enzyme', 'de:Aufgeschlagen mit Luft', 'en:e412', 'en:e500', 'en:e955']",,[],"Austria, Germany","['en:austria', 'en:germany']","Aldi, Hofer",Germany,['en:germany'],,c,50.0,https://images.openfoodfacts.org/images/products/406/146/391/5030/front_en.92.400.jpg,2023-03-09 13:22:07,2026-06-09 12:31:23,found,2026-06-10 12:14:00.799859,c,True,True,True,True,True,True,False,True,True
food,search,schokolade,4000540053869,Schoko Müsli,,kölln kölln,Mueslis with chocolate,"['en:plant-based-foods-and-beverages', 'en:plant-based-foods', 'en:breakfasts', 'en:cereals-and-potatoes', 'en:cereals-and-their-products', 'en:breakfast-cereals', 'en:chocolate-cereals', 'en:mueslis', 'en:mueslis-with-chocolate']",Rainforest Alliance,['en:rainforest-alliance'],"Vollkorn-Haferflocken (67%), Zucker, Kakaomasse^, Vollkorn-Hafermehl (4%), Weizenmehl, Karamellsirup, Vollmilchpulver, Kakaobutter^, fettarmes Kakaopulver^, Magermilchpulver, Maisstärke, Gerstenmalzextrakt, Speisesalz, Emulgator Lecithine. ^Rainforest Alliance-zertifiziert","['en:whole-grain-oat-flakes', 'en:cereal', 'en:oat', 'en:oat-flakes', 'en:wholemeal-oat', 'en:sugar', 'en:added-sugar', 'en:disaccharide', 'en:cocoa-paste', 'en:plant', 'en:cocoa', 'en:wholemeal-oat-flour', 'en:flour', 'en:cereal-flour', 'en:wholemeal-flour', 'en:oat-flour', 'en:wheat-flour', 'en:wheat', 'en:caramel-syrup', 'en:whole-milk-powder', 'en:dairy', 'en:milk-powder', 'en:cocoa-butter', 'en:fat-reduced-cocoa-powder', 'en:cocoa-powder', 'en:skimmed-milk-powder', 'en:corn-starch', 'en:starch', 'en:barley-malt-extract', 'en:malt', 'en:malted-barley', 'en:salt', 'en:emulsifier', 'en:e322']",,[],Germany,['en:germany'],,,[],,b,74.0,https://images.openfoodfacts.org/images/products/400/054/005/3869/front_de.3.400.jpg,2024-09-10 14:55:35,2026-03-26 19:07:23,found,2026-06-10 12:14:00.799869,b,True,True,True,True,True,True,False,True,True
food,search,schokolade,4000540003246,Knusper Schoko & Keks Müsli,Knuspriges Vollkorn-Getreideerzeugnis mit 7% weißer Schokolade und 5% Kakaokeksen,Kölln,Mueslis with chocolate,"['en:plant-based-foods-and-beverages', 'en:plant-based-foods', 'en:breakfasts', 'en:cereals-and-potatoes', 'en:cereals-and-their-products', 'en:breakfast-cereals', 'en:chocolate-cereals', 'en:mueslis', 'en:mueslis-with-chocolate']",UTZ Certified,"['en:sustainable-farming', 'en:utz-certified']","Vollkorn-Haferflocken (47 %), Zucker, Palmöl, Weizenmehl, Glukose-Fruktose-Sirup, Vollkorn-Weizenflocken (4%), fettarmes Kakaopulver* (3%), Vollkorn-Hafermehl (2%), Kakaobutter*, Vollmilchpulver, Magermilchpulver, Süßmolkenpulver, Butter, Weizenstärke, Gerstenmalzextrakt, Backtriebmittel Natriumhydrogencarbonat, Säureregulator Calciumcarbonat, Speisesalz, Emulgator Lecithine. Kann Schalenfrüchte enthalten.","['en:whole-grain-oat-flakes', 'en:cereal', 'en:oat', 'en:oat-flakes', 'en:wholemeal-oat', 'en:sugar', 'en:added-sugar', 'en:disaccharide', 'en:palm-oil', 'en:oil-and-fat', 'en:vegetable-oil-and-fat', 'en:palm-oil-and-fat', 'en:wheat-flour', 'en:flour', 'en:wheat', 'en:cereal-flour', 'en:glucose-fructose-syrup', 'en:monosaccharide', 'en:fructose', 'en:glucose', 'en:whole-wheat-flakes', 'en:whole-wheat', 'en:wheat-flakes', 'en:fat-reduced-cocoa-powder', 'en:plant', 'en:cocoa', 'en:cocoa-powder', 'en:wholemeal-oat-flour', 'en:wholemeal-flour', 'en:oat-flour', 'en:cocoa-butter', 'en:whole-milk-powder', 'en:dairy', 'en:milk-powder', 'en:skimmed-milk-powder', 'en:sweet-whey-powder', 'en:whey', 'en:sweet-whey', 'en:butter', 'en:wheat-starch', 'en:starch', 'en:barley-malt-extract', 'en:malt', 'en:malted-barley', 'en:raising-agent', 'en:acidity-regulator', 'en:salt', 'en:emulsifier', 'en:e500ii', 'en:e500', 'en:e170i', 'en:e170', 'en:e322']",Cardboard,['en:cardboard'],"Germany, Italy","['en:germany', 'en:italy']",,,[],,b,64.0,https://images.openfoodfacts.org/images/products/400/054/000/3246/front_de.49.400.jpg,2015-08-23 22:00:16,2026-03-25 22:34:26,found,2026-06-10 12:14:00.799878,b,True,True,True,True,True,True,True,True,True
food,search,schokolade,5000159471510,M&M's Erdnuss,Schokolinsen mit Erdnüssen,M&M'S,Chocolate covered peanuts,"['en:plant-based-foods-and-beverages', 'en:plant-based-foods', 'en:snacks', 'en:sweet-snacks', 'en:cocoa-and-its-products', 'en:confectioneries', 'en:nuts-and-their-products', 'en:chocolate-candies', 'en:bonbons', 'en:chocolate-covered-nuts-and-fruits', 'en:nut-confectioneries', 'en:chocolate-covered-nuts', 'en:chocolate-covered-peanuts']",Green Dot,['en:green-dot'],"Zucker, Erdnüsse, Kakaomasse, Vollmilchpulver, Kakaobutter, Stärke, Palmfett, Glukosesirup, Magermilchpulver, Emulgator (Sojalecithin), Milchzucker, Stabilisator (Gummi arabicum), Sheafett, Butterreinfett (aus Milch), Dextrin, Überzugsmittel (Carnaubawachs), Farbstoffe (E100, E120, E133, E160a, E160e, E170), Palmkernöl. Aromen, Salz. (Kann enthalten: Haselnuss, Mandel).","['en:sugar', 'en:added-sugar', 'en:disaccharide', 'en:peanut', 'en:nut', 'en:cocoa-paste', 'en:plant', 'en:cocoa', 'en:whole-milk-powder', 'en:dairy', 'en:milk-powder', 'en:cocoa-butter', 'en:starch', 'en:palm-fat', 'en:oil-and-fat', 'en:vegetable-oil-and-fat', 'en:palm-oil-and-fat', 'en:glucose-syrup', 'en:monosaccharide', 'en:glucose', 'en:skimmed-milk-powder', 'en:emulsifier', 'en:lactose', 'en:stabiliser', 'en:shea-butter', 'en:vegetable-fat', 'en:butterfat', 'en:fat', 'en:milkfat', 'en:e1400', 'en:glazing-agent', 'en:colour', 'en:palm-kernel-oil', 'en:palm-kernel-oil-and-fat', 'en:flavouring', 'en:salt', 'en:soya-lecithin', 'en:e322', 'en:e322i', 'en:e414', 'en:milk', 'en:e903', 'en:e100', 'en:e120', 'en:e133', 'en:e160a', 'en:e160e', 'en:e170']",Kunststoff,['en:plastic'],"France, Germany, Spain","['en:france', 'en:germany', 'en:spain']",NETTO,,[],,e,15.0,https://images.openfoodfacts.org/images/products/500/015/947/1510/front_en.11.400.jpg,2017-04-10 21:22:50,2026-02-23 12:39:44,found,2026-06-10 12:14:00.799888,e,True,True,True,True,True,True,True,True,True
food,search,schokolade,7622300476144,Mikado Milch Schokolade,Kekse überzogen mit Milchschokolade (49%),Glico,"Desserts, Milk chocolate biscuits, Stick biscuits covered with chocolate, Imbiss, Kekse, Kekse mit Milchschokolade, Kekse und Kuchen, Schokoladenkekse, Süßer Snack","['en:snacks', 'en:desserts', 'en:sweet-snacks', 'en:biscuits-and-cakes', 'en:biscuits-and-crackers', 'en:biscuits', 'en:chocolate-biscuits', 'en:milk-chocolate-biscuits', 'en:stick-biscuits-covered-with-chocolate', 'en:Imbiss', 'en:Kekse', 'en:Kekse mit Milchschokolade', 'en:Kekse und Kuchen', 'en:Schokoladenkekse', 'en:Süßer Snack']","Green Dot, Made in France, fr:Eco Emballages","['en:green-dot', 'en:made-in-france', 'fr:Eco Emballages']","Weizenmehl, Zucker, Kakaobutter, Kakaomasse, Magermilchpulver, Molkenpulver (aus Milch), pflanzliche Fette (Palm, Kokos), Butterreinfett, Speisesalz, Emulgatoren (Sojalecithine, E476), Backtriebmittel (E503), Hefe, Aroma. Kann Nüsse enthalten.","['en:wheat-flour', 'en:cereal', 'en:flour', 'en:wheat', 'en:cereal-flour', 'en:sugar', 'en:added-sugar', 'en:disaccharide', 'en:cocoa-butter', 'en:plant', 'en:cocoa', 'en:cocoa-paste', 'en:skimmed-milk-powder', 'en:dairy', 'en:milk-powder', 'en:whey-powder', 'en:whey', 'en:vegetable-fat', 'en:oil-and-fat', 'en:vegetable-oil-and-fat', 'en:butterfat', 'en:fat', 'en:milkfat', 'en:salt', 'en:emulsifier', 'en:raising-agent', 'en:yeast', 'en:flavouring', 'en:milk', 'en:palm', 'en:palm-oil-and-fat', 'en:palm-oil', 'en:coconut', 'en:fruit', 'en:soya-lecithin', 'en:e322', 'en:e322i', 'en:e476', 'en:e503']","Papier, en:Container, Stück","['en:container', 'en:papier', 'en:stuck']","Austria, Belgium, France, Germany, Switzerland","['en:austria', 'en:belgium', 'en:france', 'en:germany', 'en:switzerland']","Cora, HIT",,[],France,d,37.0,https://images.openfoodfacts.org/images/products/762/230/047/6144/front_de.55.400.jpg,2015-10-11 12:25:37,2026-05-02 11:51:04,found,2026-06-10 12:14:00.799898,d,True,True,True,True,True,True,True,True,True
food,search,schokolade,7622201813598,darkmilk,Dunkle Schokolade mit Alpenmilch,"Milka, Schokolade",Dark chocolates,"['en:snacks', 'en:sweet-snacks', 'en:cocoa-and-its-products', 'en:chocolates', 'en:dark-chocolates']","Green Dot, de:Cacao Life","['en:green-dot', 'de:Cacao Life']","Zucker, Kakaomasse, _Magermilchpulver_ (11%), Kakaobutter, _Butterreinfett_ (6%), Emulgator (_Sojalecithine_), natürliches Vanillearoma","['en:sugar', 'en:added-sugar', 'en:disaccharide', 'en:cocoa-paste', 'en:plant', 'en:cocoa', 'en:skimmed-milk-powder', 'en:dairy', 'en:milk-powder', 'en:cocoa-butter', 'en:butterfat', 'en:oil-and-fat', 'en:fat', 'en:milkfat', 'en:emulsifier', 'en:natural-vanilla-flavouring', 'en:flavouring', 'en:natural-flavouring', 'en:vanilla-flavouring', 'en:soya-lecithin', 'en:e322', 'en:e322i']",Kunststoff,['en:plastic'],"Germany, Switzerland","['en:germany', 'en:switzerland']",,,[],,e,17.0,https://images.openfoodfacts.org/images/products/762/220/181/3598/front_en.24.400.jpg,2021-09-26 09:47:46,2026-04-03 16:22:10,found,2026-06-10 12:14:00.799908,e,True,True,True,True,True,True,True,True,True
food,search,schokolade,5411188138464,Danone ALPRO® Trink Soja Schokolade 1L,"Sojadrink, Schokoladengeschmack, angereichert mit Calcium und Vitaminen.",alpro,"Unsweetened beverages, Chocolate soy-based drinks","['en:beverages-and-beverages-preparations', 'en:plant-based-foods-and-beverages', 'en:beverages', 'en:plant-based-foods', 'en:legumes-and-their-products', 'en:dairy-substitutes', 'en:milk-substitutes', 'en:plant-based-beverages', 'en:plant-based-milk-alternatives', 'en:legume-based-drinks', 'en:unsweetened-beverages', 'en:soy-based-drinks', 'en:chocolate-soy-based-drinks']","No gluten, European Vegetarian Union Vegan, FSC Mix, No lactose, Nutriscore Grade A, Rainforest Alliance Cocoa","['en:vegetarian', 'en:no-gluten', 'en:vegan', 'en:european-vegetarian-union', 'en:european-vegetarian-union-vegan', 'en:fsc', 'en:fsc-mix', 'en:no-lactose', 'en:nutriscore', 'en:nutriscore-grade-a', 'en:rainforest-alliance', 'en:rainforest-alliance-cocoa']","SOJABASIS (88,6%) (Wasser, geschälte SOJABOHNEN (7%)), Zucker, Sonnenblumenöl, Magerkakao* (1,7%), Calcium (Calciumcarbonat), Stabilisatoren (Guarkernmehl, Gellan), Säureregulator (Kaliumphosphate), Meersalz, Aromen, Vitamine (B2, D2).","['en:soy-base', 'en:sugar', 'en:added-sugar', 'en:disaccharide', 'en:sunflower-oil', 'en:oil-and-fat', 'en:vegetable-oil-and-fat', 'en:vegetable-oil', 'en:cocoa', 'en:plant', 'en:calcium', 'en:minerals', 'en:stabiliser', 'en:acidity-regulator', 'en:sea-salt', 'en:salt', 'en:flavouring', 'en:vitamins', 'en:e101', 'en:ergocalciferol', 'en:vitamin-d', 'en:water', 'en:soya-bean', 'en:vegetable', 'en:legume', 'en:pulse', 'en:soya', 'en:e170i', 'en:e170', 'en:e412', 'en:e418', 'en:e340']",,[],"Austria, Germany, Switzerland","['en:austria', 'en:germany', 'en:switzerland']",Rewe,,[],,a-plus,100.0,https://images.openfoodfacts.org/images/products/541/118/813/8464/front_de.30.400.jpg,2023-05-06 20:02:28,2026-05-03 08:44:41,found,2026-06-10 12:14:00.799917,a-plus,True,True,True,True,True,True,False,True,True
food,search,schokolade,5411188137863,Danone ALPRO® Dessert Soja Schokolade High Protein 200g,"Sojadessert, Schokolade, angereichert mit Calcium und Vitaminen.",alpro,"Plant-based foods, Puddings, Vegan chocolate puddings, Chocolate soy desserts","['en:plant-based-foods-and-beverages', 'en:plant-based-foods', 'en:dairy-substitutes', 'en:desserts', 'en:vegan-products', 'en:non-dairy-desserts', 'en:puddings', 'en:chocolate-desserts', 'en:soy-desserts', 'en:vegan-creamy-puddings', 'en:flavoured-soy-dessert', 'en:vegan-chocolate-puddings', 'en:chocolate-soy-desserts']","European Vegetarian Union Vegan, Nutriscore Grade A, Rainforest Alliance","['en:vegetarian', 'en:vegan', 'en:european-vegetarian-union', 'en:european-vegetarian-union-vegan', 'en:nutriscore', 'en:nutriscore-grade-a', 'en:rainforest-alliance']","SOJABASIS (82,9%) (Wasser, geschälte SOJABOHNEN (10%)), SOJAPROTEIN, Zucker, modifizierte Stärke, Schokolade (1,5%), Magerkakao* (1,5%), Aromen, Calcium (Calciumcarbonat), Meersalz, Vitamine B2, D2. Kann Spuren von SCHALENFRÜCHTEN (keine Erdnüsse) enthalten.","['en:soy-base', 'en:soy-protein', 'en:protein', 'en:plant-protein', 'en:sugar', 'en:added-sugar', 'en:disaccharide', 'en:modified-starch', 'en:starch', 'en:chocolate', 'en:cocoa', 'en:plant', 'en:flavouring', 'en:calcium', 'en:minerals', 'en:sea-salt', 'en:salt', 'en:vitamins', 'en:e101', 'en:ergocalciferol', 'en:vitamin-d', 'de:enthalten', 'en:water', 'en:soya-bean', 'en:vegetable', 'en:legume', 'en:pulse', 'en:soya', 'en:e170i', 'en:e170', 'de:keine Erdnüsse']",,[],"Austria, Germany, Luxembourg","['en:austria', 'en:germany', 'en:luxembourg']",rewe,,[],,a-plus,95.0,https://images.openfoodfacts.org/images/products/541/118/813/7863/front_de.25.400.jpg,2023-05-16 08:41:53,2026-05-30 21:51:51,found,2026-06-10 12:14:00.799927,a-plus,True,True,True,True,True,True,False,True,True
food,search,schokolade,4337256745260,Edel-Bitter Schokolade 80%,,"Halba, Rewe, Rewe Beste Wahl",Dark chocolates,"['en:snacks', 'en:sweet-snacks', 'en:cocoa-and-its-products', 'en:chocolates', 'en:dark-chocolates']","Fairtrade International, Nutriscore Grade D","['en:fair-trade', 'en:fairtrade-international', 'en:nutriscore', 'en:nutriscore-grade-d']","Kakaomasse, Kakaobutter, Zucker, fettarmes Kakaopulver, natürliches Aroma. Kann Spuren von Milch, Haselnüssen, Mandeln und Soja enthalten.","['en:cocoa-paste', 'en:plant', 'en:cocoa', 'en:cocoa-butter', 'en:sugar', 'en:added-sugar', 'en:disaccharide', 'en:fat-reduced-cocoa-powder', 'en:cocoa-powder', 'en:natural-flavouring', 'en:flavouring']",,[],Germany,['en:germany'],REWE,,[],,e,27.0,https://images.openfoodfacts.org/images/products/433/725/674/5260/front_de.5.400.jpg,2024-08-03 18:22:26,2026-03-26 18:47:45,found,2026-06-10 12:14:00.799937,e,True,True,True,True,True,True,False,True,True
food,search,schokolade,20272760,Caramel et biscuit,,"Krüger, Ludwig Schokolade, Mister Choc","Chocolate biscuits, Candy chocolate bars, Caramels","['en:snacks', 'en:sweet-snacks', 'en:biscuits-and-cakes', 'en:biscuits-and-crackers', 'en:cocoa-and-its-products', 'en:confectioneries', 'en:biscuits', 'en:chocolate-candies', 'en:bars', 'en:chocolate-biscuits', 'en:candy-chocolate-bars', 'en:caramels']","Vegetarian, No artificial flavors, Fairtrade cocoa, Triman","['en:vegetarian', 'en:fair-trade', 'en:no-artificial-flavors', 'en:fairtrade-cocoa', 'fr:triman']","Sugar, Wheat Flour, Palm Fat, Glucose Syrup, Cocoa Butter, Condensed Skimmed Milk, Whole Milk Powder, Cocoa Mass. Humectant: Sorbitol Syrup; Lactose (Milk), Whey Powder (Milk), Caramelised Sugar Sy Salt, Cream Powder (Milk), Emulsifier: Soya Lecithins, Fat Reduced Cocoa Powder, Barley Malt Extract, Rass Agent Sodium Bicarbonate; Vanilla Extract. Milk chocolate contains: Cocoa Solids 27% minimum, Milk Sales 14% minimum. Allergy advice: May contain traces of Peanuts, Nuts and Egg. Suitable for vegetarians. No artificial flavourings, preservatives or colours.","['en:sugar', 'en:added-sugar', 'en:disaccharide', 'en:wheat-flour', 'en:cereal', 'en:flour', 'en:wheat', 'en:cereal-flour', 'en:palm-fat', 'en:oil-and-fat', 'en:vegetable-oil-and-fat', 'en:palm-oil-and-fat', 'en:glucose-syrup', 'en:monosaccharide', 'en:glucose', 'en:cocoa-butter', 'en:plant', 'en:cocoa', 'en:skimmed-milk', 'en:dairy', 'en:milk', 'en:whole-milk-powder', 'en:milk-powder', 'en:cocoa-paste', 'en:humectant', 'en:lactose', 'en:whey-powder', 'en:whey', 'en:caramelised-sugar-sy-salt', 'en:cream-powder', 'en:cream', 'en:emulsifier', 'en:fat-reduced-cocoa-powder', 'en:cocoa-powder', 'en:barley-malt-extract', 'en:malt', 'en:malted-barley', 'en:rass-agent-sodium-bicarbonate', 'en:vanilla-extract', 'en:extract', 'en:vanilla', 'en:vegetable-extract', 'en:milk-chocolate', 'en:chocolate', 'en:milk-sales', 'en:preservative', 'en:e420ii', 'en:e420', 'en:soya-lecithin', 'en:e322', 'en:e322i', 'en:cocoa-solids', 'en:colour']","Plastique,PP 5 - Polypropylène","['en:plastic', 'en:pp-5-polypropylene']","Denmark, Finland, France, Germany, Greece, Italy, Poland, Sweden","['en:denmark', 'en:finland', 'en:france', 'en:germany', 'en:greece', 'en:italy', 'en:poland', 'en:sweden']",Lidl,,[],Germany,d,30.0,https://images.openfoodfacts.org/images/products/000/002/027/2760/front_en.97.400.jpg,2016-03-15 19:37:33,2026-03-16 21:51:44,found,2026-06-10 12:14:00.799947,d,True,True,True,True,True,True,True,True,True
food,search,schokolade,4006040013464,Schokolade 85% Kakao,Bitterschokolade,Rapunzel,Dark chocolates,"['en:snacks', 'en:sweet-snacks', 'en:cocoa-and-its-products', 'en:chocolates', 'en:dark-chocolates']","Fair trade, non-EU Agriculture, Vegan, EG-Öko-Verordnung, CH-BIO-004, Green Dot, de:Fairtrade-Rapunzel","['en:vegetarian', 'en:fair-trade', 'en:organic', 'en:eu-organic', 'en:non-eu-agriculture', 'en:vegan', 'de:eg-öko-verordnung', 'en:ch-bio-004', 'en:green-dot', 'de:Fairtrade-Rapunzel']","Kakaobutter, Kakaomasse, Kakaopulver, Rohrzucker.","['en:cocoa-butter', 'en:plant', 'en:cocoa', 'en:cocoa-paste', 'en:cocoa-powder', 'en:cane-sugar', 'en:added-sugar', 'en:disaccharide', 'en:sugar']","Kunststoff, Pappe, Folie, Karton","['en:plastic', 'en:cardboard', 'en:film', 'en:paperboard']","Austria, Germany","['en:austria', 'en:germany']",Alnatura,Bolivia,['en:bolivia'],Schweiz,c,45.0,https://images.openfoodfacts.org/images/products/400/604/001/3464/front_en.60.400.jpg,2016-08-21 11:26:21,2026-03-25 08:24:00,found,2026-06-10 12:14:00.799956,c,True,True,True,True,True,True,True,True,True
food,search,schokolade,4305615838847,Schokolade Noir 78%,,"Das Exquisite, Rossmann",Dark chocolates,"['en:snacks', 'en:sweet-snacks', 'en:cocoa-and-its-products', 'en:chocolates', 'en:dark-chocolates']","Fair trade, FSC, Made in Germany","['en:fair-trade', 'en:fsc', 'en:made-in-germany']","Kakaomasse, Zucker, Kakaopulver (stark entölt).","['en:cocoa-paste', 'en:plant', 'en:cocoa', 'en:sugar', 'en:added-sugar', 'en:disaccharide', 'en:cocoa-powder', 'en:fat-reduced-cocoa-powder']",Pappe,['en:cardboard'],Germany,['en:germany'],,,[],Deutschland,e,26.0,https://images.openfoodfacts.org/images/products/430/561/583/8847/front_de.21.400.jpg,2021-04-27 16:01:10,2026-05-25 02:34:54,found,2026-06-10 12:14:00.799966,e,True,True,True,True,True,True,True,True,True
food,search,schokolade,4337256613460,Alpen-Vollmilch Schokolade,,ja,"Milk chocolates, de:Alpen-Vollmilch","['en:snacks', 'en:sweet-snacks', 'en:cocoa-and-its-products', 'en:chocolates', 'en:milk-chocolates', 'de:Alpen-Vollmilch']","Fairtrade cocoa, Nutriscore Grade E","['en:fair-trade', 'en:fairtrade-cocoa', 'en:nutriscore', 'en:nutriscore-grade-e']","Zucker, Kakaobutter, Vollmilchpulver 16%, Süßmolkenpulver, Kakaomasse, Haselnusspaste, Butterreinfett, Emulgator (Lecithine (Soja)), Bourbon-Vanilleextrakt. Kann Spuren von anderen Schalenfrüchten und Gluten enthalten.","['en:sugar', 'en:added-sugar', 'en:disaccharide', 'en:cocoa-butter', 'en:plant', 'en:cocoa', 'en:whole-milk-powder', 'en:dairy', 'en:milk-powder', 'en:sweet-whey-powder', 'en:whey', 'en:sweet-whey', 'en:cocoa-paste', 'en:hazelnut-paste', 'en:nut', 'en:tree-nut', 'en:hazelnut', 'en:butterfat', 'en:oil-and-fat', 'en:fat', 'en:milkfat', 'en:emulsifier', 'en:bourbon-vanilla-extract', 'en:extract', 'en:vanilla', 'en:bourbon-vanilla', 'en:vegetable-extract', 'en:vanilla-extract', 'en:e322']",,[],"Germany, Morocco","['en:germany', 'en:morocco']",Rewe,de:Stollwerk GmbH 22844 Norderstedt,['de:Stollwerk GmbH 22844 Norderstedt'],,e,18.0,https://images.openfoodfacts.org/images/products/433/725/661/3460/front_de.7.400.jpg,2023-08-26 13:13:17,2026-05-11 23:15:46,found,2026-06-10 12:14:00.799976,e,True,True,True,True,True,True,False,True,True
food,search,schokolade,7622300479008,Mikado Zartherbe Schokolade,Kekse überzogen mit dunkler Schokolade (49%),"Glico, LU, Mondelez","Dark chocolate biscuits, Stick biscuits covered with chocolate","['en:snacks', 'en:sweet-snacks', 'en:biscuits-and-cakes', 'en:biscuits-and-crackers', 'en:biscuits', 'en:chocolate-biscuits', 'en:dark-chocolate-biscuits', 'en:stick-biscuits-covered-with-chocolate']","Charte LU Harmony, Green Dot, Made in France","['en:distributor-labels', 'en:charte-lu-harmony', 'en:green-dot', 'en:made-in-france']","wheat flour, sugar, cocoa mass, vegetable fats (palm, coconut), cocoa butter, sweet whey powder (from milk), clarified butter, salt, emulsifiers (soy lecithins, e476), raising agent (e503), yeast, flavouring,","['en:wheat-flour', 'en:cereal', 'en:flour', 'en:wheat', 'en:cereal-flour', 'en:sugar', 'en:added-sugar', 'en:disaccharide', 'en:cocoa-paste', 'en:plant', 'en:cocoa', 'en:vegetable-fat', 'en:oil-and-fat', 'en:vegetable-oil-and-fat', 'en:cocoa-butter', 'en:sweet-whey-powder', 'en:dairy', 'en:whey', 'en:sweet-whey', 'en:clarified-butter', 'en:fat', 'en:milkfat', 'en:butterfat', 'en:salt', 'en:emulsifier', 'en:raising-agent', 'en:yeast', 'en:flavouring', 'en:palm', 'en:palm-oil-and-fat', 'en:palm-oil', 'en:coconut', 'en:fruit', 'en:milk', 'en:soya-lecithin', 'en:e322', 'en:e322i', 'en:e476', 'en:e503']","Plastic,Cardboard,Paperboard","['en:plastic', 'en:cardboard', 'en:paperboard']","Austria, France, Germany, Switzerland","['en:austria', 'en:france', 'en:germany', 'en:switzerland']","HIT, REWE",,[],Frankreich,e,23.0,https://images.openfoodfacts.org/images/products/762/230/047/9008/front_de.51.400.jpg,2017-02-01 16:45:07,2026-05-02 11:52:42,found,2026-06-10 12:14:00.799986,e,True,True,True,True,True,True,True,True,True
food,search,schokolade,4000540063868,Schoko Hafer-Müsli,,Kölln,Mueslis with chocolate,"['en:plant-based-foods-and-beverages', 'en:plant-based-foods', 'en:breakfasts', 'en:cereals-and-potatoes', 'en:cereals-and-their-products', 'en:breakfast-cereals', 'en:chocolate-cereals', 'en:mueslis', 'en:mueslis-with-chocolate']",,[],"Vollkorn-Haferflocken (67%), Zucker, Kakaomasse, Vollkorn-Hafermehl (4%), Weizenmehl, Karamellsirup, Vollmilchpulver, Kakaobutter, fettarmes Kakaopulver, Magermilchpulver, Maisstärke, Gerstenmalzextrakt, Speisesalz, Emulgator Lecithine. Kann Mandeln, Haselnüsse, Cashewkerne und Pekannüsse enthalten.","['en:whole-grain-oat-flakes', 'en:cereal', 'en:oat', 'en:oat-flakes', 'en:wholemeal-oat', 'en:sugar', 'en:added-sugar', 'en:disaccharide', 'en:cocoa-paste', 'en:plant', 'en:cocoa', 'en:wholemeal-oat-flour', 'en:flour', 'en:cereal-flour', 'en:wholemeal-flour', 'en:oat-flour', 'en:wheat-flour', 'en:wheat', 'en:caramel-syrup', 'en:whole-milk-powder', 'en:dairy', 'en:milk-powder', 'en:cocoa-butter', 'en:fat-reduced-cocoa-powder', 'en:cocoa-powder', 'en:skimmed-milk-powder', 'en:corn-starch', 'en:starch', 'en:barley-malt-extract', 'en:malt', 'en:malted-barley', 'en:salt', 'en:emulsifier', 'en:e322']",,[],Germany,['en:germany'],,,[],,c,59.0,https://images.openfoodfacts.org/images/products/400/054/006/3868/front_de.7.400.jpg,2025-07-25 19:46:38,2026-05-15 19:33:05,found,2026-06-10 12:14:00.799995,c,True,True,True,True,False,True,False,True,True
food,search,muesli,3168930010265,cruesly mélange de noix,Pépites de céréales croustillantes avec Mélange de Noix,Quaker,"Mueslis, Cereal clusters with nuts","['en:plant-based-foods-and-beverages', 'en:plant-based-foods', 'en:breakfasts', 'en:cereals-and-potatoes', 'en:cereals-and-their-products', 'en:breakfast-cereals', 'en:mueslis', 'en:cereals-with-nuts', 'en:crunchy-cereal-clusters', 'en:cereal-clusters-with-nuts']","No artificial flavors, No preservatives, Green Dot, No colorings, No palm oil, Nutriscore Grade A, Triman","['en:no-artificial-flavors', 'en:no-preservatives', 'en:green-dot', 'en:no-colorings', 'en:no-palm-oil', 'en:nutriscore', 'en:nutriscore-grade-a', 'fr:triman']","_avoine_ complète (32%), _blé_ complet (18%), sirop de glucose, huile de tournesol, sucre, _amandes_ grillées (4,2%), _noisettes_ (4%), oligofructose, _noix de Pécan_ (1,5%), farine de _blé_, farine de riz, _noix du Brésil_ (1%), miel, arômes naturels, antioxydant (tocophérol).","['en:wholemeal-oat', 'en:cereal', 'en:oat', 'en:whole-wheat', 'en:wheat', 'en:glucose-syrup', 'en:added-sugar', 'en:monosaccharide', 'en:glucose', 'en:sunflower-oil', 'en:oil-and-fat', 'en:vegetable-oil-and-fat', 'en:vegetable-oil', 'en:sugar', 'en:disaccharide', 'en:roasted-almonds', 'en:nut', 'en:tree-nut', 'en:almond', 'en:hazelnut', 'en:oligofructose', 'en:pecan-nut', 'en:wheat-flour', 'en:flour', 'en:cereal-flour', 'en:rice-flour', 'en:rice', 'en:brazil-nut', 'en:honey', 'en:natural-flavouring', 'en:flavouring', 'en:antioxidant', 'en:vitamin-e', 'en:vitamins']","Sachet,Boîte","['en:bag', 'en:box']","Belgium, France, French Polynesia, Germany, Guadeloupe, Italy, Luxembourg, Martinique, Netherlands, Réunion, Slovenia, Spain, Switzerland, United Kingdom","['en:belgium', 'en:france', 'en:french-polynesia', 'en:germany', 'en:guadeloupe', 'en:italy', 'en:luxembourg', 'en:martinique', 'en:netherlands', 'en:reunion', 'en:slovenia', 'en:spain', 'en:switzerland', 'en:united-kingdom']","Intermarché, Magasins U",,[],,b,63.0,https://images.openfoodfacts.org/images/products/316/893/001/0265/front_en.297.400.jpg,2017-05-21 09:56:57,2026-05-22 05:03:35,found,2026-06-10 12:14:04.300273,b,True,True,True,True,True,True,True,True,True
food,search,muesli,5010477348678,Special Muesli 30% fruits & noix,Flocons de 3 céréales avec 30% de fruits séchés et de noix,Jordans,Mueslis with fruits,"['en:plant-based-foods-and-beverages', 'en:plant-based-foods', 'en:breakfasts', 'en:cereals-and-potatoes', 'en:cereals-and-their-products', 'en:breakfast-cereals', 'en:cereals-with-fruits', 'en:mueslis', 'en:mueslis-with-fruits']","Vegetarian, No artificial flavors, No preservatives, High fibres, iron source, magnesium source, No added salt, No added sugar, No colorings, No palm oil, Nutriscore Grade A, Phosphore source, Rich in vitamin B1, Triman, fr:Source-de-potassium","['en:low-or-no-salt', 'en:vegetarian', 'en:no-artificial-flavors', 'en:no-preservatives', 'en:source-of-fibre', 'en:high-fibres', 'en:iron-source', 'en:magnesium-source', 'en:no-added-salt', 'en:no-added-sugar', 'en:no-colorings', 'en:no-palm-oil', 'en:nutriscore', 'en:nutriscore-grade-a', 'en:phosphore-source', 'en:rich-in-vitamin-b1', 'fr:triman', 'fr:Source-de-potassium']","Céréales complètes (59%) (flocons d'_avoine_, flocons de _blé_, flocons de _blé_ grillés), fruits secs (30%)  (raisins secs, raisins de sultanine, abricots secs hachés, tranches de pommes séchées, éclats de noix de coco grillés, noix_noisettes_ hachées grillées, _amandes_ effilées), flocons d'_orge_, graines de tournesol.","['en:wholemeal-cereal', 'en:cereal', 'en:dried-fruits', 'en:fruit', 'en:barley-flakes', 'en:barley', 'en:sunflower-seed', 'en:plant', 'en:seed', 'en:sunflower', 'en:oat-flakes', 'en:oat', 'en:wheat-flakes', 'en:wheat', 'en:raisin', 'en:berries', 'en:grape', 'fr:raisins-de-sultanine', 'en:dried-apricots', 'en:prunus-species-fruit', 'en:apricot', 'en:dried-apple', 'en:malaceous-fruit', 'en:apple', 'en:coconut', 'fr:noix-noisettes-hachees-grillees', 'en:flaked-almonds', 'en:nut', 'en:tree-nut', 'en:almond']","Etui en carton,Sachet en plastique,Sachet en plastique à jeter,Étui en carton à recycler","['fr:etui-en-carton', 'fr:sachet-en-plastique', 'fr:sachet-en-plastique-a-jeter', 'fr:etui-en-carton-a-recycler']","Belgium, France, French Polynesia, Germany, Italy, Martinique, Monaco, Réunion, Spain, Switzerland","['en:belgium', 'en:france', 'en:french-polynesia', 'en:germany', 'en:italy', 'en:martinique', 'en:monaco', 'en:reunion', 'en:spain', 'en:switzerland']","Auchan, Carrefour, Colruyt, Leclerc, Magasins U, Marché U, U, carrefour.fr",Belgium,['en:belgium'],Royaume-Uni,b,70.0,https://images.openfoodfacts.org/images/products/501/047/734/8678/front_fr.226.400.jpg,2015-03-29 11:08:06,2026-05-23 18:38:20,found,2026-06-10 12:14:04.300290,b,True,True,True,True,True,True,True,True,True
food,search,muesli,4056489300786,Knusper Müsli Schoko,,Crownfield,Mueslis with chocolate,"['en:plant-based-foods-and-beverages', 'en:plant-based-foods', 'en:breakfasts', 'en:cereals-and-potatoes', 'en:cereals-and-their-products', 'en:breakfast-cereals', 'en:chocolate-cereals', 'en:mueslis', 'en:mueslis-with-chocolate']","EG-Öko-Verordnung, DE-ÖKO-005, EU/non-EU Agriculture, High fibres, No palm oil, Nutriscore Grade C, Rainforest Alliance Cocoa, UTZ Certified Cocoa, AB Agriculture Biologique","['en:organic', 'en:eu-organic', 'en:non-eu-agriculture', 'en:source-of-fibre', 'en:sustainable-farming', 'de:eg-öko-verordnung', 'en:de-oko-005', 'en:eu-agriculture', 'en:eu-non-eu-agriculture', 'en:high-fibres', 'en:no-palm-oil', 'en:nutriscore', 'en:nutriscore-grade-c', 'en:rainforest-alliance', 'en:rainforest-alliance-cocoa', 'en:utz-certified', 'en:utz-certified-cocoa', 'fr:ab-agriculture-biologique']","_Hafervollkornflocken_, Zartbitterschokolade (Kakaomasse, Rohrzucker, Kakaobutter, Emulgator: Sonnenblumenlecithin), Glukosesirup, _Weizenvollkornflocken_, Sonnenblumenöl, fettarmes Kakaopulver, _Weizenmehl_, Rohrzucker, _Dinkelweizenmehl_, Kokosraspel, Honig, Vollmilchschokoladenstückchen (Zucker, Kakaomasse, _Vollmilchpulver_, Kakaobutter, Emulgator: Lecithine), Meersalz, _Gerstenmalzextrakt_","['en:whole-grain-oat-flakes', 'en:cereal', 'en:oat', 'en:oat-flakes', 'en:wholemeal-oat', 'en:dark-chocolate', 'en:chocolate', 'en:glucose-syrup', 'en:added-sugar', 'en:monosaccharide', 'en:glucose', 'en:whole-wheat-flakes', 'en:wheat', 'en:whole-wheat', 'en:wheat-flakes', 'en:sunflower-oil', 'en:oil-and-fat', 'en:vegetable-oil-and-fat', 'en:vegetable-oil', 'en:fat-reduced-cocoa-powder', 'en:plant', 'en:cocoa', 'en:cocoa-powder', 'en:wheat-flour', 'en:flour', 'en:cereal-flour', 'en:cane-sugar', 'en:disaccharide', 'en:sugar', 'en:spelt-flour', 'en:coconut', 'en:fruit', 'en:honey', 'fr:pepites-de-chocolat-au-lait', 'en:milk-chocolate', 'en:sea-salt', 'en:salt', 'en:barley-malt-extract', 'en:malt', 'en:malted-barley', 'en:cocoa-paste', 'en:cocoa-butter', 'en:emulsifier', 'en:whole-milk-powder', 'en:dairy', 'en:milk-powder', 'en:sunflower-lecithin', 'en:e322', 'en:e322i']","Plástico,Saco,Cartão,Pacote,Papel cartonado,en:PP/PE","['en:plastic', 'en:bag', 'en:cardboard', 'en:packet', 'en:paperboard', 'en:pp-pe']","Belgium, Croatia, Cyprus, France, Germany, Greece, Hungary, Italy, Lithuania, Serbia, Switzerland","['en:belgium', 'en:croatia', 'en:cyprus', 'en:france', 'en:germany', 'en:greece', 'en:hungary', 'en:italy', 'en:lithuania', 'en:serbia', 'en:switzerland']",Lidl,,[],,a-plus,90.0,https://images.openfoodfacts.org/images/products/405/648/930/0786/front_de.158.400.jpg,2020-11-22 08:39:20,2026-05-23 19:14:01,found,2026-06-10 12:14:04.300304,a-plus,True,True,True,True,True,True,True,True,True
food,search,muesli,4056489296805,Bio Knusper Müsli Früchte,,"Crownfield, Lidl","Berries, Crunchy mueslis with fruits","['en:plant-based-foods-and-beverages', 'en:plant-based-foods', 'en:fruits-and-vegetables-based-foods', 'en:breakfasts', 'en:cereals-and-potatoes', 'en:cereals-and-their-products', 'en:fruits-based-foods', 'en:breakfast-cereals', 'en:fruits', 'en:cereals-with-fruits', 'en:mueslis', 'en:berries', 'en:crunchy-mueslis', 'en:mueslis-with-fruits', 'en:crunchy-mueslis-with-fruits']","USDA Organic, EG-Öko-Verordnung, DE-ÖKO-005, EU/non-EU Agriculture, No palm oil, Nutriscore Grade C, AB Agriculture Biologique, Triman","['en:organic', 'en:eu-organic', 'en:non-eu-agriculture', 'en:usda-organic', 'de:eg-öko-verordnung', 'en:de-oko-005', 'en:eu-agriculture', 'en:eu-non-eu-agriculture', 'en:no-palm-oil', 'en:nutriscore', 'en:nutriscore-grade-c', 'fr:ab-agriculture-biologique', 'fr:triman']","46% Hafervollkornflocken, 14% Weizenvollkornflocken, Rohrzucker, Glukosesirup, Sonnenblumenöl, Kokosraspel, Hafervollkornmehl, Honig, 1,5% gefriergetrocknete Brombeeren, 0,5% gefriergetrocknete Himbeere, 0,5% gefriergetrocknete Erdbeerstücke, Meersalz, Antioxidationsmittel: stark tocopherolhaltige Extrakte","['en:whole-grain-oat-flakes', 'en:cereal', 'en:oat', 'en:oat-flakes', 'en:wholemeal-oat', 'en:whole-wheat-flakes', 'en:wheat', 'en:whole-wheat', 'en:wheat-flakes', 'en:cane-sugar', 'en:added-sugar', 'en:disaccharide', 'en:sugar', 'en:glucose-syrup', 'en:monosaccharide', 'en:glucose', 'en:sunflower-oil', 'en:oil-and-fat', 'en:vegetable-oil-and-fat', 'en:vegetable-oil', 'en:coconut', 'en:fruit', 'en:wholemeal-oat-flour', 'en:flour', 'en:cereal-flour', 'en:wholemeal-flour', 'en:oat-flour', 'en:honey', 'en:blackberry', 'en:berries', 'en:raspberry', 'en:strawberry-pieces', 'en:strawberry', 'en:sea-salt', 'en:salt', 'en:antioxidant', 'en:e306']","Carton,Papier cartonné","['en:cardboard', 'en:paperboard']","Belgium, Croatia, Cyprus, France, Germany, Greece, Hungary, Italy, Latvia","['en:belgium', 'en:croatia', 'en:cyprus', 'en:france', 'en:germany', 'en:greece', 'en:hungary', 'en:italy', 'en:latvia']",Lidl,,[],,a,78.0,https://images.openfoodfacts.org/images/products/405/648/929/6805/front_en.130.400.jpg,2020-11-09 06:47:14,2026-03-09 10:52:20,found,2026-06-10 12:14:04.300319,a,True,True,True,True,True,True,True,True,True
food,search,muesli,20775025,Muesli croustillant Noix et Miel,,Crownfield,Mueslis with nuts,"['en:plant-based-foods-and-beverages', 'en:plant-based-foods', 'en:breakfasts', 'en:cereals-and-potatoes', 'en:cereals-and-their-products', 'en:breakfast-cereals', 'en:mueslis', 'en:cereals-with-nuts', 'en:mueslis-with-nuts']",Triman,['fr:triman'],"45 % flocons d'avoine complète, sucre, grains de froment (blé), huile de tournesol, farine de blé, flocons de blé complet, 4% noix de pécan hachée, 4% cacahuètes (arachides), 1,5% miel, 1% noix de cajou, 1% noisettes, 1% amandes effilées, sel, extrait de malt d'orge, antioxydant : extrait riche en tocophérols.","['en:whole-grain-oat-flakes', 'en:cereal', 'en:oat', 'en:oat-flakes', 'en:wholemeal-oat', 'en:sugar', 'en:added-sugar', 'en:disaccharide', 'en:wheat-grain', 'en:wheat', 'en:sunflower-oil', 'en:oil-and-fat', 'en:vegetable-oil-and-fat', 'en:vegetable-oil', 'en:wheat-flour', 'en:flour', 'en:cereal-flour', 'en:whole-wheat-flakes', 'en:whole-wheat', 'en:wheat-flakes', 'en:pecan-nut', 'en:nut', 'en:tree-nut', 'en:peanut', 'en:honey', 'en:cashew-nuts', 'en:hazelnut', 'en:flaked-almonds', 'en:almond', 'en:salt', 'en:barley-malt-extract', 'en:malt', 'en:malted-barley', 'en:antioxidant', 'en:e306']",Plastique,['en:plastic'],"France, Germany","['en:france', 'en:germany']",Lidl,,[],,b,64.0,https://images.openfoodfacts.org/images/products/000/002/077/5025/front_en.67.400.jpg,2018-05-04 18:46:35,2026-02-25 10:33:41,found,2026-06-10 12:14:04.300332,b,True,True,True,True,True,True,True,True,True
food,search,muesli,3111902100020,Muesli bio croustillant 3 chocolats,,Charles Vignon,Mueslis with chocolate,"['en:plant-based-foods-and-beverages', 'en:plant-based-foods', 'en:breakfasts', 'en:cereals-and-potatoes', 'en:cereals-and-their-products', 'en:breakfast-cereals', 'en:chocolate-cereals', 'en:mueslis', 'en:mueslis-with-chocolate']","Fair trade, EU Agriculture, FR-BIO-01, No palm oil, AB Agriculture Biologique","['en:fair-trade', 'en:organic', 'en:eu-organic', 'en:eu-agriculture', 'en:fr-bio-01', 'en:no-palm-oil', 'fr:ab-agriculture-biologique']","Céréales* complètes 63% (flocons d'*avoine* 51,9%, riz*), sucre de canne* non raffiné, chocolat* 10% [chocolat noir* 4% (pâte de cacao*, sucre de canne*, beurre de cacao), chocolat* blanc 3.5% (sucre de canne*, beurre de cacao*, lait* entier en poudre), chocolat au lait 2,5% (sucre de canne*, beurre de cacao*, lait* entier en poudre, pâte de cacao*)], huile de tournesol*, noix de coco* râpée, cacao* maigre en poudre.

*Ingrédients issus de l'agriculture biologique. 
Peut contenir des traces de graines de sésame, soja et fruits à coque. Contient du gluten.","['en:wholemeal-cereal', 'en:cereal', 'en:unrefined-cane-sugar', 'en:added-sugar', 'en:disaccharide', 'en:sugar', 'en:cane-sugar', 'en:unrefined-sugar', 'en:chocolate', 'en:oil', 'en:oil-and-fat', 'fr:rapee', 'en:fat-reduced-cocoa-powder', 'en:plant', 'en:cocoa', 'en:cocoa-powder', 'en:oat-flakes', 'en:oat', 'en:rice', 'en:dark-chocolate', 'en:white-chocolate', 'en:milk-chocolate', 'en:sunflower-oil', 'en:vegetable-oil-and-fat', 'en:vegetable-oil', 'en:coconut-oil', 'en:cocoa-paste', 'en:cocoa-butter', 'en:whole-milk-powder', 'en:dairy', 'en:milk-powder']",Plastique,['en:plastic'],"France, Germany","['en:france', 'en:germany']","carrefour.fr, monoprix","France, Europe, fr:Avoine d'Europe, fr:Avoine de France, fr:Fabriquée en France, fr:Hors Europe","['en:france', 'en:europe', ""fr:Avoine d'Europe"", 'fr:Avoine de France', 'fr:Fabriquée en France', 'fr:Hors Europe']",saint symphorien,a,84.0,https://images.openfoodfacts.org/images/products/311/190/210/0020/front_fr.90.400.jpg,2015-04-02 18:00:45,2026-03-09 11:22:55,found,2026-06-10 12:14:04.300345,a,True,True,True,True,True,True,True,True,True
food,search,muesli,4056489209980,Crunchy Muesli Multi Fruit,,Crownfield,"Crunchy cereal clusters, Crunchy mueslis with fruits","['en:plant-based-foods-and-beverages', 'en:plant-based-foods', 'en:breakfasts', 'en:cereals-and-potatoes', 'en:cereals-and-their-products', 'en:breakfast-cereals', 'en:cereals-with-fruits', 'en:mueslis', 'en:crunchy-mueslis', 'en:mueslis-with-fruits', 'en:crunchy-cereal-clusters', 'en:crunchy-mueslis-with-fruits']","Green Dot, No colorings, Nutriscore","['en:green-dot', 'en:no-colorings', 'en:nutriscore']","44% flocons d'avoine complète, 16% raisins secs sultanines (raisins secs sultanines, huile de tournesol), sucre, huile de palme, 5% cornflakes (4,8% semoule de maïs, sel, extrait de malt d'orge, émulsifiant: lécithines (tournesol), 4,5 % chips de banane (3,37% banane, graisse de coco, sucre, arôme naturel de banane), 4,5 % chips de noix de coco grillés, 4% billes de céréales (morceaux de maïs, farine de blé, sucre, farine de riz, sel), farine de blé, sirop de glucose, 2% morceaux de pommes déshydratées (1,98% morceaux de pommes, antioxydants: acide citrique, acide ascorbique), oligofructose, miel, extrait de malt d'orge, sel, sucre caramélisé, cannelle, arôme naturel, Traces éventuelles d'autres céréales contenant du gluten, de soja, de lait, de fruits à coque et d'arachides,","['en:whole-grain-oat-flakes', 'en:cereal', 'en:oat', 'en:oat-flakes', 'en:wholemeal-oat', 'en:sultana-raisin', 'en:fruit', 'en:berries', 'en:grape', 'en:raisin', 'en:sultana', 'en:sugar', 'en:added-sugar', 'en:disaccharide', 'en:palm-oil', 'en:oil-and-fat', 'en:vegetable-oil-and-fat', 'en:palm-oil-and-fat', 'en:corn-flakes', 'en:corn', 'en:cornmeal', 'en:salt', 'en:barley-malt-extract', 'en:malt', 'en:malted-barley', 'en:emulsifier', 'en:banana', 'en:coconut', 'fr:billes-de-cereales', 'en:wheat-flour', 'en:flour', 'en:wheat', 'en:cereal-flour', 'en:glucose-syrup', 'en:monosaccharide', 'en:glucose', 'en:dried-apple-pieces', 'en:malaceous-fruit', 'en:apple', 'en:dried-apple', 'en:apple-pieces', 'en:oligofructose', 'en:honey', 'en:caramelised-sugar', 'en:cinnamon', 'en:condiment', 'en:spice', 'en:natural-flavouring', 'en:flavouring', 'fr:traces-eventuelles-d-autres-cereales-contenant-du-gluten', 'en:soya', 'en:milk', 'en:dairy', 'fr:de-fruits-a-coque', 'en:peanut', 'en:nut', 'en:sunflower-oil', 'en:vegetable-oil', 'en:e322', 'en:coconut-fat', 'en:vegetable-fat', 'en:natural-banana-flavouring', 'en:rice-flour', 'en:rice', 'en:antioxidant', 'en:e300', 'en:sunflower-lecithin', 'en:e322i', 'en:e330']","Karton,21 PAP","['en:cardboard', 'en:non-corrugated-cardboard']","Belgium, France, Germany, Italy, Portugal, Slovenia, Spain","['en:belgium', 'en:france', 'en:germany', 'en:italy', 'en:portugal', 'en:slovenia', 'en:spain']",Lidl,Germany,['en:germany'],,b,62.0,https://images.openfoodfacts.org/images/products/405/648/920/9980/front_en.93.400.jpg,2020-02-11 18:54:47,2026-04-08 07:55:51,found,2026-06-10 12:14:04.300358,b,True,True,True,True,True,True,True,True,True
food,search,muesli,5010029201246,Swiss Style Muesli,,"Weetabix, Alpen","Bircher-style mueslis with fruits, Mueslis with nuts","['en:plant-based-foods-and-beverages', 'en:plant-based-foods', 'en:breakfasts', 'en:cereals-and-potatoes', 'en:cereals-and-their-products', 'en:breakfast-cereals', 'en:cereals-with-fruits', 'en:mueslis', 'en:bircher-style-mueslis', 'en:mueslis-with-fruits', 'en:bircher-style-mueslis-with-fruits', 'en:cereals-with-nuts', 'en:mueslis-with-nuts']","Low or no sugar, Vegetarian, Low salt, Green Dot, High fibres, No added sugar, No palm oil, Nutriscore Grade A, Triman, 100% natural","['en:low-or-no-salt', 'en:low-or-no-sugar', 'en:vegetarian', 'en:low-salt', 'en:source-of-fibre', 'en:green-dot', 'en:high-fibres', 'en:no-added-sugar', 'en:no-palm-oil', 'en:nutriscore', 'en:nutriscore-grade-a', 'fr:triman', 'es:100\xa0% natural']","_Vollkornweizen_ (43%), _Vollkornhaferflocken_ (37%), Rosinen (15%), Mager_milch_pulver, Süß_molken_pulver, Geröstete gehackte _Nüsse_ (2%) (_Haselnüsse_, _Mandeln_), Salz.","['en:whole-wheat', 'en:cereal', 'en:wheat', 'en:whole-grain-oat-flakes', 'en:oat', 'en:oat-flakes', 'en:wholemeal-oat', 'en:raisin', 'en:fruit', 'en:berries', 'en:grape', 'en:milk', 'en:dairy', 'de:süß-molken-pulver', 'en:nut', 'en:salt', 'en:hazelnut', 'en:tree-nut', 'en:almond']","Plástico,Papel","['en:plastic', 'en:paper']","Belgium, France, Germany, Italy, Luxembourg, Morocco, Portugal, Spain, Switzerland, United Kingdom","['en:belgium', 'en:france', 'en:germany', 'en:italy', 'en:luxembourg', 'en:morocco', 'en:portugal', 'en:spain', 'en:switzerland', 'en:united-kingdom']","Auchan, E.Leclerc, Pingo Doce, Rewe",,[],,b,63.0,https://images.openfoodfacts.org/images/products/501/002/920/1246/front_en.193.400.jpg,2014-04-21 20:09:17,2026-04-12 09:15:01,found,2026-06-10 12:14:04.300371,b,True,True,True,True,True,True,True,True,True
food,search,muesli,3033491235375,Activia bifidus cereales 120 g x 4 muesli,"Spécialité laitière sucrée, au bifidus, au müesli","Danone, Activia, Activia yoghurt cereals/fibres",Bifidus yogurts,"['en:dairies', 'en:fermented-foods', 'en:fermented-milk-products', 'en:desserts', 'en:dairy-desserts', 'en:fermented-dairy-desserts', 'en:bifidus-yogurts']","Green Dot, High fibres, Nutriscore Grade B, Triman","['en:source-of-fibre', 'en:green-dot', 'en:high-fibres', 'en:nutriscore', 'en:nutriscore-grade-b', 'fr:triman']","LAIT entier (67%), LAIT écrémé concentré, eau, sucre (6,7%), müesli (3,5%) (raisins secs, BLÉ, AVOINE, NOISETTE, AMANDE, NOIX), crème (LAIT), fructo-oligosaccharide, épaississants (carraghénanes: E407, amidon transformé: E1422), ferments lactiques dont bifidobacterium (Bifidus ActiRegularis) (LAIT), correcteurs d'acidité (acide citrique: E330, citrate de sodium: E331), arômes","['en:whole-milk', 'en:dairy', 'en:milk', 'en:skimmed-milk', 'en:water', 'en:sugar', 'en:added-sugar', 'en:disaccharide', 'en:muesli', 'en:cream', 'en:fructooligosaccharide', 'en:sweetener', 'en:prebiotics', 'en:thickener', 'es:bifidobacterias-y-otros-fermentos-lacticos', 'en:ferment', 'en:microbial-culture', 'en:lactic-ferments', 'en:bifidus', 'en:acidity-regulator', 'en:flavouring', 'en:raisin', 'en:fruit', 'en:berries', 'en:grape', 'en:wheat', 'en:cereal', 'en:oat', 'en:hazelnut', 'en:nut', 'en:tree-nut', 'en:almond', 'en:walnut', 'en:e407', 'en:modified-starch', 'en:starch', 'en:bifidus-actiregularis', 'en:e330', 'en:sodium-citrate', 'en:minerals', 'en:sodium', 'en:e1422', 'en:e331']","Plastique,Pot,Carton,Frais,en:ps-polystyrene,4 X 120g,6,Etui carton à recycler,Etui en carton,Pensez au tri!,Point vert,Pot en plastique,Pot plastique et opercule à jeter","['en:plastic', 'en:cardboard', 'en:pot', 'en:ps-6-polystyrene', 'en:fresh', 'fr:4-x-120g', 'fr:6', 'fr:etui-carton-a-recycler', 'fr:etui-en-carton', 'fr:pensez-au-tri', 'fr:point-vert', 'fr:pot-en-plastique', 'fr:pot-plastique-et-opercule-a-jeter']","France, Germany","['en:france', 'en:germany']","Auchan, Intermarché, Magasins U, carrefour.fr",,[],Allemagne,unknown,,https://images.openfoodfacts.org/images/products/303/349/123/5375/front_fr.145.400.jpg,2017-06-07 13:26:23,2026-03-16 19:43:50,found,2026-06-10 12:14:04.300384,unknown,False,True,True,True,True,True,True,True,True
food,search,milch,5411188112709,Geröstete Mandel Ohne Zucker,"Mandeldrink, angereichert mit Calcium und Vitaminen",alpro,Almond-based drinks,"['en:beverages-and-beverages-preparations', 'en:plant-based-foods-and-beverages', 'en:beverages', 'en:plant-based-foods', 'en:dairy-substitutes', 'en:milk-substitutes', 'en:nuts-and-their-products', 'en:plant-based-beverages', 'en:plant-based-milk-alternatives', 'en:nut-based-drinks', 'en:almond-based-drinks']","Low fat, No gluten, No milk, Calcium source, Certified B Corporation, European Vegetarian Union Vegan, FSC Mix, low saturated fat, No dyes or preservatives, No sugar, Nutriscore Grade B, plant-based, The Vegan Society, Without sweeteners, Triman","['en:low-or-no-fat', 'en:low-or-no-sugar', 'en:vegetarian', 'en:low-fat', 'en:no-gluten', 'en:no-milk', 'en:no-preservatives', 'en:vegan', 'en:calcium-source', 'en:certified-b-corporation', 'en:european-vegetarian-union', 'en:european-vegetarian-union-vegan', 'en:fsc', 'en:fsc-mix', 'en:low-saturated-fat', 'en:no-colorings', 'en:no-dyes-or-preservatives', 'en:no-sugar', 'en:nutriscore', 'en:nutriscore-grade-b', 'en:plant-based', 'en:the-vegan-society', 'en:without-sweeteners', 'fr:triman']","Wasser, _Mandeln_ (2,3%), Calcium (Calciumcarbonat), Meersalz, Stabilisatoren (Guarkernmehl, Gellan), Emulgator (Lecithine), natürliches Aroma, Vitamine B12, D2, E.","['en:water', 'en:almond', 'en:nut', 'en:tree-nut', 'en:calcium', 'en:minerals', 'en:sea-salt', 'en:salt', 'en:stabiliser', 'en:emulsifier', 'en:natural-flavouring', 'en:flavouring', 'en:vitamins', 'en:vitamin-b12', 'en:ergocalciferol', 'en:vitamin-d', 'en:vitamin-e', 'en:e170i', 'en:e170', 'en:e412', 'en:e418', 'en:e322']","Kunststoff, Verbundstoff, Tetra Pak, Ziegel, Packung, Tetra Brik, Tetra Brik Aseptic, en:composite-carton","['en:composite-material', 'en:tetra-pak', 'en:tetra-brik', 'en:tetra-brik-aseptic', 'en:kunststoff', 'en:packung', 'en:verbundstoff', 'en:ziegel', 'en:composite-carton']","Albania, Austria, Belgium, Bulgaria, Croatia, Cyprus, Estonia, Finland, France, Germany, Greece, Hungary, Ireland, Israel, Latvia, Luxembourg, Morocco, Netherlands, Norway, Poland, Portugal, Réunion, Romania, Spain, Sweden, Switzerland, United Kingdom","['en:albania', 'en:austria', 'en:belgium', 'en:bulgaria', 'en:croatia', 'en:cyprus', 'en:estonia', 'en:finland', 'en:france', 'en:germany', 'en:greece', 'en:hungary', 'en:ireland', 'en:israel', 'en:latvia', 'en:luxembourg', 'en:morocco', 'en:netherlands', 'en:norway', 'en:poland', 'en:portugal', 'en:reunion', 'en:romania', 'en:spain', 'en:sweden', 'en:switzerland', 'en:united-kingdom']","carrefour, edeka, eroski, k-supermarket, konsum, netto, pingo-doce, rema-1000, spar",,[],,b,71.0,https://images.openfoodfacts.org/images/products/541/118/811/2709/front_en.927.400.jpg,2015-03-28 17:53:53,2026-06-09 00:07:09,found,2026-06-10 12:14:25.113190,b,True,True,True,True,True,True,True,True,True
food,search,milch,5411188124689,Hafer Milch,Von Natur aus fettarm Haferdrink angereichert mit Calcium und Vitaminen,alpro,"Oat-based drinks, haverdrink, plantaardige-drinks, plantaardige-zuivel-alternatieven, vegan-en-plantaardig, vegetarisch","['en:beverages-and-beverages-preparations', 'en:plant-based-foods-and-beverages', 'en:beverages', 'en:plant-based-foods', 'en:cereals-and-potatoes', 'en:dairy-substitutes', 'en:cereals-and-their-products', 'en:milk-substitutes', 'en:plant-based-beverages', 'en:plant-based-milk-alternatives', 'en:cereal-based-drinks', 'en:oat-based-drinks', 'en:haverdrink', 'en:plantaardige-drinks', 'en:plantaardige-zuivel-alternatieven', 'en:vegan-en-plantaardig', 'en:vegetarisch']","No artificial sweeteners, No milk, Calcium source, Certified B Corporation, European Vegetarian Union Vegan, FSC Mix, Green Dot, High fibres, No dyes or preservatives, No sugar, Nutriscore Grade A, Vitamin B2 source, es:recicla-amarillo, es:recicla-marron, pt:fonte-de-vitamina-d2","['en:low-or-no-sugar', 'en:vegetarian', 'en:no-artificial-sweeteners', 'en:no-milk', 'en:no-preservatives', 'en:source-of-fibre', 'en:vegan', 'en:calcium-source', 'en:certified-b-corporation', 'en:european-vegetarian-union', 'en:european-vegetarian-union-vegan', 'en:fsc', 'en:fsc-mix', 'en:green-dot', 'en:high-fibres', 'en:no-colorings', 'en:no-dyes-or-preservatives', 'en:no-sugar', 'en:nutriscore', 'en:nutriscore-grade-a', 'en:vitamin-b2-source', 'es:recicla-amarillo', 'es:recicla-marron', 'pt:fonte-de-vitamina-d2']","Wasser, Hafer [8,3%), löslicher Mais-Ballast - stoff, Sonnenblumenöl, Calcium (Calciumcarbonat), Meersalz, Stabilisator [Gellan), Vitamine B2, D2. Kann andere glutenhaltige Getreidesorten enthalten. Von Natur aus laktosefrei.","['en:water', 'en:oat', 'en:cereal', 'de:löslicher Mais-Ballast', 'de:stoff', 'en:sunflower-oil', 'en:oil-and-fat', 'en:vegetable-oil-and-fat', 'en:vegetable-oil', 'en:calcium', 'en:minerals', 'en:sea-salt', 'en:salt', 'en:stabiliser', 'en:vitamins', 'en:e101', 'en:ergocalciferol', 'en:vitamin-d', 'de:Kann andere glutenhaltige Getreidesorten enthalten', 'de:Von Natur aus laktosefrei', 'en:e170i', 'en:e170', 'en:e418']","Tetra Pak,Composite-carton,Tetra Brik Aseptic,hu:Produkt","['en:tetra-pak', 'en:composite-carton', 'en:tetra-brik-aseptic', 'hu:produkt']","Belgium, Germany","['en:belgium', 'en:germany']",Albert Heijn,fr:Européenne,['fr:Européenne'],,b,62.0,https://images.openfoodfacts.org/images/products/541/118/812/4689/front_en.455.400.jpg,2018-12-02 09:58:58,2026-06-03 09:19:15,found,2026-06-10 12:14:25.113207,b,True,True,True,True,True,True,True,True,True
food,search,milch,5411188110835,"Alpro Mandeldrink, Original 1L","Mandeldrink, angereichert mit Calcium und Vitaminen.",alpro,"Almond-based drinks, amandel, cashewdrink, plantaardige-drinks, plantaardige-zuivel-alternatieven, vegan-en-plantaardig, vegetarisch","['en:beverages-and-beverages-preparations', 'en:plant-based-foods-and-beverages', 'en:beverages', 'en:plant-based-foods', 'en:dairy-substitutes', 'en:milk-substitutes', 'en:nuts-and-their-products', 'en:plant-based-beverages', 'en:plant-based-milk-alternatives', 'en:nut-based-drinks', 'en:almond-based-drinks', 'en:amandel', 'en:cashewdrink', 'en:plantaardige-drinks', 'en:plantaardige-zuivel-alternatieven', 'en:vegan-en-plantaardig', 'en:vegetarisch']","No milk, Vegan, Calcium source, FSC Mix, No lactose, Nutriscore Grade B, Without addition of dairy products, Triman","['en:vegetarian', 'en:no-milk', 'en:vegan', 'en:calcium-source', 'en:fsc', 'en:fsc-mix', 'en:no-lactose', 'en:nutriscore', 'en:nutriscore-grade-b', 'en:without-addition-of-dairy-products', 'fr:triman']","Wasser, MANDELN (2,3%), Zucker, Calcium (Tricalciumphosphat), Meersalz, Stabilisatoren (Johannisbrotkernmehl, Gellan), Emulgator (Lecithine), natürliches Aroma, Vitamine (B2, B12, E, D2). Mandeln aus Spanien. Kann Spuren von Schalenfrüchten (keine Erdnüsse) enthalten.","['en:water', 'en:almond', 'en:nut', 'en:tree-nut', 'en:sugar', 'en:added-sugar', 'en:disaccharide', 'en:calcium', 'en:minerals', 'en:sea-salt', 'en:salt', 'en:stabiliser', 'en:emulsifier', 'en:natural-flavouring', 'en:flavouring', 'en:vitamins', 'en:e101', 'en:vitamin-b12', 'en:vitamin-e', 'en:ergocalciferol', 'en:vitamin-d', 'de:enthalten', 'en:e341iii', 'en:e341', 'en:carob-seed-flour', 'en:vegetable', 'en:flour', 'en:legume', 'en:pulse', 'en:carob-bean', 'en:e418', 'en:e322', 'de:keine Erdnüsse']","Composites multicouches,Tetra Pak,Sec,Brique,Carton,Bouchon de bouteille","['en:bottle-cap', 'en:multilayer-composite', 'en:tetra-pak', 'en:wine-cork', 'en:brick', 'en:cardboard', 'en:dry']","Belgium, Bulgaria, Croatia, France, Germany, Greece, Hungary, Italy, Luxembourg, Morocco, Netherlands, Poland, Portugal, Réunion, Romania, Slovakia, Spain, Sweden, Ukraine, United Kingdom","['en:belgium', 'en:bulgaria', 'en:croatia', 'en:france', 'en:germany', 'en:greece', 'en:hungary', 'en:italy', 'en:luxembourg', 'en:morocco', 'en:netherlands', 'en:poland', 'en:portugal', 'en:reunion', 'en:romania', 'en:slovakia', 'en:spain', 'en:sweden', 'en:ukraine', 'en:united-kingdom']",albert-heijn,fr:Amande d'Espagne,"[""fr:Amande d'Espagne""]",france,b,71.0,https://images.openfoodfacts.org/images/products/541/118/811/0835/front_en.669.400.jpg,2018-06-26 09:03:23,2026-06-05 14:42:15,found,2026-06-10 12:14:25.113220,b,True,True,True,True,True,True,True,True,True
food,search,milch,5411188119098,Natur mit Kokosnuss,"Fermentiertes Sojaprodukt mit Kokosnuss, angereichert mit Calcium & Vitaminen",alpro,Soy milk yogurts,"['en:plant-based-foods-and-beverages', 'en:fermented-foods', 'en:dairy-substitutes', 'en:desserts', 'en:vegan-products', 'en:non-dairy-desserts', 'en:non-dairy-fermented-foods', 'en:non-dairy-yogurts', 'en:soy-milk-yogurts']","Low fat, Low sugar, No gluten, No milk, 100% vegetable, Calcium source, European Vegetarian Union Vegan, Green Dot, No lactose, Nutriscore Grade B, ProTerra, Rich in vegetable protein, The Vegan Society, Triman","['en:low-or-no-fat', 'en:low-or-no-sugar', 'en:vegetarian', 'en:low-fat', 'en:low-sugar', 'en:no-gluten', 'en:no-milk', 'en:source-of-proteins', 'en:vegan', 'en:100-vegetable', 'en:calcium-source', 'en:european-vegetarian-union', 'en:european-vegetarian-union-vegan', 'en:green-dot', 'en:high-proteins', 'en:no-lactose', 'en:nutriscore', 'en:nutriscore-grade-b', 'en:proterra', 'en:rich-in-vegetable-protein', 'en:the-vegan-society', 'fr:triman']","_Sojabasis_ (Wasser, geschälte _Sojabohnen_ (10,4%)], Kokosmilch (4,3%) (Kokosceme, Wasser), Zucker, Tricalciumcitrat, Säureregulatoren (Natriumcitrate, Citronensäure), Stabilisator (Pektine), natürliches Aroma, Meersalz, Antioxidationsmitel (stark tocopherol-tatige Extract, Fettsäureester der Ascorbinsäure), Vitamine (B12, D2), Joghurtkulturen (Str,thermophilus, L, bulgaricus).","['en:soy-base', 'en:water', 'en:soya-bean', 'en:vegetable', 'en:legume', 'en:pulse', 'en:soya', 'en:coconut-milk', 'en:fruit', 'en:coconut', 'en:sugar', 'en:added-sugar', 'en:disaccharide', 'en:e333iii', 'en:e333', 'en:acidity-regulator', 'en:stabiliser', 'en:natural-flavouring', 'en:flavouring', 'en:sea-salt', 'en:salt', 'de:Antioxidationsmitel', 'en:vitamins', 'en:vitamin-b12', 'en:ergocalciferol', 'en:vitamin-d', 'en:lactic-ferments', 'en:ferment', 'en:microbial-culture', 'de:Kokosceme', 'en:e331', 'en:e330', 'en:e440a', 'de:stark tocopherol-tatige Extract', 'en:e304', 'de:Str', 'de:thermophilus', 'de:L', 'de:bulgaricus']","Plastic,Pp-polypropylene,Cardboard,Paperboard,de:1 Becher aus Plastik,de:1 Deckel aus Kunststoff,de:1 Folie aus Aluminium,de:1 Hülle  aus Pappe","['en:plastic', 'en:cardboard', 'en:pp-5-polypropylene', 'en:paperboard', 'de:1-becher-aus-plastik', 'de:1-deckel-aus-kunststoff', 'de:1-folie-aus-aluminium', 'de:1-hülle-aus-pappe']","Andorra, Austria, Belgium, Finland, France, Germany, Italy, Portugal, Spain, Switzerland, United Kingdom","['en:andorra', 'en:austria', 'en:belgium', 'en:finland', 'en:france', 'en:germany', 'en:italy', 'en:portugal', 'en:spain', 'en:switzerland', 'en:united-kingdom']","asda, franprix",,[],,a,78.0,https://images.openfoodfacts.org/images/products/541/118/811/9098/front_en.393.400.jpg,2015-03-02 00:01:58,2026-06-08 13:04:46,found,2026-06-10 12:14:25.113232,a,True,True,True,True,True,True,True,True,True
food,search,milch,5411188125808,Mango ohne Zuckerzusatz,"Fermentiertes Sojaprodukt, Mango, angereichert mit Calcium und Vitaminen",alpro,Tropical fruits soy yogurts,"['en:plant-based-foods-and-beverages', 'en:fermented-foods', 'en:dairy-substitutes', 'en:desserts', 'en:vegan-products', 'en:non-dairy-desserts', 'en:non-dairy-fermented-foods', 'en:non-dairy-yogurts', 'en:soy-milk-yogurts', 'en:fruit-soy-yogurts', 'en:mixed-fruit-soy-yogurts', 'en:tropical-fruits-soy-yogurts']","No gluten, No GMOs, No milk, Calcium source, Certified B Corporation, European Vegetarian Union Vegan, No added sugar, Nutriscore Grade A, Rich in vegetable protein, Rich in vitamin B, Rich in vitamin B12, Rich in vitamin D, too good to go, Vitamin B12 source, Without sweeteners, Triman","['en:vegetarian', 'en:no-gluten', 'en:no-gmos', 'en:no-milk', 'en:source-of-proteins', 'en:vegan', 'en:calcium-source', 'en:certified-b-corporation', 'en:european-vegetarian-union', 'en:european-vegetarian-union-vegan', 'en:high-proteins', 'en:no-added-sugar', 'en:nutriscore', 'en:nutriscore-grade-a', 'en:rich-in-vegetable-protein', 'en:rich-in-vitamin-b', 'en:rich-in-vitamin-b12', 'en:rich-in-vitamin-d', 'en:too-good-to-go', 'en:vitamin-b12-source', 'en:without-sweeteners', 'fr:triman']","Wasser, Mangomischung (16,8%) (Frucht (9,6%), Saftkonzentrat (7,2%)), geschälte Sojabohnen (9,7%), Calcium (Tricalciumcitrat), Stabilisator (Pektine Säureregulatoren (Natriumcitrate, Citronensäure), natürliches Aroma, modifizierte Stärke, Meersalz, Antioxidationsmittel (stark tocopherolhaltige Extrakte, Fettsäureester der Ascorbinsäure), färbendes Karotten - und Kürbiskonzentrat, Vitamine B2, B12, D2, Joghurtkulturen (S. thermophilus, L. bulgaricus).","['en:water', 'de:Mangomischung', 'en:soya-bean', 'en:vegetable', 'en:legume', 'en:pulse', 'en:soya', 'en:calcium', 'en:minerals', 'en:stabiliser', 'de:Pektine Säureregulatoren', 'en:natural-flavouring', 'en:flavouring', 'en:modified-starch', 'en:starch', 'en:sea-salt', 'en:salt', 'en:antioxidant', 'de:färbendes Karotten', 'en:pumpkin', 'en:fruit-vegetable', 'en:vitamins', 'en:e101', 'en:vitamin-b12', 'en:ergocalciferol', 'en:vitamin-d', 'en:lactic-ferments', 'en:ferment', 'en:microbial-culture', 'en:fruit', 'en:juice', 'en:e333iii', 'en:e333', 'en:e331', 'en:e330', 'en:e306', 'en:e304', 'en:streptococcus-thermophilus', 'en:lactobacillus-bulgaricus', 'en:lactobacillus']","fr:couvercle en R-PET,fr:etui en carton,fr:opercule en aluminium,fr:pot en PP","['fr:couvercle-en-r-pet', 'fr:etui-en-carton', 'fr:opercule-en-aluminium', 'fr:pot-en-pp']","Austria, Belgium, Finland, France, Germany, Luxembourg, Netherlands, Portugal, Spain, Switzerland","['en:austria', 'en:belgium', 'en:finland', 'en:france', 'en:germany', 'en:luxembourg', 'en:netherlands', 'en:portugal', 'en:spain', 'en:switzerland']","edeka, kaufland, rewe",,[],,a,78.0,https://images.openfoodfacts.org/images/products/541/118/812/5808/front_de.547.400.jpg,2018-02-18 21:47:31,2026-06-10 08:36:42,found,2026-06-10 12:14:25.113245,a,True,True,True,True,True,True,True,True,True
food,search,milch,3073781131888,Frische Milch & Rahm / Lait frais & Crème,,Kiri,"Cow cheeses, Cheeses for kids, Cheeses (perishable), Käse","['en:dairies', 'en:fermented-foods', 'en:fermented-milk-products', 'en:cheeses', 'en:cow-cheeses', 'en:cheeses-for-kids', 'en:cheeses-perishable', 'en:Käse']","No preservatives, FSC Mix, Triman","['en:no-preservatives', 'en:fsc', 'en:fsc-mix', 'fr:triman']","pasteurized fresh milk 53% (origin: france), cream 32% (origin: france), water, milk proteins, milk mineral concentrate, lactic ferments, salt,","['en:milk', 'en:dairy', 'en:cream', 'en:water', 'en:milk-proteins', 'en:protein', 'en:animal-protein', 'en:milk-mineral-concentrate', 'en:milk-minerals', 'en:lactic-ferments', 'en:ferment', 'en:microbial-culture', 'en:salt']","Pappe,FSC Karton, Boîte","['en:boite', 'en:fsc-karton', 'en:pappe']","Belgium, France, Germany, Luxembourg, Switzerland","['en:belgium', 'en:france', 'en:germany', 'en:luxembourg', 'en:switzerland']","carrefour-fr, leclerc, monoprix",,[],"france, sable-sur-sarthe",c,55.0,https://images.openfoodfacts.org/images/products/307/378/113/1888/front_en.39.400.jpg,2020-02-23 09:24:11,2026-06-03 04:28:42,found,2026-06-10 12:14:25.113259,c,True,True,True,True,True,True,True,True,True
food,search,milch,5411188137993,Danone ALPRO® Joghurt Soja Heidelbeere 400g,"Fermentiertes Sojaprodukt, Heidelbeere, angereichert mit Calcium und Vitaminen.",alpro,Fruit soy yogurts,"['en:plant-based-foods-and-beverages', 'en:fermented-foods', 'en:dairy-substitutes', 'en:desserts', 'en:vegan-products', 'en:non-dairy-desserts', 'en:non-dairy-fermented-foods', 'en:non-dairy-yogurts', 'en:soy-milk-yogurts', 'en:fruit-soy-yogurts']","Low fat, No gluten, Certified B Corporation, European Vegetarian Union Vegan, High proteins, No lactose, Without addition of dairy products","['en:low-or-no-fat', 'en:vegetarian', 'en:low-fat', 'en:no-gluten', 'en:source-of-proteins', 'en:vegan', 'en:certified-b-corporation', 'en:european-vegetarian-union', 'en:european-vegetarian-union-vegan', 'en:high-proteins', 'en:no-lactose', 'en:without-addition-of-dairy-products']","Wasser, geschälte SOJABOHNEN (9,8%), Zucker, Heidelbeere (5,7%), Calcium (Tricalciumcitrat), Stabilisator (Pektine), färbendes Schwarzes Karottenkonzentrat, Karotten und Heidelbeerkonzentrat, natürliches Aroma, Säureregulatoren (Citronensäure, Natriumcitrate), Meersalz, Antioxidationsmittel (stark tocopherolhaltige Extrakte, Fettsäureester der Ascorbinsäure), Vitamine (B2, B12, D2), Joghurtkulturen (S. thermophilus, L. bulgaricus). Kann SPUREN VON SCHALENFRÜCHTEN enthalten.","['en:water', 'en:soya-bean', 'en:vegetable', 'en:legume', 'en:pulse', 'en:soya', 'en:sugar', 'en:added-sugar', 'en:disaccharide', 'en:blueberry', 'en:fruit', 'en:berries', 'en:calcium', 'en:minerals', 'en:stabiliser', 'de:färbendes Schwarzes Karottenkonzentrat', 'en:carrot', 'en:root-vegetable', 'en:taproot-vegetable', 'en:natural-flavouring', 'en:flavouring', 'en:acidity-regulator', 'en:sea-salt', 'en:salt', 'en:antioxidant', 'en:vitamins', 'en:e101', 'en:vitamin-b12', 'en:ergocalciferol', 'en:vitamin-d', 'en:lactic-ferments', 'en:ferment', 'en:microbial-culture', 'en:e333iii', 'en:e333', 'en:e440a', 'en:e330', 'en:e331', 'en:e306', 'en:e304', 'en:streptococcus-thermophilus', 'en:lactobacillus-bulgaricus', 'en:lactobacillus']",,[],"Andorra, France, Germany, Poland, Portugal, Spain, Switzerland","['en:andorra', 'en:france', 'en:germany', 'en:poland', 'en:portugal', 'en:spain', 'en:switzerland']","carrefour, consum, mercadona, rewe",,[],,a,78.0,https://images.openfoodfacts.org/images/products/541/118/813/7993/front_de.172.400.jpg,2023-04-08 21:33:59,2026-06-04 10:42:55,found,2026-06-10 12:14:25.113275,a,True,True,True,True,True,True,False,True,True
food,search,milch,5411188115496,Soja Milch,"Sojadrink, angereichert mit Calcium und Vitaminen.",alpro,"Milk substitutes, Plantaardige drinks, Plantaardige zuivel alternatieven, Sojadrink, Vegan en plantaardig, Vegetarisch","['en:plant-based-foods-and-beverages', 'en:dairy-substitutes', 'en:milk-substitutes', 'en:Plantaardige drinks', 'en:Plantaardige zuivel alternatieven', 'en:Sojadrink', 'en:Vegan en plantaardig', 'en:Vegetarisch']","No gluten, Vegan, No lactose, Nutriscore Grade A","['en:vegetarian', 'en:no-gluten', 'en:vegan', 'en:no-lactose', 'en:nutriscore', 'en:nutriscore-grade-a']","SOJABASIS (98,8%) (Wasser, geschälte SOJABOHNEN (8,7%)), Säureregulator (Kaliumphosphate), Calcium (Calciumcarbonat), Aromen, Meersalz, Stabilisator (Gellan), Vitamine (B2, B12, D2)","['en:soy-base', 'en:acidity-regulator', 'en:calcium', 'en:minerals', 'en:flavouring', 'en:sea-salt', 'en:salt', 'en:stabiliser', 'en:vitamins', 'en:e101', 'en:vitamin-b12', 'en:ergocalciferol', 'en:vitamin-d', 'en:water', 'en:soya-bean', 'en:vegetable', 'en:legume', 'en:pulse', 'en:soya', 'en:e340', 'en:e170i', 'en:e170', 'en:e418']","Tetra Pak,Brick,Lid,Plastic","['en:composite-material', 'en:lid-or-cap', 'en:plastic', 'en:tetra-pak', 'en:brick', 'en:lid']","Belgium, Germany","['en:belgium', 'en:germany']",albert-heijn,France,['en:france'],,unknown,,https://images.openfoodfacts.org/images/products/541/118/811/5496/front_en.163.400.jpg,2017-04-08 17:24:23,2026-05-31 21:37:34,found,2026-06-10 12:14:25.113287,unknown,False,True,True,True,True,True,True,True,True
food,search,milch,4025500287955,Kefir,,müller,Kefir,"['en:beverages-and-beverages-preparations', 'en:beverages', 'en:dairies', 'en:fermented-foods', 'en:fermented-milk-products', 'en:dairy-drinks', 'en:fermented-drinks', 'en:fermented-milk-drinks', 'en:kefir']",,[],Fettarmer Kefir,['de:Fettarmer Kefir'],,[],Germany,['en:germany'],norma,,[],,unknown,,https://images.openfoodfacts.org/images/products/402/550/028/7955/front_en.25.400.jpg,2024-01-04 17:29:54,2026-05-27 10:10:21,found,2026-06-10 12:14:25.113300,unknown,False,True,True,True,False,True,False,True,True
food,search,milch,7394376616501,Hafer Barista Edition,Haferdrink,Oatly,"Oat-based drinks, haverdrink, plantaardige-drinks, plantaardige-zuivel-alternatieven, vegan-en-plantaardig, vegetarisch","['en:beverages-and-beverages-preparations', 'en:plant-based-foods-and-beverages', 'en:beverages', 'en:plant-based-foods', 'en:cereals-and-potatoes', 'en:dairy-substitutes', 'en:cereals-and-their-products', 'en:milk-substitutes', 'en:plant-based-beverages', 'en:plant-based-milk-alternatives', 'en:cereal-based-drinks', 'en:oat-based-drinks', 'en:haverdrink', 'en:plantaardige-drinks', 'en:plantaardige-zuivel-alternatieven', 'en:vegan-en-plantaardig', 'en:vegetarisch']","No milk, Vegan, Carbon footprint, FSC Mix, Green Dot, No soy","['en:vegetarian', 'en:no-milk', 'en:vegan', 'en:carbon-footprint', 'en:fsc', 'en:fsc-mix', 'en:green-dot', 'en:no-soy', 'en:carbon-footprint']","Wasser, Hafer 10%, Rapsöl, Säureregulator (Dikaliumphosphat), Mineralien (Calciumcarbonat, Kaliumiodid), Salz, Vitamine (Vitamin D2, Riboflavin, Vitamin B12)","['en:water', 'en:oat', 'en:cereal', 'en:rapeseed-oil', 'en:oil-and-fat', 'en:vegetable-oil-and-fat', 'en:acidity-regulator', 'en:minerals', 'en:salt', 'en:vitamins', 'en:e340ii', 'en:e340', 'en:e170i', 'en:e170', 'en:potassium-iodide', 'en:iodine', 'en:ergocalciferol', 'en:vitamin-d', 'en:e101', 'en:vitamin-b12']","en:multilayer-composite,Tetra Pak,Tetra Brik,en:Getränkekarton","['en:composite-material', 'en:tetra-pak', 'en:tetra-brik', 'en:getrankekarton']","Belgium, Germany","['en:belgium', 'en:germany']",Albert Heijn,,[],EU,b,63.0,https://images.openfoodfacts.org/images/products/739/437/661/6501/front_en.190.400.jpg,2018-01-27 19:27:23,2026-06-07 17:24:57,found,2026-06-10 12:14:25.113312,b,True,True,True,True,True,True,True,True,True
food,search,milch,5411188131380,"Alpro Fermentiertes Kokosnussprodukt, Natur, Absolutely 350g",Fermentiertes Kokosnussprodukt.,alpro,"Coconutmilk yogurts, pflanzliche-lebensmittel-und-getränke","['en:plant-based-foods-and-beverages', 'en:fermented-foods', 'en:dairy-substitutes', 'en:desserts', 'en:vegan-products', 'en:non-dairy-desserts', 'en:non-dairy-fermented-foods', 'en:non-dairy-yogurts', 'en:coconutmilk-yogurts', 'en:pflanzliche-lebensmittel-und-getränke']","No gluten, European Vegetarian Union Vegan, No lactose, Nutriscore","['en:vegetarian', 'en:no-gluten', 'en:vegan', 'en:european-vegetarian-union', 'en:european-vegetarian-union-vegan', 'en:no-lactose', 'en:nutriscore']","Kokosmilch (Kokoscreme, Wasser), Kokosnusswasser, Wasser, Modifizierte Stärke, Kulturen (Str, Thermophilus, Von l, Bulgaricus)","['en:coconut-milk', 'en:fruit', 'en:coconut', 'en:coconut-water', 'en:water', 'en:modified-starch', 'en:starch', 'en:microbial-culture', 'en:ferment', 'en:coconut-cream', 'de:Str', 'de:Thermophilus', 'de:Von l', 'de:Bulgaricus']","Plástico,en:Metal,PP,en:Recyclable Metals,41 ALU,en:Cardboard,23 PBD,fr:couvercle plastique,fr:pot plastique,fr:étiquette en carton","['en:plastic', 'en:metal', 'en:pp-polypropylene', 'en:recyclable-metals', 'en:aluminium', 'en:cardboard', 'en:paperboard', 'fr:couvercle-plastique', 'fr:pot-plastique', 'fr:etiquette-en-carton']","Belgium, France, Germany, Portugal, Spain","['en:belgium', 'en:france', 'en:germany', 'en:portugal', 'en:spain']","franprix, prisma",,[],,unknown,,https://images.openfoodfacts.org/images/products/541/118/813/1380/front_en.178.400.jpg,2020-04-04 11:08:57,2026-06-01 17:18:31,found,2026-06-10 12:14:25.113323,unknown,False,True,True,True,True,True,True,True,True
food,search,milch,5411188124269,"Alpro Joghurtalternative auf Sojabasis, Natur mit Hafer, 500 g","Fermentiertes Sojaprodukt mit Hafer, angereichert mit Calcium und Vitaminen.",alpro,"Plain soy yogurts, fr:A","['en:plant-based-foods-and-beverages', 'en:fermented-foods', 'en:dairy-substitutes', 'en:desserts', 'en:vegan-products', 'en:non-dairy-desserts', 'en:non-dairy-fermented-foods', 'en:non-dairy-yogurts', 'en:soy-milk-yogurts', 'en:plain-soy-yogurts', 'fr:A']","Low fat, Low sugar, 100% vegetable, Calcium source, European Vegetarian Union Vegan, Green Dot, High fibres, No lactose, No palm oil, Nutriscore Grade A, Triman, fr:Rico-en-proteinas-vegetales","['en:low-or-no-fat', 'en:low-or-no-sugar', 'en:vegetarian', 'en:low-fat', 'en:low-sugar', 'en:source-of-fibre', 'en:vegan', 'en:100-vegetable', 'en:calcium-source', 'en:european-vegetarian-union', 'en:european-vegetarian-union-vegan', 'en:green-dot', 'en:high-fibres', 'en:no-lactose', 'en:no-palm-oil', 'en:nutriscore', 'en:nutriscore-grade-a', 'fr:triman', 'fr:Rico-en-proteinas-vegetales']","Sojabasis (Wasser, geschälte Sojabohnen (9,7%)), Hafer (3%), Zichorienwurzel - fasern, Zucker, Tricalciumcitrat, Säureregulatoren (Natriumcitrate, Citronensäure), Stabilisator (Pektine), natürliches Aroma, Meersalz, Antioxidationsmittel (stark tocopherolhaltige Extrakte, Fettsäureester der Ascorbinsäure), Vitamine (B12, D2), Joghurtkulturen (Str. thermophilus, L. bulgaricus). PO00 Kann Spuren von Schalenfrüchten (keine Erdnüsse) enthalten.","['en:soy-base', 'en:oat', 'en:cereal', 'en:chicory-root', 'en:vegetable', 'en:shoot-vegetable', 'en:chicory', 'de:fasern', 'en:sugar', 'en:added-sugar', 'en:disaccharide', 'en:e333iii', 'en:e333', 'en:acidity-regulator', 'en:stabiliser', 'en:natural-flavouring', 'en:flavouring', 'en:sea-salt', 'en:salt', 'en:antioxidant', 'en:vitamins', 'en:vitamin-b12', 'en:ergocalciferol', 'en:vitamin-d', 'en:lactic-ferments', 'en:ferment', 'en:microbial-culture', 'de:enthalten', 'en:water', 'en:soya-bean', 'en:legume', 'en:pulse', 'en:soya', 'en:e331', 'en:e330', 'en:e440a', 'en:e306', 'en:e304', 'de:str', 'de:thermophilus', 'en:lactobacillus-bulgaricus', 'en:lactobacillus', 'de:keine-erdnüsse']","Plastic,en:Fresh,en:Produkt,fr:Etiquette carton à recycler,fr:Pensez au tri!,fr:Point vert,fr:Pot et couvercle plastique - opercule aluminium à jeter dans le BAC DE TRI,fr:Triman","['en:plastic', 'en:fresh', 'en:produkt', 'fr:etiquette-carton-a-recycler', 'fr:pensez-au-tri', 'fr:point-vert', 'fr:pot-et-couvercle-plastique-opercule-aluminium-a-jeter-dans-le-bac-de-tri', 'fr:triman']","Belgium, France, Germany, Luxembourg, Netherlands, Spain","['en:belgium', 'en:france', 'en:germany', 'en:luxembourg', 'en:netherlands', 'en:spain']","Ahorramás, Alcampo, Auchan, Carrefour, Delhaize, El Corte Inglés, Eroski, Hipercor, Magasins U, Secours Populaire, carrefour.fr",,[],"8560, Alpro CVA, Belgium, Vlamingstraat 28, Wevelgem",a,88.0,https://images.openfoodfacts.org/images/products/541/118/812/4269/front_en.100.400.jpg,2017-03-11 14:19:03,2026-03-07 12:12:17,found,2026-06-10 12:14:25.113335,a,True,True,True,True,True,True,True,True,True
food,search,milch,7622300315733,Philadelphia Original,Frischkäsezubereitung der Doppelrahmstufe,"Mondelez, Philadelphia","Fresh cheeses, Cream cheeses, de:Frischkäsezubereitungen","['en:dairies', 'en:fermented-foods', 'en:fermented-milk-products', 'en:cheeses', 'en:fresh-cheeses', 'en:cream-cheeses', 'de:Frischkäsezubereitungen']","Pasteurized, Green Dot, de:Für Vegetarier geeignet","['en:pasteurized', 'en:green-dot', 'de:Für Vegetarier geeignet']","_FRISCHKÄSE_, Molkenerzeugnisse (aus _MILCH_), Speisesalz, Verdickungsmittel (Guarkernmehl), Säuerungsmittel (Citronensäure)","['en:soft-white-cheese', 'en:dairy', 'en:cheese', 'de:Molkenerzeugnisse', 'en:salt', 'en:thickener', 'en:acid', 'en:milk', 'en:e412', 'en:e330']","Kunststoff,en:Dish,PP 5 - Polypropylen,Schüssel","['en:plastic', 'en:dish', 'en:pp-5-polypropylene', 'en:bowl']","Austria, Czech Republic, France, Germany, Ukraine","['en:austria', 'en:czech-republic', 'en:france', 'en:germany', 'en:ukraine']","aldi, edeka, kaufland, lidl, netto-md, rewe",,[],,d,41.0,https://images.openfoodfacts.org/images/products/762/230/031/5733/front_de.232.400.jpg,2015-11-19 09:06:04,2026-05-31 09:46:24,found,2026-06-10 12:14:25.113346,d,True,True,True,True,True,True,True,True,True
food,search,milch,5411188128649,"Alpro Fermentiertes Sojaprodukt, Erdbeere, Skyr style 400g","Fermentiertes Sojaprodukt, Erdbeere, angereichert mit Calcium und Vitaminen.",alpro,"Soy desserts, Strawberry soy yogurts, comida-no-láctea-fermentada","['en:plant-based-foods-and-beverages', 'en:fermented-foods', 'en:dairy-substitutes', 'en:desserts', 'en:vegan-products', 'en:non-dairy-desserts', 'en:non-dairy-fermented-foods', 'en:non-dairy-yogurts', 'en:soy-milk-yogurts', 'en:fruit-soy-yogurts', 'en:soy-desserts', 'en:strawberry-soy-yogurts', 'en:comida-no-láctea-fermentada']","No gluten, European Vegetarian Union Vegan, No lactose, Nutriscore Grade A","['en:vegetarian', 'en:no-gluten', 'en:vegan', 'en:european-vegetarian-union', 'en:european-vegetarian-union-vegan', 'en:no-lactose', 'en:nutriscore', 'en:nutriscore-grade-a']","Sojabasis (Wasser, geschälte Sojabohnen (13,9%), Erdbeere (9%) (Frucht (5%), Saft aus Fruchtsaftkonzentrat (4%), Zucker, Stabilisator (Pektine), Säureregulatoren (Citronensäure, Natriumcitrate, Apfelsäure), Tricalciumphosphat, natürliches Aroma, Rote-Bete-Extrakt, Karottenextrakt, Meersalz, Antioxidationsmittel (stark tocopherolhaltige Extrakte, Fettsäureester der Ascorbinsäure), Vitamine (B2, B12, D2), Joghurtkulturen (Str, thermophilus, L, bulgaricus), Kann Spuren von Schalenfrüchten (keine Erdnüsse) enthalten,","['en:soy-base', 'en:water', 'en:soya-bean', 'en:vegetable', 'en:legume', 'en:pulse', 'en:soya', 'en:strawberry', 'en:fruit', 'en:berries', 'en:fruit-juice', 'en:juice', 'en:sugar', 'en:added-sugar', 'en:disaccharide', 'en:stabiliser', 'en:acidity-regulator', 'en:e341iii', 'en:e341', 'en:natural-flavouring', 'en:flavouring', 'en:red-beetroot', 'en:root-vegetable', 'en:taproot-vegetable', 'en:beetroot', 'en:carrot-extract', 'en:carrot', 'en:sea-salt', 'en:salt', 'en:antioxidant', 'en:vitamins', 'en:e101', 'en:vitamin-b12', 'en:ergocalciferol', 'en:vitamin-d', 'en:lactic-ferments', 'en:ferment', 'en:microbial-culture', 'de:enthalten', 'en:e440a', 'en:e330', 'en:e331', 'en:e296', 'en:e306', 'en:e304', 'de:Str', 'de:thermophilus', 'de:L', 'de:bulgaricus', 'de:keine Erdnüsse']","Plastic,PET - Polyethylene terephthalate,PP - Polypropylene,Cardboard,Paperboard","['en:plastic', 'en:pet-polyethylene-terephthalate', 'en:pp-polypropylene', 'en:cardboard', 'en:paperboard']","France, Germany, Netherlands, Portugal, Spain","['en:france', 'en:germany', 'en:netherlands', 'en:portugal', 'en:spain']",prisma,,[],,a,76.0,https://images.openfoodfacts.org/images/products/541/118/812/8649/front_en.324.400.jpg,2019-05-21 17:26:33,2026-06-06 10:20:02,found,2026-06-10 12:14:25.113358,a,True,True,True,True,True,True,True,True,True
food,search,milch,4001954161010,Original Irische Butter,Mildgesäuerte Butter aus Irland,"Kerrygold, Ornua Deutschland",Butters,"['en:dairies', 'en:fats', 'en:spreads', 'en:spreadable-fats', 'en:animal-fats', 'en:dairy-spreads', 'en:milkfat', 'en:butters']",Green Dot,['en:green-dot'],Butter,"['en:butter', 'en:dairy']","Verbundwerkstoff,Folie,Papier und Pappe/Kunststoff/Aluminium,Beschichtete Folie","['en:composite-material', 'en:film', 'en:paper-and-cardboard-plastic-aluminium', 'de:beschichtete-folie']",Germany,['en:germany'],"Aldi Nord, Aldi Süd, Auchan, CAP Markt, Cactus, Edeka, HIT, Lidl, Match, Netto MD, Rewe",Ireland,['en:ireland'],Deutschland,d,40.0,https://images.openfoodfacts.org/images/products/400/195/416/1010/front_de.310.400.jpg,2016-03-04 12:22:38,2026-05-25 04:43:50,found,2026-06-10 12:14:25.113369,d,True,True,True,True,True,True,True,True,True
food,search,milch,5411188138099,Danone ALPRO® Joghurt Soja Natur ungesüßt,"Fermentiertes Sojaprodukt, angereichert mit Calcium und Vitaminen.",alpro,Plain soy yogurts,"['en:plant-based-foods-and-beverages', 'en:fermented-foods', 'en:dairy-substitutes', 'en:desserts', 'en:vegan-products', 'en:non-dairy-desserts', 'en:non-dairy-fermented-foods', 'en:non-dairy-yogurts', 'en:soy-milk-yogurts', 'en:plain-soy-yogurts']","No gluten, Certified B Corporation, European Vegetarian Union Vegan, No lactose","['en:vegetarian', 'en:no-gluten', 'en:vegan', 'en:certified-b-corporation', 'en:european-vegetarian-union', 'en:european-vegetarian-union-vegan', 'en:no-lactose']","Wasser, geschälte SOJABOHNEN (10,7%), Calcium (Tricalciumcitrat), Stabilisator (Pektine), Säureregulatoren (Natriumcitrate, Citronensäure), natürliches Aroma, Meersalz, Antioxidationsmittel (stark tocopherolhaltige Extrakte, Fettsäureester der Ascorbinsäure), Vitamine (B12, B6, D2), Joghurtkulturen (S. thermophilus, L. bulgaricus). Kann SPUREN VON SCHALENFRÜCHTEN enthalten.","['en:water', 'en:soya-bean', 'en:vegetable', 'en:legume', 'en:pulse', 'en:soya', 'en:calcium', 'en:minerals', 'en:stabiliser', 'en:acidity-regulator', 'en:natural-flavouring', 'en:flavouring', 'en:sea-salt', 'en:salt', 'en:antioxidant', 'en:vitamins', 'en:vitamin-b12', 'en:vitamin-b6', 'en:ergocalciferol', 'en:vitamin-d', 'en:lactic-ferments', 'en:ferment', 'en:microbial-culture', 'en:e333iii', 'en:e333', 'en:e440a', 'en:e331', 'en:e330', 'en:e306', 'en:e304', 'en:streptococcus-thermophilus', 'en:lactobacillus-bulgaricus', 'en:lactobacillus']",,[],"Finland, France, Germany, Portugal, Slovenia, Switzerland","['en:finland', 'en:france', 'en:germany', 'en:portugal', 'en:slovenia', 'en:switzerland']","interspar, rewe, spar",,[],,a,81.0,https://images.openfoodfacts.org/images/products/541/118/813/8099/front_de.153.400.jpg,2023-04-10 22:22:33,2026-06-05 08:42:22,found,2026-06-10 12:14:25.113380,a,True,True,True,True,True,True,False,True,True
food,search,milch,8719200282612,Lätta,,Lätta,Light margarines,"['en:plant-based-foods-and-beverages', 'en:plant-based-foods', 'en:fats', 'en:spreads', 'en:plant-based-spreads', 'en:vegetable-fats', 'en:spreadable-fats', 'en:margarines', 'en:light-margarines']",No palm oil,['en:no-palm-oil'],"Trinkwasser, pflanzliche Öle (Raps, Sonnenblumen, in veränderlichen Gewichtsanteilen), Kokosfett, 5% BUTTERMILCH, modifizierte Stärke, Speisesalz (0,5%), Emulgatoren (Mono - und Diglyceride P von Speisefettsäuren, Lecithine), Konservierungsstoff (Kaliumsorbat), Säuerungsmittel (Milchsäure), natürliche Aromen, Vitamin D, Farbstoff (Carotin)","['en:water', 'en:vegetable-oil', 'en:oil-and-fat', 'en:vegetable-oil-and-fat', 'en:coconut-fat', 'en:vegetable-fat', 'en:buttermilk', 'en:dairy', 'en:modified-starch', 'en:starch', 'en:salt', 'en:emulsifier', 'en:preservative', 'en:acid', 'en:natural-flavouring', 'en:flavouring', 'en:vitamin-d', 'en:vitamins', 'en:colour', 'en:rapeseed-oil', 'en:sunflower-fat', 'de:mono- und Diglyceride P von Speisefettsäuren', 'en:e322', 'en:e202', 'en:e270', 'en:e160a']",,[],"Germany, Switzerland","['en:germany', 'en:switzerland']",deutschland,,[],,b,74.0,https://images.openfoodfacts.org/images/products/871/920/028/2612/front_de.45.400.jpg,2024-06-14 06:50:14,2026-05-28 12:00:10,found,2026-06-10 12:14:25.113391,b,True,True,True,True,True,True,False,True,True
food,search,milch,8001230000787,Parmigiano reggiano,"Parmigiano Reggiano, italienischer Hartkäse, gerieben, mit Rohmilch hergestellt",Giovanni Ferrari,"Parmigiano-Reggiano, Fermentierte Lebensmittel, Fermentierte Milch, Italienischer Käse, Kuhmilchkäse, Käse, Milchprodukte","['en:dairies', 'en:fermented-foods', 'en:fermented-milk-products', 'en:cheeses', 'en:italian-cheeses', 'en:parmigiano-reggiano', 'en:Fermentierte Lebensmittel', 'en:Fermentierte Milch', 'en:Italienischer Käse', 'en:Kuhmilchkäse', 'en:Käse', 'en:Milchprodukte']","No lactose, PDO, Triman, fr:Autorizzazione-consorzio-parmigiano-reggiano-n-05-2012","['en:no-lactose', 'en:pdo', 'fr:triman', 'fr:Autorizzazione-consorzio-parmigiano-reggiano-n-05-2012']","Lab, Salz, Rohmilch","['en:rennet', 'en:enzyme', 'en:coagulating-enzyme', 'en:salt', 'en:milk', 'en:dairy']","Sachet,Frais,de:Packung(en),en:Green dot,en:Plastic bag","['en:bag', 'en:fresh', 'de:packung-en', 'en:green-dot', 'en:plastic-bag']","Belgium, France, Germany, Switzerland","['en:belgium', 'en:france', 'en:germany', 'en:switzerland']","Carrefour, Super U, carrefour.fr",Italy,['en:italy'],"Ferrari Giovanni, Ferrari Giovanni Industria Casearia S.p.a., Fontevivo, Industria Casearia SpA, Italy, Via Vienna 3",d,39.0,https://images.openfoodfacts.org/images/products/800/123/000/0787/front_de.79.400.jpg,2016-10-02 13:59:15,2026-04-19 16:20:38,found,2026-06-10 12:14:25.113404,d,True,True,True,True,True,True,True,True,True
food,search,milch,5411188128588,"Alpro Fermentiertes Sojaprodukt, Ungesüßt, Skyr style 400g","Fermentiertes Sojaprodukt, angereichert mit Calcium und Vitaminen.",alpro,Plain soy yogurts,"['en:plant-based-foods-and-beverages', 'en:fermented-foods', 'en:dairy-substitutes', 'en:desserts', 'en:vegan-products', 'en:non-dairy-desserts', 'en:non-dairy-fermented-foods', 'en:non-dairy-yogurts', 'en:soy-milk-yogurts', 'en:plain-soy-yogurts']","No gluten, Certified B Corporation, European Vegetarian Union Vegan, Green Dot, High proteins, No lactose, No sugar, Nutriscore Grade A, fr:Entrepreneurs + Engagés, Triman, de:proterra-certifié","['en:low-or-no-sugar', 'en:vegetarian', 'en:no-gluten', 'en:source-of-proteins', 'en:vegan', 'en:certified-b-corporation', 'en:european-vegetarian-union', 'en:european-vegetarian-union-vegan', 'en:green-dot', 'en:high-proteins', 'en:no-lactose', 'en:no-sugar', 'en:nutriscore', 'en:nutriscore-grade-a', 'fr:entrepreneurs-engages', 'fr:triman', 'de:proterra-certifié']","SOJABASIS (Wasser, geschälte SOJABOHNEN (15,7%)), Stabilisator (Pektine), Tricalciumcitrat, Säureregulatoren (Natriumcitrate, Citronensäure), natürliches Aroma, Antioxidationsmittel (stark tocopherolhaltige Extrakte, Fettsäureester der Ascorbinsäure), Meersalz, Vitamine (B12, D2), Joghurtkulturen (Str. thermophilus, L. bulgaricus). Kann Spüren von Schalenfrüchten (keine Erdnüsse) enthalten. Gluten -- und von Natur aus laktosefrei.","['en:soy-base', 'en:stabiliser', 'en:e333iii', 'en:e333', 'en:acidity-regulator', 'en:natural-flavouring', 'en:flavouring', 'en:antioxidant', 'en:sea-salt', 'en:salt', 'en:vitamins', 'en:vitamin-b12', 'en:ergocalciferol', 'en:vitamin-d', 'en:lactic-ferments', 'en:ferment', 'en:microbial-culture', 'de:Kann Spüren von Schalenfrüchten', 'de:enthalten', 'en:gluten', 'de:von Natur aus laktosefrei', 'en:water', 'en:soya-bean', 'en:vegetable', 'en:legume', 'en:pulse', 'en:soya', 'en:e440a', 'en:e331', 'en:e330', 'en:e306', 'en:e304', 'de:Str', 'de:thermophilus', 'en:lactobacillus-bulgaricus', 'en:lactobacillus', 'de:keine Erdnüsse']","fr:Etiquette carton,fr:Opercule métal À RECYCLER Pot et couvercle plastique À JETER,fr:Triman","['fr:etiquette-carton', 'fr:opercule-metal-a-recycler-pot-et-couvercle-plastique-a-jeter', 'fr:triman']","Austria, Belgium, Finland, France, Germany, Switzerland","['en:austria', 'en:belgium', 'en:finland', 'en:france', 'en:germany', 'en:switzerland']","Leclerc, Rewe, Secours Populaire, carrefour.fr",,[],,a,80.0,https://images.openfoodfacts.org/images/products/541/118/812/8588/front_en.220.400.jpg,2019-04-13 09:51:28,2026-06-10 10:43:18,found,2026-06-10 12:14:25.113416,a,True,True,True,True,True,True,True,True,True
food,search,milch,5411188130031,High Protein Soja Drink,"Sojadrink, angereichert mit Calcium und Vitaminen.",alpro,"Soy-based drinks, Lactose-free milk, Getranke, Hulsenfruchte-und-hulsenfruchtprodukte, Hulsenfruchtmilch, Pflanzliche-getranke, Pflanzliche-lebensmittel-und-getranke, Protein-drinks, Tiefkuhlprodukte","['en:beverages-and-beverages-preparations', 'en:plant-based-foods-and-beverages', 'en:beverages', 'en:dairies', 'en:plant-based-foods', 'en:legumes-and-their-products', 'en:dairy-substitutes', 'en:milk-substitutes', 'en:milks-liquid-and-powder', 'en:plant-based-beverages', 'en:milks', 'en:plant-based-milk-alternatives', 'en:legume-based-drinks', 'en:soy-based-drinks', 'en:lactose-free-milk', 'en:Getranke', 'en:Hulsenfruchte-und-hulsenfruchtprodukte', 'en:Hulsenfruchtmilch', 'en:Pflanzliche-getranke', 'en:Pflanzliche-lebensmittel-und-getranke', 'en:Protein-drinks', 'en:Tiefkuhlprodukte']","No gluten, Ohne Gentechnik, Nutriscore Grade A, Rich in vegetable protein, The Vegan Society","['en:vegetarian', 'en:no-gluten', 'en:no-gmos', 'en:source-of-proteins', 'en:vegan', 'de:ohne-gentechnik', 'en:high-proteins', 'en:nutriscore', 'en:nutriscore-grade-a', 'en:rich-in-vegetable-protein', 'en:the-vegan-society']","Sojabasis (96,9%) (Wasser, geschälte Sojabohnen (13,1%)), Zucker, Säureregulatoren (Kaliumphosphate), Calcium (Calciumcarbonat), Aroma, Meersalz, Stabilisator (Gellan), Vitamine B2, B12, D2.","['en:soy-base', 'en:sugar', 'en:added-sugar', 'en:disaccharide', 'en:acidity-regulator', 'en:calcium', 'en:minerals', 'en:flavouring', 'en:sea-salt', 'en:salt', 'en:stabiliser', 'en:vitamins', 'en:e101', 'en:vitamin-b12', 'en:ergocalciferol', 'en:vitamin-d', 'en:water', 'en:soya-bean', 'en:vegetable', 'en:legume', 'en:pulse', 'en:soya', 'en:e340', 'en:e170i', 'en:e170', 'en:e418']","Tetra Pak, de:Produkt, Composite-carton, Tetra Brik Aseptic","['en:tetra-pak', 'de:produkt', 'en:composite-carton', 'en:tetra-brik-aseptic']","France, Germany, Réunion, Romania, United Kingdom","['en:france', 'en:germany', 'en:reunion', 'en:romania', 'en:united-kingdom']","carrefour-fr, k-supermarket, rewe, tesco-extra",,[],,a,82.0,https://images.openfoodfacts.org/images/products/541/118/813/0031/front_en.179.400.jpg,2020-01-29 22:31:23,2026-06-07 08:36:50,found,2026-06-10 12:14:25.113429,a,True,True,True,True,True,True,True,True,True
food,search,milch,4056489687641,Milch Mandel ohne Zucker,,Vemondo,"Almond-based drinks, getränke, pflanzliche-getränke","['en:beverages-and-beverages-preparations', 'en:plant-based-foods-and-beverages', 'en:beverages', 'en:plant-based-foods', 'en:dairy-substitutes', 'en:milk-substitutes', 'en:nuts-and-their-products', 'en:plant-based-beverages', 'en:plant-based-milk-alternatives', 'en:nut-based-drinks', 'en:almond-based-drinks', 'en:getränke', 'en:pflanzliche-getränke']","EG-Öko-Verordnung, DK-ØKO-100, EU/non-EU Agriculture, European Vegetarian Union Vegan, FSC Mix, No added sugar, Nutriscore Grade B","['en:vegetarian', 'en:organic', 'en:eu-organic', 'en:non-eu-agriculture', 'en:vegan', 'de:eg-öko-verordnung', 'en:dk-øko-100', 'en:eu-agriculture', 'en:eu-non-eu-agriculture', 'en:european-vegetarian-union', 'en:european-vegetarian-union-vegan', 'en:fsc', 'en:fsc-mix', 'en:no-added-sugar', 'en:nutriscore', 'en:nutriscore-grade-b']","Wasser,
2.3% Mandeln,
Speisesalz,
Stabilisator (Johannisbrotkernmehl),
Gellan,
Emulgator (Lecithine)","['en:water', 'en:almond', 'en:nut', 'en:tree-nut', 'en:salt', 'en:stabiliser', 'en:e418', 'en:emulsifier', 'en:carob-seed-flour', 'en:vegetable', 'en:flour', 'en:legume', 'en:pulse', 'en:carob-bean', 'en:e322']",,[],"Denmark, Germany, Netherlands, United Kingdom","['en:denmark', 'en:germany', 'en:netherlands', 'en:united-kingdom']",lidl,Almonds from EU,['en:Almonds from EU'],,a,86.0,https://images.openfoodfacts.org/images/products/405/648/968/7641/front_en.123.400.jpg,2022-08-31 09:43:52,2026-06-06 14:21:26,found,2026-06-10 12:14:25.113441,a,True,True,True,True,True,True,False,True,True
food,search,milch,4056489258346,High Protein Joghurterzeugnis - Heidelbeere,,Lidl,Greek-style yogurts,"['en:dairies', 'en:fermented-foods', 'en:fermented-milk-products', 'en:desserts', 'en:dairy-desserts', 'en:fermented-dairy-desserts', 'en:yogurts', 'en:greek-style-yogurts']","Low fat, Green Dot, High proteins, No added sugar, No lactose, Nutriscore Grade A, With sweeteners","['en:low-or-no-fat', 'en:low-fat', 'en:source-of-proteins', 'en:green-dot', 'en:high-proteins', 'en:no-added-sugar', 'en:no-lactose', 'en:nutriscore', 'en:nutriscore-grade-a', 'en:with-sweeteners']","79% пастьоризирано обезмаслено мляко, млечен белтък, 5% боровинки, 1,5% сок от боровинка от концентрат, царевично нишесте, оцветяващ концентрат от морков, подсладители: еритритол, сукралоза, ацесулфам К; млечнокисели култури, лактаза, естествен ароматизант.","['en:pasteurized-skimmed-milk', 'en:dairy', 'en:milk', 'en:skimmed-milk', 'en:milk-proteins', 'en:protein', 'en:animal-protein', 'en:blueberry', 'en:fruit', 'en:berries', 'en:corn-starch', 'en:starch', 'bg:оцветяващ концентрат от морков', 'en:sweetener', 'en:e955', 'en:e950', 'en:ferment', 'en:lactase', 'en:enzyme', 'en:natural-flavouring', 'en:flavouring', 'en:e968']",Plastic,['en:plastic'],"Bulgaria, Croatia, France, Germany, Lithuania, Portugal, Romania, Slovenia, Spain, Switzerland, United Kingdom","['en:bulgaria', 'en:croatia', 'en:france', 'en:germany', 'en:lithuania', 'en:portugal', 'en:romania', 'en:slovenia', 'en:spain', 'en:switzerland', 'en:united-kingdom']",lidl,Germany,['en:germany'],deutschland,a,87.0,https://images.openfoodfacts.org/images/products/405/648/925/8346/front_en.250.400.jpg,2020-06-23 07:52:03,2026-06-09 08:43:13,found,2026-06-10 12:14:25.113455,a,True,True,True,True,True,True,True,True,True
food,search,milch,5411188138013,Zitrone Limette aus Soja,"Fermentiertes Sojaprodukt, Zitrone-Limette, angereichert mit Calcium und Vitaminen.",alpro,Lemon soy yogurts,"['en:plant-based-foods-and-beverages', 'en:fermented-foods', 'en:dairy-substitutes', 'en:desserts', 'en:vegan-products', 'en:non-dairy-desserts', 'en:non-dairy-fermented-foods', 'en:non-dairy-yogurts', 'en:soy-milk-yogurts', 'en:fruit-soy-yogurts', 'en:lemon-soy-yogurts']","No gluten, European Vegetarian Union Vegan, No lactose, Nutriscore Grade B","['en:vegetarian', 'en:no-gluten', 'en:vegan', 'en:european-vegetarian-union', 'en:european-vegetarian-union-vegan', 'en:no-lactose', 'en:nutriscore', 'en:nutriscore-grade-b']","Wasser, geschälte SOJABOHNEN (9,7%), Zucker, Glukose-Fruktose-Sirup, Zitronenmischung (3,4%) (Zitronsaft aus Zitronensaftkonzentrat (1,7%), Zitrone (1,1%), Limettensaft aus Limettensaftkonzentrat (0,6%)), Säureregulatoren (Citronensäure, Natriumcitrate), Stabilisator (Pektine), Calcium (Tricalciumphosphat), Meersalz, färbendes Karottenextrakt, färbendes Kürbisextrakt, Antioxidationsmittel (stark tocopherolhaltige Extrakte, Fettsäureester der Ascorbinsäure), Aroma, natürliches Zitronenaroma mit anderen natürlichen Aromen, Vitamine (B2, B12, D2), Joghurtkulturen (S. thermophilus, L. bulgaricus).","['en:water', 'en:soya-bean', 'en:vegetable', 'en:legume', 'en:pulse', 'en:soya', 'en:sugar', 'en:added-sugar', 'en:disaccharide', 'en:glucose-fructose-syrup', 'en:monosaccharide', 'en:fructose', 'en:glucose', 'de:Zitronenmischung', 'en:acidity-regulator', 'en:stabiliser', 'en:calcium', 'en:minerals', 'en:sea-salt', 'en:salt', 'en:colouring-carrot-extract', 'en:root-vegetable', 'en:taproot-vegetable', 'en:carrot', 'en:carrot-extract', 'de:färbendes Kürbisextrakt', 'en:antioxidant', 'en:flavouring', 'de:natürliches Zitronenaroma mit anderen natürlichen Aromen', 'en:vitamins', 'en:e101', 'en:vitamin-b12', 'en:ergocalciferol', 'en:vitamin-d', 'en:lactic-ferments', 'en:ferment', 'en:microbial-culture', 'de:Zitronsaft aus Zitronensaftkonzentrat', 'en:lemon', 'en:fruit', 'en:citrus-fruit', 'en:reconstituted-lime-juice', 'en:juice', 'en:fruit-juice', 'en:lime', 'en:lime-juice', 'en:e330', 'en:e331', 'en:e440a', 'en:e341iii', 'en:e341', 'en:e306', 'en:e304', 'en:streptococcus-thermophilus', 'en:lactobacillus-bulgaricus', 'en:lactobacillus']",,[],"Austria, Germany, Spain","['en:austria', 'en:germany', 'en:spain']",edeka,,[],,b,74.0,https://images.openfoodfacts.org/images/products/541/118/813/8013/front_de.56.400.jpg,2023-06-30 13:37:08,2026-06-06 07:34:26,found,2026-06-10 12:14:25.113468,b,True,True,True,True,True,True,False,True,True
food,search,milch,40349558,EDEKA BUTTER Meggle Butter - Meggle Feine Süßrahmbutter 250g 2.29€ 1kg 9.16€,,"EDEKA Meggle, Meggle",sweet cream butters,"['en:dairies', 'en:fats', 'en:spreads', 'en:spreadable-fats', 'en:animal-fats', 'en:dairy-spreads', 'en:milkfat', 'en:butters', 'en:sweet-cream-butters']",,[],Süẞrahmbutter.,"['en:sweet-cream-butter', 'en:dairy', 'en:butter']","Metall,Papier,Wiederverwertbare Metalle,Aluminium","['en:metal', 'en:paper', 'en:recyclable-metals', 'en:aluminium']","Germany, Ukraine","['en:germany', 'en:ukraine']","aldi, cap-markt, edeka, lidl, netto-md, penny, rewe",Germany,['en:germany'],deutschland,d,40.0,https://images.openfoodfacts.org/images/products/000/004/034/9558/front_de.147.400.jpg,2015-07-01 23:12:34,2026-06-09 16:18:31,found,2026-06-10 12:14:25.113481,d,True,True,True,True,False,True,True,True,True
food,search,milch,5411188136347,"Alpro Fermentiertes Sojaprodukt, rote Früchte mit Datteln, ohne Zuckerzusatz 400g","Fermentiertes Sojaprodukt, Erdbeere-Kirsche-Dattel, angereichert mit Calcium und Vitaminen.",alpro,Fruit soy yogurts,"['en:plant-based-foods-and-beverages', 'en:fermented-foods', 'en:dairy-substitutes', 'en:desserts', 'en:vegan-products', 'en:non-dairy-desserts', 'en:non-dairy-fermented-foods', 'en:non-dairy-yogurts', 'en:soy-milk-yogurts', 'en:fruit-soy-yogurts']","Low fat, No gluten, Calcium source, Certified B Corporation, Contains soy, European Vegetarian Union Vegan, Green Dot, No added sugar, No lactose, Nutriscore Grade A, Rich in vegetable protein, Without addition of dairy products","['en:low-or-no-fat', 'en:vegetarian', 'en:low-fat', 'en:no-gluten', 'en:source-of-proteins', 'en:vegan', 'en:calcium-source', 'en:certified-b-corporation', 'en:contains-soy', 'en:european-vegetarian-union', 'en:european-vegetarian-union-vegan', 'en:green-dot', 'en:high-proteins', 'en:no-added-sugar', 'en:no-lactose', 'en:nutriscore', 'en:nutriscore-grade-a', 'en:rich-in-vegetable-protein', 'en:without-addition-of-dairy-products']","Sojabasis (81,8%) (Wasser, geschälte Sojabohnen (9,5%), Rote-Früchte-Dattel-Mix (16,8%) (Kirsche (3,4%), Dattel (3,2%), Erdbeere (3,2%), Dattelsaftkonzentrat (3,1%), Kirschsaftkonzentrat (2,7%), Erdbeersaftkonzentrat (1,2%), Säureregulatoren (Citronensäure, Natriumcitrate), Stabilisator (Pektine), Calcium (Tricalciumphosphat), färbendes schwarzes Karottenkonzentrat, Meersalz, Antioxidationsmittel (stark tocopherolhaltige Extrakte, Fettsäureester der Ascorbinsäure), Aromen, Vitamine B2, B12, D2, Joghurtkulturen (S. thermophilus, L. bulgaricus). Kann Spuren von Schalenfrüchten enthalten.","['en:soy-base', 'en:water', 'en:soya-bean', 'en:vegetable', 'en:legume', 'en:pulse', 'en:soya', 'de:Rote-Früchte-Dattel-Mix', 'en:cherry', 'en:fruit', 'en:prunus-species-fruit', 'en:date', 'en:strawberry', 'en:berries', 'en:cherry-juice', 'en:strawberry-juice-concentrate', 'en:juice', 'en:concentrate', 'en:fruit-juice', 'en:strawberry-juice', 'en:acidity-regulator', 'en:stabiliser', 'en:calcium', 'en:minerals', 'de:färbendes schwarzes Karottenkonzentrat', 'en:sea-salt', 'en:salt', 'en:antioxidant', 'en:flavouring', 'en:vitamins', 'en:e101', 'en:vitamin-b12', 'en:ergocalciferol', 'en:vitamin-d', 'en:lactic-ferments', 'en:ferment', 'en:microbial-culture', 'en:e330', 'en:e331', 'en:e440a', 'en:e341iii', 'en:e341', 'en:e306', 'en:e304', 'en:streptococcus-thermophilus', 'en:lactobacillus-bulgaricus', 'en:lactobacillus']","1 plastic container to recycle, 1 paper label to recycle","['en:1-paper-label-to-recycle', 'en:1-plastic-container-to-recycle']","Belgium, France, Germany, Spain","['en:belgium', 'en:france', 'en:germany', 'en:spain']","Mercadona, Tegut",,[],,a,77.0,https://images.openfoodfacts.org/images/products/541/118/813/6347/front_de.109.400.jpg,2022-02-01 10:21:23,2026-06-04 10:42:17,found,2026-06-10 12:14:25.113493,a,True,True,True,True,True,True,True,True,True
food,search,milch,8719200262140,Becel Vital,,"Becel, Upfield",Margarines,"['en:plant-based-foods-and-beverages', 'en:plant-based-foods', 'en:fats', 'en:spreads', 'en:plant-based-spreads', 'en:vegetable-fats', 'en:spreadable-fats', 'en:margarines']","No preservatives, Vegan","['en:vegetarian', 'en:no-preservatives', 'en:vegan']","Trinkwasser, pflanzliche Öle (Sonnenblumen, Raps, Leinsamen), Kokosfett, Emulgator (Mono - und Diglyceride von Speisefettsäuren), Speisesalz (0,2%), Säuerungsmittel (Citronensäure), Aromen, Vitamine (A, D), Farbstoff (Carotin).","['en:water', 'en:vegetable-oil', 'en:oil-and-fat', 'en:vegetable-oil-and-fat', 'en:flax-seed', 'en:seed', 'en:flax', 'en:coconut-fat', 'en:vegetable-fat', 'en:emulsifier', 'en:salt', 'en:acid', 'en:flavouring', 'en:vitamins', 'en:vitamin-a', 'en:vitamin-d', 'en:colour', 'en:sunflower-fat', 'en:rapeseed-oil', 'en:e471', 'en:e330', 'en:e160a']",,[],"Austria, Germany","['en:austria', 'en:germany']","Edeka, Penny, Rewe",,[],,b,61.0,https://images.openfoodfacts.org/images/products/871/920/026/2140/front_de.17.400.jpg,2023-09-18 21:05:57,2026-03-26 15:56:40,found,2026-06-10 12:14:25.113504,b,True,True,True,True,True,True,False,True,True
food,search,milch,20681937,Bio Vollkorn Penne Rigante,Lait demi-écrémé stérilisé UHT.,Naturgut Penny,"Noodles, Durum wheat penne, Durum wheat spaghetti, Penne rigate","['en:plant-based-foods-and-beverages', 'en:plant-based-foods', 'en:cereals-and-potatoes', 'en:cereals-and-their-products', 'en:pastas', 'en:cereal-pastas', 'en:noodles', 'en:durum-wheat-pasta', 'en:spaghetti', 'en:durum-wheat-penne', 'en:durum-wheat-spaghetti', 'en:penne', 'en:penne-rigate']","French milk, FSC Mix, Nutriscore Grade A, Triman","['en:french-milk', 'en:fsc', 'en:fsc-mix', 'en:nutriscore', 'en:nutriscore-grade-a', 'fr:triman']",Vollkorn-Hart - weizengrieẞ*. *aus kontrolliert biologischem Anbau Kann Spuren von Soja und Senf enthalten.,"['de:Vollkorn-Hart', 'en:wheat-semolina', 'en:cereal', 'en:wheat', 'en:semolina']","en:E CartonFSC Mixt,en:Elopak Roll Fed,en:Garantie IPLC,Bouchon en plastique,Brique en carton","['en:e-cartonfsc-mixt', 'en:elopak-roll-fed', 'en:garantie-iplc', 'fr:bouchon-en-plastique', 'fr:brique-en-carton']","France, Germany","['en:france', 'en:germany']",lidl,France,['en:france'],france,unknown,,https://images.openfoodfacts.org/images/products/000/002/068/1937/front_en.117.400.jpg,2017-02-18 15:04:29,2026-06-04 02:22:27,found,2026-06-10 12:14:25.113517,unknown,False,True,True,True,True,True,True,True,True
food,search,milch,7394376621932,Barista Edition Haferdrink,,Oatly,"Haverdrink, Plantaardige drinks, Plantaardige zuivel alternatieven, Vegetarisch, vegan en plantaardig","['en:Haverdrink', 'en:Plantaardige drinks', 'en:Plantaardige zuivel alternatieven', 'en:Vegetarisch', 'en:vegan en plantaardig']","No milk, Vegan, FSC Mix","['en:vegetarian', 'en:no-milk', 'en:vegan', 'en:fsc', 'en:fsc-mix']","Water, OATS 10%, rapeseed oil, acidity regulator (dipotassium phosphate), minerals (calcium carbonate, potassium iodide), salt, vitamins (D2, riboflavin, B12). Free from milk and soya. Best Before: See the top of the pack. Storage:","['en:water', 'en:oat', 'en:cereal', 'en:rapeseed-oil', 'en:oil-and-fat', 'en:vegetable-oil-and-fat', 'en:acidity-regulator', 'en:minerals', 'en:salt', 'en:vitamins', 'en:ergocalciferol', 'en:vitamin-d', 'en:e101', 'en:vitamin-b12', 'en:soya', 'en:Best Before', 'en:e340ii', 'en:e340', 'en:e170i', 'en:e170', 'en:potassium-iodide', 'en:iodine', 'en:See the top of the pack', 'en:Storage']",,[],"Belgium, Germany","['en:belgium', 'en:germany']",albert-heijn,,[],,unknown,,https://images.openfoodfacts.org/images/products/739/437/662/1932/front_en.62.400.jpg,2024-06-20 18:48:44,2026-05-31 15:21:35,found,2026-06-10 12:14:25.113528,unknown,False,True,True,True,True,True,False,True,True
food,search,milch,8719200233041,Margarine,Rama,Rama,Margarines,"['en:plant-based-foods-and-beverages', 'en:plant-based-foods', 'en:fats', 'en:spreads', 'en:plant-based-spreads', 'en:vegetable-fats', 'en:spreadable-fats', 'en:margarines']","100% vegetable, European Vegetarian Union Vegan, Natural ingredients","['en:vegetarian', 'en:vegan', 'en:100-vegetable', 'en:european-vegetarian-union', 'en:european-vegetarian-union-vegan', 'en:natural-ingredients']","Pflanzliche Öle und Fette (Raps, Palm Sonnenblumen), Trinkwasser, Speisesalz, Emulgatoren (Lecithine, Mono - Und Diglyceride von Speisefettsäuren), Natürliche Aromen, Säuerungsmittel (Citronensäure), Vitamine (A, D, E), Farbstoff (Carotin)","['en:vegetable-oil-and-fat', 'en:oil-and-fat', 'en:water', 'en:salt', 'en:emulsifier', 'en:natural-flavouring', 'en:flavouring', 'en:acid', 'en:vitamins', 'en:vitamin-a', 'en:vitamin-d', 'en:vitamin-e', 'en:colour', 'en:rapeseed-oil', 'en:vegetable-oil', 'de:Fette Palm Sonnenblumen', 'en:e322', 'en:e471', 'en:e330', 'en:e160a']",,[],Germany,['en:germany'],,Hamburg,"['en:germany', 'en:hamburg']",,b,69.0,https://images.openfoodfacts.org/images/products/871/920/023/3041/front_de.58.400.jpg,2022-07-20 05:53:25,2026-06-10 05:57:12,found,2026-06-10 12:14:25.113540,b,True,True,True,True,True,True,False,True,True
food,search,milch,5711953103766,Frischkäse Buko Frischkäse,,"Arla, Arla BUKO","Fresh cheeses, Cream cheeses","['en:dairies', 'en:fermented-foods', 'en:fermented-milk-products', 'en:cheeses', 'en:fresh-cheeses', 'en:cream-cheeses']","No preservatives, Ohne Gentechnik, No flavour enhancer, No thickening agent","['en:no-gmos', 'en:no-preservatives', 'de:ohne-gentechnik', 'en:no-flavour-enhancer', 'en:no-thickening-agent']","Frischkäse (Sahne, Magermilch, Milchsäurekulturen), Speisesalz.","['en:soft-white-cheese', 'en:dairy', 'en:cheese', 'en:salt', 'en:cream', 'en:skimmed-milk', 'en:milk', 'en:lactic-ferments', 'en:ferment', 'en:microbial-culture']",Kunststoff,['en:plastic'],Germany,['en:germany'],Markant,Germany,['en:germany'],,c,47.0,https://images.openfoodfacts.org/images/products/571/195/310/3766/front_de.63.400.jpg,2020-01-05 11:36:01,2026-06-09 20:08:39,found,2026-06-10 12:14:25.113551,c,True,True,True,True,True,True,True,True,True
food,search,milch,4056489012788,Skyr,"Frischkäse, Magerstufe. Wassergehalt mehr als 82%.",Milbona,"Fresh cheeses, Skyrs, Cream cheeses","['en:dairies', 'en:fermented-foods', 'en:fermented-milk-products', 'en:cheeses', 'en:desserts', 'en:dairy-desserts', 'en:fermented-dairy-desserts', 'en:fromages-blancs-petit-suisses-and-skyr', 'en:fresh-cheeses', 'en:skyrs', 'en:cream-cheeses']","Ohne Gentechnik, Made in Germany, Nutriscore Grade A","['en:no-gmos', 'de:ohne-gentechnik', 'en:made-in-germany', 'en:nutriscore', 'en:nutriscore-grade-a']","Entrahmte Milch, Starterkulturen (enthält Milch), mikrobielles Lab","['en:skimmed-milk', 'en:dairy', 'en:milk', 'en:lactic-ferments', 'en:ferment', 'en:microbial-culture', 'en:microbial-rennet', 'en:enzyme', 'en:coagulating-enzyme', 'en:rennet', 'en:vegetarian-rennet']","Metall,Kunststoff,Wiederverwertbare Metalle,Aluminium,PP - Polypropylen","['en:metal', 'en:plastic', 'en:recyclable-metals', 'en:aluminium', 'en:pp-polypropylene']","Austria, Germany","['en:austria', 'en:germany']",Lidl,Germany,['en:germany'],Deutschland,a,86.0,https://images.openfoodfacts.org/images/products/405/648/901/2788/front_en.33.400.jpg,2019-08-01 16:01:27,2026-04-20 12:16:51,found,2026-06-10 12:14:25.113564,a,True,True,True,True,True,True,True,True,True
food,search,milch,8719200261464,Becel Classic,"Streichfett, 35 % Fett","Becel, Flora Food Germany",Margarines,"['en:plant-based-foods-and-beverages', 'en:plant-based-foods', 'en:fats', 'en:spreads', 'en:plant-based-spreads', 'en:vegetable-fats', 'en:spreadable-fats', 'en:margarines']","No preservatives, 100% vegetable, No palm oil, V-Label International Vegan, de:V","['en:vegetarian', 'en:no-preservatives', 'en:vegan', 'en:100-vegetable', 'en:no-palm-oil', 'en:v-label-international', 'en:v-label-international-vegan', 'de:V']","Trinkwasser, pflanzliche Öle (Raps, Sonnenblumen, Leinsamen), Kokosfett, Speisesalz (0,2 %), Emulgatoren (Mono - und Diglyceride von Speisefettsäuren, Lecithin), Säuerungsmittel (Citronensäure), natürliche Aromen, Farbstoff (Carotin), Vitamine D.","['en:water', 'en:vegetable-oil', 'en:oil-and-fat', 'en:vegetable-oil-and-fat', 'en:flax-seed', 'en:seed', 'en:flax', 'en:coconut-fat', 'en:vegetable-fat', 'en:salt', 'en:emulsifier', 'en:acid', 'en:natural-flavouring', 'en:flavouring', 'en:colour', 'de:vitamine-d', 'en:rapeseed-oil', 'en:sunflower-fat', 'en:e471', 'en:e322i', 'en:e322', 'en:e330', 'en:e160a']",,[],"Germany, Switzerland","['en:germany', 'en:switzerland']","Edeka, Netto MD, Penny, Rewe",,[],,b,63.0,https://images.openfoodfacts.org/images/products/871/920/026/1464/front_de.22.400.jpg,2023-10-02 14:09:43,2026-03-26 16:03:23,found,2026-06-10 12:14:25.113575,b,True,True,True,True,True,True,False,True,True
food,search,milch,40084107,Überraschung,Vollmilchschokoladenhohlkörper mit Milchcreme (53 %),Kinder,Hollow chocolate eggs,"['en:snacks', 'en:sweet-snacks', 'en:cocoa-and-its-products', 'en:chocolates', 'en:chocolate-molds', 'en:chocolate-eggs', 'en:hollow-chocolate-eggs']","Contains milk, Not recommended for children under 3 years, Tidy man","['en:not-advised-for-specific-people', 'en:contains-milk', 'en:not-recommended-for-children-under-3-years', 'fr:tidy-man']","VOLLMILCHSCHOKOLADE 47 % (Zucker, VOLLMILCHPULVER, Kakaobuiter, Kakaomasse, Emulgator Lecithine (SOJA), Vanillin), MAGERMILCHPULVER (17 %), Zucker, Pflanzliche Fette (Palm, Shea), BUTTERREINFETT, Emulgatos Lecithine (SOJA), Vanillin.","['de:feine-milchschokolade', 'en:chocolate', 'en:milk-chocolate', 'en:skimmed-milk-powder', 'en:dairy', 'en:milk-powder', 'en:sugar', 'en:added-sugar', 'en:disaccharide', 'en:vegetable-fat', 'en:oil-and-fat', 'en:vegetable-oil-and-fat', 'en:butterfat', 'en:fat', 'en:milkfat', 'de:Emulgatos Lecithine', 'en:vanillin', 'en:whole-milk-powder', 'de:Kakaobuiter', 'en:cocoa-paste', 'en:plant', 'en:cocoa', 'en:emulsifier', 'en:palm', 'en:palm-oil-and-fat', 'en:palm-oil', 'en:shea-butter', 'en:e322']","Aluminiumfolie,Stück(e)","['en:aluminiumfolie', 'en:stuck-e']","Bulgaria, Germany, Moldova, Poland, Portugal, Romania, Spain","['en:bulgaria', 'en:germany', 'en:moldova', 'en:poland', 'en:portugal', 'en:romania', 'en:spain']",,,[],,unknown,,https://images.openfoodfacts.org/images/products/000/004/008/4107/front_de.239.400.jpg,2014-12-31 14:58:20,2026-06-09 16:16:47,found,2026-06-10 12:14:25.113587,unknown,False,True,True,True,True,True,True,True,True
food,search,milch,4001954165018,Butter Kerrygold extra Butter & Rapsöl - ungesalzen,,Kerrygold,"Butters, de:Streichfette","['en:plant-based-foods-and-beverages', 'en:dairies', 'en:plant-based-foods', 'en:fats', 'en:spreads', 'en:plant-based-spreads', 'en:spreadable-fats', 'en:animal-fats', 'en:dairy-spreads', 'en:milkfat', 'en:butters', 'de:streichfette']",Green Dot,['en:green-dot'],"Butter (63%), Wasser, Rapsöl (13%)","['en:butter', 'en:dairy', 'en:water', 'en:rapeseed-oil', 'en:oil-and-fat', 'en:vegetable-oil-and-fat']",Kunststoff,['en:plastic'],Germany,['en:germany'],"Edeka, HIT, Lidl, NETTO",Ireland,['en:ireland'],,d,32.0,https://images.openfoodfacts.org/images/products/400/195/416/5018/front_de.131.400.jpg,2015-02-09 18:42:51,2026-05-10 13:29:20,found,2026-06-10 12:14:25.113598,d,True,True,True,True,True,True,True,True,True
food,search,milch,4008452010222,BUTTER,"Deutsche Markenbutter, mildgesäuerte Butter, 82 % Fett","Butter, EDEKA BUTTER Weihenstephan, Unternehmensgruppe Theo Müller S.e.c.s., Weihenstephan","mildly soured butters, de:Deutsche Markenbutter","['en:dairies', 'en:fats', 'en:spreads', 'en:spreadable-fats', 'en:animal-fats', 'en:dairy-spreads', 'en:milkfat', 'en:butters', 'en:mildly-soured-butters', 'de:Deutsche Markenbutter']",Ohne Gentechnik,"['en:no-gmos', 'de:ohne-gentechnik']",Butter,"['en:butter', 'en:dairy']","Metall, Wiederverwertbare Metalle, Aluminium","['en:metal', 'en:recyclable-metals', 'en:aluminium']",Germany,['en:germany'],"aldi, edeka, kaufland, lidl, netto-md, rewe",Bayern,"['en:germany', 'en:bayern']",deutschland,d,42.0,https://images.openfoodfacts.org/images/products/400/845/201/0222/front_en.78.400.jpg,2015-08-03 08:07:40,2026-05-31 19:46:06,found,2026-06-10 12:14:25.113609,d,True,True,True,True,True,True,True,True,True
food,search,milch,4056489135760,Sonnenblumenmargarine,,"Vita d'Or, VitaD'or","Salted spreads, Margarines","['en:plant-based-foods-and-beverages', 'en:plant-based-foods', 'en:fats', 'en:spreads', 'en:plant-based-spreads', 'en:salted-spreads', 'en:vegetable-fats', 'en:spreadable-fats', 'en:margarines']","European Vegetarian Union Vegan, Nutriscore Grade D, With Sunflower oil","['en:vegetarian', 'en:vegan', 'en:european-vegetarian-union', 'en:european-vegetarian-union-vegan', 'en:nutriscore', 'en:nutriscore-grade-d', 'en:with-sunflower-oil']","61% sunflower oil, water, 14% fully hydrogenated sunflower oil, coconut fat, emulsifiers: lecithins, monoglycerides and digests of fatty acids, 0,2% salt, natural aroma, acidulant: citric acid","['en:sunflower-oil', 'en:oil-and-fat', 'en:vegetable-oil-and-fat', 'en:vegetable-oil', 'en:water', 'en:fully-hydrogenated-sunflower-oil', 'en:coconut-fat', 'en:vegetable-fat', 'en:emulsifier', 'en:monoglycerides-and-digests-of-fatty-acids', 'en:salt', 'en:natural-flavouring', 'en:flavouring', 'en:acid', 'en:e322', 'en:e330']","Plastic,Produkt,","['en:plastic', 'en:produkt']","Bulgaria, Germany, Spain, Switzerland","['en:bulgaria', 'en:germany', 'en:spain', 'en:switzerland']",Lidl,,[],,b,61.0,https://images.openfoodfacts.org/images/products/405/648/913/5760/front_en.72.400.jpg,2019-08-25 11:03:09,2026-04-17 09:43:23,found,2026-06-10 12:14:25.113620,b,True,True,True,True,True,True,True,True,True
food,search,milch,4061458047685,Frischkäse,,Milsani,Fresh cheeses,"['en:dairies', 'en:fermented-foods', 'en:fermented-milk-products', 'en:cheeses', 'en:fresh-cheeses']","Ohne Gentechnik, 2019 Gold medal of the German Agricultural Society, 2021 Gold medal of the German Agricultural Society, 2023 Gold medal of the German Agricultural Society, Nutriscore Grade D, V-Label International Vegetarian","['en:vegetarian', 'en:german-agricultural-society', 'en:gold-medal-of-the-german-agricultural-society', 'en:no-gmos', 'de:ohne-gentechnik', 'en:2019-gold-medal-of-the-german-agricultural-society', 'en:2021-gold-medal-of-the-german-agricultural-society', 'en:2023-gold-medal-of-the-german-agricultural-society', 'en:nutriscore', 'en:nutriscore-grade-d', 'en:v-label-international', 'en:v-label-international-vegetarian']","Rahm, Magermilch, Salz, Käsereikulturen (enthalten Milch).","['en:cream', 'en:dairy', 'en:skimmed-milk', 'en:milk', 'en:salt', 'en:lactic-ferments', 'en:ferment', 'en:microbial-culture']","Kunststoff,l,139,PP,5,AL,Aluminium","['en:metal', 'en:plastic', 'en:recyclable-metals', 'en:aluminium', 'en:pp-polypropylene', 'de:139', 'de:5', 'de:al', 'de:l']",Germany,['en:germany'],"Aldi, Aldi Nord, Aldi Süd",Germany,['en:germany'],Dänemark,c,47.0,https://images.openfoodfacts.org/images/products/406/145/804/7685/front_de.108.400.jpg,2019-06-02 10:45:01,2026-06-02 21:49:44,found,2026-06-10 12:14:25.113633,c,True,True,True,True,True,True,True,True,True
food,search,milch,3228021000084,Meersalz-Butter,Französische Butter mit Meersalzkörnern,"Lactalis, President","de:Streichfette, Salted butters","['en:plant-based-foods-and-beverages', 'en:dairies', 'en:plant-based-foods', 'en:fats', 'en:spreads', 'en:plant-based-spreads', 'en:spreadable-fats', 'en:animal-fats', 'en:dairy-spreads', 'en:milkfat', 'en:butters', 'de:streichfette', 'en:salted-butters']","Green Dot, Made in France","['en:green-dot', 'en:made-in-france']","Butter, Salz (2,5 %).","['en:butter', 'en:dairy', 'en:salt']","Kunststoff,Verbundstoff,Kanne,PP - Polypropylen,Folie,Deckel,Papier und Pappe/Kunststoff,en:Motte,en:Produkt,en:Ravier","['en:plastic', 'en:multilayer-composite', 'en:pot', 'en:pp-polypropylene', 'en:film', 'en:lid', 'en:paper-and-plastic', 'en:motte', 'en:produkt', 'en:ravier']","Austria, Belgium, Germany, Portugal, Spain","['en:austria', 'en:belgium', 'en:germany', 'en:portugal', 'en:spain']","Aldi, Billa, Combi, Delhaize, Edeka, Globus, Hit, Irma, Kaufland, Lidl, Netto MD, Rewe",France,['en:france'],Frankreich,d,33.0,https://images.openfoodfacts.org/images/products/322/802/100/0084/front_de.128.400.jpg,2013-01-01 11:35:59,2026-06-07 16:07:23,found,2026-06-10 12:14:25.113645,d,True,True,True,True,True,True,True,True,True
food,search,milch,4002671157751,Hüttenkäse Original,,Gervais,"Cream cheeses, Plain cottage cheeses","['en:dairies', 'en:fermented-foods', 'en:fermented-milk-products', 'en:cheeses', 'en:desserts', 'en:dairy-desserts', 'en:fermented-dairy-desserts', 'en:plain-fermented-dairy-desserts', 'en:fresh-cheeses', 'en:cottage-cheeses', 'en:cream-cheeses', 'en:plain-cottage-cheeses']","Low or no sugar, Low fat, No gluten, Ohne Gentechnik, No palm oil, No soy","['en:low-or-no-fat', 'en:low-or-no-sugar', 'en:low-fat', 'en:no-gluten', 'en:no-gmos', 'de:ohne-gentechnik', 'en:no-palm-oil', 'en:no-soy']","FRISCHKASE, MAGERMILCH - JOGHURT, SCHLAGRAHM, Speisesalz Bei maximal +8 °C","['de:frischkase', 'en:skimmed-yogurt', 'en:dairy', 'en:yogurt', 'de:schlagrahm', 'de:speisesalz-bei-maximal-8-c']",Plastic,['en:plastic'],Germany,['en:germany'],"Edeka, Rewe, tegut",Germany,['en:germany'],Deutschland,c,47.0,https://images.openfoodfacts.org/images/products/400/267/115/7751/front_de.95.400.jpg,2021-09-08 19:00:37,2026-05-16 13:29:45,found,2026-06-10 12:14:25.113659,c,True,True,True,True,True,True,True,True,True
food,search,milch,4104060030772,Bio-Skyr Natur,,ANDECHSER NATUR,"Cheeses, Skyrs, fr:Fromages blancs natures","['en:dairies', 'en:fermented-foods', 'en:fermented-milk-products', 'en:cheeses', 'en:desserts', 'en:dairy-desserts', 'en:fermented-dairy-desserts', 'en:fromages-blancs-petit-suisses-and-skyr', 'en:plain-fermented-dairy-desserts', 'en:skyrs', 'fr:fromages-blancs', 'fr:fromages-blancs-natures']","Bioland, DE-ÖKO-001, High proteins, fr:Agriculture Allemagne","['en:organic', 'en:eu-organic', 'en:source-of-proteins', 'en:bioland', 'en:de-oko-001', 'en:high-proteins', 'fr:Agriculture Allemagne']","_Lait_ écrémé*, ferments lactiques (_lait_). 

*issu de l'agriculture biologique","['en:skimmed-milk', 'en:dairy', 'en:milk', 'en:lactic-ferments', 'en:ferment', 'en:microbial-culture']","Carton, Frais, Opercule aluminium","['en:cardboard', 'en:fresh', 'fr:opercule-aluminium']","Belgium, France, Germany","['en:belgium', 'en:france', 'en:germany']","Colibri, Eau vive",Germany,['en:germany'],Allemagne,a-plus,102.0,https://images.openfoodfacts.org/images/products/410/406/003/0772/front_de.61.400.jpg,2019-09-07 20:57:01,2026-04-25 07:49:08,found,2026-06-10 12:14:25.113670,a-plus,True,True,True,True,True,True,True,True,True
food,search,milch,4335619096431,Soja Classic,,Vemondo,Plain soy yogurts,"['en:plant-based-foods-and-beverages', 'en:fermented-foods', 'en:dairy-substitutes', 'en:desserts', 'en:vegan-products', 'en:non-dairy-desserts', 'en:non-dairy-fermented-foods', 'en:non-dairy-yogurts', 'en:soy-milk-yogurts', 'en:plain-soy-yogurts']","Vegan, FSC Mix, No added sugar, Nutriscore Grade A, Nutriscore Grade B","['en:vegetarian', 'en:vegan', 'en:fsc', 'en:fsc-mix', 'en:no-added-sugar', 'en:nutriscore', 'en:nutriscore-grade-a', 'en:nutriscore-grade-b']","water, 13,3% soybeans, modified starch, starch, sea salt, natural flavor, yogurt cultures,","['en:water', 'en:soya-bean', 'en:vegetable', 'en:legume', 'en:pulse', 'en:soya', 'en:modified-starch', 'en:starch', 'en:sea-salt', 'en:salt', 'en:natural-flavouring', 'en:flavouring', 'en:yogurt-culture', 'en:ferment', 'en:microbial-culture', 'en:lactic-ferments']",,[],"Bulgaria, Germany, Portugal, Spain","['en:bulgaria', 'en:germany', 'en:portugal', 'en:spain']",Lidl,,[],,a,82.0,https://images.openfoodfacts.org/images/products/433/561/909/6431/front_de.31.400.jpg,2024-08-14 21:15:36,2026-04-01 22:07:46,found,2026-06-10 12:14:25.113682,a,True,True,True,True,True,True,False,True,True
food,search,milch,20917906,Joghurt mild,,Milbona,Cow milk yogurts,"['en:dairies', 'en:fermented-foods', 'en:fermented-milk-products', 'en:desserts', 'en:dairy-desserts', 'en:fermented-dairy-desserts', 'en:yogurts', 'en:cow-milk-yogurts']","Ohne Gentechnik, Nutriscore Grade B","['en:no-gmos', 'de:ohne-gentechnik', 'en:nutriscore', 'en:nutriscore-grade-b']","Joghurt mild, 3,5 % Fett.","['en:mild-yogurt', 'en:dairy', 'en:yogurt', 'en:fat', 'en:oil-and-fat']","en:81,en:Kunststoff,en:PET01,en:Plastikbecher","['en:81', 'en:kunststoff', 'en:pet01', 'en:plastikbecher']","China, France, Germany, Spain","['en:china', 'en:france', 'en:germany', 'en:spain']",Lidl,Germany,['en:germany'],,a,84.0,https://images.openfoodfacts.org/images/products/000/002/091/7906/front_de.120.400.jpg,2018-01-29 12:26:09,2026-06-05 18:43:16,found,2026-06-10 12:14:25.113693,a,True,True,True,True,True,True,True,True,True
food,search,milch,4006402010100,edelblu Classic,,Bergader,"Cow cheeses, Blue-veined cheeses","['en:dairies', 'en:fermented-foods', 'en:fermented-milk-products', 'en:cheeses', 'en:cow-cheeses', 'en:blue-veined-cheeses']",Green Dot,['en:green-dot'],"Краве мляко, сол, бактериални култури, микробиално сирище, плесенна култура.","['en:cow-s-milk', 'en:dairy', 'en:milk', 'en:salt', 'bg:бактериални-култури', 'bg:микробиално-сирище', 'bg:плесенна-култура']",Kunststoff,['en:plastic'],"Bulgaria, Germany, Italy, Morocco, Portugal, Spain","['en:bulgaria', 'en:germany', 'en:italy', 'en:morocco', 'en:portugal', 'en:spain']",,,[],Deutschland,d,39.0,https://images.openfoodfacts.org/images/products/400/640/201/0100/front_de.31.400.jpg,2016-01-10 13:45:42,2026-04-06 12:11:03,found,2026-06-10 12:14:25.113706,d,True,True,True,True,True,True,True,True,True
food,search,milch,4019300005208,"Fitline Natur 0,2% Fett",Frischkäsezubereitung wärmebehandelt Magerstufe,Exquisa,"Cheese spreads, Cream cheeses","['en:dairies', 'en:fermented-foods', 'en:fermented-milk-products', 'en:cheeses', 'en:spreads', 'en:salted-spreads', 'en:cheese-spreads', 'en:cream-cheeses']",,[],"Frischkäse, Inulin, Speisesalz, Zucker, Verdickungsmittel: Guarkernmehl, Carrageen.","['en:soft-white-cheese', 'en:dairy', 'en:cheese', 'en:inulin', 'en:fiber', 'en:vegetable-fiber', 'en:salt', 'en:sugar', 'en:added-sugar', 'en:disaccharide', 'en:thickener', 'en:e407', 'en:e412']","Plastic,Pot","['en:plastic', 'en:pot']",Germany,['en:germany'],"edeka, famila, kaufland, netto, sky, tegut",,[],deutschland,d,41.0,https://images.openfoodfacts.org/images/products/401/930/000/5208/front_de.153.400.jpg,2016-01-07 00:15:18,2026-05-31 15:03:58,found,2026-06-10 12:14:25.113718,d,True,True,True,True,False,True,True,True,True
food,search,milch,4025500186821,Kalinka Kefir,Kefir,müller,Kefir,"['en:beverages-and-beverages-preparations', 'en:beverages', 'en:dairies', 'en:fermented-foods', 'en:fermented-milk-products', 'en:dairy-drinks', 'en:fermented-drinks', 'en:fermented-milk-drinks', 'en:kefir']",High proteins,"['en:source-of-proteins', 'en:high-proteins']","Fettarmer Kefir mild. 1,5% Fett. Enthält Milch","['de:fettarmer-kefir-mild', 'en:fat', 'en:oil-and-fat', 'en:milk', 'en:dairy']","Plastic,PP - Polypropylene","['en:plastic', 'en:pp-polypropylene']","France, Germany, Luxembourg, Romania, Spain","['en:france', 'en:germany', 'en:luxembourg', 'en:romania', 'en:spain']","Aldi, Edeka, Lidl, Penny, Rewe",,[],Deutschland,unknown,,https://images.openfoodfacts.org/images/products/402/550/018/6821/front_de.127.400.jpg,2017-02-21 00:12:18,2026-05-24 14:57:06,found,2026-06-10 12:14:25.113730,unknown,False,True,True,True,True,True,True,True,True
food,search,milch,4008452027602,"H-Milch 3,5%",,Weihenstephan,"Beverages, UHT Milks, Whole milks","['en:beverages-and-beverages-preparations', 'en:beverages', 'en:dairies', 'en:milks-liquid-and-powder', 'en:milks', 'en:homogenized-milks', 'en:pasteurised-products', 'en:uht-milks', 'en:whole-milks']",FSC,['en:fsc'],H-Vollmilch,"['en:uht-pasteurised-whole-milk', 'en:dairy', 'en:milk', 'en:whole-milk']","Tetra Pak, Pappe, Karton, Flasche(n)","['en:tetra-pak', 'en:cardboard', 'en:paperboard', 'de:flasche-n']",Germany,['en:germany'],"Aldi, Edeka, Lidl","Austria, Bayern","['en:germany', 'en:austria', 'en:bayern']",Deutschland,c,51.0,https://images.openfoodfacts.org/images/products/400/845/202/7602/front_en.166.400.jpg,2017-01-26 20:27:27,2026-05-05 02:19:17,found,2026-06-10 12:14:25.113741,c,True,True,True,True,True,True,True,True,True
food,search,milch,3161710000678,Camembert,Französischer Weichkäse aus pasteurisierter Kuhmilch Doppelrahmstufe,Géramont,Camemberts,"['en:dairies', 'en:fermented-foods', 'en:fermented-milk-products', 'en:cheeses', 'en:soft-cheeses', 'en:cow-cheeses', 'en:soft-cheeses-with-bloomy-rind', 'en:camemberts']","Source of proteins, No lactose, de:Reich an Calcium","['en:source-of-proteins', 'en:no-lactose', 'de:Reich an Calcium']","Pasteurisierte Kuhmilch, Rahm, Käsereikulturen, Lab, Speisesalz.","['en:cow-s-milk', 'en:dairy', 'en:milk', 'en:cream', 'en:lactic-ferments', 'en:ferment', 'en:microbial-culture', 'en:rennet', 'en:enzyme', 'en:coagulating-enzyme', 'en:salt']","Kunststoff, Papier","['en:plastic', 'en:paper']","Germany, Luxembourg","['en:germany', 'en:luxembourg']","Aldi, Combi, Edeka, Famila, Kaufland, Netto, REWE",France,['en:france'],Le Tholy,c,47.0,https://images.openfoodfacts.org/images/products/316/171/000/0678/front_de.98.400.jpg,2015-12-14 14:30:19,2026-06-06 09:00:26,found,2026-06-10 12:14:25.113753,c,True,True,True,True,True,True,True,True,True
food,search,milch,4002468084000,Almette Natur 4002468084000 Frischkäse,Frischkäse,Almette,Cream cheeses,"['en:dairies', 'en:fermented-foods', 'en:fermented-milk-products', 'en:cheeses', 'en:cream-cheeses']",Ohne Gentechnik,"['en:no-gmos', 'de:ohne-gentechnik']","Frischkäse, Speisesalz, Stickstoff zum Aufschlagen.","['en:soft-white-cheese', 'en:dairy', 'en:cheese', 'en:salt', 'en:e931']",Kunststoff,['en:plastic'],Germany,['en:germany'],,"Germany, Austria","['en:germany', 'en:austria']",,c,46.0,https://images.openfoodfacts.org/images/products/400/246/808/4000/front_de.33.400.jpg,2015-07-25 21:32:18,2026-04-06 19:25:41,found,2026-06-10 12:14:25.113764,c,True,True,True,True,True,True,True,True,True
food,search,milch,8721800405346,"Käse Leerdammer Original Mild-Nussig 8721800405346 Schnittkäse, 45 % Fett i. Tr.",,Leerdammer,"Fermented milk products, käse, scheibenkäse","['en:dairies', 'en:fermented-foods', 'en:fermented-milk-products', 'en:käse', 'en:scheibenkäse']","Ohne Gentechnik, FSC Mix","['en:no-gmos', 'de:ohne-gentechnik', 'en:fsc', 'en:fsc-mix']","Pasteurisierte Milch, Speisesalz, Milchsäurebakterien (Milch), mikrobielles Lab.","['en:milk', 'en:dairy', 'en:salt', 'en:lactic-ferments', 'en:ferment', 'en:microbial-culture', 'en:microbial-rennet', 'en:enzyme', 'en:coagulating-enzyme', 'en:rennet', 'en:vegetarian-rennet']","Plastikschale,",['en:plastikschale'],Germany,['en:germany'],"edeka, picnic",Netherlands,['en:netherlands'],,unknown,,https://images.openfoodfacts.org/images/products/872/180/040/5346/front_de.68.400.jpg,2022-11-22 11:19:14,2026-05-29 06:10:12,found,2026-06-10 12:14:25.113774,unknown,False,True,True,True,True,True,True,True,True
food,search,milch,5411188137979,Soja Natur,"Fermentiertes Sojaprodukt, angereichert mit Calcium und Vitaminen.",alpro,Plain soy yogurts,"['en:plant-based-foods-and-beverages', 'en:fermented-foods', 'en:dairy-substitutes', 'en:desserts', 'en:vegan-products', 'en:non-dairy-desserts', 'en:non-dairy-fermented-foods', 'en:non-dairy-yogurts', 'en:soy-milk-yogurts', 'en:plain-soy-yogurts']","Low or no sugar, Low fat, No gluten, Calcium source, European Vegetarian Union Vegan, High proteins, No lactose","['en:low-or-no-fat', 'en:low-or-no-sugar', 'en:vegetarian', 'en:low-fat', 'en:no-gluten', 'en:source-of-proteins', 'en:vegan', 'en:calcium-source', 'en:european-vegetarian-union', 'en:european-vegetarian-union-vegan', 'en:high-proteins', 'en:no-lactose']","Wasser, geschälte SOJABOHNEN (10,7%), Zucker, Tricalciumcitrat, Stabilisator (Pektine), Säureregulatoren (Natriumcitrate, Citronensäure), Meersalz, Aroma, Antioxidationsmittel (stark tocopherolhaltige Extrakte, Fettsäureester der Ascorbinsäure), Vitamine (B6, B12, D2), Joghurtkulturen (S. thermophilus, L. bulgaricus).","['en:water', 'en:soya-bean', 'en:vegetable', 'en:legume', 'en:pulse', 'en:soya', 'en:sugar', 'en:added-sugar', 'en:disaccharide', 'en:e333iii', 'en:e333', 'en:stabiliser', 'en:acidity-regulator', 'en:sea-salt', 'en:salt', 'en:flavouring', 'en:antioxidant', 'en:vitamins', 'en:vitamin-b6', 'en:vitamin-b12', 'en:ergocalciferol', 'en:vitamin-d', 'en:lactic-ferments', 'en:ferment', 'en:microbial-culture', 'en:e440a', 'en:e331', 'en:e330', 'en:e306', 'en:e304', 'en:streptococcus-thermophilus', 'en:lactobacillus-bulgaricus', 'en:lactobacillus']","Kunststoff,Papier","['en:plastic', 'en:paper']","France, Germany, Italy, Norway","['en:france', 'en:germany', 'en:italy', 'en:norway']",rewe,,[],,a,76.0,https://images.openfoodfacts.org/images/products/541/118/813/7979/front_de.71.400.jpg,2023-04-22 12:09:59,2026-06-07 17:20:12,found,2026-06-10 12:14:25.113786,a,True,True,True,True,True,True,True,True,True
food,search,milch,20082857,Frischkäse der Sahnige,"Frischkäsezubereitung, Doppelrahmstufe, wärmebahandelt",Milbona,"Salted spreads, Fresh cheeses, Cream cheeses","['en:dairies', 'en:fermented-foods', 'en:fermented-milk-products', 'en:cheeses', 'en:spreads', 'en:salted-spreads', 'en:fresh-cheeses', 'en:cream-cheeses']","No gluten, No GMOs, de:05 PP, de:41 ALU","['en:no-gluten', 'en:no-gmos', 'de:05 PP', 'de:41 ALU']","Frischkäse (_Kuhmilch_, _Sahne_, Käsereikulturen, mikrobielles Lab), Speisesalz.","['en:soft-white-cheese', 'en:dairy', 'en:cheese', 'en:salt', 'en:cow-s-milk', 'en:milk', 'en:cream', 'en:lactic-ferments', 'en:ferment', 'en:microbial-culture', 'en:microbial-rennet', 'en:enzyme', 'en:coagulating-enzyme', 'en:rennet', 'en:vegetarian-rennet']","Metall, Kunststoff, Wiederverwertbare Metalle, Aluminium, PP - Polypropylen","['en:metal', 'en:plastic', 'en:recyclable-metals', 'en:aluminium', 'en:pp-polypropylene']",Germany,['en:germany'],Lidl,,[],,d,38.0,https://images.openfoodfacts.org/images/products/000/002/008/2857/front_de.107.400.jpg,2018-06-22 07:47:22,2026-06-09 20:10:12,found,2026-06-10 12:14:25.113797,d,True,True,True,True,True,True,True,True,True
food,search,milch,20281151,Crème brûlée,,Deluxe,Crème brûlée,"['en:dairies', 'en:desserts', 'en:dairy-desserts', 'en:creme-brulee']","Free range eggs, French milk, Triman","['en:free-range', 'en:free-range-eggs', 'en:french-milk', 'fr:triman']","38% Sahne, 36% Magermilch, Zucker, 11% Eigelb*, 4,7% Hühnereieiweiß*, 4% Karamellsplitter (Zucker, Glukosesirup). Kann Spuren von Gluten enthalten.","['en:cream', 'en:dairy', 'en:skimmed-milk', 'en:milk', 'en:sugar', 'en:added-sugar', 'en:disaccharide', 'en:egg-yolk', 'en:egg', 'en:chick-egg-white-or-protein', 'en:poultry', 'en:protein', 'en:animal-protein', 'en:chicken', 'en:egg-white', 'en:chicken-egg-white', 'en:chicken-protein', 'fr:eclats-de-caramel', 'en:glucose-syrup', 'en:monosaccharide', 'en:glucose']","Métal, Verre, Pot, Carton, Opercule, Étui, Opercule en métal, Pot en verre, Sachet en plastique, Étui en carton","['en:metal', 'en:glass', 'en:pot', 'en:cardboard', 'en:seal', 'en:sleeve', 'fr:opercule-en-metal', 'fr:pot-en-verre', 'fr:sachet-en-plastique', 'fr:etui-en-carton']","Austria, Bulgaria, Croatia, Estonia, France, Germany, Hungary, Latvia, Poland, Switzerland","['en:austria', 'en:bulgaria', 'en:croatia', 'en:estonia', 'en:france', 'en:germany', 'en:hungary', 'en:latvia', 'en:poland', 'en:switzerland']",Lidl,France,['en:france'],France,a,83.0,https://images.openfoodfacts.org/images/products/000/002/028/1151/front_de.174.400.jpg,2016-07-05 13:42:41,2026-06-04 01:45:20,found,2026-06-10 12:14:25.113809,a,True,True,True,True,True,True,True,True,True
food,search,milch,4016241030603,Skyr Natur,"Frischkäsezubereitung, Magerstufe",Arla,"Skyrs, Cream cheeses","['en:dairies', 'en:fermented-foods', 'en:fermented-milk-products', 'en:cheeses', 'en:desserts', 'en:dairy-desserts', 'en:fermented-dairy-desserts', 'en:fromages-blancs-petit-suisses-and-skyr', 'en:skyrs', 'en:cream-cheeses']","Made in Germany, too good to go","['en:made-in-germany', 'en:too-good-to-go']",Milch,"['en:milk', 'en:dairy']","Kunststoff,PET - Polyethylenterephtalat,Kanne,Pappe,Folie,Etikett,21 PAP","['en:plastic', 'en:pet-polyethylene-terephthalate', 'en:pot', 'en:cardboard', 'en:film', 'en:label', 'en:non-corrugated-cardboard']",Germany,['en:germany'],"aldi, kaufland","Germany, Denmark, Finland","['en:germany', 'en:denmark', 'en:finland']",deutschland,a,87.0,https://images.openfoodfacts.org/images/products/401/624/103/0603/front_de.160.400.jpg,2015-08-26 20:26:55,2026-06-10 00:34:56,found,2026-06-10 12:14:25.113822,a,True,True,True,True,True,True,True,True,True
food,search,milch,4061458047692,"Körniger Frischkäse, Halbfettstufe",Frischkäse,Milsani,"Cream cheeses, Plain cottage cheeses","['en:dairies', 'en:fermented-foods', 'en:fermented-milk-products', 'en:cheeses', 'en:desserts', 'en:dairy-desserts', 'en:fermented-dairy-desserts', 'en:plain-fermented-dairy-desserts', 'en:fresh-cheeses', 'en:cottage-cheeses', 'en:cream-cheeses', 'en:plain-cottage-cheeses']","Vegetarian, Ohne Gentechnik, 2023 Gold medal of the German Agricultural Society, Nutriscore Grade A, Nutriscore Grade B","['en:vegetarian', 'en:german-agricultural-society', 'en:gold-medal-of-the-german-agricultural-society', 'en:no-gmos', 'de:ohne-gentechnik', 'en:2023-gold-medal-of-the-german-agricultural-society', 'en:nutriscore', 'en:nutriscore-grade-a', 'en:nutriscore-grade-b']","magermilch , sahne , mikrobieller labaustauschstoff , salz , Milchsäurebakterien","['en:skimmed-milk', 'en:dairy', 'en:milk', 'en:cream', 'en:microbial-coagulating-enzyme', 'en:enzyme', 'en:coagulating-enzyme', 'en:salt', 'en:lactic-ferments', 'en:ferment', 'en:microbial-culture']","Metall, Kunststoff, Wiederverwertbare Metalle, Aluminium","['en:metal', 'en:plastic', 'en:recyclable-metals', 'en:aluminium']",Germany,['en:germany'],"Aldi, Aldi Süd",Germany,['en:germany'],"Bayern, Deutschland",c,47.0,https://images.openfoodfacts.org/images/products/406/145/804/7692/front_de.168.400.jpg,2019-02-09 15:48:16,2026-06-02 18:26:20,found,2026-06-10 12:14:25.113834,c,True,True,True,True,True,True,True,True,True
food,search,milch,4056489110149,Creme Joghurt mild Pfirsich Maracuja,,Milbona,"Fruit yogurts, Fermentierte Lebensmittel, Fermentierte Milch, Fruchtjoghurt, Joghurt, Milchnachspeisen, Milchprodukte","['en:dairies', 'en:fermented-foods', 'en:fermented-milk-products', 'en:desserts', 'en:dairy-desserts', 'en:fermented-dairy-desserts', 'en:fermented-dairy-desserts-with-fruits', 'en:yogurts', 'en:fruit-yogurts', 'en:Fermentierte Lebensmittel', 'en:Fermentierte Milch', 'en:Fruchtjoghurt', 'en:Joghurt', 'en:Milchnachspeisen', 'en:Milchprodukte']","Green Dot, Nutriscore Grade C","['en:green-dot', 'en:nutriscore', 'en:nutriscore-grade-c']","Joghurt mild, Zucker, 6.8% Pfirsiche, modifizierte Stärke, 1,7% Maracujasaft aus Maracujasaftkonzentrat, 1,5% Pfirsichsaft aus Pfirsichsaftkonzentrat, Verdickungsmittel: Pektine, Guarkernmehl; natürliches Aroma, färbendes Karottenkonzentrat, Säureregulatoren: Citronensäure, Calciumcitrate.","['en:mild-yogurt', 'en:dairy', 'en:yogurt', 'en:sugar', 'en:added-sugar', 'en:disaccharide', 'en:peach', 'en:fruit', 'en:prunus-species-fruit', 'en:modified-starch', 'en:starch', 'de:maracujasaft-aus-maracujasaftkonzentrat', 'en:juice', 'en:fruit-juice', 'en:passionfruit', 'en:passion-fruit-juice', 'en:peach-juice-from-concentrate', 'en:peach-juice', 'en:thickener', 'en:e412', 'en:natural-flavouring', 'en:flavouring', 'en:carrot-concentrate', 'en:vegetable', 'en:root-vegetable', 'en:taproot-vegetable', 'en:carrot', 'en:acidity-regulator', 'en:e333', 'en:e440a', 'en:e330']",Pot,['en:pot'],"France, Germany, Romania, Spain, United Kingdom","['en:france', 'en:germany', 'en:romania', 'en:spain', 'en:united-kingdom']",Lidl,Germany,['en:germany'],,a,80.0,https://images.openfoodfacts.org/images/products/405/648/911/0149/front_en.50.400.jpg,2019-11-20 00:30:26,2026-02-25 08:16:32,found,2026-06-10 12:14:25.113848,a,True,True,True,True,True,True,True,True,True
food,search,milch,7622300318116,Philadelphia Kräuter Doppelrahmstufe,"Frischkäsezubereitung der Doppelrahmstufe mit Kräuter, wärmebehandelt",Philadelphia,"Cheese spreads, Cream cheeses","['en:dairies', 'en:fermented-foods', 'en:fermented-milk-products', 'en:cheeses', 'en:spreads', 'en:salted-spreads', 'en:cheese-spreads', 'en:cream-cheeses']",Vegetarian,['en:vegetarian'],"Frischkäse, Molkenerzeugnis (Milch), Kräuter, Zwiebel, Knoblauch, Speisesalz, Verdickungsmittel (Guarkernmehl), Säuerungsmittel (Citronensäure)","['en:soft-white-cheese', 'en:dairy', 'en:cheese', 'en:whey-product', 'en:whey', 'en:herb', 'en:onion', 'en:vegetable', 'en:root-vegetable', 'en:onion-family-vegetable', 'en:garlic', 'en:salt', 'en:thickener', 'en:acid', 'en:e412', 'en:e330']","Metall,Kunststoff,Aluminium,Folie,Deckel,en:pp-polypropylene","['en:lid-or-cap', 'en:plastic', 'en:metal', 'en:pp-5-polypropylene', 'en:recyclable-metals', 'en:aluminium', 'en:film', 'en:lid']","Austria, Germany","['en:austria', 'en:germany']","Aldi, EDEKA, Lidl",,[],,d,36.0,https://images.openfoodfacts.org/images/products/762/230/031/8116/front_de.101.400.jpg,2015-08-07 18:45:45,2026-06-09 18:42:45,found,2026-06-10 12:14:25.113861,d,True,True,True,True,True,True,True,True,True
food,search,milch,4061458298292,Körniger Frischkäse,,Naturland,"Fresh cheeses, Cheese spreads, Cream cheeses","['en:dairies', 'en:fermented-foods', 'en:fermented-milk-products', 'en:cheeses', 'en:spreads', 'en:salted-spreads', 'en:fresh-cheeses', 'en:cheese-spreads', 'en:cream-cheeses']","Vegetarian, EU Organic, Haltungsform 5, Ohne Gentechnik, Naturland, Nutriscore Grade B","['en:vegetarian', 'en:organic', 'en:eu-organic', 'en:no-gmos', 'de:haltungsform', 'de:haltungsform-5-bio', 'de:ohne-gentechnik', 'en:naturland', 'en:nutriscore', 'en:nutriscore-grade-b']","Milch, Speisesalz, Käsereikulturen (enthalten Milch).","['en:milk', 'en:dairy', 'en:salt', 'en:lactic-ferments', 'en:ferment', 'en:microbial-culture']",,[],Germany,['en:germany'],,,[],,c,54.0,https://images.openfoodfacts.org/images/products/406/145/829/8292/front_de.17.400.jpg,2023-08-24 13:42:46,2026-06-01 15:01:00,found,2026-06-10 12:14:25.113872,c,True,True,True,True,True,True,False,True,True
food,search,milch,4104060031960,Bio-Kefir,,ANDECHSER NATUR,Kefir,"['en:beverages-and-beverages-preparations', 'en:beverages', 'en:dairies', 'en:fermented-foods', 'en:fermented-milk-products', 'en:dairy-drinks', 'en:fermented-drinks', 'en:fermented-milk-drinks', 'en:kefir']","EU Organic, Bioland","['en:organic', 'en:eu-organic', 'en:bioland']",Kefir.,"['en:kefir', 'en:dairy']",,[],Germany,['en:germany'],"Combi, Edeka, Globus, Netto MD, Rewe",Bayern,"['en:germany', 'en:bayern']",,unknown,,https://images.openfoodfacts.org/images/products/410/406/003/1960/front_de.21.400.jpg,2024-01-12 18:38:46,2026-06-04 19:29:58,found,2026-06-10 12:14:25.113883,unknown,False,True,True,True,True,True,False,True,True
food,search,milch,4104420094987,Soja Drink Natur,Bio Getränk auf Sojabasis,"Alnatura, Alnatura GmbH","Unsweetened plain soy-based drinks, de:Hülsenfrüchtedrinks","['en:beverages-and-beverages-preparations', 'en:plant-based-foods-and-beverages', 'en:beverages', 'en:plant-based-foods', 'en:legumes-and-their-products', 'en:dairy-substitutes', 'en:milk-substitutes', 'en:plant-based-beverages', 'en:plant-based-milk-alternatives', 'en:legume-based-drinks', 'en:soy-based-drinks', 'en:unsweetened-plain-soy-based-drinks', 'de:Hülsenfrüchtedrinks']","No gluten, No milk, de:Bio 7 Initiative, EG-Öko-Verordnung, Bioland, DE-ÖKO-001, DE-ÖKO-003, DE-ÖKO-013, EU/non-EU Agriculture, FSC Mix, Made in Germany, No added sugar, No lactose, Rich in vegetable protein, The Vegan Society, de:Fsc-c014047, de:VEGAN SOCIETY VEGAN LOGO","['en:vegetarian', 'en:no-gluten', 'en:organic', 'en:eu-organic', 'en:no-milk', 'en:non-eu-agriculture', 'en:source-of-proteins', 'en:vegan', 'de:bio-7-initiative', 'de:eg-öko-verordnung', 'en:bioland', 'en:de-oko-001', 'en:de-oko-003', 'en:de-oko-013', 'en:eu-agriculture', 'en:eu-non-eu-agriculture', 'en:fsc', 'en:fsc-mix', 'en:high-proteins', 'en:made-in-germany', 'en:no-added-sugar', 'en:no-lactose', 'en:rich-in-vegetable-protein', 'en:the-vegan-society', 'de:Fsc-c014047', 'de:VEGAN SOCIETY VEGAN LOGO']","Wasser, SOJABOHNEN* 9 % *aus biologischer Landwirtschaft","['en:water', 'en:soya-bean', 'en:vegetable', 'en:legume', 'en:pulse', 'en:soya']","Plastique, Tetra Pak, Brique, Carton, 84 C/PAP, Tetra Brik Aseptic","['en:plastic', 'en:tetra-pak', 'en:brick', 'en:cardboard', 'en:paper-and-cardboard-plastic-aluminium', 'fr:tetra-brik-aseptic']","Czech Republic, France, Germany, Switzerland, world","['en:czech-republic', 'en:france', 'en:germany', 'en:switzerland', 'en:world']","Alnatura, Globus","France, Italy, Austria","['en:france', 'en:italy', 'en:austria']",Allemagne,a-plus,93.0,https://images.openfoodfacts.org/images/products/410/442/009/4987/front_en.85.400.jpg,2014-06-18 11:27:31,2026-03-13 12:03:42,found,2026-06-10 12:14:25.113896,a-plus,True,True,True,True,True,True,True,True,True
food,search,milch,4061458018913,Streichfein ungesalzen,,MILSANI,Butters,"['en:dairies', 'en:fats', 'en:spreads', 'en:spreadable-fats', 'en:animal-fats', 'en:dairy-spreads', 'en:milkfat', 'en:butters']",Nutriscore Grade D,"['en:nutriscore', 'en:nutriscore-grade-d']","63% mildgesäuerte Butter, Wasser, 13 % Rapsöl.","['de:mildgesäuerte-butter', 'en:water', 'en:rapeseed-oil', 'en:oil-and-fat', 'en:vegetable-oil-and-fat']","Kunststoff, Kasten","['en:plastic', 'en:box']",Germany,['en:germany'],"Aldi Nord, Aldi Süd",,[],,e,24.0,https://images.openfoodfacts.org/images/products/406/145/801/8913/front_de.97.400.jpg,2019-02-10 08:44:54,2026-04-17 19:50:58,found,2026-06-10 12:14:25.113910,e,True,True,True,True,True,True,True,True,True
food,search,milch,5711953103780,Buko Balance,Frischkäsezubereitung,Arla BUKO,"Cream cheeses, de:Frischkäsezubereitungen","['en:dairies', 'en:fermented-foods', 'en:fermented-milk-products', 'en:cheeses', 'en:cream-cheeses', 'de:Frischkäsezubereitungen']",,[],"Frischkäse, Speisesalz.","['en:soft-white-cheese', 'en:dairy', 'en:cheese', 'en:salt']","Plastik, Alu-Folie","['en:plastic', 'de:alu-folie']",Germany,['en:germany'],,,[],,d,39.0,https://images.openfoodfacts.org/images/products/571/195/310/3780/front_de.35.400.jpg,2019-11-03 11:17:41,2026-05-09 09:26:24,found,2026-06-10 12:14:25.113922,d,True,True,True,True,False,True,True,True,True
food,search,milch,4061462842986,"H-Vollmilch 3,5 % Fett",,Milsani,"Beverages, UHT Milks, Whole milks","['en:beverages-and-beverages-preparations', 'en:beverages', 'en:dairies', 'en:milks-liquid-and-powder', 'en:milks', 'en:homogenized-milks', 'en:pasteurised-products', 'en:uht-milks', 'en:whole-milks']","Haltungsform 3, Ohne Gentechnik, FSC Mix, Nutriscore Grade C, de:Dlg-tierwohl-3-4","['en:no-gmos', 'de:haltungsform', 'de:haltungsform-3-frischluftklima', 'de:ohne-gentechnik', 'en:fsc', 'en:fsc-mix', 'en:nutriscore', 'en:nutriscore-grade-c', 'de:Dlg-tierwohl-3-4']",Haltbare Vollmilch,"['en:uht-pasteurised-whole-milk', 'en:dairy', 'en:milk', 'en:whole-milk']",,[],Germany,['en:germany'],Aldi,,[],,d,33.0,https://images.openfoodfacts.org/images/products/406/146/284/2986/front_de.96.400.jpg,2022-05-28 10:16:29,2026-04-24 14:42:00,found,2026-06-10 12:14:25.113933,d,True,True,True,True,True,True,False,True,True
food,search,milch,4003490323600,Joghurt Griechischer Art,griechischer Joghurt,Elinas,"Beverages, Greek-style yogurts","['en:beverages-and-beverages-preparations', 'en:beverages', 'en:dairies', 'en:fermented-foods', 'en:fermented-milk-products', 'en:desserts', 'en:dairy-desserts', 'en:fermented-dairy-desserts', 'en:yogurts', 'en:greek-style-yogurts']","No gluten, Ohne Gentechnik, Made in Germany, No added sugar","['en:no-gluten', 'en:no-gmos', 'de:ohne-gentechnik', 'en:made-in-germany', 'en:no-added-sugar']",Joghurt (Kuhmilch).,"['en:yogurt', 'en:dairy', 'en:cow-s-milk', 'en:milk']","Kunststoff,Kanne,41 ALU,Folie,Etikett,Karton","['en:metal', 'en:plastic', 'en:pot', 'en:recyclable-metals', 'en:aluminium', 'en:cardboard', 'en:film', 'en:label', 'en:paperboard']",Germany,['en:germany'],"Edeka, REWE",,[],Thalfang,e,28.0,https://images.openfoodfacts.org/images/products/400/349/032/3600/front_de.124.400.jpg,2015-01-31 20:54:40,2026-04-29 17:37:55,found,2026-06-10 12:14:25.113956,e,True,True,True,True,True,True,True,True,True
food,search,milch,4337256453776,Frischkäse,,REWE Bio,"Fresh cheeses, Cream cheeses","['en:dairies', 'en:fermented-foods', 'en:fermented-milk-products', 'en:cheeses', 'en:fresh-cheeses', 'en:cream-cheeses']","EU Organic, Ohne Gentechnik, de:Pro Planet, Naturland","['en:organic', 'en:eu-organic', 'en:no-gmos', 'de:ohne-gentechnik', 'de:pro-planet', 'en:naturland']","Milch, Speisesalz, Milchsäurekulturen, mikrobielles Lab","['en:milk', 'en:dairy', 'en:salt', 'en:lactic-ferments', 'en:ferment', 'en:microbial-culture', 'en:microbial-rennet', 'en:enzyme', 'en:coagulating-enzyme', 'en:rennet', 'en:vegetarian-rennet']",,[],Germany,['en:germany'],REWE,Germany,['en:germany'],,c,59.0,https://images.openfoodfacts.org/images/products/433/725/645/3776/front_de.32.400.jpg,2024-01-27 21:30:05,2026-03-12 07:44:27,found,2026-06-10 12:14:25.113967,c,True,True,True,True,True,True,False,True,True
food,search,milch,20053468,Gorgonzola DOP mild,,"Milbona, Igor",Gorgonzolas,"['en:dairies', 'en:fermented-foods', 'en:fermented-milk-products', 'en:cheeses', 'en:blue-veined-cheeses', 'en:italian-cheeses', 'en:gorgonzolas']","Made in Italy, PDO, Triman","['en:made-in-italy', 'en:pdo', 'fr:triman']","Pasteurisierte Kuhmilch, Käsereikulturen, Meersalz, tierisches Lab, Edelschimmelkulturen.","['en:cow-s-milk', 'en:dairy', 'en:milk', 'en:lactic-ferments', 'en:ferment', 'en:microbial-culture', 'en:sea-salt', 'en:salt', 'en:animal-based-rennet', 'en:enzyme', 'en:coagulating-enzyme', 'en:rennet', 'de:Edelschimmelkulturen']",PET PE 7 / PS 6,['fr:pet-pe-7-ps-6'],"Belgium, Bulgaria, France, Germany, Switzerland","['en:belgium', 'en:bulgaria', 'en:france', 'en:germany', 'en:switzerland']",Lidl,Italy,['en:italy'],,d,40.0,https://images.openfoodfacts.org/images/products/000/002/005/3468/front_de.60.400.jpg,2018-09-26 12:54:09,2026-06-01 20:13:53,found,2026-06-10 12:14:25.113978,d,True,True,True,True,True,True,True,True,True
food,search,milch,7394376620744,Hafermilch Voll,,Oatly,Oat-based drinks,"['en:beverages-and-beverages-preparations', 'en:plant-based-foods-and-beverages', 'en:beverages', 'en:plant-based-foods', 'en:cereals-and-potatoes', 'en:dairy-substitutes', 'en:cereals-and-their-products', 'en:milk-substitutes', 'en:plant-based-beverages', 'en:plant-based-milk-alternatives', 'en:cereal-based-drinks', 'en:oat-based-drinks']","No milk, Vegan, FSC, Green Dot, No soy","['en:vegetarian', 'en:no-milk', 'en:vegan', 'en:fsc', 'en:green-dot', 'en:no-soy']","Wasser, HAFER 10%, Rapsöl, Säureregulator (Dikaliumphosphat), Mineralien (Calciumcarbonat, Kaliumiodid), Zichorienwurzelfaser, Salz, Vitamine (D2, Riboflavin (B2), B12).","['en:water', 'en:oat', 'en:cereal', 'en:rapeseed-oil', 'en:oil-and-fat', 'en:vegetable-oil-and-fat', 'en:acidity-regulator', 'en:minerals', 'en:chicory-fibre', 'en:vegetable', 'en:fiber', 'en:shoot-vegetable', 'en:vegetable-fiber', 'en:chicory', 'en:salt', 'en:vitamins', 'en:ergocalciferol', 'en:vitamin-d', 'en:e101', 'en:vitamin-b12', 'en:e340ii', 'en:e340', 'en:e170i', 'en:e170', 'en:potassium-iodide', 'en:iodine']",,[],"Austria, Germany, Switzerland","['en:austria', 'en:germany', 'en:switzerland']","dm, rewe",European Union,['en:european-union'],eu,c,57.0,https://images.openfoodfacts.org/images/products/739/437/662/0744/front_de.76.400.jpg,2023-03-30 22:36:36,2026-05-28 09:47:20,found,2026-06-10 12:14:25.113989,c,True,True,True,True,True,True,False,True,True
food,search,milch,3090291386041,Käse Fol Epi classic,,Fol Epi,"Cow cheeses, Pasteurized cheeses, Sliced cheeses","['en:dairies', 'en:fermented-foods', 'en:fermented-milk-products', 'en:cheeses', 'en:cow-cheeses', 'en:pasteurised-products', 'en:pasteurized-cheeses', 'en:sliced-cheeses']","Green Dot, High in calcium, No lactose","['en:green-dot', 'en:high-in-calcium', 'en:no-lactose']","Pasteurisierte Kuhmilch, Speisesalz, Käsereikulturen, mikrobielles Lab, Farbstoffe: Carotin, Zuckerkulör. ¹in der essbaren Rinde.","['en:cow-s-milk', 'en:dairy', 'en:milk', 'en:salt', 'en:lactic-ferments', 'en:ferment', 'en:microbial-culture', 'en:microbial-rennet', 'en:enzyme', 'en:coagulating-enzyme', 'en:rennet', 'en:vegetarian-rennet', 'en:colour', 'en:e150a', 'de:in der essbaren Rinde', 'en:e160a']","Plastique, Frais, de:Packung(en), Folienverpackung","['en:plastic', 'en:fresh', 'de:packung-en', 'fr:folienverpackung']","Austria, Germany, Switzerland","['en:austria', 'en:germany', 'en:switzerland']",,,[],,d,39.0,https://images.openfoodfacts.org/images/products/309/029/138/6041/front_de.93.400.jpg,2017-02-07 22:23:38,2026-06-09 19:03:56,found,2026-06-10 12:14:25.114001,d,True,True,True,True,True,True,True,True,True
food,search,milch,4335619096448,Soja Vanille Geschmack,,Vemondo,Soy milk yogurts,"['en:plant-based-foods-and-beverages', 'en:fermented-foods', 'en:dairy-substitutes', 'en:desserts', 'en:vegan-products', 'en:non-dairy-desserts', 'en:non-dairy-fermented-foods', 'en:non-dairy-yogurts', 'en:soy-milk-yogurts']","Vegan, FSC Mix, Nutriscore Grade B","['en:vegetarian', 'en:vegan', 'en:fsc', 'en:fsc-mix', 'en:nutriscore', 'en:nutriscore-grade-b']","Wasser, 11% Sojabohnen, Zucker, modifizierte Stärke, Säureregulatoren: Citronensäure, Natriumcitrate, Calciumcitrate, Stärke, natürliches Aroma, färbendes Karottenkonzentrat, Meersalz, Verdickungsmittel: Johannisbrotkernmehl, gemahlene extrahierte Vanilleschoten, Joghurtkulturen,","['en:water', 'en:soya-bean', 'en:vegetable', 'en:legume', 'en:pulse', 'en:soya', 'en:sugar', 'en:added-sugar', 'en:disaccharide', 'en:modified-starch', 'en:starch', 'en:acidity-regulator', 'en:e331', 'en:e333', 'en:natural-flavouring', 'en:flavouring', 'en:carrot-concentrate', 'en:root-vegetable', 'en:taproot-vegetable', 'en:carrot', 'en:sea-salt', 'en:salt', 'en:thickener', 'en:exhausted-ground-vanilla-pod', 'en:plant', 'en:vanilla', 'en:vanilla-pod', 'en:exhausted-vanilla-pod', 'en:lactic-ferments', 'en:ferment', 'en:microbial-culture', 'en:e330', 'en:carob-seed-flour', 'en:flour', 'en:carob-bean']",,[],"Bulgaria, Germany, Portugal, Spain, Switzerland","['en:bulgaria', 'en:germany', 'en:portugal', 'en:spain', 'en:switzerland']",lidl,,[],,a,76.0,https://images.openfoodfacts.org/images/products/433/561/909/6448/front_de.39.400.jpg,2024-10-09 22:46:56,2026-05-29 12:21:16,found,2026-06-10 12:14:25.114012,a,True,True,True,True,True,True,False,True,True
food,search,milch,5410396152934,Kerrygold Cheddar herzhaft,Irischer Cheddar,"Kerrygold, Ornua Deutschland",Cheddar cheese,"['en:dairies', 'en:fermented-foods', 'en:fermented-milk-products', 'en:cheeses', 'en:cow-cheeses', 'en:cheeses-from-the-united-kingdom', 'en:cheeses-from-england', 'en:cheddar-cheese']","Vegetarian, Green Dot, No lactose, de:Unter Schutzatmosphäre verpackt","['en:vegetarian', 'en:green-dot', 'en:no-lactose', 'de:Unter Schutzatmosphäre verpackt']","Milch, Salz, Reifungskulturen, Labaustauschstoff, Farbstoff (Beta-Carotin). Mögliche weiße Reifekristalle sind ein Qualitätsmerkmal","['en:milk', 'en:dairy', 'en:salt', 'en:maturing-ferments', 'en:ferment', 'en:rennet', 'en:enzyme', 'en:coagulating-enzyme', 'en:colour', 'de:mögliche-weiße-reifekristalle-sind-ein-qualitätsmerkmal', 'en:beta-carotene-dye', 'en:e160a', 'en:e160ai']",Plastic,['en:plastic'],Germany,['en:germany'],,Ireland,['en:ireland'],Irland,d,43.0,https://images.openfoodfacts.org/images/products/541/039/615/2934/front_en.139.400.jpg,2017-03-19 08:54:26,2026-03-25 16:21:40,found,2026-06-10 12:14:25.114023,d,True,True,True,True,True,True,True,True,True
food,search,milch,4034900008145,Meggle Butter Streichzart - ungesalzen,,Meggle,"Salted spreads, Dairy spreads, Margarines, de:Mischstreichfett, de:Streichfette","['en:plant-based-foods-and-beverages', 'en:plant-based-foods', 'en:fats', 'en:spreads', 'en:plant-based-spreads', 'en:salted-spreads', 'en:vegetable-fats', 'en:spreadable-fats', 'en:dairy-spreads', 'en:margarines', 'de:mischfette', 'de:mischstreichfett', 'de:streichfette']",,[],"_Butter_ 63 %, Wasser, Rapsöl 13%, _Magermilchjoghurt_.","['en:butter', 'en:dairy', 'en:water', 'en:rapeseed-oil', 'en:oil-and-fat', 'en:vegetable-oil-and-fat', 'en:skimmed-yogurt', 'en:yogurt']","Metall, Kunststoff, Wiederverwertbare Metalle, Aluminium","['en:metal', 'en:plastic', 'en:recyclable-metals', 'en:aluminium']",Germany,['en:germany'],"Edeka, Netto MD, Rewe",,[],,b,63.0,https://images.openfoodfacts.org/images/products/403/490/000/8145/front_de.63.400.jpg,2018-11-12 14:44:21,2026-04-19 11:58:13,found,2026-06-10 12:14:25.114035,b,True,True,True,True,False,True,True,True,True
food,search,milch,4019300168095,Milder Skyr,,Exquisa,"Skyrs, Cream cheeses","['en:dairies', 'en:fermented-foods', 'en:fermented-milk-products', 'en:cheeses', 'en:desserts', 'en:dairy-desserts', 'en:fermented-dairy-desserts', 'en:fromages-blancs-petit-suisses-and-skyr', 'en:skyrs', 'en:cream-cheeses']",,[],Frischkäse,"['en:soft-white-cheese', 'en:dairy', 'en:cheese']",Kanne,['en:pot'],"Austria, France, Germany, Switzerland","['en:austria', 'en:france', 'en:germany', 'en:switzerland']",denner,,[],,a,76.0,https://images.openfoodfacts.org/images/products/401/930/016/8095/front_en.24.400.jpg,2020-02-01 19:23:39,2026-06-09 20:20:42,found,2026-06-10 12:14:25.114047,a,True,True,True,True,False,True,True,True,True
food,search,milch,5411188138112,EDEKA Alpro Danone ALPRO® Joghurt Soja Hafer 400g 1.99€ 1kg 4.98€,"Fermentiertes Sojaprodukt mit Hafer, angereichert mit Calcium und Vitaminen.",alpro,"Yogurts, Plain soy yogurts","['en:plant-based-foods-and-beverages', 'en:dairies', 'en:fermented-foods', 'en:fermented-milk-products', 'en:dairy-substitutes', 'en:desserts', 'en:vegan-products', 'en:dairy-desserts', 'en:non-dairy-desserts', 'en:non-dairy-fermented-foods', 'en:fermented-dairy-desserts', 'en:non-dairy-yogurts', 'en:soy-milk-yogurts', 'en:yogurts', 'en:plain-soy-yogurts']","No lactose, Nutriscore Grade A","['en:no-lactose', 'en:nutriscore', 'en:nutriscore-grade-a']","SOJABASIS (Wasser, geschälte SOJABOHNEN (9,7%)), HAFER (3%), Zichorienwurzelfasern, Zucker, Tricalciumcitrat, Säureregulatoren (Citronensäure, Natriumcitrate), Stabilisator (Pektine), natürliches Aroma, Meersalz, Antioxidationsmittel (stark tocopherolhaltige Extrakte, Fettsäureester der Ascorbinsäure), Vitamine (B12, D2), Joghurtkulturen (Str. thermophilus, L. bulgaricus) Kann Spuren von SCHALENFRÜCHTEN (keine Erdnüsse) enthalten.","['en:soy-base', 'en:oat', 'en:cereal', 'en:chicory-fibre', 'en:vegetable', 'en:fiber', 'en:shoot-vegetable', 'en:vegetable-fiber', 'en:chicory', 'en:sugar', 'en:added-sugar', 'en:disaccharide', 'en:e333iii', 'en:e333', 'en:acidity-regulator', 'en:stabiliser', 'en:natural-flavouring', 'en:flavouring', 'en:sea-salt', 'en:salt', 'en:antioxidant', 'en:vitamins', 'en:vitamin-b12', 'en:ergocalciferol', 'en:vitamin-d', 'en:lactic-ferments', 'en:ferment', 'en:microbial-culture', 'de:enthalten', 'en:water', 'en:soya-bean', 'en:legume', 'en:pulse', 'en:soya', 'en:e330', 'en:e331', 'en:e440a', 'en:e306', 'en:e304', 'de:Str', 'de:thermophilus', 'en:lactobacillus-bulgaricus', 'en:lactobacillus', 'de:keine Erdnüsse']",,[],"Germany, Luxembourg, Spain","['en:germany', 'en:luxembourg', 'en:spain']",,,[],,a,76.0,https://images.openfoodfacts.org/images/products/541/118/813/8112/front_de.22.400.jpg,2023-04-21 09:23:08,2026-06-10 09:35:06,found,2026-06-10 12:14:25.114059,a,True,True,True,True,True,True,False,True,True
food,search,milch,8719200263543,Becel ProActiv Margarine,,Becel,Margarines,"['en:plant-based-foods-and-beverages', 'en:plant-based-foods', 'en:fats', 'en:spreads', 'en:plant-based-spreads', 'en:vegetable-fats', 'en:spreadable-fats', 'en:margarines']",,[],"Wasser, pflanzliche Öle (Raps, Sonnenblumen, Leinsamen), 9% Pflanzensterinester, Kokosfett, Emulgatoren (Mono - und Diglyceride von Speisefettsäuren, Lecithin), natürliche Aromen, Farbstoff (Carotin), Vitamin D.","['en:water', 'en:vegetable-oil', 'en:oil-and-fat', 'en:vegetable-oil-and-fat', 'en:flax-seed', 'en:seed', 'en:flax', 'de:Pflanzensterinester', 'en:coconut-fat', 'en:vegetable-fat', 'en:emulsifier', 'en:natural-flavouring', 'en:flavouring', 'en:colour', 'en:vitamin-d', 'en:vitamins', 'en:rapeseed-oil', 'en:sunflower-fat', 'en:e471', 'en:e322i', 'en:e322', 'en:e160a']",,[],"Germany, Switzerland","['en:germany', 'en:switzerland']",,,[],,b,61.0,https://images.openfoodfacts.org/images/products/871/920/026/3543/front_de.9.400.jpg,2023-10-15 11:18:22,2026-06-03 10:50:18,found,2026-06-10 12:14:25.114070,b,True,True,True,True,False,True,False,True,True
food,search,milch,20851750,Mini Mozzarella,,Milbona,Cow mozzarella,"['en:dairies', 'en:fermented-foods', 'en:fermented-milk-products', 'en:cheeses', 'en:cow-cheeses', 'en:italian-cheeses', 'en:stretched-curd-cheeses', 'en:mozzarella', 'en:cow-mozzarella']","Ohne Gentechnik, V-Label International Vegetarian","['en:vegetarian', 'en:no-gmos', 'de:ohne-gentechnik', 'en:v-label-international', 'en:v-label-international-vegetarian']","Pasteurisierte Kuhmilch, mikrobielles Lab, Speisesalz, Säuerungsmittel: Citronensäure.","['en:cow-s-milk', 'en:dairy', 'en:milk', 'en:microbial-rennet', 'en:enzyme', 'en:coagulating-enzyme', 'en:rennet', 'en:vegetarian-rennet', 'en:salt', 'en:acid', 'en:e330']","Plastique, Frais","['en:plastic', 'en:fresh']","Bulgaria, Croatia, France, Germany, Greece, Slovenia","['en:bulgaria', 'en:croatia', 'en:france', 'en:germany', 'en:greece', 'en:slovenia']",Lidl,Germany,['en:germany'],,c,52.0,https://images.openfoodfacts.org/images/products/000/002/085/1750/front_en.107.400.jpg,2017-05-14 21:42:00,2026-05-23 12:19:50,found,2026-06-10 12:14:25.114081,c,True,True,True,True,True,True,True,True,True
food,search,milch,4003751002848,Obazda klassisch,Käsezubereitung Doppelrahmstufe wärmebehandelt,Alpenhain,Camemberts,"['en:dairies', 'en:fermented-foods', 'en:fermented-milk-products', 'en:cheeses', 'en:soft-cheeses', 'en:cow-cheeses', 'en:soft-cheeses-with-bloomy-rind', 'en:camemberts']","Vegetarian, No gluten, No preservatives, Ohne Gentechnik, PGI","['en:vegetarian', 'en:no-gluten', 'en:no-gmos', 'en:no-preservatives', 'de:ohne-gentechnik', 'en:pgi']","53% Camembert, Rahm; Butter; Frischkäse, Zwiebeln; Salz, Gewürze, Kümmel","['en:camembert', 'en:dairy', 'en:cheese', 'en:cream', 'en:butter', 'en:soft-white-cheese', 'en:onion', 'en:vegetable', 'en:root-vegetable', 'en:onion-family-vegetable', 'en:salt', 'en:spice', 'en:condiment', 'en:caraway']","Schüssel,PP - Polypropylen","['en:plastic', 'en:pp-polypropylene', 'en:bowl']",Germany,['en:germany'],hit,Bayern,"['en:germany', 'en:bayern']",d-83539-pfaffing,c,49.0,https://images.openfoodfacts.org/images/products/400/375/100/2848/front_de.97.400.jpg,2015-01-17 10:16:52,2026-06-06 14:51:43,found,2026-06-10 12:14:25.114094,c,True,True,True,True,True,True,True,True,True
food,search,milch,8719200233744,Butter,,Rama,"Margarines, de:Pflanzliche-streichfette, de:Pflanzliches Streichfett","['en:plant-based-foods-and-beverages', 'en:plant-based-foods', 'en:fats', 'en:spreads', 'en:plant-based-spreads', 'en:vegetable-fats', 'en:spreadable-fats', 'en:margarines', 'de:Pflanzliche-streichfette', 'de:Pflanzliches Streichfett']","No preservatives, Made in the EU, No palm oil, V-Label International Vegan","['en:vegetarian', 'en:no-preservatives', 'en:vegan', 'en:made-in-the-eu', 'en:no-palm-oil', 'en:v-label-international', 'en:v-label-international-vegan']","Pflanzliche Fette und Ole (Sonnenblumen, Raps), Trinkwasser, Kokosfett, Ackerbohnenprotein, Emulgator (Lecithin), natürliche Aromen, Vitamine (D2, B1, B2, B6, B12, Folsäure), Farbstoff (Carotin), Dextrose.","['en:vegetable-fat', 'en:oil-and-fat', 'en:vegetable-oil-and-fat', 'de:ole', 'en:water', 'en:coconut-fat', 'en:broad-bean-protein', 'en:protein', 'en:plant-protein', 'en:emulsifier', 'en:natural-flavouring', 'en:flavouring', 'en:vitamins', 'en:ergocalciferol', 'en:vitamin-d', 'en:thiamin', 'en:e101', 'en:vitamin-b6', 'en:vitamin-b12', 'en:folic-acid', 'en:folate', 'en:colour', 'en:dextrose', 'en:added-sugar', 'en:monosaccharide', 'en:glucose', 'en:sunflower-fat', 'en:rapeseed-oil', 'en:e322i', 'en:e322', 'en:e160a']",Kunststoff,['en:plastic'],Germany,['en:germany'],"Edeka, Rewe",de:Hergestellt in der EU,['de:Hergestellt in der EU'],,b,63.0,https://images.openfoodfacts.org/images/products/871/920/023/3744/front_de.56.400.jpg,2022-07-22 12:44:23,2026-04-09 17:30:10,found,2026-06-10 12:14:25.114107,b,True,True,True,True,True,True,True,True,True
food,search,milch,4000400008053,Kräuter der Provence,"Frischkäsezubereitung, wärmebehandelt",Bresso,"Cow cheeses, Cheese spreads, Cream cheeses","['en:dairies', 'en:fermented-foods', 'en:fermented-milk-products', 'en:cheeses', 'en:spreads', 'en:salted-spreads', 'en:cow-cheeses', 'en:cheese-spreads', 'en:cream-cheeses']","Ohne Gentechnik, natural flavors","['en:no-gmos', 'de:ohne-gentechnik', 'en:natural-flavors']","_Frischkäse_, _Crème Fraiche_, _Butter_, Kräuter der Provence, Kräuter, Stärke, Gewürze, Speisesalz, natürliche Aromen, Stickstoff zum Aufschlagen.","['en:soft-white-cheese', 'en:dairy', 'en:cheese', 'de:crème-fraiche', 'en:butter', 'en:herbes-de-provence', 'en:herb', 'en:starch', 'en:spice', 'en:condiment', 'en:salt', 'en:natural-flavouring', 'en:flavouring', 'en:e931']","Plastic,Pot","['en:plastic', 'en:pot']","Austria, Germany","['en:austria', 'en:germany']","Hofer, NETTO",,[],"Allgäu, Deutschland",d,37.0,https://images.openfoodfacts.org/images/products/400/040/000/8053/front_de.100.400.jpg,2016-04-24 23:53:37,2026-04-27 23:10:50,found,2026-06-10 12:14:25.114120,d,True,True,True,True,True,True,True,True,True
food,search,milch,4002468084017,Frischkäse Almette Kräuter,"Frischkäse wärmebehandelt, Doppelrahmstufe",Almette,"Fresh cheeses, Cream cheeses","['en:dairies', 'en:fermented-foods', 'en:fermented-milk-products', 'en:cheeses', 'en:fresh-cheeses', 'en:cream-cheeses']","No preservatives, Ohne Gentechnik, Green Dot, de:DLG Tierwohl Silber","['en:no-gmos', 'en:no-preservatives', 'de:ohne-gentechnik', 'en:green-dot', 'de:DLG Tierwohl Silber']","_Frischkäse_, Schnittlauch, Petersilie, Gewürze (Zwiebeln, Knoblauch), Speisesalz, Stärke, Stickstoff zum Aufschlagen","['en:soft-white-cheese', 'en:dairy', 'en:cheese', 'en:chives', 'en:vegetable', 'en:root-vegetable', 'en:onion-family-vegetable', 'en:parsley', 'en:herb', 'en:leaf-vegetable', 'en:spice', 'en:condiment', 'en:salt', 'en:starch', 'en:e931', 'en:onion', 'en:garlic']","en:Plastic, PP","['en:plastic', 'en:pp-polypropylene']",Germany,['en:germany'],"Edeka, Netto MD, Rewe, Tegut",,[],,d,41.0,https://images.openfoodfacts.org/images/products/400/246/808/4017/front_de.84.400.jpg,2015-07-25 21:44:50,2026-05-11 18:11:51,found,2026-06-10 12:14:25.114133,d,True,True,True,True,True,True,True,True,True
food,search,milch,5411188128601,Skyr Alternative Vanille aus Soja,"Fermentiertes Sojaprodukt, Vanillegeschmack, angereichert mit Calcium und Vitaminen.",alpro,Soy milk yogurts,"['en:plant-based-foods-and-beverages', 'en:fermented-foods', 'en:dairy-substitutes', 'en:desserts', 'en:vegan-products', 'en:non-dairy-desserts', 'en:non-dairy-fermented-foods', 'en:non-dairy-yogurts', 'en:soy-milk-yogurts']","No gluten, Certified B Corporation, High proteins, V-Label International Vegan","['en:vegetarian', 'en:no-gluten', 'en:source-of-proteins', 'en:vegan', 'en:certified-b-corporation', 'en:high-proteins', 'en:v-label-international', 'en:v-label-international-vegan']","Wasser, geschälte Sojabohnen (13,9%), Zucker, Stabilisator (Pektine), Säureregulatoren (Citronensäure, Natriumcitrate, Apfelsäure), Calcium (Tricalciumphosphat), natürliches Aroma, Meersalz, Antioxidationsmittel (stark tocopherolhaltige Extrakte, Fettsäureester der Ascorbinsäure), extrahierte Vanilleschoten (0,02%), natürliches Vanillearoma mit anderen natürlichen Aromen, färbendes Karottenkonzentrat, Vitamine B12, B2, D2, Joghurtkulturen (S. thermophilus, L. bulgaricus).","['en:water', 'en:soya-bean', 'en:vegetable', 'en:legume', 'en:pulse', 'en:soya', 'en:sugar', 'en:added-sugar', 'en:disaccharide', 'en:stabiliser', 'en:acidity-regulator', 'en:calcium', 'en:minerals', 'en:natural-flavouring', 'en:flavouring', 'en:sea-salt', 'en:salt', 'en:antioxidant', 'en:vanilla-pod', 'en:plant', 'en:vanilla', 'en:natural-vanilla-flavouring-with-other-natural-flavourings', 'en:vanilla-flavouring', 'en:natural-vanilla-flavouring', 'en:carrot-concentrate', 'en:root-vegetable', 'en:taproot-vegetable', 'en:carrot', 'en:vitamins', 'en:vitamin-b12', 'en:e101', 'en:ergocalciferol', 'en:vitamin-d', 'en:lactic-ferments', 'en:ferment', 'en:microbial-culture', 'en:e440a', 'en:e330', 'en:e331', 'en:e296', 'en:e341iii', 'en:e341', 'en:e306', 'en:e304', 'en:streptococcus-thermophilus', 'en:lactobacillus-bulgaricus', 'en:lactobacillus']","Metal,Pot,Recyclable Metals,Aluminium,Plastique","['en:metal', 'en:pot', 'en:recyclable-metals', 'en:aluminium', 'en:plastique']","Finland, France, Germany, Poland, Switzerland","['en:finland', 'en:france', 'en:germany', 'en:poland', 'en:switzerland']","coop, kaufland, rewe",,[],Union Européenne,a,79.0,https://images.openfoodfacts.org/images/products/541/118/812/8601/front_de.151.400.jpg,2019-05-30 15:31:23,2026-06-03 14:22:49,found,2026-06-10 12:14:25.114145,a,True,True,True,True,True,True,True,True,True
food,search,milch,3023260033424,Schafskäse,,Salakis,"Feta, Käse","['en:dairies', 'en:fermented-foods', 'en:fermented-milk-products', 'en:cheeses', 'en:greek-cheeses', 'en:feta', 'en:Käse']","Vegetarian, No gluten, No preservatives, Ohne Gentechnik, 120 days grass-fed, No palm oil","['en:vegetarian', 'en:no-gluten', 'en:animal-welfare', 'en:no-gmos', 'en:no-preservatives', 'de:ohne-gentechnik', 'en:120-days-grass-fed', 'en:no-palm-oil']","pasteurisierte Schafmilch, Salzlake","['en:sheeps-milk', 'en:dairy', 'en:milk', 'en:brine']",,[],"Austria, Germany","['en:austria', 'en:germany']",tegut,,[],,e,18.0,https://images.openfoodfacts.org/images/products/302/326/003/3424/front_en.29.400.jpg,2023-01-22 19:48:32,2026-06-08 16:02:56,found,2026-06-10 12:14:25.114157,e,True,True,True,True,True,True,False,True,True
food,search,milch,8719200261556,Lätta Extra Fit,,Lätta,Light margarines,"['en:plant-based-foods-and-beverages', 'en:plant-based-foods', 'en:fats', 'en:spreads', 'en:plant-based-spreads', 'en:vegetable-fats', 'en:spreadable-fats', 'en:margarines', 'en:light-margarines']",No palm oil,['en:no-palm-oil'],"Trinkwasser, pflanzliche Öle (Raps, Sonnenblume) Kokosfett, modifizierte Stärke, Speisesalz (0,8%), Emulgatoren (Mono - und Diglyceride von Speisefettsäuren, Lecithin), Säuerungsmittel (Milchsäure), Konservierungsstoff (Kaliumsorbat), natürliche Aromen, Farbstoff (Carotin), Vitamin D.","['en:water', 'en:vegetable-oil', 'en:oil-and-fat', 'en:vegetable-oil-and-fat', 'en:coconut-fat', 'en:vegetable-fat', 'en:modified-starch', 'en:starch', 'en:salt', 'en:emulsifier', 'en:acid', 'en:preservative', 'en:natural-flavouring', 'en:flavouring', 'en:colour', 'en:vitamin-d', 'en:vitamins', 'en:rapeseed', 'en:vegetable', 'en:root-vegetable', 'en:sunflower', 'en:plant', 'en:e471', 'en:e322i', 'en:e322', 'en:e270', 'en:e202', 'en:e160a']",,[],Germany,['en:germany'],,,[],,b,61.0,https://images.openfoodfacts.org/images/products/871/920/026/1556/front_de.30.400.jpg,2023-10-15 13:58:39,2026-05-29 05:49:47,found,2026-06-10 12:14:25.114168,b,True,True,True,True,True,True,False,True,True
food,search,milch,3161710000135,Caprice des Dieux,"Französischer Rahm-Weichkäse aus pasteurisierter Milch, Doppelrahmstufe",Caprice des Dieux,"Cow cheeses, Soft cheeses with bloomy rind, French cheeses, Pasteurized cheeses, Soft cheese with a natural rind","['en:dairies', 'en:fermented-foods', 'en:fermented-milk-products', 'en:cheeses', 'en:soft-cheeses', 'en:cow-cheeses', 'en:soft-cheeses-with-bloomy-rind', 'en:pasteurised-products', 'en:french-cheeses', 'en:pasteurized-cheeses', 'en:soft-cheese-with-a-natural-rind']",No lactose,['en:no-lactose'],"Französischer Rahm-Weichkäse aus pasteurisierter Milch, Doppelrahmstufe","['de:Französischer Rahm-Weichkäse aus pasteurisierter Milch', 'de:Doppelrahmstufe']","Carton, Emballage, Papier cartonné, Etui en carton","['en:cardboard', 'en:packaging', 'en:paperboard', 'fr:etui-en-carton']","Belgium, France, Germany, Morocco, Switzerland","['en:belgium', 'en:france', 'en:germany', 'en:morocco', 'en:switzerland']","Delhaize, Magasins U",,[],Frankreich,d,38.0,https://images.openfoodfacts.org/images/products/316/171/000/0135/front_en.94.400.jpg,2016-02-07 21:27:37,2026-06-02 04:52:43,found,2026-06-10 12:14:25.114179,d,True,True,True,True,True,True,True,True,True
food,search,milch,4061458029766,Sonnenblumen-Margarine,,Bellasan,"Salted spreads, Margarines","['en:plant-based-foods-and-beverages', 'en:plant-based-foods', 'en:fats', 'en:spreads', 'en:plant-based-spreads', 'en:salted-spreads', 'en:vegetable-fats', 'en:spreadable-fats', 'en:margarines']","2018 Gold medal of the German Agricultural Society, 2023 Gold medal of the German Agricultural Society, Nutriscore Grade D, V-Label International Vegan","['en:vegetarian', 'en:german-agricultural-society', 'en:gold-medal-of-the-german-agricultural-society', 'en:vegan', 'en:2018-gold-medal-of-the-german-agricultural-society', 'en:2023-gold-medal-of-the-german-agricultural-society', 'en:nutriscore', 'en:nutriscore-grade-d', 'en:v-label-international', 'en:v-label-international-vegan']","Pflanzliche Öle (Sonnenblumen (63 %), ganz gehärtete Sonnenblumen, Kokos), Wasser, Emulgator (E471, Lecithine), Salz (0,2 %), natürliches Aroma, Säuerungsmittel (Citronensäure), Farbstoff (Carotine), Vitamin D2. 

Kann Spuren enthalten von: Milch.","['en:vegetable-oil', 'en:oil-and-fat', 'en:vegetable-oil-and-fat', 'en:water', 'en:emulsifier', 'en:salt', 'en:natural-flavouring', 'en:flavouring', 'en:acid', 'en:colour', 'en:ergocalciferol', 'en:vitamins', 'en:vitamin-d', 'de:Kann Spuren enthalten von', 'en:sunflower', 'en:plant', 'de:ganz gehärtete Sonnenblumen', 'en:coconut', 'en:fruit', 'en:e471', 'en:e322', 'en:e330', 'en:e160a']",Kunststoff,['en:plastic'],Germany,['en:germany'],"Aldi Nord, Aldi Süd",,[],,b,66.0,https://images.openfoodfacts.org/images/products/406/145/802/9766/front_de.117.400.jpg,2019-04-19 19:07:41,2026-06-03 13:57:41,found,2026-06-10 12:14:25.114191,b,True,True,True,True,True,True,True,True,True
food,search,milch,4032549018082,Körniger Frischkäse,,Dovgan Family,"Cow cheeses, Cheese spreads, Cream cheeses","['en:dairies', 'en:fermented-foods', 'en:fermented-milk-products', 'en:cheeses', 'en:spreads', 'en:salted-spreads', 'en:cow-cheeses', 'en:cheese-spreads', 'en:cream-cheeses']",Green Dot,['en:green-dot'],"pasteurisierte _Kuhmilch_, Milchsäurebakterien.","['en:cow-s-milk', 'en:dairy', 'en:milk', 'en:lactic-ferments', 'en:ferment', 'en:microbial-culture']",Kunststoff,['en:plastic'],"Germany, Latvia","['en:germany', 'en:latvia']",aldi,Germany,['en:germany'],,c,48.0,https://images.openfoodfacts.org/images/products/403/254/901/8082/front_de.50.400.jpg,2020-03-03 10:12:56,2026-05-29 13:38:07,found,2026-06-10 12:14:25.114202,c,True,True,True,True,True,True,True,True,True
food,search,milch,5411188138334,Lemon cheesecake flavour aus Soja,"Fermentiertes Sojaprodukt, Zitronen-Käsekuchen-Geschmack, mit Calcium und Vitaminen.",alpro,Soy milk yogurts,"['en:plant-based-foods-and-beverages', 'en:fermented-foods', 'en:dairy-substitutes', 'en:desserts', 'en:vegan-products', 'en:non-dairy-desserts', 'en:non-dairy-fermented-foods', 'en:non-dairy-yogurts', 'en:soy-milk-yogurts']","No gluten, Certified B Corporation, European Vegetarian Union Vegan, No lactose, Nutriscore, V-Label International Vegan","['en:vegetarian', 'en:no-gluten', 'en:vegan', 'en:certified-b-corporation', 'en:european-vegetarian-union', 'en:european-vegetarian-union-vegan', 'en:no-lactose', 'en:nutriscore', 'en:v-label-international', 'en:v-label-international-vegan']","Wasser, geschälte Sojabohnen (9,9%), Zucker, Zitronenmischung (2,8%) (Zitronensaft aus Zitronensaftkonzentrat (1,7%), Frucht (1,1%)), Glukose-Fruktose-Sirup, Calcium (Tricalciumcitrat), Stabilisator (Pektine), Säureregulatoren (Citronensäure, Natriumcitrate), modifizierte Stärke, Meersalz, Aroma, Antioxidationsmittel (stark tocopherolhaltige Extrakte, Fettsäureester der Ascorbinsäure), Vitamine B2, B12, D2, Joghurtkulturen (S. thermophilus, L. bulgaricus). Kann Spuren von Schalenfrüchten enthalten.","['en:water', 'en:soya-bean', 'en:vegetable', 'en:legume', 'en:pulse', 'en:soya', 'en:sugar', 'en:added-sugar', 'en:disaccharide', 'de:Zitronenmischung', 'en:glucose-fructose-syrup', 'en:monosaccharide', 'en:fructose', 'en:glucose', 'en:calcium', 'en:minerals', 'en:stabiliser', 'en:acidity-regulator', 'en:modified-starch', 'en:starch', 'en:sea-salt', 'en:salt', 'en:flavouring', 'en:antioxidant', 'en:vitamins', 'en:e101', 'en:vitamin-b12', 'en:ergocalciferol', 'en:vitamin-d', 'en:lactic-ferments', 'en:ferment', 'en:microbial-culture', 'en:lemon-juice-from-concentrate', 'en:fruit', 'en:juice', 'en:fruit-juice', 'en:lemon-juice', 'en:e333iii', 'en:e333', 'en:e440a', 'en:e330', 'en:e331', 'en:e306', 'en:e304', 'en:streptococcus-thermophilus', 'en:lactobacillus-bulgaricus', 'en:lactobacillus']",,[],"France, Germany, Spain","['en:france', 'en:germany', 'en:spain']","Edeka, Rewe","Hergestellt in Europa, Sojabohnen EU, Sojabohnen nicht EU (Kanada)","['en:Hergestellt in Europa', 'en:Sojabohnen EU', 'en:Sojabohnen nicht EU (Kanada)']",,a,79.0,https://images.openfoodfacts.org/images/products/541/118/813/8334/front_de.44.400.jpg,2024-03-05 23:01:09,2026-06-04 10:42:39,found,2026-06-10 12:14:25.114213,a,True,True,True,True,True,True,False,True,True
food,search,milch,20094508,Crefee mit feinen  Kräutern,Frischkäsezubereitung mit Kräutern,Milbona,"Cream cheeses, de:Frischkäsezubereitung","['en:dairies', 'en:fermented-foods', 'en:fermented-milk-products', 'en:cheeses', 'en:cream-cheeses', 'de:Frischkäsezubereitung']",Made in Germany,['en:made-in-germany'],"Frischkäse, Speisesalz, Kräuter, Gewürze, Knoblauch, Zwiebeln, Verdickungsmittel: Johannisbrotkernmehl, Guarkernmehl; Stickstoff zum Aufschlagen.","['en:soft-white-cheese', 'en:dairy', 'en:cheese', 'en:salt', 'en:herb', 'en:spice', 'en:condiment', 'en:garlic', 'en:vegetable', 'en:root-vegetable', 'en:onion-family-vegetable', 'en:onion', 'en:thickener', 'en:e412', 'en:e931', 'en:carob-seed-flour', 'en:flour', 'en:legume', 'en:pulse', 'en:carob-bean']","Metall,Kunststoff,PET - Polyethylenterephtalat,Wiederverwertbare Metalle,Aluminium,PP - Polypropylen","['en:plastic', 'en:metal', 'en:pet-polyethylene-terephthalate', 'en:pp-polypropylene', 'en:recyclable-metals', 'en:aluminium']","Germany, Hungary, Lithuania, Romania, Serbia, Switzerland","['en:germany', 'en:hungary', 'en:lithuania', 'en:romania', 'en:serbia', 'en:switzerland']",Lidl,,[],,d,34.0,https://images.openfoodfacts.org/images/products/000/002/009/4508/front_en.66.400.jpg,2016-02-19 22:23:15,2026-04-09 22:10:40,found,2026-06-10 12:14:25.114224,d,True,True,True,True,True,True,True,True,True
food,search,milch,4056489118206,Skyr Erdbeere,"Frischkäsezubereitung mit 20% Erdbeerzubereitung mit Süßungsmitteln, Magerstufe im Milchanteil",Milbona,"Skyrs, Cream cheeses","['en:dairies', 'en:fermented-foods', 'en:fermented-milk-products', 'en:cheeses', 'en:desserts', 'en:dairy-desserts', 'en:fermented-dairy-desserts', 'en:fromages-blancs-petit-suisses-and-skyr', 'en:skyrs', 'en:cream-cheeses']",Made in Germany,['en:made-in-germany'],"Entrahmte _Milch_, Wasser, 7% Erdbeere, modifizierte Stärke, Zitronesaftkonzentrat, Verdickungsmittel: Pektine, Xanthan, färbendes Karottenkonzentrat, Säureregulaturen: Calciumlactat, Citronensäure, Starterkulturen, mikrobielles Lab, natürliches Aroma (enthält _Milch_), Süßungsmittel: Aspartam, Acesulfam K,","['en:skimmed-milk', 'en:dairy', 'en:milk', 'en:water', 'en:strawberry', 'en:fruit', 'en:berries', 'en:modified-starch', 'en:starch', 'en:lemon', 'en:citrus-fruit', 'en:thickener', 'en:e415', 'en:carrot-concentrate', 'en:vegetable', 'en:root-vegetable', 'en:taproot-vegetable', 'en:carrot', 'de:Säureregulaturen', 'en:e330', 'en:lactic-ferments', 'en:ferment', 'en:microbial-culture', 'en:microbial-rennet', 'en:enzyme', 'en:coagulating-enzyme', 'en:rennet', 'en:vegetarian-rennet', 'en:natural-flavouring', 'en:flavouring', 'en:sweetener', 'en:e950', 'en:e440a', 'en:e327', 'en:e951']","Metall, Kunststoff, Wiederverwertbare Metalle, Aluminium, PP - Polypropylen","['en:metal', 'en:plastic', 'en:recyclable-metals', 'en:aluminium', 'en:pp-polypropylene']","Austria, Germany, Spain","['en:austria', 'en:germany', 'en:spain']",lidl,,[],deutschland,a,75.0,https://images.openfoodfacts.org/images/products/405/648/911/8206/front_de.64.400.jpg,2019-09-24 17:29:57,2026-05-28 13:46:42,found,2026-06-10 12:14:25.114235,a,True,True,True,True,True,True,True,True,True
food,search,milch,4061462842764,Haltbare Fettarme Milch,Haltbare Fettarme Milch,Milsani,"Beverages, Milks","['en:beverages-and-beverages-preparations', 'en:beverages', 'en:dairies', 'en:milks-liquid-and-powder', 'en:milks']",Non-vegan,['en:non-vegan'],"Fettarme Mich 1,5 % Fett","['de:Fettarme Mich 1', 'de:5\xa0% Fett']",,[],Germany,['en:germany'],"Aldi Nord, Aldi Süd",de:DE RP 247 EG,['de:DE RP 247 EG'],Deutschland,d,38.0,https://images.openfoodfacts.org/images/products/406/146/284/2764/front_de.207.400.jpg,2022-05-26 11:54:01,2026-06-09 17:09:54,found,2026-06-10 12:14:25.114246,d,True,True,True,True,True,True,False,True,True
food,search,milch,20917920,Griechisches Joghurt 2% Fett,"Joghurterzeugnis, 2% Fett",Milbona,Greek-style yogurts,"['en:dairies', 'en:fermented-foods', 'en:fermented-milk-products', 'en:desserts', 'en:dairy-desserts', 'en:fermented-dairy-desserts', 'en:yogurts', 'en:greek-style-yogurts']","Ohne Gentechnik, Made in Germany","['en:no-gmos', 'de:ohne-gentechnik', 'en:made-in-germany']","Milch, Magermilchkonzentrat, Milcheiweißerzeugnis, Joghurtkulturen","['en:milk', 'en:dairy', 'en:skimmed-milk', 'en:milk-proteins', 'en:protein', 'en:animal-protein', 'en:lactic-ferments', 'en:ferment', 'en:microbial-culture']","Kunststoff, PP - Polypropylen, JETB11","['en:plastic', 'en:pp-polypropylene', 'de:jetb11']","Austria, Germany","['en:austria', 'en:germany']",lidl,,[],,a,76.0,https://images.openfoodfacts.org/images/products/000/002/091/7920/front_de.76.400.jpg,2017-05-03 18:22:59,2026-06-01 06:21:10,found,2026-06-10 12:14:25.114257,a,True,True,True,True,True,True,True,True,True
food,search,milch,4104420207448,Kokos Natur vegan,,Alnatura,"Coconut yogurts, Coconutmilk yogurts, de:Veganer Joghurtersat","['en:plant-based-foods-and-beverages', 'en:dairies', 'en:fermented-foods', 'en:fermented-milk-products', 'en:dairy-substitutes', 'en:desserts', 'en:vegan-products', 'en:dairy-desserts', 'en:non-dairy-desserts', 'en:non-dairy-fermented-foods', 'en:fermented-dairy-desserts', 'en:non-dairy-yogurts', 'en:fermented-dairy-desserts-with-fruits', 'en:yogurts', 'en:fruit-yogurts', 'en:coconut-yogurts', 'en:coconutmilk-yogurts', 'de:Veganer Joghurtersat']","AT-BIO-402, Made in the EU, No added sugar, The Vegan Society, de:Bio label German, de:VEGAN SOCIETY VEGAN LOGO","['en:vegetarian', 'en:organic', 'en:eu-organic', 'en:vegan', 'en:at-bio-402', 'en:made-in-the-eu', 'en:no-added-sugar', 'en:the-vegan-society', 'de:Bio label German', 'de:VEGAN SOCIETY VEGAN LOGO']","Kokosmilch* 95 % (Wasser, Kokosmark* 24 %), Tapiokastärke*, Stabilisator: Johannisbrotkernmehl*, Meersalz, Milchsäurebakterienkulturen *aus biologischer Landwirtschaft.","['en:coconut-milk', 'en:fruit', 'en:coconut', 'en:tapioca', 'en:starch', 'en:stabiliser', 'en:sea-salt', 'en:salt', 'en:lactic-ferments', 'en:ferment', 'en:microbial-culture', 'en:water', 'en:carob-seed-flour', 'en:vegetable', 'en:flour', 'en:legume', 'en:pulse', 'en:carob-bean']",Pot,['en:pot'],"France, Germany, Switzerland, world","['en:france', 'en:germany', 'en:switzerland', 'en:world']",Alnatura,Non European Union,['en:non-european-union'],,a-plus,94.0,https://images.openfoodfacts.org/images/products/410/442/020/7448/front_en.80.400.jpg,2018-06-03 11:01:14,2026-05-02 11:03:51,found,2026-06-10 12:14:25.114269,a-plus,True,True,True,True,True,True,True,True,True
food,search,milch,4001954165803,"Kerrgold extra XXL, ungesalzen",,"Kerrygold, Ornua Deutschland","Unsalted butters, de:Mischstreichfett","['en:dairies', 'en:fats', 'en:spreads', 'en:spreadable-fats', 'en:animal-fats', 'en:dairy-spreads', 'en:milkfat', 'en:butters', 'de:mischfette', 'en:unsalted-butters', 'de:mischstreichfett']",,[],"Butter (63%), Wasser, Rapsöl (13%).","['en:butter', 'en:dairy', 'en:water', 'en:rapeseed-oil', 'en:oil-and-fat', 'en:vegetable-oil-and-fat']","Kunststoff,Pappe,PP - Polypropylen","['en:plastic', 'en:pp-polypropylene', 'en:cardboard']",Germany,['en:germany'],"Aldi, Edeka, Kaufland, Netto MD, Penny, Rewe",Ireland,['en:ireland'],,d,30.0,https://images.openfoodfacts.org/images/products/400/195/416/5803/front_de.84.400.jpg,2017-03-06 11:27:31,2026-03-28 10:02:15,found,2026-06-10 12:14:25.114281,d,True,True,True,True,False,True,True,True,True
food,search,milch,4006402046192,Bergbauern mild nussig Käse,"Schnittkäse, 48% Fett i. Tr.",Bergader,Sliced cheeses,"['en:dairies', 'en:fermented-foods', 'en:fermented-milk-products', 'en:cheeses', 'en:sliced-cheeses']","No gluten, Ohne Gentechnik, No lactose","['en:no-gluten', 'en:no-gmos', 'de:ohne-gentechnik', 'en:no-lactose']","Pasteurisierte Milch, Kochsalz, Käsereikulturen, mikrobieller Labaustauschstoff.","['en:milk', 'en:dairy', 'en:salt', 'en:lactic-ferments', 'en:ferment', 'en:microbial-culture', 'en:microbial-coagulating-enzyme', 'en:enzyme', 'en:coagulating-enzyme']","Plastic,Pack","['en:plastic', 'en:packet']",Germany,['en:germany'],"Norma, Penny, Rewe, real GmbH",,[],Waging,d,39.0,https://images.openfoodfacts.org/images/products/400/640/204/6192/front_de.67.400.jpg,2018-08-09 09:55:33,2026-04-06 18:46:43,found,2026-06-10 12:14:25.114305,d,True,True,True,True,True,True,True,True,True
food,search,kaffee,5411188130055,"Alpro Sojadrink, Schokoladen-Geschmack, Protein 1L","Sojadrink, Schokoladengeschmack, angereichert mit Calcium und Vitaminen.",alpro,Chocolate soy-based drinks,"['en:beverages-and-beverages-preparations', 'en:plant-based-foods-and-beverages', 'en:beverages', 'en:plant-based-foods', 'en:legumes-and-their-products', 'en:dairy-substitutes', 'en:milk-substitutes', 'en:plant-based-beverages', 'en:plant-based-milk-alternatives', 'en:legume-based-drinks', 'en:soy-based-drinks', 'en:chocolate-soy-based-drinks']","No gluten, No artificial sweeteners, Vegan, FSC, Nutriscore Grade A, Rainforest Alliance Cocoa, Rainforest Alliance Coffee, Rich in vegetable protein","['en:vegetarian', 'en:no-gluten', 'en:no-artificial-sweeteners', 'en:source-of-proteins', 'en:vegan', 'en:fsc', 'en:high-proteins', 'en:nutriscore', 'en:nutriscore-grade-a', 'en:rainforest-alliance', 'en:rainforest-alliance-cocoa', 'en:rainforest-alliance-coffee', 'en:rich-in-vegetable-protein']","SOJABASIS (Wasser, geschälte SOJABOHNEN (12%)), Zucker, Magerkakao (1,6%), Calciumcarbonat, Aromen, Meersalz, Säureregulator (Kaliumphosphate), Stabilisator (Gellan), Vitamine (B2, D2). Von Natur aus gluten - und laktosefrei.","['en:soy-base', 'en:sugar', 'en:added-sugar', 'en:disaccharide', 'en:cocoa', 'en:plant', 'en:e170i', 'en:e170', 'en:flavouring', 'en:sea-salt', 'en:salt', 'en:acidity-regulator', 'en:stabiliser', 'en:vitamins', 'en:e101', 'en:ergocalciferol', 'en:vitamin-d', 'de:Von Natur aus gluten', 'de:und laktosefrei', 'en:water', 'en:soya-bean', 'en:vegetable', 'en:legume', 'en:pulse', 'en:soya', 'en:e340', 'en:e418']","Tetra Pak,Tetra Brik Aseptic,Composite-carton,Other plastic-cap","['en:multilayer-composite', 'en:tetra-pak', 'en:tetra-brik-aseptic', 'en:composite-carton', 'en:other-plastic-cap']","Belgium, Bulgaria, Czech Republic, Denmark, Finland, France, Germany, Greece, Ireland, Italy, Norway, Poland, Romania, Sweden, Switzerland, United Kingdom","['en:belgium', 'en:bulgaria', 'en:czech-republic', 'en:denmark', 'en:finland', 'en:france', 'en:germany', 'en:greece', 'en:ireland', 'en:italy', 'en:norway', 'en:poland', 'en:romania', 'en:sweden', 'en:switzerland', 'en:united-kingdom']","biedronka, coop, k-market, k-supermarket, rewe",Europe,['en:europe'],,a-plus,98.0,https://images.openfoodfacts.org/images/products/541/118/813/0055/front_en.252.400.jpg,2019-10-14 12:28:06,2026-06-09 20:38:16,found,2026-06-10 12:14:45.582831,a-plus,True,True,True,True,True,True,True,True,True
food,search,kaffee,4056489440628,Freeze Dried Instant Coffee,,Bellarom,"Beverages, Freeze-dried instant coffees, it:caffe-solubile, it:coffee-solubile","['en:beverages-and-beverages-preparations', 'en:plant-based-foods-and-beverages', 'en:beverages', 'en:plant-based-foods', 'en:beverage-preparations', 'en:freeze-dried-foods', 'en:instant-beverages', 'en:freeze-dried-plant-based-foods', 'en:instant-coffees', 'en:freeze-dried-instant-coffees', 'it:caffe-solubile', 'it:coffee-solubile']",Rainforest Alliance,['en:rainforest-alliance'],freeze dried instant coffee,"['en:instant-coffee', 'en:coffee']","it:barattolo vetro, en:glass-bottle, en:hdpe-lid","['en:glass-bottle', 'en:hdpe-lid', 'it:barattolo-vetro']","Belgium, Finland, France, Germany, Italy, Morocco, Netherlands, Sweden, Switzerland, United Kingdom","['en:belgium', 'en:finland', 'en:france', 'en:germany', 'en:italy', 'en:morocco', 'en:netherlands', 'en:sweden', 'en:switzerland', 'en:united-kingdom']",Lidl,Non European Union,['en:non-european-union'],,unknown,,https://images.openfoodfacts.org/images/products/405/648/944/0628/front_en.26.400.jpg,2021-10-07 21:15:50,2026-04-23 07:22:28,found,2026-06-10 12:14:45.582847,unknown,False,True,True,True,True,True,True,True,True
food,search,kaffee,8711000522967,löslichen Kaffee,,Maxwell House,"Hot beverages, Coffees, Instant coffees","['en:beverages-and-beverages-preparations', 'en:plant-based-foods-and-beverages', 'en:beverages', 'en:plant-based-foods', 'en:hot-beverages', 'en:beverage-preparations', 'en:coffees', 'en:instant-beverages', 'en:instant-coffees']","Green Dot, Triman, Point Vert","['en:green-dot', 'fr:triman', 'en:Point Vert']",Café soluble lyophilisé,['en:cafe-soluble-lyophilise'],"Plastic,Glass,Jar,fr:Bocal en verre","['en:plastic', 'en:glass', 'en:jar', 'fr:bocal-en-verre']","Algeria, France, Germany, Morocco, Senegal","['en:algeria', 'en:france', 'en:germany', 'en:morocco', 'en:senegal']","Auchan, Leclerc, Magasins U, carrefour.fr",,[],,unknown,,https://images.openfoodfacts.org/images/products/871/100/052/2967/front_en.50.400.jpg,2016-09-17 11:56:27,2026-03-14 08:46:57,found,2026-06-10 12:14:45.582859,unknown,False,True,True,True,True,True,True,True,True
food,search,kaffee,7613036305846,Instant Kaffee,,"Nestlé, 3x Nescafé Classic 11.26 - 2x Nescafé Gold 11.26, 3x Nescafé Classic 11.26 - 3x Nescafé Gold 11.26, 3x Nescafé Classic 11.27 - 2x Nescafé Gold 11.26, 3x Nescafé Gold 11.26, Nescafé, Nescafé Gold","Beverages, Coffees, Freeze-dried instant coffees","['en:beverages-and-beverages-preparations', 'en:plant-based-foods-and-beverages', 'en:beverages', 'en:plant-based-foods', 'en:beverage-preparations', 'en:coffees', 'en:freeze-dried-foods', 'en:instant-beverages', 'en:freeze-dried-plant-based-foods', 'en:instant-coffees', 'en:freeze-dried-instant-coffees']","Green Dot, de:Unter Schutzatmosphäre verpackt","['en:green-dot', 'de:Unter Schutzatmosphäre verpackt']",Kaffee,['en:coffee'],Glas,['en:glass'],Germany,['en:germany'],"Aldi, Combi, Edeka, Kaufland, Lidl, Penny, Rewe",,[],,unknown,,https://images.openfoodfacts.org/images/products/761/303/630/5846/front_de.106.400.jpg,2019-03-28 19:54:00,2026-04-20 16:09:49,found,2026-06-10 12:14:45.582870,unknown,False,True,True,True,True,True,True,True,True
food,search,kaffee,4337256381185,Typ Cappuccino classic,,"Deutsche Extrakt Kaffee, REWE, ja!",Powdered cappucino,"['en:beverages-and-beverages-preparations', 'en:beverage-preparations', 'en:instant-beverages', 'en:instant-coffees', 'en:powdered-cappucino']",Nutriscore Grade E,"['en:nutriscore', 'en:nutriscore-grade-e']","Süßmolkenpulver, Zucker, Glukosesirup, löslicher Bohnenkaffee¹ 14%, Kokosfett, Magermilchpulver 5,6%, Molkenpermeatpulver, Speisesalz, Stabilisator (Kaliumphosphate),Säureregulator (Kaliumcarbonate), Emulgator (Diacetylweinsäureester von Mono - und Diglyceriden von Speisefettsäuren), Maltodextrin.","['en:sweet-whey-powder', 'en:dairy', 'en:whey', 'en:sweet-whey', 'en:sugar', 'en:added-sugar', 'en:disaccharide', 'en:glucose-syrup', 'en:monosaccharide', 'en:glucose', 'de:löslicher-bohnenkaffee', 'en:coconut-fat', 'en:oil-and-fat', 'en:vegetable-oil-and-fat', 'en:vegetable-fat', 'en:skimmed-milk-powder', 'en:milk-powder', 'de:molkenpermeatpulver', 'en:salt', 'en:stabiliser', 'en:acidity-regulator', 'en:emulsifier', 'en:maltodextrin', 'en:e340', 'en:e501', 'en:e472e']",,[],"Germany, Morocco","['en:germany', 'en:morocco']",,,[],,unknown,,https://images.openfoodfacts.org/images/products/433/725/638/1185/front_de.29.400.jpg,2022-05-23 13:38:23,2026-03-26 11:09:01,found,2026-06-10 12:14:45.582882,unknown,False,True,True,True,True,True,False,True,True
food,search,kaffee,20991241,Belladonna Löslicher Kaffee Entkoffeiniert,,Lidl,Decaffeinated instant coffees,"['en:beverages-and-beverages-preparations', 'en:plant-based-foods-and-beverages', 'en:plant-based-foods', 'en:beverage-preparations', 'en:coffees', 'en:instant-beverages', 'en:decaffeinated-coffees', 'en:instant-coffees', 'en:decaffeinated-instant-coffees']","Rainforest Alliance Coffee, Triman","['en:rainforest-alliance', 'en:rainforest-alliance-coffee', 'fr:triman']","Café soluble, décaféiné, lyophilisé.","['en:instant-coffee', 'en:coffee', 'fr:décaféiné', 'fr:lyophilisé']",,[],"Germany, United Kingdom","['en:germany', 'en:united-kingdom']",lidl,,[],,unknown,,https://images.openfoodfacts.org/images/products/000/002/099/1241/front_en.3.400.jpg,2019-11-13 10:24:24,2026-06-04 01:41:15,found,2026-06-10 12:14:45.582895,unknown,False,True,True,True,True,True,False,True,True
food,search,kaffee,8000070063334,Café grains Carte noire,,"CARTE NOIR, Carte Noire","Beverages, Arabica coffees, Coffee beans","['en:beverages-and-beverages-preparations', 'en:plant-based-foods-and-beverages', 'en:beverages', 'en:plant-based-foods', 'en:beverage-preparations', 'en:coffees', 'en:arabica-coffees', 'en:coffee-beans']",,[],café torréfié en grains,"['en:roasted-coffee-beans', 'en:coffee', 'en:roasted-coffee']",,[],"France, Germany","['en:france', 'en:germany']",,,[],,f,-15.0,https://images.openfoodfacts.org/images/products/800/007/006/3334/front_fr.3.400.jpg,2023-03-04 12:18:52,2026-03-29 11:41:20,found,2026-06-10 12:14:45.582905,f,True,True,True,True,False,True,False,True,True
food,search,kaffee,4000508040306,Jacobs Gold,Instant-Kaffee,Wunderbar,"Beverages, Coffees, Instant coffees","['en:beverages-and-beverages-preparations', 'en:plant-based-foods-and-beverages', 'en:beverages', 'en:plant-based-foods', 'en:beverage-preparations', 'en:coffees', 'en:instant-beverages', 'en:instant-coffees']","Green Dot, Made in Germany, de:Unter Schutzatmosphäre verpackt","['en:green-dot', 'en:made-in-germany', 'de:Unter Schutzatmosphäre verpackt']",Löslicher Kaffee,"['en:instant-coffee', 'en:coffee']",Glas,['en:glass'],Germany,['en:germany'],"Edeka, Penny, Rewe","Netherlands, Germany, Non European Union","['en:netherlands', 'en:germany', 'en:non-european-union']",,unknown,,https://images.openfoodfacts.org/images/products/400/050/804/0306/front_de.76.400.jpg,2019-01-29 14:19:04,2026-04-29 08:53:04,found,2026-06-10 12:14:45.582916,unknown,False,True,True,True,True,True,True,True,True
food,search,kaffee,4056489600596,Bellarom Gold,,Bellarom,"Beverages, Ground coffees","['en:beverages-and-beverages-preparations', 'en:plant-based-foods-and-beverages', 'en:beverages', 'en:plant-based-foods', 'en:beverage-preparations', 'en:coffees', 'en:ground-coffees']",Rainforest Alliance,['en:rainforest-alliance'],,[],,[],"Bulgaria, Denmark, Germany, Romania, United Kingdom","['en:bulgaria', 'en:denmark', 'en:germany', 'en:romania', 'en:united-kingdom']",Lidl,,[],,f,-5.0,https://images.openfoodfacts.org/images/products/405/648/960/0596/front_en.5.400.jpg,2022-12-02 14:45:59,2026-05-07 08:42:49,found,2026-06-10 12:14:45.582927,f,True,True,True,True,True,False,False,True,True
food,search,kaffee,4008167103714,Dallmayr Prodomo Kaffee,,Dallmayr,"Plant-based beverages, Coffee capsules","['en:beverages-and-beverages-preparations', 'en:plant-based-foods-and-beverages', 'en:beverages', 'en:plant-based-foods', 'en:hot-beverages', 'en:plant-based-beverages', 'en:beverage-preparations', 'en:coffees', 'en:capsules', 'en:coffee-capsules']",FSC Recycling,"['en:fsc', 'en:fsc-recycling']",Arabica Kaffee 100%,"['en:arabica-coffee', 'en:coffee']","Papier, Aluminiumfolie","['en:paper', 'de:aluminiumfolie']","Austria, Germany, Lithuania, Poland, Romania, Ukraine","['en:austria', 'en:germany', 'en:lithuania', 'en:poland', 'en:romania', 'en:ukraine']","Edeka, Interspar, Lidl, NP",,[],Germany,f,-6.0,https://images.openfoodfacts.org/images/products/400/816/710/3714/front_de.90.400.jpg,2016-10-05 14:56:39,2026-06-08 15:21:15,found,2026-06-10 12:14:45.582939,f,True,True,True,True,True,True,True,True,True
food,search,kaffee,8711000708651,Krönung Signature,,"Jabobs, Jacobs, Jacobs Douwe Egberts","Beverages, Coffees","['en:beverages-and-beverages-preparations', 'en:plant-based-foods-and-beverages', 'en:beverages', 'en:plant-based-foods', 'en:coffees']",,[],The Netherlands Verbraucherservice: 0800-5736736 (gebührenfrel in DE) www.jacobscoffee.com 8 711000&quot;708651&quot;&gt;,"['en:verbraucherservice', 'en:0800-5736736', 'en:www-jacobscoffee-com-8-711000-708651', 'en:gebuhrenfrel-in-de']",,[],"Germany, Morocco","['en:germany', 'en:morocco']",,,[],,unknown,,https://images.openfoodfacts.org/images/products/871/100/070/8651/front_de.3.400.jpg,2024-04-29 19:27:49,2026-03-19 21:11:40,found,2026-06-10 12:14:45.582949,unknown,False,True,True,True,False,True,False,True,True
food,search,kaffee,8000070053465,Qualità Oro - Kapseln,,"LavAzza - Luigi Lavazza S.p.A., Lavazza",Nespresso-compatible coffee capsules,"['en:beverages-and-beverages-preparations', 'en:plant-based-foods-and-beverages', 'en:beverages', 'en:plant-based-foods', 'en:hot-beverages', 'en:beverage-preparations', 'en:coffees', 'en:capsules', 'en:coffee-capsules', 'en:nespresso-compatible-coffee-capsules']",Made in Italy,['en:made-in-italy'],gemahlener Röstkaffee,"['en:roasted-coffee', 'en:coffee']",,[],"France, Germany, Italy, Morocco","['en:france', 'en:germany', 'en:italy', 'en:morocco']",,,[],,f,-20.0,https://images.openfoodfacts.org/images/products/800/007/005/3465/front_de.13.400.jpg,2021-07-17 18:18:49,2026-03-12 10:04:50,found,2026-06-10 12:14:45.582960,f,True,True,True,True,True,True,False,True,True
food,search,kaffee,4337256382304,Typ Cappuccino - weniger süß im Geschmack,Getränkepulver mit löslichem Bohnenkaffee,ja!,"Beverages, Coffees, Powdered cappucino","['en:beverages-and-beverages-preparations', 'en:plant-based-foods-and-beverages', 'en:beverages', 'en:plant-based-foods', 'en:beverage-preparations', 'en:coffees', 'en:instant-beverages', 'en:instant-coffees', 'en:powdered-cappucino']","Nutriscore Grade C, Nutriscore Grade D","['en:nutriscore', 'en:nutriscore-grade-c', 'en:nutriscore-grade-d']","Süßmolkenpulver, Maltodextrin,  Kokosfett, Glucosesirup 18%, Magermilchpulver 5,6%,  Getränkepulver mit löslichem Bohnenkaffee Molkenpermeatpulver, Speisesalz, Stabilisator (Kaliumphosphate), Säureregulator (Kaliumcarbonate), Emulgator (Diacetylweinsäureester von Mono - und Diglyceriden von Speisefettsäuren)","['en:sweet-whey-powder', 'en:dairy', 'en:whey', 'en:sweet-whey', 'en:maltodextrin', 'en:coconut-fat', 'en:oil-and-fat', 'en:vegetable-oil-and-fat', 'en:vegetable-fat', 'en:glucose-syrup', 'en:added-sugar', 'en:monosaccharide', 'en:glucose', 'en:skimmed-milk-powder', 'en:milk-powder', 'de:getränkepulver-mit-löslichem-bohnenkaffee-molkenpermeatpulver', 'en:salt', 'en:stabiliser', 'en:acidity-regulator', 'en:emulsifier', 'en:e340', 'en:e501', 'en:e472e']",,[],"Germany, Morocco","['en:germany', 'en:morocco']",REWE,,[],"Deutschland, Hamburg",unknown,,https://images.openfoodfacts.org/images/products/433/725/638/2304/front_de.44.400.jpg,2022-05-14 10:30:27,2026-03-26 11:03:25,found,2026-06-10 12:14:45.582971,unknown,False,True,True,True,True,True,False,True,True
food,search,kaffee,4005500005827,Nescafé Classic,,"Nestlé, Nescafé","Beverages, Coffees, Instant coffees","['en:beverages-and-beverages-preparations', 'en:plant-based-foods-and-beverages', 'en:beverages', 'en:plant-based-foods', 'en:beverage-preparations', 'en:coffees', 'en:instant-beverages', 'en:instant-coffees']",,[],Löslicher Bohnenkaffee,['de:löslicher-bohnenkaffee'],"Glas, Produkt","['en:glass', 'de:produkt']","France, Germany, Spain","['en:france', 'en:germany', 'en:spain']",Lidl,,[],,unknown,,https://images.openfoodfacts.org/images/products/400/550/000/5827/front_en.45.400.jpg,2018-04-14 10:00:38,2026-02-27 14:11:02,found,2026-06-10 12:14:45.582981,unknown,False,True,True,True,False,True,True,True,True
food,search,kaffee,8000070020559,"Kaffee, Café en grains 100% arabica",,Lavazza,Coffees,"['en:plant-based-foods-and-beverages', 'en:plant-based-foods', 'en:coffees']",,[],,[],Bag,['en:bag'],"Belgium, France, Germany","['en:belgium', 'en:france', 'en:germany']",carrefour.fr,,[],,unknown,,https://images.openfoodfacts.org/images/products/800/007/002/0559/front_en.6.400.jpg,2020-03-15 16:48:38,2026-03-17 05:11:33,found,2026-06-10 12:14:45.582992,unknown,False,True,True,True,False,False,True,True,True
food,search,kaffee,4066447415254,Dinkelkaffee mit Zichorie,,dmBio,"Beverages, getranke, getranke-und-getrankezubereitungen, getrankezubereitungen, heissgetranke, heissgetranke-zum-aufgliessen, losliche-kaffees, it:Dinkel kaffee, it:Dinkel-kaffee","['en:beverages-and-beverages-preparations', 'en:beverages', 'en:getranke', 'en:getranke-und-getrankezubereitungen', 'en:getrankezubereitungen', 'en:heissgetranke', 'en:heissgetranke-zum-aufgliessen', 'en:losliche-kaffees', 'it:Dinkel kaffee', 'it:Dinkel-kaffee']","DE-ÖKO-005, European Vegetarian Union Vegan, Made in Germany, Naturland","['en:vegetarian', 'en:organic', 'en:eu-organic', 'en:vegan', 'en:de-oko-005', 'en:european-vegetarian-union', 'en:european-vegetarian-union-vegan', 'en:made-in-germany', 'en:naturland']",80% DINKEL 20% Zichorie,['de:DINKEL 20\xa0% Zichorie'],,[],Germany,['en:germany'],dm,Germany,['en:germany'],,unknown,,https://images.openfoodfacts.org/images/products/406/644/741/5254/front_de.57.400.jpg,2023-09-09 12:40:24,2026-06-05 15:03:05,found,2026-06-10 12:14:45.583003,unknown,False,True,True,True,True,True,False,True,True
food,search,kaffee,4002720002261,Melitta Auslese Klassisch Kaffee gemahlen,,Melitta,"Beverages, Coffees, de:Gemahlener Röstkaffee, de:Kaffeepulver","['en:beverages-and-beverages-preparations', 'en:plant-based-foods-and-beverages', 'en:beverages', 'en:plant-based-foods', 'en:coffees', 'de:Gemahlener Röstkaffee', 'de:Kaffeepulver']",,[],Gemahlener Röstkaffee.,"['en:roasted-coffee', 'en:coffee']",Paket,['de:paket'],"Finland, Germany, Morocco","['en:finland', 'en:germany', 'en:morocco']",lidl,Ukraine,['en:ukraine'],,unknown,,https://images.openfoodfacts.org/images/products/400/272/000/2261/front_en.3.400.jpg,2016-07-05 13:55:08,2026-05-28 20:43:13,found,2026-06-10 12:14:45.583013,unknown,False,True,True,True,False,True,True,True,True
food,search,kaffee,7613036246675,Kaffee Instant,,"Nestlé, Nescafé","Beverages, Coffees, Instant coffees, de:Bohnenkaffee","['en:beverages-and-beverages-preparations', 'en:plant-based-foods-and-beverages', 'en:beverages', 'en:plant-based-foods', 'en:beverage-preparations', 'en:coffees', 'en:instant-beverages', 'en:instant-coffees', 'de:Bohnenkaffee']","Green Dot, de:Unter Schutzatmosphäre verpackt","['en:green-dot', 'de:Unter Schutzatmosphäre verpackt']",100% löslicher Bohnenkaffee,['de:löslicher-bohnenkaffee'],"Glas, Alu-Folie, Kunststoff-Deckel","['en:glass', 'de:alu-folie', 'de:kunststoff-deckel']","France, Germany","['en:france', 'en:germany']","Edeka, Penny, Rewe",,[],,unknown,,https://images.openfoodfacts.org/images/products/761/303/624/6675/front_de.5.400.jpg,2018-12-05 13:55:29,2026-04-05 10:10:23,found,2026-06-10 12:14:45.583023,unknown,False,True,True,True,True,True,True,True,True
food,search,kaffee,4056489576778,Espresso Cremoso,,"Bellarom, Bellaron","Beverages, Coffees","['en:beverages-and-beverages-preparations', 'en:plant-based-foods-and-beverages', 'en:beverages', 'en:plant-based-foods', 'en:coffees']","Green Dot, Rainforest Alliance","['en:green-dot', 'en:rainforest-alliance']",Coffee beans,"['en:coffee-beans', 'en:coffee']",,[],"Germany, Spain","['en:germany', 'en:spain']",Lidl,,[],,unknown,,https://images.openfoodfacts.org/images/products/405/648/957/6778/front_en.4.400.jpg,2022-05-24 20:04:19,2026-03-26 11:09:44,found,2026-06-10 12:14:45.583033,unknown,False,True,True,True,True,True,False,True,True
food,search,kaffee,4056489485681,Latte Macchiato Vanille,,Milbona Latte Macchiato Vanilla,"Coffees, Coffee drinks, Sweetened beverages","['en:beverages-and-beverages-preparations', 'en:plant-based-foods-and-beverages', 'en:beverages', 'en:plant-based-foods', 'en:coffees', 'en:coffee-drinks', 'en:sweetened-beverages']",Rainforest Alliance,['en:rainforest-alliance'],"80% Milch (25% Fett), 15% Arabica-Kaffee*, Zucker, 0,1% Bourbon-Vanille - extrakt, Stabilisator (Natriumcarbonate, Carrageen), natürliches Aroma. *Rainforest Alliance-zertifiziert. Weitere Informationen unter ra.org. Ungeöffnet unter  8°C (ALlnt isha Clorchenhals Vor","['en:milk', 'en:dairy', 'en:arabica-coffee', 'en:coffee', 'en:sugar', 'en:added-sugar', 'en:disaccharide', 'en:bourbon-vanilla', 'en:plant', 'en:vanilla', 'en:extract', 'en:stabiliser', 'en:natural-flavouring', 'en:flavouring', 'de:weitere-informationen-unter-ra-org', 'de:ungeöffnet-unter-8-c', 'de:allnt-isha-clorchenhals-vor', 'en:fat', 'en:oil-and-fat', 'en:e500', 'en:e407']","Kunststoff, PET - Polyethylenterephtalat","['en:plastic', 'en:pet-polyethylene-terephthalate']","France, Germany, Spain","['en:france', 'en:germany', 'en:spain']",Lidl,,[],,unknown,,https://images.openfoodfacts.org/images/products/405/648/948/5681/front_de.43.400.jpg,2021-07-17 17:20:44,2026-03-26 00:40:16,found,2026-06-10 12:14:45.583043,unknown,False,True,True,True,True,True,True,True,True
food,search,kaffee,4000417620217,Kaffee Knusper,Halbbitter-Schokolade auf einer Kakao-Kaffee-Schicht mit Cornflakes-Stückchen,Ritter Sport,Dark chocolates with coffee,"['en:snacks', 'en:sweet-snacks', 'en:cocoa-and-its-products', 'en:chocolates', 'en:dark-chocolates', 'en:dark-chocolates-with-coffee']",Rainforest Alliance Cocoa,"['en:rainforest-alliance', 'en:rainforest-alliance-cocoa']","Zucker, Kakaobutter, Kakaomasse, _Vollmilchpulver_, Mais, _Laktose_, Kaffee (gemahlen) (15%), _Butterreinfett_, Emulgator: Lecithine (_Soja_), Salz, _Gerstenmalz_","['en:sugar', 'en:added-sugar', 'en:disaccharide', 'en:cocoa-butter', 'en:plant', 'en:cocoa', 'en:cocoa-paste', 'en:whole-milk-powder', 'en:dairy', 'en:milk-powder', 'en:corn', 'en:cereal', 'en:lactose', 'en:coffee', 'en:butterfat', 'en:oil-and-fat', 'en:fat', 'en:milkfat', 'en:emulsifier', 'en:salt', 'en:malted-barley', 'en:malt', 'en:e322']",,[],"France, Germany, Morocco","['en:france', 'en:germany', 'en:morocco']",,,[],,e,27.0,https://images.openfoodfacts.org/images/products/400/041/762/0217/front_de.15.400.jpg,2023-05-15 16:45:23,2026-03-26 11:07:23,found,2026-06-10 12:14:45.583053,e,True,True,True,True,True,True,False,True,True
food,search,kaffee,4056489234753,Café descafeinado,,Bellarom,"Beverages, Decaffeinated coffees","['en:beverages-and-beverages-preparations', 'en:plant-based-foods-and-beverages', 'en:beverages', 'en:plant-based-foods', 'en:coffees', 'en:decaffeinated-coffees']",Rainforest Alliance,['en:rainforest-alliance'],Café soluble aglomerado descafeinado.,['es:cafe-soluble-aglomerado-descafeinado'],,[],"Germany, Portugal, Spain","['en:germany', 'en:portugal', 'en:spain']",Lidl,,[],,unknown,,https://images.openfoodfacts.org/images/products/405/648/923/4753/front_es.3.400.jpg,2021-03-03 21:24:33,2026-03-19 13:01:56,found,2026-06-10 12:14:45.583063,unknown,False,True,True,True,True,True,False,True,True
food,search,kaffee,4388840018321,Extra löslicher Kaffee,,"Rewe, ja","Beverages, Coffees, Instant coffees","['en:beverages-and-beverages-preparations', 'en:plant-based-foods-and-beverages', 'en:beverages', 'en:plant-based-foods', 'en:beverage-preparations', 'en:coffees', 'en:instant-beverages', 'en:instant-coffees']",UTZ Certified,"['en:sustainable-farming', 'en:utz-certified']",,[],,[],"Germany, Morocco","['en:germany', 'en:morocco']",REWE,,[],,unknown,,https://images.openfoodfacts.org/images/products/438/884/001/8321/front_de.3.400.jpg,2021-02-02 17:25:44,2026-03-26 03:48:01,found,2026-06-10 12:14:45.583074,unknown,False,True,True,True,True,False,False,True,True
food,search,kaffee,4006581017716,Caffè Crema,,"Dovgan, Mövenpick","Beverages, Arabica coffee beans","['en:beverages-and-beverages-preparations', 'en:plant-based-foods-and-beverages', 'en:beverages', 'en:plant-based-foods', 'en:beverage-preparations', 'en:coffees', 'en:arabica-coffees', 'en:coffee-beans', 'en:arabica-coffee-beans']",,[],Röstkaffee in Bohnen,"['en:roasted-coffee-beans', 'en:coffee', 'en:roasted-coffee']",Packet,['en:packet'],Germany,['en:germany'],carrefour.fr,,[],Deutschland,f,-15.0,https://images.openfoodfacts.org/images/products/400/658/101/7716/front_de.35.400.jpg,2018-09-14 05:39:04,2026-06-08 15:17:43,found,2026-06-10 12:14:45.583084,f,True,True,True,True,False,True,True,True,True
food,search,kaffee,4056489010241,Kaffee Bio gold Kaffee,,Bellarom,Arabica coffees,"['en:plant-based-foods-and-beverages', 'en:plant-based-foods', 'en:coffees', 'en:arabica-coffees']","non-EU Agriculture, EG-Öko-Verordnung, DE-ÖKO-003","['en:organic', 'en:eu-organic', 'en:non-eu-agriculture', 'de:eg-öko-verordnung', 'en:de-oko-003']","gestion de resentazione/ Bellarom BIO COFFEE Organic FULL BODIED 100% ARABICA COFFEE, FROM ORGANIC FARMING STRENGTH 00000 DE-ÖKO-003 Niet-EU Landbouw Nicht-EU-Landwirschaft Agriculture non UE Agricoltura non UE Agricultura no UE","['de:gestion-de-resentazione', 'de:bellarom-coffee-organic-full-bodied-100-arabica-coffee', 'de:from-organic-farming-strength-00000-de-003-niet-eu-landbouw-nicht-eu-landwirschaft-agriculture-non-ue-agricoltura-non-ue-agricultura-no-ue']",,[],"France, Germany, Romania","['en:france', 'en:germany', 'en:romania']",Lidl,,[],,unknown,,https://images.openfoodfacts.org/images/products/405/648/901/0241/front_de.13.400.jpg,2020-05-23 12:11:19,2026-02-16 21:01:03,found,2026-06-10 12:14:45.583094,unknown,False,True,True,True,True,True,False,True,True
food,search,kaffee,4058172487330,Malz Kaffee,,dmBio,"Beverages, de:Malzkaffee","['en:beverages-and-beverages-preparations', 'en:beverages', 'de:Malzkaffee']","Vegan, EG-Öko-Verordnung, Naturland","['en:vegetarian', 'en:organic', 'en:eu-organic', 'en:vegan', 'de:eg-öko-verordnung', 'en:naturland']",GERSTE,"['en:barley', 'en:cereal']",Glas,['en:glass'],Germany,['en:germany'],dm-drogerie markt,European Union,['en:european-union'],,unknown,,https://images.openfoodfacts.org/images/products/405/817/248/7330/front_de.3.400.jpg,2021-02-01 19:32:13,2026-03-27 07:46:10,found,2026-06-10 12:14:45.583105,unknown,False,True,True,True,True,True,True,True,True
food,search,kaffee,4337256003896,Cappuccino Family mit feiner Kakaonote,Getränkepulver mit löslichem Bohnenkaffee,"Krueger, Rewe, ja!","Beverages, Coffees, Instant coffees","['en:beverages-and-beverages-preparations', 'en:plant-based-foods-and-beverages', 'en:beverages', 'en:plant-based-foods', 'en:beverage-preparations', 'en:coffees', 'en:instant-beverages', 'en:instant-coffees']","Nutriscore Grade D, Rainforest Alliance, de:Rainforest Alliance Kaffee & Kakao","['en:nutriscore', 'en:nutriscore-grade-d', 'en:rainforest-alliance', 'de:Rainforest Alliance Kaffee & Kakao']","Zucker, Glukosesirup, Süßmolkenpulver, löslicher Bohnenkaffee 9%, stark entöltes Kakaopulver 7%, Kokosfett, Magermilchpulver, Speisesalz, Stabilisator: Natriumphosphat","['en:sugar', 'en:added-sugar', 'en:disaccharide', 'en:glucose-syrup', 'en:monosaccharide', 'en:glucose', 'en:sweet-whey-powder', 'en:dairy', 'en:whey', 'en:sweet-whey', 'de:löslicher-bohnenkaffee', 'en:fat-reduced-cocoa-powder', 'en:plant', 'en:cocoa', 'en:cocoa-powder', 'en:coconut-fat', 'en:oil-and-fat', 'en:vegetable-oil-and-fat', 'en:vegetable-fat', 'en:skimmed-milk-powder', 'en:milk-powder', 'en:salt', 'en:stabiliser', 'en:e339']","Kunststoff,Dose,Deckel","['en:plastic', 'en:can', 'en:lid']","Germany, Morocco","['en:germany', 'en:morocco']",Rewe,,[],Deutschland,unknown,,https://images.openfoodfacts.org/images/products/433/725/600/3896/front_xx.23.400.jpg,2021-04-07 15:10:41,2026-03-26 05:32:29,found,2026-06-10 12:14:45.583115,unknown,False,True,True,True,True,True,True,True,True
food,search,kaffee,8000070051003,crema e gusto Classico,,"LAVAZZA, Lavazza","Beverages, Roasted coffee beans, sk:kava","['en:beverages-and-beverages-preparations', 'en:plant-based-foods-and-beverages', 'en:beverages', 'en:plant-based-foods', 'en:beverage-preparations', 'en:coffees', 'en:coffee-beans', 'en:roasted-coffee-beans', 'sk:kava']","Green Dot, Made in Italy","['en:green-dot', 'en:made-in-italy']","Röstkaffee, ganze Bohnen.","['en:roasted-coffee', 'en:coffee', 'en:beans', 'en:vegetable', 'en:legume', 'en:pulse']",90,['en:90'],"Australia, Germany, Ireland, Morocco, Slovakia","['en:australia', 'en:germany', 'en:ireland', 'en:morocco', 'en:slovakia']","penny, woolworths","Italy, Non European Union","['en:italy', 'en:non-european-union']",,f,-8.0,https://images.openfoodfacts.org/images/products/800/007/005/1003/front_en.22.400.jpg,2021-11-19 16:13:21,2026-06-07 13:58:44,found,2026-06-10 12:14:45.583126,f,True,True,True,True,True,True,True,True,True
food,search,kaffee,4337256177061,Kaffee löslich,,"Fairtrade, Rewe Bio","Beverages, Coffees, Instant coffees, de:Löslicher kaffee","['en:beverages-and-beverages-preparations', 'en:plant-based-foods-and-beverages', 'en:beverages', 'en:plant-based-foods', 'en:beverage-preparations', 'en:coffees', 'en:instant-beverages', 'en:instant-coffees', 'de:Löslicher kaffee']","Fairtrade International, EG-Öko-Verordnung, ES-ECO-016-CL","['en:fair-trade', 'en:organic', 'en:eu-organic', 'en:fairtrade-international', 'de:eg-öko-verordnung', 'en:es-eco-016-cl']",Löslicher Kaffee,"['en:instant-coffee', 'en:coffee']",Glas,['en:glass'],Germany,['en:germany'],,"Honduras, Peru","['en:honduras', 'en:peru']",,unknown,,https://images.openfoodfacts.org/images/products/433/725/617/7061/front_de.3.400.jpg,2021-08-14 11:27:05,2026-03-26 07:24:27,found,2026-06-10 12:14:45.583146,unknown,False,True,True,True,True,True,True,True,True
food,search,kaffee,7613036347310,Kaffee,,"Nestlé, Müller, Nescafé","Beverages, Coffees, Instant coffees","['en:beverages-and-beverages-preparations', 'en:plant-based-foods-and-beverages', 'en:beverages', 'en:plant-based-foods', 'en:beverage-preparations', 'en:coffees', 'en:instant-beverages', 'en:instant-coffees']",Green Dot,['en:green-dot'],7 613036 347310¹ 44216563/100143829 Glas Schutzfolie,"['fr:7-613036-347310-44216563', 'fr:100143829-glas-schutzfolie']",,[],"France, Germany","['en:france', 'en:germany']",,,[],,unknown,,https://images.openfoodfacts.org/images/products/761/303/634/7310/front_de.51.400.jpg,2019-02-26 12:51:10,2026-03-31 18:53:23,found,2026-06-10 12:14:45.583156,unknown,False,True,True,True,True,True,False,True,True
food,search,kaffee,8000070025400,Crema E Aroma,,"OLUF LORENTZEN AS, lavAzza","Beverages, Coffee beans","['en:beverages-and-beverages-preparations', 'en:plant-based-foods-and-beverages', 'en:beverages', 'en:plant-based-foods', 'en:beverage-preparations', 'en:coffees', 'en:coffee-beans']","No gluten, Vegan, Green Dot, Made in Italy, Triman","['en:vegetarian', 'en:no-gluten', 'en:vegan', 'en:green-dot', 'en:made-in-italy', 'fr:triman']",DE Geröstete Kaffeebohnen,['de:de-geröstete-kaffeebohnen'],Folien-Beutel,['de:folien-beutel'],"Germany, Italy","['en:germany', 'en:italy']",Edeka,,[],"Italy, Torino",f,-20.0,https://images.openfoodfacts.org/images/products/800/007/002/5400/front_de.93.400.jpg,2019-07-12 22:28:35,2026-03-30 19:06:47,found,2026-06-10 12:14:45.583186,f,True,True,True,True,True,True,True,True,True
food,search,kaffee,8000070027336,Lavazza Espressobohnen,,Lavazza,"Beverages, Coffee beans","['en:beverages-and-beverages-preparations', 'en:plant-based-foods-and-beverages', 'en:beverages', 'en:plant-based-foods', 'en:beverage-preparations', 'en:coffees', 'en:coffee-beans']","Green Dot, Made in Italy","['en:green-dot', 'en:made-in-italy']",Geröstete Kaffeebohnen,"['en:coffee-beans', 'en:coffee']",C/LDPE 90,['de:c-ldpe-90'],"Austria, France, Germany","['en:austria', 'en:france', 'en:germany']","Billa, Edeka, Spar, real",,[],Italien,f,-13.0,https://images.openfoodfacts.org/images/products/800/007/002/7336/front_de.44.400.jpg,2019-11-08 19:04:18,2026-04-28 12:16:40,found,2026-06-10 12:14:45.583197,f,True,True,True,True,True,True,True,True,True
food,search,kaffee,4066447075526,Kaffee Klassik löslich,,dmBio,"Beverages, Instant coffees","['en:beverages-and-beverages-preparations', 'en:beverages', 'en:beverage-preparations', 'en:instant-beverages', 'en:instant-coffees']",,[],"Bio löslicher Bohnenkaffee, gefriergetrocknet : 70% Arabicabohnen, 30% Robusta - bohnen*. &quot;aus biologischer Landwirtschaft","['de:löslicher-bohnenkaffee', 'de:gefriergetrocknet', 'de:robusta', 'en:beans', 'en:vegetable', 'en:legume', 'en:pulse', 'de:arabicabohnen']",product,['en:product'],"Germany, Italy","['en:germany', 'en:italy']",dm,"Honduras, Papua New Guinea, Peru, Uganda","['en:honduras', 'en:papua-new-guinea', 'en:peru', 'en:uganda']",,unknown,,https://images.openfoodfacts.org/images/products/406/644/707/5526/front_de.3.400.jpg,2022-08-10 23:44:08,2026-03-17 22:24:06,found,2026-06-10 12:14:45.583207,unknown,False,True,True,True,False,True,True,True,True
food,search,kaffee,4337256551762,GOLD Löslicher Kaffee,,"Gold von REWE, ja!","Beverages, Coffees, Instant coffees","['en:beverages-and-beverages-preparations', 'en:plant-based-foods-and-beverages', 'en:beverages', 'en:plant-based-foods', 'en:beverage-preparations', 'en:coffees', 'en:instant-beverages', 'en:instant-coffees']",,[],ja! PEOPLE GOLD Löslicher Kaffee 00000 ALLIANCE 3 NATURE Kaffee EINE MARKE VON REWE 100 g 560 Serviervorschlag 970 5871-00,['de:ja-people-gold-löslicher-kaffee-00000-alliance-3-nature-kaffee-eine-marke-von-rewe-100-g-560-serviervorschlag-970-5871-00'],,[],Germany,['en:germany'],REWE,,[],,f,-20.0,,2023-04-03 21:03:36,2025-11-30 14:11:02,found,2026-06-10 12:14:45.583217,f,True,True,True,True,False,True,False,True,False
food,search,kaffee,4000417663214,Coffee duo milky macchiato crunchy coffee,"Duo aus einer gefüllten Vollmilchschokolade mit einer Creme (23%) aus Kaffee (1%) und Milch (3,5%) und Reis-Flakes (0,7%) und einer Kakaocreme (21%) und karamellisierten Kaffeebohnenstückchen (2%)",Ritter Sport,"Milk chocolates, de:vollmilchschokolade","['en:snacks', 'en:sweet-snacks', 'en:cocoa-and-its-products', 'en:chocolates', 'en:milk-chocolates', 'de:vollmilchschokolade']",Rainforest Alliance Cocoa,"['en:rainforest-alliance', 'en:rainforest-alliance-cocoa']","Zucchero, grasso di palma, burro di cacao, LATTE intero in polvere, pasta di cacao', LATTE scremato in polvere, LATTOSIO, cacao magro' (2,5%), BURRO anidro, caffé macinato (1%), caffe tostato (0,9 %), riso, lecitine di SOIA; baccelli di vaniglia in polvere, olio di girasole, sale, estratto di malto d'ORZO","['en:sugar', 'en:added-sugar', 'en:disaccharide', 'en:palm-fat', 'en:oil-and-fat', 'en:vegetable-oil-and-fat', 'en:palm-oil-and-fat', 'en:cocoa-butter', 'en:plant', 'en:cocoa', 'en:whole-milk-powder', 'en:dairy', 'en:milk-powder', 'en:cocoa-paste', 'en:skimmed-milk-powder', 'en:lactose', 'en:fat-reduced-cocoa', 'en:butterfat', 'en:fat', 'en:milkfat', 'en:ground-coffee', 'en:coffee', 'en:rice', 'en:soya-lecithin', 'en:e322', 'en:e322i', 'en:vanilla-pod', 'en:vanilla', 'en:sunflower-oil', 'en:vegetable-oil', 'en:salt', 'en:barley-malt-extract', 'en:cereal', 'en:malt', 'en:malted-barley']",,[],"Germany, Italy","['en:germany', 'en:italy']","Edeka, Tigros",,[],,d,37.0,https://images.openfoodfacts.org/images/products/400/041/766/3214/front_it.12.400.jpg,2024-03-16 17:29:40,2026-04-14 18:50:07,found,2026-06-10 12:14:45.583228,d,True,True,True,True,True,True,False,True,True
food,search,kaffee,4337256555395,Gold entkoffeiniert,,"Ja!, Rewe","Beverages, Coffees, Getränke und Getränkezubereitungen, Getränkezubereitungen, Heißgetränke zum Aufgließen, Lösliche Kaffees","['en:beverages-and-beverages-preparations', 'en:plant-based-foods-and-beverages', 'en:beverages', 'en:plant-based-foods', 'en:coffees', 'en:Getränke und Getränkezubereitungen', 'en:Getränkezubereitungen', 'en:Heißgetränke zum Aufgließen', 'en:Lösliche Kaffees']",Rainforest Alliance,['en:rainforest-alliance'],,[],,[],"Germany, Morocco","['en:germany', 'en:morocco']",REWE,,[],,unknown,,https://images.openfoodfacts.org/images/products/433/725/655/5395/front_de.13.400.jpg,2023-11-27 16:01:21,2026-02-16 21:10:49,found,2026-06-10 12:14:45.583239,unknown,False,True,True,True,True,False,False,True,True
food,search,kaffee,7613032569532,Nescafé Typ Cappuccino,Getränkepulver mit löslichem Bohnenkaffee,"Nestlé, Nescafé","Coffees, Dehydrated beverages, Powdered cappucino","['en:beverages-and-beverages-preparations', 'en:plant-based-foods-and-beverages', 'en:beverages', 'en:plant-based-foods', 'en:dried-products', 'en:beverage-preparations', 'en:dried-products-to-be-rehydrated', 'en:coffees', 'en:instant-beverages', 'en:dehydrated-beverages', 'en:instant-coffees', 'en:powdered-cappucino']","Green Dot, Nutriscore Grade C, Nutriscore Grade D, GB-VK302","['en:green-dot', 'en:nutriscore', 'en:nutriscore-grade-c', 'en:nutriscore-grade-d', 'en:GB-VK302']","Zucker, Glukosesirup, _Magermilchpulver (20,7%)_ , löslicher Bohnenkaffee (11,8%), Kokosnussöl, _Milchzucker_, Säureregulator (Natriumcarbonate, Citronensäure), Salz, natürliches Aroma","['en:sugar', 'en:added-sugar', 'en:disaccharide', 'en:glucose-syrup', 'en:monosaccharide', 'en:glucose', 'en:skimmed-milk-powder', 'en:dairy', 'en:milk-powder', 'de:löslicher-bohnenkaffee', 'en:coconut-oil', 'en:oil-and-fat', 'en:vegetable-oil-and-fat', 'en:vegetable-oil', 'en:lactose', 'en:acidity-regulator', 'en:salt', 'en:natural-flavouring', 'en:flavouring', 'en:e500', 'en:e330']",Kunststoff,['en:plastic'],"France, Germany","['en:france', 'en:germany']",,,[],,unknown,,https://images.openfoodfacts.org/images/products/761/303/256/9532/front_de.55.400.jpg,2018-08-25 19:43:11,2026-03-21 16:12:27,found,2026-06-10 12:14:45.583250,unknown,False,True,True,True,True,True,True,True,True
food,search,kaffee,4061463641939,Kaffee Bohnen,,"Barissimo, NewCoffee, diverse","Beverages, Roasted coffee beans, de:Ganze Kaffeebohnen","['en:beverages-and-beverages-preparations', 'en:plant-based-foods-and-beverages', 'en:beverages', 'en:plant-based-foods', 'en:beverage-preparations', 'en:coffees', 'en:coffee-beans', 'en:roasted-coffee-beans', 'de:Ganze Kaffeebohnen']","Rainforest Alliance Coffee, de:Unter Schutzatmosphäre verpackt","['en:rainforest-alliance', 'en:rainforest-alliance-coffee', 'de:Unter Schutzatmosphäre verpackt']",Kaffeebohnen geröstet,"['en:coffee-beans', 'en:coffee']",,[],Germany,['en:germany'],"Aldi Süd, Hofer",,[],,f,0.0,https://images.openfoodfacts.org/images/products/406/146/364/1939/front_de.28.400.jpg,2023-05-27 16:13:56,2026-04-05 10:11:10,found,2026-06-10 12:14:45.583260,f,True,True,True,True,True,True,False,True,True
food,search,kaffee,20112752,Löslicher Kaffee Mild,,Solevita,"Coffees, Fruit juices, Instant coffees","['en:beverages-and-beverages-preparations', 'en:plant-based-foods-and-beverages', 'en:beverages', 'en:plant-based-foods', 'en:plant-based-beverages', 'en:beverage-preparations', 'en:fruit-based-beverages', 'en:juices-and-nectars', 'en:coffees', 'en:fruit-juices', 'en:instant-beverages', 'en:instant-coffees']","Green Dot, Rainforest Alliance, UTZ Certified, de:Nummer wird für 2 verschiedene Produkte verwendet","['en:sustainable-farming', 'en:green-dot', 'en:rainforest-alliance', 'en:utz-certified', 'de:Nummer wird für 2 verschiedene Produkte verwendet']",Löslicher Kaffee,"['en:instant-coffee', 'en:coffee']","Glas,Kunststoff-Deckel,Kunststoff-Flasche","['en:glass', 'de:kunststoff-deckel', 'de:kunststoff-flasche']",Germany,['en:germany'],"Lidl, Penny",,[],,unknown,,https://images.openfoodfacts.org/images/products/000/002/011/2752/front_de.47.400.jpg,2018-08-02 19:23:23,2026-04-06 10:11:23,found,2026-06-10 12:14:45.583271,unknown,False,True,True,True,True,True,True,True,True
food,search,kaffee,4006581002606,Café Intención Kaffee,"Röstkaffee, gemahlen und vakuumverpackt","Café intencion, J.J.Darboven","Beverages, Coffees","['en:beverages-and-beverages-preparations', 'en:plant-based-foods-and-beverages', 'en:beverages', 'en:plant-based-foods', 'en:coffees']","Fairtrade International, DE-ÖKO-003, Made in Germany","['en:fair-trade', 'en:organic', 'en:eu-organic', 'en:fairtrade-international', 'en:de-oko-003', 'en:made-in-germany']",Röstkaffee Arabica 100%,['de:röstkaffee-arabica'],,[],Germany,['en:germany'],,Peru,['en:peru'],,unknown,,https://images.openfoodfacts.org/images/products/400/658/100/2606/front_de.4.400.jpg,2017-01-24 19:02:25,2026-03-26 00:36:15,found,2026-06-10 12:14:45.583281,unknown,False,True,True,True,True,True,False,True,True
food,search,kaffee,42413677,Latte Espresso,,"Cafèt, Netto MD","Coffees, Latte macchiato","['en:beverages-and-beverages-preparations', 'en:plant-based-foods-and-beverages', 'en:beverages', 'en:plant-based-foods', 'en:coffees', 'en:coffee-drinks', 'en:latte-macchiato']","Ohne Gentechnik, Not advised for children and pregnant women, Rainforest Alliance Coffee","['en:no-gmos', 'en:not-advised-for-specific-people', 'de:ohne-gentechnik', 'en:not-advised-for-children-and-pregnant-women', 'en:rainforest-alliance', 'en:rainforest-alliance-coffee']","78 % fettarme Milch, 18 % aufgebrühter Röstkaffee, Zucker, Stabilisator: Natriumcarbonate, Carrageen.","['en:skimmed-milk', 'en:dairy', 'en:milk', 'de:aufgebrühter-röstkaffee', 'en:sugar', 'en:added-sugar', 'en:disaccharide', 'en:stabiliser', 'en:e407', 'en:e500']",,[],Germany,['en:germany'],Netto MD,,[],,unknown,,https://images.openfoodfacts.org/images/products/000/004/241/3677/front_de.23.400.jpg,2021-08-03 11:26:54,2026-03-26 07:16:59,found,2026-06-10 12:14:45.583292,unknown,False,True,True,True,True,True,False,True,True
food,search,kaffee,4006581001777,"Kaffee, Der Himmlische","Röstkaffee, gemahlen und vakuum-verpackt","Nestlé, Mövenpick","Unsweetened beverages, Ground coffees, Coffee capsules, de:Röstkaffee","['en:beverages-and-beverages-preparations', 'en:plant-based-foods-and-beverages', 'en:beverages', 'en:plant-based-foods', 'en:hot-beverages', 'en:beverage-preparations', 'en:coffees', 'en:unsweetened-beverages', 'en:capsules', 'en:ground-coffees', 'en:coffee-capsules', 'de:Röstkaffee']",,[],"MÖVENPICK OF SWITZERLAND Röstkaffee, gemahlen und vakuumver - packt • Roasted coffee, ground and vacuum-packed Café torréfié, moulu et emballé sous vide Gebrande koffie, gemalen en vacuüm verpakt • Kawa palona mielona, pakowana próżniowo • Pražená káva, mletá a vakuově balená • Pražená káva mletá a vákuovo balená • Кофе жареный, молотый, в вакуумной упаковке • Кава смажена, мелена, у вакуумній упаковці • قهوة محمصة ومطحونة ومعبأة بتفريغ الهواء","['de:mövenpick-of-switzerland-röstkaffee', 'de:gemahlen-und-vakuumver', 'de:packt', 'de:roasted-coffee', 'de:ground-and-vacuum-packed-café-torréfié', 'de:moulu-et-emballé-sous-vide-gebrande-koffie', 'de:gemalen-en-vacuüm-verpakt', 'de:kawa-palona-mielona', 'de:pakowana-próżniowo', 'de:pražená-káva', 'de:mletá-a-vakuově-balená', 'de:pražená-káva-mletá-a-vákuovo-balená', 'de:кофе-жареный', 'de:молотый', 'de:в-вакуумной-упаковке', 'de:кава-смажена', 'de:мелена', 'de:у-вакуумній-упаковці', 'de:قهوة-محمصة-ومطحونة-ومعبأة-بتفريغ-الهواء']","81 C/PAP,90 C/LDPE,de:Kunststoff/Aluminium,de:Paket(e),de:Produkt","['en:composite-material', 'en:plastic-aluminium', 'en:paper-and-plastic', 'xx:81-c-pap', 'xx:90-c-ldpe', 'de:paket-e', 'de:produkt']","Austria, France, Germany, Switzerland","['en:austria', 'en:france', 'en:germany', 'en:switzerland']",,,[],"D-22113, Germany, Hamburg",f,-16.0,https://images.openfoodfacts.org/images/products/400/658/100/1777/front_de.67.400.jpg,2018-10-12 13:00:15,2026-03-30 22:15:28,found,2026-06-10 12:14:45.583303,f,True,True,True,True,False,True,True,True,True
food,search,kaffee,8711000506448,Kaffeesticks Espresso,,Jacobs,"Beverages, Coffees, de:Instant, espresso, pflanzliche-lebensmittel-und-getranke","['en:beverages-and-beverages-preparations', 'en:plant-based-foods-and-beverages', 'en:beverages', 'en:plant-based-foods', 'en:coffees', 'de:Instant', 'en:espresso', 'en:pflanzliche-lebensmittel-und-getranke']",,[],25 Einzelportionen löslicher Bohnenkaffee im praktischen Stickformat Mindestens haltbar bis Ende: 45g Siehe Packungsboden. JACOBS DouWE EGBEPE ron,"['de:25-einzelportionen-löslicher-bohnenkaffee-im-praktischen-stickformat-mindestens-haltbar-bis-ende', 'de:siehe-packungsboden', 'de:jacobs-douwe-egbepe-ron']","Kunststoff, Produkt","['en:plastic', 'de:produkt']",Germany,['en:germany'],,,[],,unknown,,https://images.openfoodfacts.org/images/products/871/100/050/6448/front_de.19.400.jpg,2019-09-29 17:13:26,2026-04-05 11:06:00,found,2026-06-10 12:14:45.583313,unknown,False,True,True,True,False,True,True,True,True
food,search,kaffee,4008167152729,Crema d'Oro Kaffee,Kaffeebohnen,Dallmayr,"Beverages, Coffee beans","['en:beverages-and-beverages-preparations', 'en:plant-based-foods-and-beverages', 'en:beverages', 'en:plant-based-foods', 'en:beverage-preparations', 'en:coffees', 'en:coffee-beans']","Green Dot, de:Mach mit","['en:green-dot', 'de:Mach mit']",Kaffeebohnen.,"['en:coffee-beans', 'en:coffee']","Metall, Kunststoff, Wiederverwertbare Metalle, Aluminium, 90-C/LDPE, Polyethlyen, Polyethylen-Aluminium-Verbundstoff, Produkt","['en:metal', 'en:plastic', 'en:recyclable-metals', 'en:aluminium', 'de:90-c-ldpe', 'de:polyethlyen', 'de:polyethylen-aluminium-verbundstoff', 'de:produkt']","Austria, Germany","['en:austria', 'en:germany']",Spar,,[],"Deutschland, München",f,-20.0,https://images.openfoodfacts.org/images/products/400/816/715/2729/front_de.51.400.jpg,2018-06-20 17:53:36,2026-06-08 15:19:26,found,2026-06-10 12:14:45.583323,f,True,True,True,True,True,True,True,True,True
food,search,kaffee,7610899110006,Café Chicco d‘Oro Tradition - Bohnen,,"6828 Balerna, Caffè Chicco d‘Oro - Eredi Rino Valsangiacomo S.A., Chicco D‘Oro, Schweiz, chicco'doro","Beverages, Coffee beans","['en:beverages-and-beverages-preparations', 'en:plant-based-foods-and-beverages', 'en:beverages', 'en:plant-based-foods', 'en:beverage-preparations', 'en:coffees', 'en:coffee-beans']",,[],"CAFEE CHICCO DORO TRADITION AD ALTISSIMO CONTENUTO DI PREGIATO CAFFE ARABICA HOHER ANTEIL AN ERLESENEM KAFFEE DER SORTE ARABICA HAUT CONTENU EN CAFÉS SÉLECTIONNÉS ARABICA HIGH CONTENT OF FIRST CHOICE ARABICA COFFEE Distribuito da: / Vertrieben durch: Distribué par:/ Distributed by: Chicco d'Oro Italia Srl, Via Volta 34 1-22071 Cadorago (CO) www.chiccodoro.it Caffè Chicco d'Oro GmbH, In de Tarpen 51 D-22848 Norderstedt www.chiccodoro.de Caffè Chicco d'Oro Ristretto VertriebsgesmbH. Walgaustrasse 13 A-6833 Klaus www.chiccodoro.at 1000 ge","['fr:cafee-chicco-doro-tradition-ad-altissimo-contenuto-di-pregiato-caffe-arabica-hoher-anteil-an-erlesenem-kaffee-der-sorte-arabica-haut-contenu-en-cafes-selectionnes-arabica-high-content-of-first-choice-arabica-coffee-distribuito-da', 'fr:distribue-par', 'fr:chicco-d-oro-italia-srl', 'fr:via-volta-34-1-22071-cadorago', 'fr:www-chiccodoro-it-caffe-chicco-d-oro-gmbh', 'fr:in-de-tarpen-51-d-22848-norderstedt-www-chiccodoro-de-caffe-chicco-d-oro-ristretto-vertriebsgesmbh', 'fr:walgaustrasse-13-a-6833-klaus-www-chiccodoro-at-1000-ge', 'fr:vertrieben-durch', 'fr:distributed-by']",,[],"France, Germany, Switzerland","['en:france', 'en:germany', 'en:switzerland']",,,[],,f,-18.0,https://images.openfoodfacts.org/images/products/761/089/911/0006/front_fr.4.400.jpg,2019-03-09 11:30:51,2026-03-26 21:23:18,found,2026-06-10 12:14:45.583333,f,True,True,True,True,False,True,False,True,True
food,search,kaffee,8000070035980,Kaffee Qualità Rossa,,"LavAzza - Luigi Lavazza S.p.A., Lavazza","Beverages, Ground coffees","['en:beverages-and-beverages-preparations', 'en:plant-based-foods-and-beverages', 'en:beverages', 'en:plant-based-foods', 'en:beverage-preparations', 'en:coffees', 'en:ground-coffees']","Vegan, Made in Italy","['en:vegetarian', 'en:vegan', 'en:made-in-italy']","gebrande, gemalen koffie","['nl:gebrande', 'en:ground-coffee', 'en:coffee']",Paquete,['en:pack'],"Germany, Spain, Switzerland","['en:germany', 'en:spain', 'en:switzerland']",,,[],,f,-15.0,https://images.openfoodfacts.org/images/products/800/007/003/5980/front_es.25.400.jpg,2019-05-19 09:21:09,2026-02-27 07:37:43,found,2026-06-10 12:14:45.583344,f,True,True,True,True,True,True,True,True,True
food,search,kaffee,7613036310116,Nescafé Gold - Original,,Nescafé,"Beverages, Coffees, Instant coffees","['en:beverages-and-beverages-preparations', 'en:plant-based-foods-and-beverages', 'en:beverages', 'en:plant-based-foods', 'en:beverage-preparations', 'en:coffees', 'en:instant-beverages', 'en:instant-coffees']",Green Dot,['en:green-dot'],18:18,['fr:18'],,[],"Germany, Switzerland","['en:germany', 'en:switzerland']",,,[],,unknown,,https://images.openfoodfacts.org/images/products/761/303/631/0116/front_de.20.400.jpg,2019-10-11 13:15:30,2026-03-26 00:54:18,found,2026-06-10 12:14:45.583354,unknown,False,True,True,True,True,True,False,True,True
food,search,kaffee,7613036457712,Nescafe Classic Crema,,"Nestlé, Nescafe","Beverages, Coffees, Freeze-dried instant coffees","['en:beverages-and-beverages-preparations', 'en:plant-based-foods-and-beverages', 'en:beverages', 'en:plant-based-foods', 'en:beverage-preparations', 'en:coffees', 'en:freeze-dried-foods', 'en:instant-beverages', 'en:freeze-dried-plant-based-foods', 'en:instant-coffees', 'en:freeze-dried-instant-coffees']",Green Dot,['en:green-dot'],Löslicher Bohnenkaffee,['de:löslicher-bohnenkaffee'],Glas,['en:glass'],Germany,['en:germany'],Hit,,[],,unknown,,https://images.openfoodfacts.org/images/products/761/303/645/7712/front_de.21.400.jpg,2020-01-30 10:14:10,2026-03-26 00:23:54,found,2026-06-10 12:14:45.583364,unknown,False,True,True,True,True,True,True,True,True
food,search,kaffee,4066447075540,Kaffee entkoffeiniert löslich,löslicher Bohnenkaffee entkoffeiniert,"dmBio, dm","Beverages, Instant coffees, Entkoffeinierte Kaffees, Entkoffeinierte lösliche Kaffees, Getränke, Heißgetränke zum Aufgließen, Kaffeebohnen, Kaffees, Lösliche Kaffees, Pflanzliche Lebensmittel, Pflanzliche Lebensmittel und Getränke","['en:beverages-and-beverages-preparations', 'en:beverages', 'en:beverage-preparations', 'en:instant-beverages', 'en:instant-coffees', 'en:Entkoffeinierte Kaffees', 'en:Entkoffeinierte lösliche Kaffees', 'en:Getränke', 'en:Heißgetränke zum Aufgließen', 'en:Kaffeebohnen', 'en:Kaffees', 'en:Lösliche Kaffees', 'en:Pflanzliche Lebensmittel', 'en:Pflanzliche Lebensmittel und Getränke']","Fairtrade International, non-EU Agriculture, EG-Öko-Verordnung, DE-ÖKO-005, European Vegetarian Union Vegan, Made in Germany","['en:vegetarian', 'en:fair-trade', 'en:organic', 'en:eu-organic', 'en:fairtrade-international', 'en:non-eu-agriculture', 'en:vegan', 'de:eg-öko-verordnung', 'en:de-oko-005', 'en:european-vegetarian-union', 'en:european-vegetarian-union-vegan', 'en:made-in-germany']",Bio Kaffee 100%,['en:coffee'],"Kunststoff,Glas,Papier,Klarglas,Krug,Etikett,Deckel","['en:plastic', 'en:glass', 'en:paper', 'en:clear-glass', 'en:jar', 'en:label', 'en:lid']","Germany, Italy","['en:germany', 'en:italy']",dm,Non European Union,['en:non-european-union'],Deutschland,unknown,,https://images.openfoodfacts.org/images/products/406/644/707/5540/front_de.8.400.jpg,2022-05-07 12:39:15,2026-06-05 15:03:33,found,2026-06-10 12:14:45.583385,unknown,False,True,True,True,True,True,True,True,True
food,search,kaffee,7613038720098,Incarom Original,,Incarom,"Beverages, Coffees","['en:beverages-and-beverages-preparations', 'en:plant-based-foods-and-beverages', 'en:beverages', 'en:plant-based-foods', 'en:coffees']",Nutriscore Grade C,"['en:nutriscore', 'en:nutriscore-grade-c']","Extrait soluble 50% (à base de café 52% et chicorée 48%), sirop de glucose 50%. Peut contenir de l'orge, du seigle, de l'avoine. 275 g","['fr:extrait-soluble', 'en:glucose-syrup', 'en:added-sugar', 'en:monosaccharide', 'en:glucose', 'en:oat', 'en:cereal', 'en:coffee', 'en:chicory', 'en:vegetable', 'en:shoot-vegetable']",,[],"Germany, Switzerland","['en:germany', 'en:switzerland']",,,[],,unknown,,https://images.openfoodfacts.org/images/products/761/303/872/0098/front_fr.12.400.jpg,2020-09-20 19:08:14,2026-03-25 16:28:56,found,2026-06-10 12:14:45.583406,unknown,False,True,True,True,True,True,False,True,True
food,search,kaffee,4061459895322,Latte Espresso,,"Barissimo, Molkerei Gropper","Latte macchiato, de:Fertigkaffees","['en:beverages-and-beverages-preparations', 'en:beverages', 'en:coffee-drinks', 'en:latte-macchiato', 'de:Fertigkaffees']","Ohne Gentechnik, Nutriscore Grade C, Rainforest Alliance Coffee","['en:no-gmos', 'de:ohne-gentechnik', 'en:nutriscore', 'en:nutriscore-grade-c', 'en:rainforest-alliance', 'en:rainforest-alliance-coffee']",SPRESSO LATTE EXPERTS ualitataus METSCHLAND THE COFFEE 654 654 BAR SSIMO LATTE ESPRESSO 9900 CHILLED COFFEE TO FO AINFORES PEOPLE ALLIA NATE Kattee 250 ml,['ar:spresso-latte-experts-ualitataus-metschland-the-coffee-654-654-bar-ssimo-latte-espresso-9900-chilled-coffee-to-fo-ainfores-people-allia-nate-kattee'],,[],Germany,['en:germany'],"Aldi Nord, Aldi Süd",,[],,unknown,,https://images.openfoodfacts.org/images/products/406/145/989/5322/front_de.24.400.jpg,2024-04-12 14:48:29,2026-03-26 17:38:06,found,2026-06-10 12:14:45.583416,unknown,False,True,True,True,True,True,False,True,True
food,search,kaffee,4061459971514,Latte Macchiato,,"Barissimo, Molkerei Gropper","Latte macchiato, de:Fertigkaffees","['en:beverages-and-beverages-preparations', 'en:beverages', 'en:coffee-drinks', 'en:latte-macchiato', 'de:Fertigkaffees']","Ohne Gentechnik, Rainforest Alliance Coffee","['en:no-gmos', 'de:ohne-gentechnik', 'en:rainforest-alliance', 'en:rainforest-alliance-coffee']","77 % Vollmilch, 15 % Arabica-Kaffee, Sahne, Zucker, Stabilisator Natriumcarbonate, Carrageen.","['en:whole-milk', 'en:dairy', 'en:milk', 'en:arabica-coffee', 'en:coffee', 'en:cream', 'en:sugar', 'en:added-sugar', 'en:disaccharide', 'en:stabiliser', 'en:e407', 'en:e500']",,[],Germany,['en:germany'],,,[],,unknown,,https://images.openfoodfacts.org/images/products/406/145/997/1514/front_de.12.400.jpg,2024-05-29 16:54:29,2026-03-26 18:03:58,found,2026-06-10 12:14:45.583426,unknown,False,True,True,True,True,True,False,True,True
food,search,kaffee,8711000506325,Classic 3in1,,"Jacobs, Jakobs","Beverages, Coffees, Instant coffees","['en:beverages-and-beverages-preparations', 'en:plant-based-foods-and-beverages', 'en:beverages', 'en:plant-based-foods', 'en:beverage-preparations', 'en:coffees', 'en:instant-beverages', 'en:instant-coffees']",Green Dot,['en:green-dot'],"Zucker (54%), Glukosesirup, Kokosfett (ganz gehärtet), löslicher Bohnenkaffee (8%), Stabilisatoren (E340, E452), Milcheiweiß, Emulgatoren (E471, E481), Trennmittel (E551).","['en:sugar', 'en:added-sugar', 'en:disaccharide', 'en:glucose-syrup', 'en:monosaccharide', 'en:glucose', 'en:coconut-fat', 'en:oil-and-fat', 'en:vegetable-oil-and-fat', 'en:vegetable-fat', 'de:löslicher-bohnenkaffee', 'en:stabiliser', 'en:milk-proteins', 'en:protein', 'en:animal-protein', 'en:emulsifier', 'en:anti-caking-agent', 'de:ganz-gehärtet', 'en:e340', 'en:e452', 'en:e471', 'en:e481', 'en:e551']",Tüte,['en:bag'],Germany,['en:germany'],Lidl,Netherlands,['en:netherlands'],Niederlande,unknown,,https://images.openfoodfacts.org/images/products/871/100/050/6325/front_de.36.400.jpg,2018-07-27 17:08:18,2026-03-25 17:16:57,found,2026-06-10 12:14:45.583437,unknown,False,True,True,True,True,True,True,True,True
food,search,kaffee,8000070027411,Caffé Crema Classico Kaffee,,Lavazza,"Beverages, Coffee beans","['en:beverages-and-beverages-preparations', 'en:plant-based-foods-and-beverages', 'en:beverages', 'en:plant-based-foods', 'en:beverage-preparations', 'en:coffees', 'en:coffee-beans']",Made in Italy,['en:made-in-italy'],Geröstete Kaffeebohnen,"['en:coffee-beans', 'en:coffee']",Kasten,['en:box'],"France, Germany","['en:france', 'en:germany']",Edeka,,[],,f,-15.0,https://images.openfoodfacts.org/images/products/800/007/002/7411/front_de.54.400.jpg,2018-12-13 17:56:40,2026-03-14 10:02:00,found,2026-06-10 12:14:45.583447,f,True,True,True,True,True,True,True,True,True
food,search,kaffee,8711000396780,Café Crema,25 Einzelportionen löslicher Bohnenkaffee im praktischen Stickformat,Jacobs,"Beverages, Coffees, entkoffeinierte-lösliche-kaffees, getränke, heißgetränke-zum-aufgließen, lösliche-kaffees, pflanzliche-lebensmittel-und-getränke","['en:beverages-and-beverages-preparations', 'en:plant-based-foods-and-beverages', 'en:beverages', 'en:plant-based-foods', 'en:coffees', 'en:entkoffeinierte-lösliche-kaffees', 'en:getränke', 'en:heißgetränke-zum-aufgließen', 'en:lösliche-kaffees', 'en:pflanzliche-lebensmittel-und-getränke']",Green Dot,['en:green-dot'],25 Einzelportionen löslicher Bohnenkaffee im praktischen Stickformat,['de:25-einzelportionen-löslicher-bohnenkaffee-im-praktischen-stickformat'],"Kunststoff, Pappe, Karton","['en:plastic', 'en:cardboard', 'en:paperboard']",Germany,['en:germany'],,,[],,unknown,,https://images.openfoodfacts.org/images/products/871/100/039/6780/front_de.14.400.jpg,2019-09-29 15:07:12,2026-04-05 11:35:35,found,2026-06-10 12:14:45.583457,unknown,False,True,True,True,True,True,True,True,True
food,search,kaffee,4008167113713,Kaffee Prodomo entcoffeiniert,,Dallmayr,"Beverages, Coffees","['en:beverages-and-beverages-preparations', 'en:plant-based-foods-and-beverages', 'en:beverages', 'en:plant-based-foods', 'en:coffees']",,[],"Hochlandkaffee, entkoffeiniert","['de:Hochlandkaffee', 'de:entkoffeiniert']",,[],"Germany, Ireland","['en:germany', 'en:ireland']",,,[],,unknown,,https://images.openfoodfacts.org/images/products/400/816/711/3713/front_en.4.400.jpg,2020-04-10 10:50:09,2026-06-06 19:52:32,found,2026-06-10 12:14:45.583466,unknown,False,True,True,True,False,True,False,True,True
food,search,kaffee,7613036303910,löslicher Kaffee entkof.- Fach 21,,Nescafé,"Coffees, Instant coffees, Getränke, Getränke und Getränkezubereitungen, Getränkezubereitungen, Heißgetränke zum Aufgließen, Kaffees, Lösliche Kaffees, Pflanzliche Lebensmittel, Pflanzliche Lebensmittel und Getränke","['en:beverages-and-beverages-preparations', 'en:plant-based-foods-and-beverages', 'en:plant-based-foods', 'en:beverage-preparations', 'en:coffees', 'en:instant-beverages', 'en:instant-coffees', 'en:Getränke', 'en:Getränke und Getränkezubereitungen', 'en:Getränkezubereitungen', 'en:Heißgetränke zum Aufgließen', 'en:Kaffees', 'en:Lösliche Kaffees', 'en:Pflanzliche Lebensmittel', 'en:Pflanzliche Lebensmittel und Getränke']",,[],100% entkoffeinierter löslicher Bohnenkaffee.,['de:entkoffeinierter-löslicher-bohnenkaffee'],,[],"Germany, Ireland","['en:germany', 'en:ireland']",,,[],,unknown,,https://images.openfoodfacts.org/images/products/761/303/630/3910/front_en.8.400.jpg,2020-12-14 11:54:02,2026-03-25 17:48:17,found,2026-06-10 12:14:45.583476,unknown,False,True,True,True,False,True,False,True,True
food,search,kaffee,8445291766983,Nescafé Iced,Löslicher Bohnenkaffee,"Nestlé, Nescafé","Coffees, Dehydrated beverages, Instant coffees","['en:beverages-and-beverages-preparations', 'en:plant-based-foods-and-beverages', 'en:beverages', 'en:plant-based-foods', 'en:dried-products', 'en:beverage-preparations', 'en:dried-products-to-be-rehydrated', 'en:coffees', 'en:instant-beverages', 'en:dehydrated-beverages', 'en:instant-coffees']",,[],,[],,[],Germany,['en:germany'],"Edeka, Kaufland, Netto MD, Penny, Rewe",,[],,unknown,,https://images.openfoodfacts.org/images/products/844/529/176/6983/front_de.5.400.jpg,2026-01-01 18:42:41,2026-05-30 22:39:17,found,2026-06-10 12:14:45.583487,unknown,False,True,True,True,False,False,False,True,True
food,search,kaffee,20020620,Tiramisu,"Italienisches Dessert mit Mascarpone-Frischkäse, Marsala-Wein und Kuchenboden in Kaffee getränkt","Milbona, Lidl, Solo Italia","Dairy desserts, Fresh foods, Tiramisu","['en:dairies', 'en:snacks', 'en:desserts', 'en:sweet-snacks', 'en:biscuits-and-cakes', 'en:dairy-desserts', 'en:fresh-foods', 'en:pastries', 'en:tiramisu']","Contains alcohol, Do not freeze, Made in Italy, Nutriscore Grade D","['en:contains-alcohol', 'en:do-not-freeze', 'en:made-in-italy', 'en:nutriscore', 'en:nutriscore-grade-d']","Rekonstituierte Magermilch, Glukosesirup, 17% Mascarpone (Sahne, Säureregulator: Milchsäure), 10% Kuchenboden (Weizenmehl, Zucker, Eier, Kartoffelstärke, Emulgator: Mono - und Diglyceride von Speisefettsäuren; Kokosfett, Backtriebmittel: Diphosphate, Natriumcarbonate; Speisesalz), Kokosfett, Zucker, Sahne, 2,4% Ethylalkohol, Vollei, Stabilisator: Sorbit; 1,2% Kakaozubereitung (0,6% Kakaopulver** Dextrose, Weizenstärke, Zucker, Kakaobutter**), Magermilchpulver, Milcheiweiß, 0,6% Marsala-Wein, 0,5% löslicher Kaffee, Speisegelatine (Rind), Tapiokastärke, Emulgator: Milchsäureester von Mono - und Diglyceriden von Speisefettsäuren; Verdickungsmittel: Johannisbrotkernmehl, Natriumalginat; natürliches Aroma. Kann Spuren von Soja, Senf und Schalenfrüchten enthalten.","['en:skimmed-milk', 'en:dairy', 'en:milk', 'en:glucose-syrup', 'en:added-sugar', 'en:monosaccharide', 'en:glucose', 'en:mascarpone', 'en:cheese', 'de:kuchenboden', 'en:coconut-fat', 'en:oil-and-fat', 'en:vegetable-oil-and-fat', 'en:vegetable-fat', 'en:sugar', 'en:disaccharide', 'en:cream', 'en:e1510', 'en:whole-egg', 'en:egg', 'en:stabiliser', 'de:kakaozubereitung', 'en:skimmed-milk-powder', 'en:milk-powder', 'en:milk-proteins', 'en:protein', 'en:animal-protein', 'de:marsala-wein', 'en:instant-coffee', 'en:coffee', 'en:e428', 'en:tapioca', 'en:starch', 'en:emulsifier', 'en:thickener', 'en:e401', 'en:natural-flavouring', 'en:flavouring', 'en:acidity-regulator', 'en:wheat-flour', 'en:cereal', 'en:flour', 'en:wheat', 'en:cereal-flour', 'en:potato-starch', 'en:raising-agent', 'en:e500', 'en:salt', 'en:e420', 'de:kakaopulver-dextrose', 'en:wheat-starch', 'en:cocoa-butter', 'en:plant', 'en:cocoa', 'en:beef', 'en:animal', 'en:e472b', 'en:carob-seed-flour', 'en:vegetable', 'en:legume', 'en:pulse', 'en:carob-bean', 'en:e270', 'en:e471', 'en:e450']","Plastic, Pot, Cardboard, Container, Fresh, Non-corrugated cardboard, PP - Polypropylene, Seal, Sleeve, 04 PE-LD, Card-sleeve, Mixed plastic film-lid, Point vert, Pp-pot","['en:plastic', 'en:pot', 'en:cardboard', 'en:container', 'en:fresh', 'en:non-corrugated-cardboard', 'en:pp-polypropylene', 'en:seal', 'en:sleeve', 'en:04-pe-ld', 'en:card-sleeve', 'en:mixed-plastic-film-lid', 'en:point-vert', 'en:pp-pot']","Bulgaria, France, Germany, Spain, United Kingdom","['en:bulgaria', 'en:france', 'en:germany', 'en:spain', 'en:united-kingdom']",Lidl,Italy,['en:italy'],"(MI : Milan), Dolcissimo Srl - Via Fratelli Cervi 41 - 20010 Ossona, Italie, Lombardie",f,9.0,https://images.openfoodfacts.org/images/products/000/002/002/0620/front_en.65.400.jpg,2014-06-04 16:39:19,2026-03-17 23:52:27,found,2026-06-10 12:14:45.583497,f,True,True,True,True,True,True,True,True,True
food,search,kaffee,4002720002117,Auslese Stärke 3,,Melitta,"Beverages, de:Gemahlener Kaffee, de:Kaffeepulver","['en:beverages-and-beverages-preparations', 'en:beverages', 'de:Gemahlener Kaffee', 'de:Kaffeepulver']",Green Dot,['en:green-dot'],Gemahlener Röstkaffee.,"['en:roasted-coffee', 'en:coffee']",Produkt,['de:produkt'],Germany,['en:germany'],,,[],,unknown,,https://images.openfoodfacts.org/images/products/400/272/000/2117/front_de.42.400.jpg,2018-07-20 15:39:43,2026-05-22 18:30:00,found,2026-06-10 12:14:45.583507,unknown,False,True,True,True,True,True,True,True,True
food,search,kaffee,7613035909014,Nescafé Gold de Luxe,,"Nestlé, Nestle nutrition","Beverages, Coffees, Instant coffees","['en:beverages-and-beverages-preparations', 'en:plant-based-foods-and-beverages', 'en:beverages', 'en:plant-based-foods', 'en:beverage-preparations', 'en:coffees', 'en:instant-beverages', 'en:instant-coffees']",Made in Swiss,['en:made-in-swiss'],Zubereitung / Préparation: x2 + 80°C 100% löslicher Kaffee./100% café soluble. Hergestellt in der Schweiz./Fabriqué en Suisse. **Hergestellt aus gold geröstetem Arabica und dunkel geröstetem Robusta. / Elaboré à partir d'Arabicas à torréfaction dorée et de Robustas à torréfaction brune.,"['fr:zubereitung', 'fr:preparation', 'fr:x2-80-c-100-loslicher-kaffee', 'en:instant-coffee', 'en:coffee', 'fr:hergestellt-in-der-schweiz', 'fr:hergestellt-aus-gold-gerostetem-arabica-und-dunkel-gerostetem-robusta', 'fr:elabore-a-partir-d-arabicas-a-torrefaction-doree-et-de-robustas-a-torrefaction-brune']",,[],"France, Germany, Switzerland","['en:france', 'en:germany', 'en:switzerland']",Migros,Colombia,['en:colombia'],,unknown,,https://images.openfoodfacts.org/images/products/761/303/590/9014/front_fr.45.400.jpg,2018-09-14 06:59:07,2026-03-13 01:55:33,found,2026-06-10 12:14:45.583518,unknown,False,True,True,True,True,True,False,True,True
food,search,kaffee,4006581020686,Café Intención eclógico,Röstkaffee in Bohnen,Lemonaid Beverages GmbH,"Beverages, Coffee beans","['en:beverages-and-beverages-preparations', 'en:plant-based-foods-and-beverages', 'en:beverages', 'en:plant-based-foods', 'en:beverage-preparations', 'en:coffees', 'en:coffee-beans']","Fairtrade International, DE-ÖKO-003, Made in Germany","['en:fair-trade', 'en:organic', 'en:eu-organic', 'en:fairtrade-international', 'en:de-oko-003', 'en:made-in-germany']",Arabica Kaffee,"['en:arabica-coffee', 'en:coffee']",,[],"France, Germany","['en:france', 'en:germany']",Edeka,"Honduras, Peru","['en:honduras', 'en:peru']",,f,10.0,https://images.openfoodfacts.org/images/products/400/658/102/0686/front_de.26.400.jpg,2018-09-24 16:40:45,2026-03-17 05:15:08,found,2026-06-10 12:14:45.583528,f,True,True,True,True,True,True,False,True,True
food,search,kaffee,4009041101017,"Feiner Landkaffee Aus Vollem Korn Geröstet, Kaffee",,Grana,"Beverages, Coffees, Instant coffees","['en:beverages-and-beverages-preparations', 'en:plant-based-foods-and-beverages', 'en:beverages', 'en:plant-based-foods', 'en:beverage-preparations', 'en:coffees', 'en:instant-beverages', 'en:instant-coffees']",,[],"Gerste (45%), Roggen (27%), Zichorie, Zuckerrüben","['en:barley', 'en:cereal', 'en:rye', 'en:chicory', 'en:vegetable', 'en:shoot-vegetable', 'de:zuckerrüben']","Kunststoff, Verbundstoff","['en:plastic', 'de:verbundstoff']",Germany,['en:germany'],Kaufland,,[],,unknown,,https://images.openfoodfacts.org/images/products/400/904/110/1017/front_de.35.400.jpg,2019-05-15 18:59:53,2026-03-25 18:30:32,found,2026-06-10 12:14:45.583538,unknown,False,True,True,True,False,True,True,True,True
food,search,kaffee,8000070038271,Crema e Gusto - Tradizione Italiana Kaffee,Geröstete Kaffeebohnen,Lavazza,"Arabica coffees, Roasted coffee beans","['en:beverages-and-beverages-preparations', 'en:plant-based-foods-and-beverages', 'en:plant-based-foods', 'en:beverage-preparations', 'en:coffees', 'en:arabica-coffees', 'en:coffee-beans', 'en:roasted-coffee-beans']","Green Dot, Made in Italy","['en:green-dot', 'en:made-in-italy']",Geröstete Kaffeebohnen 100%,"['en:coffee-beans', 'en:coffee']","Tüte,90 C/LDPE","['en:bag', 'de:90-c-ldpe']","France, Germany","['en:france', 'en:germany']",Lidl,Non European Union,['en:non-european-union'],Italien,f,7.0,https://images.openfoodfacts.org/images/products/800/007/003/8271/front_de.21.400.jpg,2020-01-25 07:58:53,2026-03-18 01:31:45,found,2026-06-10 12:14:45.583548,f,True,True,True,True,True,True,True,True,True
food,search,kaffee,4061458021746,Schokolade Kaffee Sahne,,"Aldi, Choceur, Wiha",Chocolates,"['en:snacks', 'en:sweet-snacks', 'en:cocoa-and-its-products', 'en:chocolates']","de:DLG Jährlich Prämiert, Nutriscore Grade E, PEFC, UTZ Certified Cocoa","['en:german-agricultural-society', 'en:sustainable-farming', 'de:dlg-jährlich-prämiert', 'en:nutriscore', 'en:nutriscore-grade-e', 'en:pefc', 'en:utz-certified', 'en:utz-certified-cocoa']","Zucker, Kakaobutter, Sahnepulver (11,9%), Vollmilchpulver (10,3%), Kakaomasse, Magermilchpulver, Milchzucker, Kaffee, Buttermilchpulver, Emulgator Lecithine (Soja), Salz, Vanilleextrakt. Kann auch Haselnuss, Mandel, Erdnuss und andere Nüsse enthalten.","['en:sugar', 'en:added-sugar', 'en:disaccharide', 'en:cocoa-butter', 'en:plant', 'en:cocoa', 'en:cream', 'en:dairy', 'en:whole-milk-powder', 'en:milk-powder', 'en:cocoa-paste', 'en:skimmed-milk-powder', 'en:lactose', 'en:coffee', 'en:buttermilk', 'en:emulsifier', 'en:salt', 'en:vanilla-extract', 'en:extract', 'en:vanilla', 'en:vegetable-extract', 'en:e322']","Kunststoff, Pappe","['en:plastic', 'en:cardboard']",Germany,['en:germany'],,,[],,unknown,,https://images.openfoodfacts.org/images/products/406/145/802/1746/front_de.28.400.jpg,2021-02-04 07:53:15,2026-02-22 13:28:12,found,2026-06-10 12:14:45.583559,unknown,False,True,True,True,True,True,True,True,True
food,search,kaffee,4008167043805,Home Barrista Café Crema Dolce,,"Dallmayr, dallmayer","Beverages, Coffees","['en:beverages-and-beverages-preparations', 'en:plant-based-foods-and-beverages', 'en:beverages', 'en:plant-based-foods', 'en:coffees']","Green Dot, Rainforest Alliance","['en:green-dot', 'en:rainforest-alliance']","Cullmayr HOME ARISTA E CREMA DOLCE ONISCH, WENIG SÄURE ONIOUS WITH LOW ACIDITY BA CAFFE DE Die Kaffeeb Rosten aromatiche doss Luft an die g So bleibt das g Hergestell in Deutschla Unter Schutzh EN The coffee bean roasting to presen air coming into This con Made in German Packaged 90 LOPE O","['en:Cullmayr HOME ARISTA E CREMA DOLCE ONISCH', 'en:WENIG SÄURE ONIOUS WITH LOW ACIDITY BA CAFFE DE Die Kaffeeb Rosten aromatiche doss Luft an die g So bleibt das g Hergestell in Deutschla Unter Schutzh EN The coffee bean roasting to presen air coming into This con Made in German Packaged 90 LOPE O']",,[],Germany,['en:germany'],,,[],,unknown,,https://images.openfoodfacts.org/images/products/400/816/704/3805/front_de.9.400.jpg,2022-07-15 22:01:09,2026-06-07 15:47:39,found,2026-06-10 12:14:45.583569,unknown,False,True,True,True,True,True,False,True,True
food,search,kaffee,4030387034080,Scho-Ka-Kola,Zartbitterschokolade mit Kaffee und Kolanusspulver,"Scho-Ka-Kola, Scho-Ka-Kola GmbH",Dark chocolates,"['en:snacks', 'en:sweet-snacks', 'en:cocoa-and-its-products', 'en:chocolates', 'en:dark-chocolates']",,[],"Kakaomasse, Zucker, Kakaobutter,Kaffee (2,6 %), Vollmilchpulver, Kolanusspulver (1,6 %), Emulgator: Lecithine, Aroma,","['en:cocoa-paste', 'en:plant', 'en:cocoa', 'en:sugar', 'en:added-sugar', 'en:disaccharide', 'en:cocoa-butter', 'en:coffee', 'en:whole-milk-powder', 'en:dairy', 'en:milk-powder', 'en:cola-nut', 'en:nut', 'en:tree-nut', 'en:emulsifier', 'en:flavouring', 'en:e322']","Dose, Stück","['en:can', 'de:stück']","Austria, Germany","['en:austria', 'en:germany']",,,[],Deutschland,e,17.0,https://images.openfoodfacts.org/images/products/403/038/703/4080/front_de.91.400.jpg,2017-02-23 13:41:41,2026-02-24 21:31:53,found,2026-06-10 12:14:45.583579,e,True,True,True,True,False,True,True,True,True
food,search,kaffee,4005500274995,Nescafé Frappé Typ Eiskaffee,Getränkepulver mit löslichem Bohnenkaffee,"Nestlé, Nescafé","Dehydrated beverages, Aromatised instant coffees, Sweetened beverages","['en:beverages-and-beverages-preparations', 'en:beverages', 'en:dried-products', 'en:beverage-preparations', 'en:dried-products-to-be-rehydrated', 'en:instant-beverages', 'en:dehydrated-beverages', 'en:instant-coffees', 'en:aromatised-instant-coffees', 'en:sweetened-beverages']","Green Dot, Nutriscore Grade E","['en:green-dot', 'en:nutriscore', 'en:nutriscore-grade-e']","Zucker, 9,5% löslicher Bohnenkaffee, Aromen, Salz.","['en:sugar', 'en:added-sugar', 'en:disaccharide', 'de:löslicher Bohnenkaffee', 'en:flavouring', 'en:salt']","Metal,Box,de:Dose(n),de:Produkt","['en:metal', 'en:box', 'de:dose-n', 'de:produkt']","Austria, Germany","['en:austria', 'en:germany']","Edeka, Famila, Hit, Kaufland, Netto MD, Penny, Rewe",,[],,unknown,,https://images.openfoodfacts.org/images/products/400/550/027/4995/front_de.54.400.jpg,2016-12-22 15:51:37,2026-05-30 21:22:35,found,2026-06-10 12:14:45.583590,unknown,False,True,True,True,True,True,True,True,True
food,search,kaffee,4047247775663,Barissimo Classic,,Markus Kaffee,"Beverages, Coffees","['en:beverages-and-beverages-preparations', 'en:plant-based-foods-and-beverages', 'en:beverages', 'en:plant-based-foods', 'en:coffees']",Rainforest Alliance,['en:rainforest-alliance'],,[],,[],Germany,['en:germany'],,,[],,unknown,,https://images.openfoodfacts.org/images/products/404/724/777/5663/front_de.6.400.jpg,2025-01-04 17:13:50,2026-04-03 17:16:36,found,2026-06-10 12:14:45.583599,unknown,False,True,True,True,True,False,False,True,True
food,search,kaffee,4005500086062,Caro extra kräftig,Getränkepulver aus Getreide (kein Kaffee),Nestlé,"Dried plant-based foods, Instant beverages, Dehydrated beverages","['en:beverages-and-beverages-preparations', 'en:plant-based-foods-and-beverages', 'en:beverages', 'en:plant-based-foods', 'en:dried-products', 'en:beverage-preparations', 'en:dried-products-to-be-rehydrated', 'en:dried-plant-based-foods', 'en:instant-beverages', 'en:dehydrated-beverages']","Green Dot, Nutriscore Grade B","['en:green-dot', 'en:nutriscore', 'en:nutriscore-grade-b']","Gerste, Gerstenmalz, Zichorie, Roggen.","['en:barley', 'en:cereal', 'en:malted-barley', 'en:malt', 'en:chicory', 'en:vegetable', 'en:shoot-vegetable', 'en:rye']",,[],Germany,['en:germany'],"Edeka, Globus, Kaufland, Netto MD, Rewe",,[],,unknown,,https://images.openfoodfacts.org/images/products/400/550/008/6062/front_de.28.400.jpg,2018-06-07 15:45:36,2026-05-25 11:18:11,found,2026-06-10 12:14:45.583611,unknown,False,True,True,True,True,True,False,True,True
food,search,kaffee,7613031514793,Nescafé Classic Mild Instantkaffee,,"Nescafe, Nescafé","Beverages, Coffees, Instant coffees","['en:beverages-and-beverages-preparations', 'en:plant-based-foods-and-beverages', 'en:beverages', 'en:plant-based-foods', 'en:beverage-preparations', 'en:coffees', 'en:instant-beverages', 'en:instant-coffees']",,[],nescafe,['en:nescafe'],Glass,['en:glass'],"France, Germany","['en:france', 'en:germany']",Kaufland,,[],,unknown,,https://images.openfoodfacts.org/images/products/761/303/151/4793/front_en.15.400.jpg,2018-08-15 11:38:15,2026-03-21 16:12:25,found,2026-06-10 12:14:45.583621,unknown,False,True,True,True,False,True,True,True,True
food,search,kaffee,4002720002285,Kaffee Harmonie mild,,Melitta,"Beverages, de:Gemahlener Röstkaffee, de:Kaffeepulver","['en:beverages-and-beverages-preparations', 'en:beverages', 'de:Gemahlener Röstkaffee', 'de:Kaffeepulver']",Green Dot,['en:green-dot'],Gemahlener Röstkaffee.,"['en:roasted-coffee', 'en:coffee']","Brique, de:Packung(en), Produkt","['en:brick', 'de:packung-en', 'fr:produkt']","Germany, Luxembourg","['en:germany', 'en:luxembourg']",,,[],,unknown,,https://images.openfoodfacts.org/images/products/400/272/000/2285/front_de.33.400.jpg,2018-09-16 13:16:54,2026-03-25 20:42:33,found,2026-06-10 12:14:45.583631,unknown,False,True,True,True,True,True,True,True,True
food,search,kaffee,4008167103905,Dallmayr Kaffee Prodomo Naturmild,,Dallmayr,"Beverages, Ground coffees","['en:beverages-and-beverages-preparations', 'en:plant-based-foods-and-beverages', 'en:beverages', 'en:plant-based-foods', 'en:beverage-preparations', 'en:coffees', 'en:ground-coffees']",FSC Mix,"['en:fsc', 'en:fsc-mix']",Kaffee,['en:coffee'],,[],"France, Germany","['en:france', 'en:germany']",,,[],,f,-6.0,https://images.openfoodfacts.org/images/products/400/816/710/3905/front_de.14.400.jpg,2018-12-01 00:16:46,2026-06-08 15:21:19,found,2026-06-10 12:14:45.583641,f,True,True,True,True,True,True,False,True,True
food,search,kaffee,4008167154679,Espresso d'oro,,Dallmayr,"Beverages, Roasted coffee beans","['en:beverages-and-beverages-preparations', 'en:plant-based-foods-and-beverages', 'en:beverages', 'en:plant-based-foods', 'en:beverage-preparations', 'en:coffees', 'en:coffee-beans', 'en:roasted-coffee-beans']",,[],,[],Kunststoff,['en:plastic'],"France, Germany","['en:france', 'en:germany']",,,[],,f,-15.0,https://images.openfoodfacts.org/images/products/400/816/715/4679/front_de.16.400.jpg,2019-07-09 17:22:49,2026-06-07 15:43:25,found,2026-06-10 12:14:45.583650,f,True,True,True,True,False,False,True,True,True
food,search,kaffee,8711000891735,Kaffee Espresso Kaffee,,"Jacobs, Jakobs","Hot beverages, Coffees","['en:beverages-and-beverages-preparations', 'en:plant-based-foods-and-beverages', 'en:beverages', 'en:plant-based-foods', 'en:hot-beverages', 'en:coffees']",,[],,[],Kunststoff,['en:plastic'],Germany,['en:germany'],,,[],,unknown,,https://images.openfoodfacts.org/images/products/871/100/089/1735/front_de.16.400.jpg,2019-08-15 19:01:01,2026-03-25 22:16:27,found,2026-06-10 12:14:45.583660,unknown,False,True,True,True,False,False,True,True,True
food,search,kaffee,4388844009882,Röstkaffee gemahlen,,Rewe Bio,"Beverages, Arabica ground coffees","['en:beverages-and-beverages-preparations', 'en:plant-based-foods-and-beverages', 'en:beverages', 'en:plant-based-foods', 'en:beverage-preparations', 'en:coffees', 'en:arabica-coffees', 'en:ground-coffees', 'en:arabica-ground-coffees']","Fairtrade International, EG-Öko-Verordnung","['en:fair-trade', 'en:organic', 'en:eu-organic', 'en:fairtrade-international', 'de:eg-öko-verordnung']",gemahlene Kaffeebohnen,"['en:coffee-beans', 'en:coffee']",Kuststofftüte,['de:kuststofftüte'],"Germany, Ireland","['en:germany', 'en:ireland']",Rewe,"South-America, de:Mittelamerika","['en:south-america', 'de:Mittelamerika']",,f,10.0,https://images.openfoodfacts.org/images/products/438/884/400/9882/front_en.11.400.jpg,2020-03-13 20:24:54,2026-03-25 16:28:16,found,2026-06-10 12:14:45.583670,f,True,True,True,True,True,True,True,True,True
food,search,kaffee,4058172684159,"Caffè Crema, ganze Bohne","Bio Röstkaffee, ganze Bohnen","dmBio, dm","Beverages, Coffee beans","['en:beverages-and-beverages-preparations', 'en:plant-based-foods-and-beverages', 'en:beverages', 'en:plant-based-foods', 'en:beverage-preparations', 'en:coffees', 'en:coffee-beans']","non-EU Agriculture, EG-Öko-Verordnung, DE-ÖKO-039, European Vegetarian Union Vegan, Made in Germany, Naturland","['en:vegetarian', 'en:organic', 'en:eu-organic', 'en:non-eu-agriculture', 'en:vegan', 'de:eg-öko-verordnung', 'en:de-oko-039', 'en:european-vegetarian-union', 'en:european-vegetarian-union-vegan', 'en:made-in-germany', 'en:naturland']",Bio Arabica Kaffee 100%,"['en:arabica-coffee', 'en:coffee']","Bag, Beutel","['en:bag', 'en:beutel']","Germany, Italy","['en:germany', 'en:italy']",dm,"Honduras, Papua New Guinea, Peru","['en:honduras', 'en:papua-new-guinea', 'en:peru']",Deutschland,f,5.0,https://images.openfoodfacts.org/images/products/405/817/268/4159/front_en.17.400.jpg,2021-02-23 16:09:14,2026-01-03 17:37:18,found,2026-06-10 12:14:45.583681,f,True,True,True,True,True,True,True,True,True
food,search,kaffee,42413684,Latte Cappuccino,,"Cafèt, Netto MD","Coffees, Latte macchiato","['en:beverages-and-beverages-preparations', 'en:plant-based-foods-and-beverages', 'en:beverages', 'en:plant-based-foods', 'en:coffees', 'en:coffee-drinks', 'en:latte-macchiato']","Ohne Gentechnik, Not advised for children and pregnant women, Rainforest Alliance Cocoa, Rainforest Alliance Coffee","['en:no-gmos', 'en:not-advised-for-specific-people', 'de:ohne-gentechnik', 'en:not-advised-for-children-and-pregnant-women', 'en:rainforest-alliance', 'en:rainforest-alliance-cocoa', 'en:rainforest-alliance-coffee']","78 % fettarme Milch, 17 % aufgebrühter Röstkaffee', Zucker, Kakaopulver, Stabilisator: Natriumcarbonate, Carrageen.","['en:skimmed-milk', 'en:dairy', 'en:milk', 'de:aufgebrühter-röstkaffee', 'en:sugar', 'en:added-sugar', 'en:disaccharide', 'en:cocoa-powder', 'en:plant', 'en:cocoa', 'en:stabiliser', 'en:e407', 'en:e500']","Kunststoff, Aluminium-Platine","['en:plastic', 'de:aluminium-platine']",Germany,['en:germany'],Netto MD,,[],,unknown,,https://images.openfoodfacts.org/images/products/000/004/241/3684/front_de.24.400.jpg,2021-08-01 18:10:03,2026-03-26 07:16:11,found,2026-06-10 12:14:45.583692,unknown,False,True,True,True,True,True,True,True,True
food,search,kaffee,4008167023906,Kaffee,,Dallmayr,"Beverages, Coffees","['en:beverages-and-beverages-preparations', 'en:plant-based-foods-and-beverages', 'en:beverages', 'en:plant-based-foods', 'en:coffees']",,[],4 &quot;008167 023906 A FSC www.fsc.org MIX Verpackung aus verantwor - tungsvollen Quellen FSC C134920,"['de:4-008167-023906-a-fsc-www-fsc-org-mix-verpackung-aus-verantwor', 'de:tungsvollen-quellen-fsc-c134920']",,[],Germany,['en:germany'],,,[],,unknown,,https://images.openfoodfacts.org/images/products/400/816/702/3906/front_de.12.400.jpg,2022-02-04 17:00:17,2026-04-17 22:24:45,found,2026-06-10 12:14:45.583702,unknown,False,True,True,True,False,True,False,True,True
food,search,kaffee,4305615838977,Kaffee Arabica,,"Das Exquisite, Rossmann",Dark chocolates with coffee,"['en:snacks', 'en:sweet-snacks', 'en:cocoa-and-its-products', 'en:chocolates', 'en:dark-chocolates', 'en:dark-chocolates-with-coffee']","Fairtrade International, Fairtrade cocoa, FSC Mix, Made in Germany","['en:fair-trade', 'en:fairtrade-international', 'en:fairtrade-cocoa', 'en:fsc', 'en:fsc-mix', 'en:made-in-germany']","Zucker, Kakaomasse, Kakaobutter, 2,75% Arabica Kaffeenibs, Emulgator: Lecithine (Sonnenblume); natürliches Vanillearoma.","['en:sugar', 'en:added-sugar', 'en:disaccharide', 'en:cocoa-paste', 'en:plant', 'en:cocoa', 'en:cocoa-butter', 'de:arabica-kaffeenibs', 'en:emulsifier', 'en:natural-vanilla-flavouring', 'en:flavouring', 'en:natural-flavouring', 'en:vanilla-flavouring', 'en:e322', 'en:sunflower']","FSC paper,Wrapper","['en:paper', 'en:fsc-paper', 'en:wrapper']",Germany,['en:germany'],Rossmann,,[],Deutschland,d,41.0,https://images.openfoodfacts.org/images/products/430/561/583/8977/front_de.46.400.jpg,2022-02-21 13:26:50,2026-05-18 11:12:52,found,2026-06-10 12:14:45.583712,d,True,True,True,True,True,True,True,True,True
food,search,kaffee,4061463641083,Caffè Crema & Aroma - Ganze Bohne,,"Barissimo, NewCoffee","Beverages, Coffee beans","['en:beverages-and-beverages-preparations', 'en:plant-based-foods-and-beverages', 'en:beverages', 'en:plant-based-foods', 'en:beverage-preparations', 'en:coffees', 'en:coffee-beans']","Rainforest Alliance, de:Unter Schutzatmosphäre verpackt","['en:rainforest-alliance', 'de:Unter Schutzatmosphäre verpackt']",,[],,[],Germany,['en:germany'],,,[],,f,-5.0,https://images.openfoodfacts.org/images/products/406/146/364/1083/front_de.8.400.jpg,2023-02-17 16:20:41,2026-02-03 20:00:09,found,2026-06-10 12:14:45.583722,f,True,True,True,True,True,False,False,True,True
food,search,kaffee,4023600016468,High Protein Coffee Drink - Caramel Macchiato Style,,Dr. Oetker,"Coffee drinks, de:Milchmischerzeugnisse","['en:beverages-and-beverages-preparations', 'en:beverages', 'en:coffee-drinks', 'de:Milchmischerzeugnisse']","Nutriscore Grade C, Rainforest Alliance Coffee","['en:nutriscore', 'en:nutriscore-grade-c', 'en:rainforest-alliance', 'en:rainforest-alliance-coffee']","75 % MAGERMILCH, 16 % VOLLMILCH, 5,5 % MILCHEIWEIßERZEUGNIS, 2,0 % flüssiger Kaffee-Extrakt, Aroma, Stabilisatoren (Natriumcarbonate, Kaliumphosphate), 0,02 % Koffein, Süßungsmittel (Acesulfam K), Verdickungsmittel (Carrageen).","['en:skimmed-milk', 'en:dairy', 'en:milk', 'en:whole-milk', 'en:milk-proteins', 'en:protein', 'en:animal-protein', 'en:coffee', 'en:flavouring', 'en:stabiliser', 'en:caffeine', 'en:sweetener', 'en:thickener', 'en:e500', 'en:e340', 'en:e950', 'en:e407']",,[],Germany,['en:germany'],"Aldi, Edeka, Netto MD, Rewe",,[],,unknown,,https://images.openfoodfacts.org/images/products/402/360/001/6468/front_de.100.400.jpg,2023-09-03 13:03:44,2026-06-07 21:11:19,found,2026-06-10 12:14:45.583732,unknown,False,True,True,True,True,True,False,True,True
food,search,kaffee,5400606955110,Kaffee,,Amazon,"Coffees, Instant coffees","['en:beverages-and-beverages-preparations', 'en:plant-based-foods-and-beverages', 'en:plant-based-foods', 'en:beverage-preparations', 'en:coffees', 'en:instant-beverages', 'en:instant-coffees']",,[],,[],,[],Germany,['en:germany'],,,[],,unknown,,https://images.openfoodfacts.org/images/products/540/060/695/5110/front_de.3.400.jpg,2024-11-20 20:17:54,2026-04-03 21:07:25,found,2026-06-10 12:14:45.583742,unknown,False,True,True,True,False,False,False,True,True
food,search,kaffee,7630585378626,Kazaar,,Nespresso,"Beverages, Coffees","['en:beverages-and-beverages-preparations', 'en:plant-based-foods-and-beverages', 'en:beverages', 'en:plant-based-foods', 'en:coffees']",,[],,[],,[],Germany,['en:germany'],,,[],,unknown,,https://images.openfoodfacts.org/images/products/763/058/537/8626/front_de.6.400.jpg,2025-06-01 18:47:07,2026-05-31 15:57:17,found,2026-06-10 12:14:45.583752,unknown,False,True,True,True,False,False,False,True,True
food,search,kaffee,7610900138890,Caffè Latte Expresso,,Emmi,"Coffees, Coffee drinks, Boissons-au-café, Groceries","['en:beverages-and-beverages-preparations', 'en:plant-based-foods-and-beverages', 'en:beverages', 'en:plant-based-foods', 'en:coffees', 'en:coffee-drinks', 'en:Boissons-au-café', 'en:Groceries']","Made in Swiss, Rainforest Alliance","['en:made-in-swiss', 'en:rainforest-alliance']","77% Part Skimmed Milk, 18% Freshly Prepared Arabica Coffee, Sugar, Stabilizer (E339), Carrageenan Thickener","['en:semi-skimmed-milk', 'en:dairy', 'en:milk', 'en:arabica-coffee', 'en:coffee', 'en:sugar', 'en:added-sugar', 'en:disaccharide', 'en:stabiliser', 'en:carrageenan-thickener', 'en:e339']",,[],"Austria, Belgium, France, Germany, Luxembourg, Netherlands, Switzerland","['en:austria', 'en:belgium', 'en:france', 'en:germany', 'en:luxembourg', 'en:netherlands', 'en:switzerland']",,,[],Suisse,unknown,,https://images.openfoodfacts.org/images/products/761/090/013/8890/front_en.49.400.jpg,2015-03-16 19:50:55,2026-03-21 05:54:48,found,2026-06-10 12:14:45.583762,unknown,False,True,True,True,True,True,False,True,True
food,search,kaffee,8003753144290,Instant Coffee CLASSICO,Café soluble avec café torréfié moulu- Instant Coffee,Illy,"Beverages, Coffees, Instant coffees","['en:beverages-and-beverages-preparations', 'en:plant-based-foods-and-beverages', 'en:beverages', 'en:plant-based-foods', 'en:beverage-preparations', 'en:coffees', 'en:instant-beverages', 'en:instant-coffees']",Made in Swiss,['en:made-in-swiss'],"Café soluble, café torréfié moulu 3 %.","['en:instant-coffee', 'en:coffee', 'en:ground-roasted-coffee', 'en:ground-coffee']","Métal, Plastique, Boîte","['en:metal', 'en:plastic', 'en:box']","Belgium, France, Germany, Luxembourg","['en:belgium', 'en:france', 'en:germany', 'en:luxembourg']",Delhaize,,[],Suisse,unknown,,https://images.openfoodfacts.org/images/products/800/375/314/4290/front_fr.4.400.jpg,2018-09-05 15:12:05,2026-03-23 12:13:38,found,2026-06-10 12:14:45.583773,unknown,False,True,True,True,True,True,True,True,True
food,search,kaffee,8003410311171,Intermezzo Gusto e Corposo Kaffee,,Segafredo,"Beverages, Roasted coffee beans","['en:beverages-and-beverages-preparations', 'en:plant-based-foods-and-beverages', 'en:beverages', 'en:plant-based-foods', 'en:beverage-preparations', 'en:coffees', 'en:coffee-beans', 'en:roasted-coffee-beans']",,[],geröstete Kaffeebohnen,"['en:coffee-beans', 'en:coffee']","Plastique, Film en plastique, Kunststoff,","['en:plastic', 'de:film-en-plastique', 'de:plastique']","Austria, France, Germany","['en:austria', 'en:france', 'en:germany']","Edeka, Hofer, Kaufland, Metro",Non European Union,['en:non-european-union'],Italie,f,-16.0,https://images.openfoodfacts.org/images/products/800/341/031/1171/front_de.56.400.jpg,2018-09-16 09:57:49,2026-02-19 13:03:31,found,2026-06-10 12:14:45.583783,f,True,True,True,True,False,True,True,True,True
food,search,kaffee,8711000525067,Cappuccino,,Jacobs,"Beverages, Coffees, Powdered cappucino","['en:beverages-and-beverages-preparations', 'en:plant-based-foods-and-beverages', 'en:beverages', 'en:plant-based-foods', 'en:beverage-preparations', 'en:coffees', 'en:instant-beverages', 'en:instant-coffees', 'en:powdered-cappucino']",,[],"Zucker, Glukosesirup, Kokosfett (ganz gehärtet), löslicher Bohnenkaffee (9,8%), Molkenerzeugnisse (aus Milch), Maltodextrin, Magermilchpulver, Stabilisatoren (E340, E1450), Aroma, Trennmittel (E551)","['en:sugar', 'en:added-sugar', 'en:disaccharide', 'en:glucose-syrup', 'en:monosaccharide', 'en:glucose', 'en:coconut-fat', 'en:oil-and-fat', 'en:vegetable-oil-and-fat', 'en:vegetable-fat', 'de:löslicher-bohnenkaffee', 'de:molkenerzeugnisse', 'en:maltodextrin', 'en:skimmed-milk-powder', 'en:dairy', 'en:milk-powder', 'en:stabiliser', 'en:flavouring', 'en:anti-caking-agent', 'de:ganz-gehärtet', 'en:milk', 'en:e340', 'en:e1450', 'en:e551']",,[],"France, Germany","['en:france', 'en:germany']",,,[],,unknown,,https://images.openfoodfacts.org/images/products/871/100/052/5067/front_fr.10.400.jpg,2018-10-03 08:23:10,2026-03-17 01:18:08,found,2026-06-10 12:14:45.583794,unknown,False,True,True,True,False,True,False,True,True
food,search,kaffee,8000070027435,Caffé Crema Dolce Kaffee,,Lavazza,"Beverages, Coffee beans","['en:beverages-and-beverages-preparations', 'en:plant-based-foods-and-beverages', 'en:beverages', 'en:plant-based-foods', 'en:beverage-preparations', 'en:coffees', 'en:coffee-beans']",Made in Italy,['en:made-in-italy'],Kaffeebohnen,"['en:coffee-beans', 'en:coffee']",Kunststoff,['en:plastic'],"France, Germany","['en:france', 'en:germany']",,Australia,['en:australia'],Italien,f,-7.0,https://images.openfoodfacts.org/images/products/800/007/002/7435/front_de.30.400.jpg,2018-10-15 17:33:05,2025-05-31 01:26:30,found,2026-06-10 12:14:45.583804,f,True,True,True,True,True,True,True,True,True
food,search,kaffee,4008167103219,Dallmayr prodomo,,"Bohnen, Dallmayr, Loacker","Beverages, Coffee beans","['en:beverages-and-beverages-preparations', 'en:plant-based-foods-and-beverages', 'en:beverages', 'en:plant-based-foods', 'en:beverage-preparations', 'en:coffees', 'en:coffee-beans']",,[],cafe,['de:cafe'],"Packung(en), en:mixed plastic-bag","['de:packung-en', 'en:mixed-plastic-bag']","Germany, Morocco","['en:germany', 'en:morocco']",,,[],,f,-20.0,https://images.openfoodfacts.org/images/products/400/816/710/3219/front_de.21.400.jpg,2018-12-30 10:12:02,2026-06-05 09:48:47,found,2026-06-10 12:14:45.583816,f,True,True,True,True,False,True,True,True,True
food,search,kaffee,4311501482162,Cappuccino,"Getränkepulver mit löslichem Bohnenkaffee, Typ Classico","Edeka, Gut & Günstig","Beverages, Coffees, Powdered cappucino","['en:beverages-and-beverages-preparations', 'en:plant-based-foods-and-beverages', 'en:beverages', 'en:plant-based-foods', 'en:beverage-preparations', 'en:coffees', 'en:instant-beverages', 'en:instant-coffees', 'en:powdered-cappucino']","Rainforest Alliance, UTZ Certified Coffee","['en:sustainable-farming', 'en:rainforest-alliance', 'en:utz-certified', 'en:utz-certified-coffee']","Zucker, _Magermilchpulver_, 14% löslicher Bohnenkaffee, Kokosfett, Glukosesirup, Säureregulator Kaliumcarbonate, Stabilisator Natriumphosphate, Maltodextrin","['en:sugar', 'en:added-sugar', 'en:disaccharide', 'en:skimmed-milk-powder', 'en:dairy', 'en:milk-powder', 'de:löslicher-bohnenkaffee', 'en:coconut-fat', 'en:oil-and-fat', 'en:vegetable-oil-and-fat', 'en:vegetable-fat', 'en:glucose-syrup', 'en:monosaccharide', 'en:glucose', 'en:acidity-regulator', 'en:stabiliser', 'en:maltodextrin', 'en:e501', 'en:e339']","Dose,Deckel,Kunststoff,82 C/PAP","['en:plastic', 'en:can', 'en:lid', 'de:82-c-pap']",Germany,['en:germany'],Edeka,Brazil,['en:brazil'],,unknown,,https://images.openfoodfacts.org/images/products/431/150/148/2162/front_de.21.400.jpg,2019-03-13 19:20:12,2026-03-26 02:46:27,found,2026-06-10 12:14:45.583828,unknown,False,True,True,True,True,True,True,True,True
food,search,kaffee,4061458002820,Kaffee Classic löslich,,Amaroy,"Beverages, Coffees, Instant coffees","['en:beverages-and-beverages-preparations', 'en:plant-based-foods-and-beverages', 'en:beverages', 'en:plant-based-foods', 'en:beverage-preparations', 'en:coffees', 'en:instant-beverages', 'en:instant-coffees']","Rainforest Alliance, UTZ Certified Coffee","['en:sustainable-farming', 'en:rainforest-alliance', 'en:utz-certified', 'en:utz-certified-coffee']",baad Das Rainforest Alliance Siegel steht für eine bessere Zukunft für Mensch und Natur. www.ra.org Löslicher Kaffee 200 ge man the VERAL Gelbe,"['de:baad-das-rainforest-alliance-siegel-steht-für-eine-bessere-zukunft-für-mensch-und-natur', 'de:www-ra-org-löslicher-kaffee-200-ge-man-the-veral-gelbe']",,[],Germany,['en:germany'],,,[],,unknown,,https://images.openfoodfacts.org/images/products/406/145/800/2820/front_de.45.400.jpg,2019-08-29 14:51:29,2026-03-13 15:22:57,found,2026-06-10 12:14:45.583838,unknown,False,True,True,True,True,True,False,True,True
beauty,search,shampoo,4066447745443,Anti Schuppen Shampoo,,Balea,"Incorrect product type, non-food-products, open-beauty-facts","['en:incorrect-product-type', 'en:non-food-products', 'en:open-beauty-facts']",,[],,[],,[],"Germany, Morocco","['en:germany', 'en:morocco']",,,[],,unknown,,https://images.openbeautyfacts.org/images/products/406/644/774/5443/front_bg.5.400.jpg,2024-08-13 15:14:38,2026-02-16 21:14:20,found,2026-06-10 12:14:47.370375,unknown,False,True,True,True,False,False,False,True,True
beauty,search,shampoo,4056489235620,Shampoo 7 Kräuter,,"Cien, Win Cosmetic","Shampoos, Incorrect product type, non-food-products, open-beauty-facts","['en:hair', 'en:shampoos', 'en:incorrect-product-type', 'en:non-food-products', 'en:open-beauty-facts']","Without microplastics, Without silicon, de:Recyceltes Plastik","['en:without-microplastics', 'en:without-silicon', 'de:Recyceltes Plastik']","Aqua, Sodium Laureth Sulfate, Cocamidopropyl Betaine, Sodium Chloride, Sodium Benzoate, Citric Acid, Glycol Distearate, LDL Parfum, Laureth-4, Cocamide MEA, Guar Hydroxypropyltrimonium Chloride, Panthenol, Potassium Sorbate, Butylene Glycol, Formic Acid, Glucose, Lactic Acid, Humulus Lupulus Extract, Chamomilla Recutita Flower Extract, Rosmarinus Officinalis Leaf Extract, Urtica Dioica Extract, Melissa Officinalis Leaf Extract, 19140, CI 42090, Equisetum Arvense Extract, Salvia Officinalis Leaf Extract, CI 47005, Caramel, Tartaric Acid.","['en:water', 'en:sodium-laureth-sulfate', 'en:cocamidopropyl-betaine', 'en:sodium-chloride', 'en:sodium-benzoate', 'en:citric-acid', 'en:glycol-distearate', 'de:ldl-parfum', 'en:laureth-4', 'en:laureth', 'en:cocamide-mea', 'en:guar-hydroxypropyltrimonium-chloride', 'en:panthenol', 'en:potassium-sorbate', 'en:butylene-glycol', 'en:formic-acid', 'en:glucose', 'en:lactic-acid', 'de:humulus-lupulus-extract', 'en:chamomilla-recutita-flower-extract', 'en:natural-extracts', 'en:flower-extracts', 'de:rosmarinus-officinalis-leaf-extract', 'de:urtica-dioica-extract', 'de:melissa-officinalis-leaf-extract', 'de:19140', 'en:ci-42090', 'de:equisetum-arvense-extract', 'en:salvia-officinalis-leaf-extract', 'en:leaf-extracts', 'en:ci-47005', 'en:colorants', 'en:caramel', 'en:tartaric-acid']","Kunststoff,LDPE,HDPE","['kunststoff', 'ldpe', 'hdpe']",Germany,['en:germany'],Lidl,,[],Deutschland,unknown,,https://images.openbeautyfacts.org/images/products/405/648/923/5620/front_de.4.400.jpg,2024-09-06 11:11:15,2025-03-27 00:42:59,found,2026-06-10 12:14:47.370394,unknown,False,True,True,True,True,True,True,True,True
beauty,search,shampoo,4008890006429,Salthouse Totes Meer Shampoo Anti-Schuppen,,SALT HOUSE,"Incorrect product type, non-food-products, open-beauty-facts","['en:incorrect-product-type', 'en:non-food-products', 'en:open-beauty-facts']",,[],,[],,[],Germany,['en:germany'],,,[],,unknown,,https://images.openbeautyfacts.org/images/products/400/889/000/6429/front_de.3.400.jpg,2020-03-02 18:08:26,2025-05-08 20:54:54,found,2026-06-10 12:14:47.370426,unknown,False,True,True,True,False,False,False,True,True
beauty,search,shampoo,4262395460012,Hydrate & Shine Shampoo,,éla,"Incorrect product type, non-food-products, open-beauty-facts","['en:incorrect-product-type', 'en:non-food-products', 'en:open-beauty-facts']",,[],,[],,[],Germany,['en:germany'],,,[],,unknown,,https://images.openbeautyfacts.org/images/products/426/239/546/0012/front_de.5.400.jpg,2025-12-04 16:03:30,2026-05-25 09:00:23,found,2026-06-10 12:14:47.370456,unknown,False,True,True,True,False,False,False,True,True
beauty,search,shampoo,4056489329770,Shampoo vegan Aloe Vera,,Cien,"Incorrect product type, non-food-products, open-beauty-facts","['en:incorrect-product-type', 'en:non-food-products', 'en:open-beauty-facts']",Vegan,"['en:vegetarian', 'en:vegan']",,[],,[],Germany,['en:germany'],,,[],,unknown,,https://images.openbeautyfacts.org/images/products/405/648/932/9770/front_de.11.400.jpg,2022-03-02 16:20:31,2025-02-19 07:34:20,found,2026-06-10 12:14:47.370487,unknown,False,True,True,True,True,False,False,True,True
beauty,search,shampoo,4056489318460,Shampoo for men für normales Haar,,Cien,Shampoos,"['en:hair', 'en:shampoos']","Vegan, Made in Germany, Without microplastics, Without silicon","['en:vegetarian', 'en:vegan', 'en:made-in-germany', 'en:without-microplastics', 'en:without-silicon']","Aqua, Sodium Laureth Sulfate, Cocamidopropyl Betaine, Sodium Chloride, Sodium Benzoate, Citric Acid, Glycol Distearate, Parfum, Laureth-4, Cocamide MEA, Guar Hydroxypropyltrimonium Chloride, Panthenol, Potassium Sorbate, Humulus Lupulus Extract, Propylene Glycol, Formic Acid, Lactic Acid.","['en:aqua', 'en:sodium-laureth-sulfate', 'en:cocamidopropyl-betaine', 'en:sodium-chloride', 'en:sodium-benzoate', 'en:citric-acid', 'en:glycol-distearate', 'en:parfum', 'en:laureth-4', 'en:laureth', 'en:cocamide-mea', 'en:guar-hydroxypropyltrimonium-chloride', 'en:panthenol', 'en:potassium-sorbate', 'en:humulus-lupulus-extract', 'en:propylene-glycol', 'en:formic-acid', 'en:lactic-acid']",,[],Germany,['en:germany'],Lidl,Germany,['en:germany'],,unknown,,https://images.openbeautyfacts.org/images/products/405/648/931/8460/front_de.7.400.jpg,2023-08-01 20:41:24,2026-02-14 08:52:15,found,2026-06-10 12:14:47.370504,unknown,False,True,True,True,True,True,False,True,True
beauty,search,shampoo,4103040048943,shampoo,,Seba med,"Incorrect product type, non-food-products, open-beauty-facts","['en:incorrect-product-type', 'en:non-food-products', 'en:open-beauty-facts']",,[],,[],,[],Germany,['en:germany'],,,[],,unknown,,,2024-08-06 15:07:38,2025-01-16 16:20:39,found,2026-06-10 12:14:47.370534,unknown,False,True,True,True,False,False,False,True,False
beauty,search,seife,4066447704761,Balea feste Seife,,Balea,"Incorrect product type, non-food-products, open-beauty-facts","['en:incorrect-product-type', 'en:non-food-products', 'en:open-beauty-facts']",,[],,[],,[],Germany,['en:germany'],,,[],,unknown,,,2024-10-29 15:47:05,2025-01-16 16:40:55,found,2026-06-10 12:14:49.028287,unknown,False,True,True,True,False,False,False,True,False
beauty,search,seife,4061464932647,Pflegende Seife - 3 % Urea,,Lacura,"Soaps, non-food-products, open-beauty-facts","['en:hygiene', 'en:soaps', 'en:non-food-products', 'en:open-beauty-facts']","No colorings, Without microplastics","['en:no-colorings', 'en:without-microplastics']",,[],,[],Germany,['en:germany'],"Aldi Nord, Aldi Süd",,[],,unknown,,https://images.openbeautyfacts.org/images/products/406/146/493/2647/front_de.9.400.jpg,2024-11-08 16:21:47,2026-04-19 04:29:30,found,2026-06-10 12:14:49.028308,unknown,False,True,True,True,True,False,False,True,True
beauty,search,seife,5000468000074,Milde Seife - Aloe Vera,,CD,"non-food-products, open-beauty-facts","['en:non-food-products', 'en:open-beauty-facts']",Vegan,"['en:vegetarian', 'en:vegan']",,[],,[],"Germany, Luxembourg","['en:germany', 'en:luxembourg']",,,[],,unknown,,https://images.openbeautyfacts.org/images/products/500/046/800/0074/front_fr.10.400.jpg,2018-02-28 08:23:18,2024-01-22 20:41:39,found,2026-06-10 12:14:49.028325,unknown,False,True,True,True,True,False,False,True,True
beauty,search,seife,29023462,Seife Flüssig,Seife Flüssig,Kiona  Aldi,"Incorrect product type, de:Flüssigseife, non-food-products, open-beauty-facts","['en:incorrect-product-type', 'de:Flüssigseife', 'en:non-food-products', 'en:open-beauty-facts']",,[],,[],,[],Germany,['en:germany'],,,[],,unknown,,https://images.openbeautyfacts.org/images/products/000/002/902/3462/front_de.3.400.jpg,2022-09-02 14:04:57,2025-01-16 16:40:54,found,2026-06-10 12:14:49.028341,unknown,False,True,True,True,False,False,False,True,True
beauty,search,seife,4009800001008,Seife,,Speick Original,"Soaps, Incorrect product type, non-food-products, open-beauty-facts, seifen","['en:hygiene', 'en:soaps', 'en:incorrect-product-type', 'en:non-food-products', 'en:open-beauty-facts', 'en:seifen']",,[],"Ingredients: Sodium Tallowate, Sodium Cocoate, Aqua (Water), Glycerin, Parfum (Fragrance), Valeriana Celtica (Speick) Extract, Lavandula Angustifolia (Lavender) Oil, Caprylic/Capric Triglyceride, Cera Alba (Beeswax), Mel (Honey), Potassium Laurate, Sodium Gluconate, Sodium Chloride, CI 15850 (Pigment Red 57:1), CI 75120 (Annatto), Benzyl Salicylate, Eugenol, Limonene, Linalool","['de:ingredients', 'de:sodium-cocoate', 'en:water', 'en:e422', 'de:parfum', 'de:valeriana-celtica', 'de:extract', 'de:lavandula-angustifolia', 'de:oil', 'de:caprylic', 'de:capric-triglyceride', 'de:cera-alba', 'en:honey', 'en:added-sugar', 'de:potassium-laurate', 'de:sodium-gluconate', 'de:sodium-chloride', 'de:ci-15850', 'de:ci-75120', 'de:benzyl-salicylate', 'de:eugenol', 'de:limonene', 'de:linalool', 'de:sodium-tallowate', 'de:water', 'de:fragrance', 'de:speick', 'de:lavender', 'de:beeswax', 'de:honey', 'de:pigment-red-57', 'en:e160b', 'de:1']",pap,['pap'],Germany,['en:germany'],,,[],,unknown,,https://images.openbeautyfacts.org/images/products/400/980/000/1008/front_de.11.400.jpg,2020-12-07 07:19:53,2026-03-25 16:07:02,found,2026-06-10 12:14:49.028357,unknown,False,True,True,True,False,True,True,True,True
beauty,search,seife,4002448100065,Hygiene Seife Hydra Care - Kamille Duft,,Sagrotan,"Incorrect product type, non-food-products, open-beauty-facts","['en:incorrect-product-type', 'en:non-food-products', 'en:open-beauty-facts']",,[],,[],,[],"France, Germany","['en:france', 'en:germany']",,,[],,unknown,,https://images.openbeautyfacts.org/images/products/400/244/810/0065/front_de.3.400.jpg,2020-04-25 12:13:15,2025-02-11 17:37:44,found,2026-06-10 12:14:49.028374,unknown,False,True,True,True,False,False,False,True,True
beauty,search,seife,4066447806922,Mandelblüte Seife,,Alverde,"Incorrect product type, non-food-products, open-beauty-facts","['en:incorrect-product-type', 'en:non-food-products', 'en:open-beauty-facts']",The Vegan Society,"['en:vegetarian', 'en:vegan', 'en:the-vegan-society']",,[],,[],Germany,['en:germany'],,,[],,unknown,,https://images.openbeautyfacts.org/images/products/406/644/780/6922/front_de.3.400.jpg,2024-12-21 11:41:55,2025-01-16 16:40:55,found,2026-06-10 12:14:49.028418,unknown,False,True,True,True,True,False,False,True,True
beauty,search,seife,4305615617480,IMilde Seife (Meeresluft),,ISANA,"Incorrect product type, non-food-products, open-beauty-facts","['en:incorrect-product-type', 'en:non-food-products', 'en:open-beauty-facts']",,[],,[],,[],Germany,['en:germany'],,,[],,unknown,,,2022-10-03 22:55:05,2025-01-16 16:40:54,found,2026-06-10 12:14:49.028433,unknown,False,True,True,True,False,False,False,True,False
beauty,search,seife,4003143014251,Naturseife (Aktivkohle),,Kappus,"Incorrect product type, de:Körperpflege, de:Seife, fats, non-food-products, open-beauty-facts, plant-based-foods, plant-based-foods-and-beverages, vegetable-fats, vegetable-oils","['en:incorrect-product-type', 'de:Körperpflege', 'de:Seife', 'en:fats', 'en:non-food-products', 'en:open-beauty-facts', 'en:plant-based-foods', 'en:plant-based-foods-and-beverages', 'en:vegetable-fats', 'en:vegetable-oils']","Made in Germany, PEFC","['en:made-in-germany', 'en:pefc']",INGREDIENTS: Sodium Palmate · Aqua Glycerin - Sodium Cocoate· Parfum Hydrogenated Coconut Acid - Limonene· Linalool Phytic Acid - Sodium Chloride· CI 77268:1,"['de:ingredients', 'de:sodium-cocoate-parfum-hydrogenated-coconut-acid', 'de:limonene-linalool-phytic-acid', 'de:sodium-chloride-ci-77268', 'de:sodium-palmate', 'de:aqua-glycerin', 'de:1']",Papier,['en:paper'],Germany,['en:germany'],,,[],,unknown,,https://images.openbeautyfacts.org/images/products/400/314/301/4251/front_de.4.400.jpg,2021-02-14 10:42:19,2025-01-16 16:40:58,found,2026-06-10 12:14:49.028449,unknown,False,True,True,True,True,True,True,True,True
beauty,search,seife,4066447105094,Flüssigseife,,alverde,"Incorrect product type, de:Seife, non-food-products, open-beauty-facts","['en:incorrect-product-type', 'de:Seife', 'en:non-food-products', 'en:open-beauty-facts']",Made in Germany,['en:made-in-germany'],,[],,[],Germany,['en:germany'],,,[],,unknown,,https://images.openbeautyfacts.org/images/products/406/644/710/5094/front_de.3.400.jpg,2024-06-01 18:10:44,2025-01-16 16:40:55,found,2026-06-10 12:14:49.028463,unknown,False,True,True,True,True,False,False,True,True
beauty,search,seife,4001499115998,Flüssigseife „Sensitiv Seife“,,Frosch,"Incorrect product type, non-food-products, open-beauty-facts","['en:incorrect-product-type', 'en:non-food-products', 'en:open-beauty-facts']","Vegan, mikroplastikfrei","['en:vegetarian', 'en:vegan', 'en:mikroplastikfrei']",,[],"Kunststoff, Polyethylen niedriger Dichte","['en:plastic', 'en:ldpe-low-density-polyethylene']","France, Germany","['en:france', 'en:germany']",,,[],,unknown,,https://images.openbeautyfacts.org/images/products/400/149/911/5998/front_de.3.400.jpg,2020-02-29 11:21:27,2025-03-16 20:23:09,found,2026-06-10 12:14:49.028494,unknown,False,True,True,True,True,False,True,True,True
beauty,search,seife,4058172633393,Fresh Feste Duschseife,,Balea Men,"Incorrect product type, de:Seife, non-food-products, open-beauty-facts","['en:incorrect-product-type', 'de:Seife', 'en:non-food-products', 'en:open-beauty-facts']",,[],"COCOS NUCIFERA SEED OIL,AQUA,OLEA EUROPAEA FRUIT OIL,SODIUM HYDROXIDE,POTASSIUM HYDROXIDE,PARFUM,NIGELLA SATIVA SEED OIL,PERSEA GRATISSIMA OIL,ARGANIA SPINOSA KERNEL OIL,PRUNUS AMYGDALUS DULCIS OIL,HEXYL CINNAMAL,LIMONENE,LINAOOL,CI 77007","['de:cocos-nucifera-seed-oil', 'en:water', 'de:olea-europaea-fruit-oil', 'de:sodium-hydroxide', 'de:potassium-hydroxide', 'de:parfum', 'de:nigella-sativa-seed-oil', 'de:persea-gratissima-oil', 'de:argania-spinosa-kernel-oil', 'de:prunus-amygdalus-dulcis-oil', 'de:hexyl-cinnamal', 'de:limonene', 'de:linaool', 'de:ci-77007']",Papier,['en:paper'],Germany,['en:germany'],Dm-drogerie markt,,[],Österreich,unknown,,https://images.openbeautyfacts.org/images/products/405/817/263/3393/front_de.7.400.jpg,2021-06-23 09:01:39,2025-01-16 16:40:58,found,2026-06-10 12:14:49.028509,unknown,False,True,True,True,False,True,True,True,True
beauty,search,seife,4045612009412,CD Milde Seife Avocado,,Lornamead GmbH,"Incorrect product type, avocados, fruits, fruits-and-vegetables-based-foods, fruits-based-foods, non-food-products, open-beauty-facts, plant-based-foods, plant-based-foods-and-beverages, tropical-fruits","['en:incorrect-product-type', 'en:avocados', 'en:fruits', 'en:fruits-and-vegetables-based-foods', 'en:fruits-based-foods', 'en:non-food-products', 'en:open-beauty-facts', 'en:plant-based-foods', 'en:plant-based-foods-and-beverages', 'en:tropical-fruits']",Vegan,"['en:vegetarian', 'en:vegan']",,[],,[],Germany,['en:germany'],,,[],,c,52.0,https://images.openbeautyfacts.org/images/products/404/561/200/9412/front_de.3.400.jpg,2023-01-17 14:08:51,2025-06-20 15:58:46,found,2026-06-10 12:14:49.028539,c,True,True,True,True,True,False,False,True,True
beauty,search,seife,4056489762027,Seife Soap Province Honey,,Cien,"Incorrect product type, non-food-products, open-beauty-facts","['en:incorrect-product-type', 'en:non-food-products', 'en:open-beauty-facts']",,[],,[],,[],Germany,['en:germany'],,,[],,unknown,,https://images.openbeautyfacts.org/images/products/405/648/976/2027/front_ro.9.400.jpg,2024-11-19 17:11:52,2025-09-29 23:09:26,found,2026-06-10 12:14:49.028570,unknown,False,True,True,True,False,False,False,True,True
beauty,search,seife,4260702180813,Seife,,Jean &,"Incorrect product type, non-food-products, open-beauty-facts","['en:incorrect-product-type', 'en:non-food-products', 'en:open-beauty-facts']",,[],,[],,[],Germany,['en:germany'],,,[],,unknown,,,2022-07-06 22:50:50,2025-01-16 16:40:54,found,2026-06-10 12:14:49.028584,unknown,False,True,True,True,False,False,False,True,False
beauty,search,seife,4010355218551,Seife,,Alverde,"Incorrect product type, non-food-products, open-beauty-facts","['en:incorrect-product-type', 'en:non-food-products', 'en:open-beauty-facts']",,[],,[],Stück,['de:stück'],"France, Germany","['en:france', 'en:germany']",,,[],,unknown,,https://images.openbeautyfacts.org/images/products/401/035/521/8551/front_de.4.400.jpg,2020-03-25 20:41:32,2025-01-16 16:40:54,found,2026-06-10 12:14:49.028599,unknown,False,True,True,True,False,False,True,True,True
beauty,search,seife,4066447377064,Ginger & Lemon Cremseife,,Belea DM,"Incorrect product type, de:Cremseife, de:Seife, non-food-products, open-beauty-facts","['en:incorrect-product-type', 'de:Cremseife', 'de:Seife', 'en:non-food-products', 'en:open-beauty-facts']","Made in Germany, The Vegan Society","['en:vegetarian', 'en:vegan', 'en:made-in-germany', 'en:the-vegan-society']","HAUTVERTRAGLICHKEIT Dermatologisch bestätigt, pH-hautneutral. Für empfindliche Haut geeignet. . . INGREDIENTS: AQUA SODIUM LAURETH SULFATE SODIUM CHLORIDE COCAMIDOPROPYL BETAINE GLYCERIN HYDROXIDE SODIUM BENZOATE CITRIC ACID PARFUM GLYCOL DISTEARATE COCO-GLUCOSIDE GUICER SODIUM LACTATE TETRASODIUM GLUTAMATE DIACETATE LAURETH-4 POTASSIUM SORBATE LACTIC ACID TOCOP HYDROGENATED VEGETABLE GLYCERIDES CITRATE LECITHIN ASCORBYL PALMITATE LIMONENE Folyékony szappan gyömbér és citrom illattal. @ Tekuté mýdlo zázvor & citron náhradní náplň. Kremasti tečnila dopuna. Pogodno za osetljivu kožu. Zemlja porekla: Nemačka; Uvezeno iz: EU; Uvoznik za RS: dm drogerie m 11000 Beograd. HR BIH Kremasti tekući sapun - đumbir i limun, dodatno punjenje. Zemlja podrijet markt, Am dm-Platz 1, 76227 Karlsruhe, Njemačka; Uvoznik za BiH: dm drogerie marit d 586, Fax. 033 778 400, info@dm-drogeriemarkt.ba. Tekuté mydl ie ne ricarica. Per smaltimento imballo var","['de:hautvertraglichkeit-dermatologisch-bestätigt', 'de:ph-hautneutral', 'de:für-empfindliche-haut-geeignet', 'de:ingredients', 'de:nemačka', 'de:uvezeno', 'de:uvoznik-za-rs', 'de:đumbir-i-limun', 'de:dodatno-punjenje', 'de:zemlja-podrijet-markt', 'de:am-dm-platz-1', 'de:76227-karlsruhe', 'de:njemačka', 'de:uvoznik-za-bih', 'de:fax', 'de:033-778-400', 'de:info-dm-drogeriemarkt-ba', 'de:tekuté-mydl-ie-ne-ricarica', 'de:per-smaltimento-imballo-var', 'de:aqua-sodium-laureth-sulfate-sodium-chloride-cocamidopropyl-betaine-glycerin-hydroxide-sodium-benzoate-citric-acid-parfum-glycol-distearate-coco-glucoside-guicer-sodium-lactate-tetrasodium-glutamate-diacetate-laureth-4-potassium-sorbate-lactic-acid-tocop-hydrogenated-vegetable-glycerides-citrate-lecithin-ascorbyl-palmitate-limonene-folyékony-szappan-gyömbér-és-citrom-illattal', 'de:tekuté-mýdlo-zázvor-und-citron-náhradní-náplň', 'de:kremasti-tečnila-dopuna', 'de:pogodno-za-osetljivu-kožu', 'de:zemlja-porekla', 'de:dm-drogerie-m-11000-beograd', 'de:hr-bih-kremasti-tekući-sapun', 'de:dm-drogerie-marit-d-586']",,[],"Austria, Germany","['en:austria', 'en:germany']",DM,,[],,unknown,,https://images.openbeautyfacts.org/images/products/406/644/737/7064/front_de.8.400.jpg,2023-09-27 17:15:31,2025-01-16 16:40:58,found,2026-06-10 12:14:49.028628,unknown,False,True,True,True,True,True,False,True,True
beauty,search,seife,8719134153880,Ritual Of Karma Seife,,Rituals,"Incorrect product type, non-food-products, open-beauty-facts","['en:incorrect-product-type', 'en:non-food-products', 'en:open-beauty-facts']",,[],,[],,[],Germany,['en:germany'],,,[],,unknown,,,2024-10-07 22:30:06,2025-01-16 16:40:54,found,2026-06-10 12:14:49.028643,unknown,False,True,True,True,False,False,False,True,False
beauty,search,seife,8714789700472,Seife,,Palmolive,"Incorrect product type, non-food-products, open-beauty-facts","['en:incorrect-product-type', 'en:non-food-products', 'en:open-beauty-facts']",,[],,[],,[],Germany,['en:germany'],,,[],,unknown,,https://images.openbeautyfacts.org/images/products/871/478/970/0472/front_de.6.400.jpg,2022-04-23 17:49:26,2025-01-16 16:40:08,found,2026-06-10 12:14:49.028658,unknown,False,True,True,True,False,False,False,True,True
beauty,search,seife,4337185451195,Seife,,Bevola,"Incorrect product type, non-food-products, open-beauty-facts","['en:incorrect-product-type', 'en:non-food-products', 'en:open-beauty-facts']",,[],,[],,[],Germany,['en:germany'],,,[],,unknown,,,2022-03-14 12:40:17,2025-01-16 16:40:54,found,2026-06-10 12:14:49.028688,unknown,False,True,True,True,False,False,False,True,False
beauty,search,seife,4009800006164,Haar Seife Speick,,Speick,"Incorrect product type, non-food-products, open-beauty-facts","['en:incorrect-product-type', 'en:non-food-products', 'en:open-beauty-facts']",,[],"Ingredients: Sodium Palmate, Sodium Cocoate, Aqua (Water), Sodium Coco - Sulfate, Sodium Olivate, Glycerin, Parfum (Fragrance), Argania Spinosa (Argan) Kernel Oil, Hydrolyzed Wheat Protein, Guar Hydroxypropyltrimonium Chloride, Sodium Gluconate, Sodium Chloride, Sodium Thiosulfate, CI 75120 (Annatto), Citronellol, Geraniol, Limonene, Linalool","['de:ingredients', 'en:sodium-cocoate', 'en:water', 'en:sodium-coco-sulfate', 'en:sodium-olivate', 'en:glycerin', 'en:fragrance', 'de:argania-spinosa', 'de:kernel-oil', 'de:hydrolyzed-wheat-protein', 'en:guar-hydroxypropyltrimonium-chloride', 'en:sodium-gluconate', 'en:sodium-chloride', 'en:sodium-thiosulfate', 'en:ci-75120', 'en:citronellol', 'en:allergenic-fragrances', 'en:geraniol', 'en:limonene', 'en:linalool', 'en:sodium-palmate', 'de:argan', 'de:annatto']",,[],Germany,['en:germany'],,,[],,unknown,,https://images.openbeautyfacts.org/images/products/400/980/000/6164/front_de.10.400.jpg,2023-01-07 18:28:28,2025-03-23 00:53:14,found,2026-06-10 12:14:49.028703,unknown,False,True,True,True,False,True,False,True,True
beauty,search,seife,5000468000067,Milde Seife - Avocado,,CD,"Incorrect product type, non-food-products, open-beauty-facts","['en:incorrect-product-type', 'en:non-food-products', 'en:open-beauty-facts']",,[],,[],,[],Germany,['en:germany'],,,[],,unknown,,https://images.openbeautyfacts.org/images/products/500/046/800/0067/front_de.3.400.jpg,2023-04-03 17:24:46,2025-01-16 16:40:54,found,2026-06-10 12:14:49.028718,unknown,False,True,True,True,False,False,False,True,True
beauty,search,seife,4058172455933,Milde Seife,,babylove,"Soaps, Incorrect product type, non-food-products, open-beauty-facts","['en:hygiene', 'en:soaps', 'en:incorrect-product-type', 'en:non-food-products', 'en:open-beauty-facts']","Vegan, de:Parfümfrei","['en:vegetarian', 'en:vegan', 'de:Parfümfrei']","SODIUM PALMATE, SODIUM PALM KERNELATE, AQUA, GLYCERIN, PALM KERNEL ACID, SIMMONDSIA CHINENSIS SEED OIL, COCOS NUCIFERA OIL, SODIUM CHLORIDE, TETRASODIUM ETIDRONATE, CHAMOMILLA RECUTITA FLOWER EXTRACT","['en:sodium-palmate', 'en:sodium-palm-kernelate', 'en:water', 'en:glycerin', 'de:palm-kernel-acid', 'de:simmondsia-chinensis-seed-oil', 'de:cocos-nucifera-oil', 'en:sodium-chloride', 'en:tetrasodium-etidronate', 'en:chamomilla-recutita-flower-extract', 'en:natural-extracts', 'en:flower-extracts']",Papier,['papier'],Germany,['en:germany'],dm,,[],Polen,unknown,,https://images.openbeautyfacts.org/images/products/405/817/245/5933/front_en.6.400.jpg,2020-04-17 13:28:14,2025-03-08 13:00:45,found,2026-06-10 12:14:49.028733,unknown,False,True,True,True,True,True,True,True,True
beauty,search,seife,4019886190060,Seife,,sodasan,"Incorrect product type, non-food-products, open-beauty-facts","['en:incorrect-product-type', 'en:non-food-products', 'en:open-beauty-facts']",,[],,[],,[],Germany,['en:germany'],,,[],,unknown,,,2023-10-03 17:14:45,2025-01-16 16:40:54,found,2026-06-10 12:14:49.028747,unknown,False,True,True,True,False,False,False,True,False
beauty,search,seife,4063528017796,Men - Wasserminze und Zitrone,,Foamie,"Incorrect product type, de:Feste Duschseife, de:Seife, non-food-products, open-beauty-facts","['en:incorrect-product-type', 'de:Feste Duschseife', 'de:Seife', 'en:non-food-products', 'en:open-beauty-facts']",Vegan,"['en:vegetarian', 'en:vegan']","SODIUM COCDYL ISETHIONATE, HYDROGENATED VEGETABLE OIL, AQUA (WATER). POLYGLYCERYC4 LAURATE GLYCERIN, PARFUM (FRAGRANCE): GUAR HYDROXYPROPYLTRIMONIUM CHLORIDE, THEOBROMA CACAO (COCOA) SEED BUTTER, LIMONENE; COCOS NUCIFERA (COCONUT) OIL, CITRUS LIMON (LEMON) PEEL OAL COUMARIN, TETRASODIUM GLUTAMATE DIACETATE, MENTHA AQUATICA (WATERMINT) LEAF EXTRACT HEXYL CINNAMAL ALPHA-ISOMETHYL 1ONONE, LINALOOL, BENZYL SALICYLATE, SODIUM BENZOATE, CITRIC ACID Cl 77007 (ULTRAMARINES), CI 42090 (BLUE 1)","['de:sodium-cocdyl-isethionate', 'de:hydrogenated-vegetable-oil', 'en:water', 'de:polyglyceryc4-laurate-glycerin', 'de:parfum', 'de:theobroma-cacao', 'de:seed-butter', 'de:limonene', 'de:cocos-nucifera', 'de:oil', 'de:citrus-limon', 'de:peel-oal-coumarin', 'de:tetrasodium-glutamate-diacetate', 'de:mentha-aquatica', 'de:leaf-extract-hexyl-cinnamal-alpha-isomethyl-1onone', 'de:linalool', 'de:benzyl-salicylate', 'de:sodium-benzoate', 'de:citric-acid-cl-77007', 'de:ci-42090', 'de:water', 'de:fragrance', 'de:guar-hydroxypropyltrimonium-chloride', 'de:cocoa', 'de:coconut', 'de:lemon', 'de:watermint', 'de:ultramarines', 'de:blue-1']",Papier,['en:paper'],Germany,['en:germany'],,United Kingdom,['en:united-kingdom'],Vereinigtes Königreich,unknown,,https://images.openbeautyfacts.org/images/products/406/352/801/7796/front_de.4.400.jpg,2022-04-20 10:17:45,2025-01-04 13:43:00,found,2026-06-10 12:14:49.028776,unknown,False,True,True,True,True,True,True,True,True
beauty,search,seife,4103040048264,flüssig seife,,sebamed,"Incorrect product type, non-food-products, open-beauty-facts","['en:incorrect-product-type', 'en:non-food-products', 'en:open-beauty-facts']",,[],,[],,[],Germany,['en:germany'],,,[],,unknown,,,2024-10-03 18:00:09,2025-01-16 16:40:54,found,2026-06-10 12:14:49.028791,unknown,False,True,True,True,False,False,False,True,False
beauty,search,seife,42267201,feste Seife,,aliviana,"Incorrect product type, non-food-products, open-beauty-facts","['en:incorrect-product-type', 'en:non-food-products', 'en:open-beauty-facts']",,[],,[],,[],Germany,['en:germany'],,,[],,unknown,,,2022-09-24 14:43:24,2025-01-16 16:40:54,found,2026-06-10 12:14:49.028805,unknown,False,True,True,True,False,False,False,True,False
beauty,search,seife,4066447671827,Seife Summer Vibes,,Balea,"Incorrect product type, non-food-products, open-beauty-facts","['en:incorrect-product-type', 'en:non-food-products', 'en:open-beauty-facts']",The Vegan Society,"['en:vegetarian', 'en:vegan', 'en:the-vegan-society']",,[],,[],Germany,['en:germany'],,,[],,unknown,,https://images.openbeautyfacts.org/images/products/406/644/767/1827/front_de.4.400.jpg,2024-06-17 17:54:48,2025-01-16 16:40:54,found,2026-06-10 12:14:49.028834,unknown,False,True,True,True,True,False,False,True,True
beauty,search,seife,4311501677537,Honig Seife,,Elkos,"Incorrect product type, non-food-products, open-beauty-facts","['en:incorrect-product-type', 'en:non-food-products', 'en:open-beauty-facts']",,[],,[],,[],Germany,['en:germany'],,,[],,unknown,,,2022-01-24 04:59:45,2025-01-16 16:40:54,found,2026-06-10 12:14:49.028849,unknown,False,True,True,True,False,False,False,True,False
beauty,search,seife,4010355125767,Creme Seife Sensitive,,Balea,"Soaps, Incorrect product type, non-food-products, open-beauty-facts","['en:hygiene', 'en:soaps', 'en:incorrect-product-type', 'en:non-food-products', 'en:open-beauty-facts']",,[],"Aqua, Sodium Laureth Sulfate, Sodium Chloride, Cocamidopropyl Betaine, Aloe Barbadensis Leaf Juice, Glycerin, Sodium Benzoate, Coco-Glucoside, Glyceryl Oleate, Sodium Lactate, Parfum, Potassium Sorbate, Styrene/Acrylates Copolymer, Tetra.Sodium Glutamete Diacetate, Citric Acid, Benzoic Acid, Sodium Hydroxide, Lactic Acid, Tocopherol, Methyl Benzoate, Hydrogenated Palm Glycerides Citrate, Lecithin, Ascorbyl Palmitate.","['en:water', 'de:sodium-laureth-sulfate', 'de:sodium-chloride', 'de:cocamidopropyl-betaine', 'de:aloe-barbadensis-leaf-juice', 'en:e422', 'de:sodium-benzoate', 'de:coco-glucoside', 'de:glyceryl-oleate', 'de:sodium-lactate', 'de:parfum', 'de:potassium-sorbate', 'de:styrene', 'de:acrylates-copolymer', 'de:tetra-sodium-glutamete-diacetate', 'de:citric-acid', 'de:benzoic-acid', 'de:sodium-hydroxide', 'de:lactic-acid', 'de:tocopherol', 'de:methyl-benzoate', 'de:hydrogenated-palm-glycerides-citrate', 'en:e322i', 'en:e322', 'de:ascorbyl-palmitate']",5 PP,['5-pp'],Germany,['en:germany'],dm,,[],,unknown,,https://images.openbeautyfacts.org/images/products/401/035/512/5767/front_de.6.400.jpg,2017-12-23 15:04:05,2019-06-10 21:40:05,found,2026-06-10 12:14:49.028906,unknown,False,True,True,True,False,True,True,True,True
beauty,search,seife,4061458007450,Seife Milch Honig,,Ombia,"Incorrect product type, beverages, beverages-and-beverages-preparations, non-food-products, open-beauty-facts","['en:incorrect-product-type', 'en:beverages', 'en:beverages-and-beverages-preparations', 'en:non-food-products', 'en:open-beauty-facts']",,[],,[],,[],"Germany, Ireland","['en:germany', 'en:ireland']",,,[],,unknown,,https://images.openbeautyfacts.org/images/products/406/145/800/7450/front_en.5.400.jpg,2020-03-09 19:00:33,2025-01-16 16:40:54,found,2026-06-10 12:14:49.028921,unknown,False,True,True,True,False,False,False,True,True
beauty,search,seife,4305615610344,Küchen Seife mit Orangen- und Thymian-Duft,,isana,"Soaps, Incorrect product type, non-food-products, open-beauty-facts","['en:hygiene', 'en:soaps', 'en:incorrect-product-type', 'en:non-food-products', 'en:open-beauty-facts']",,[],"Aqua, Sodium Laureth Sulfate, Glycerin, Cocoamidopropyl Betaine, Sodium Chloride, Lactic Acid, Sodium Benzoate, Citrus Aurantium Dulcis Oil, PEG-40 Hydrogenated Castor Oil, Coco-Glucoside, Glyceryl Oleate, Sodium Lactate, Parfum, Benzophenone-4, Linalool, Hexyl Cinnamal, Limonene, CI 15510","['en:water', 'de:sodium-laureth-sulfate', 'en:e422', 'de:cocoamidopropyl-betaine', 'de:sodium-chloride', 'de:lactic-acid', 'de:sodium-benzoate', 'de:citrus-aurantium-dulcis-oil', 'de:peg-40-hydrogenated-castor-oil', 'de:coco-glucoside', 'de:glyceryl-oleate', 'de:sodium-lactate', 'de:parfum', 'de:benzophenone-4', 'de:linalool', 'de:hexyl-cinnamal', 'de:limonene', 'de:ci-15510']",,[],Germany,['en:germany'],,,[],,unknown,,https://images.openbeautyfacts.org/images/products/430/561/561/0344/front_de.4.400.jpg,2020-01-06 10:44:26,2020-01-06 11:02:32,found,2026-06-10 12:14:49.028936,unknown,False,True,True,True,False,True,False,True,True
beauty,search,seife,4061458007467,Seife Flüssig- Ombia Sanfte Pflege Aldi,,"Aldi, Ombia","Incorrect product type, non-food-products, open-beauty-facts","['en:incorrect-product-type', 'en:non-food-products', 'en:open-beauty-facts']",,[],,[],Produkt,['de:produkt'],"France, Germany","['en:france', 'en:germany']",Aldi,,[],,unknown,,https://images.openbeautyfacts.org/images/products/406/145/800/7467/front_de.3.400.jpg,2019-08-18 01:24:26,2025-01-16 16:40:54,found,2026-06-10 12:14:49.028951,unknown,False,True,True,True,False,False,True,True,True
beauty,search,seife,4000883101463,Seife Kokos Fest,,oecolife,"Incorrect product type, non-food-products, open-beauty-facts","['en:incorrect-product-type', 'en:non-food-products', 'en:open-beauty-facts']",Made in Germany,['en:made-in-germany'],,[],,[],Germany,['en:germany'],,,[],,unknown,,https://images.openbeautyfacts.org/images/products/400/088/310/1463/front_de.3.400.jpg,2023-05-08 20:16:32,2025-01-16 16:40:55,found,2026-06-10 12:14:49.028980,unknown,False,True,True,True,True,False,False,True,True
beauty,search,seife,4310224045333,Seife,,joolea,"Incorrect product type, non-food-products, open-beauty-facts","['en:incorrect-product-type', 'en:non-food-products', 'en:open-beauty-facts']",,[],,[],,[],Germany,['en:germany'],,,[],,unknown,,,2023-02-10 17:48:44,2025-01-16 16:40:54,found,2026-06-10 12:14:49.029025,unknown,False,True,True,True,False,False,False,True,False
beauty,search,seife,4260123740788,Provence,,Davon Du Midi,de:Seife,['de:Seife'],,[],"Savon au Karité Karitéseife Soap with Sheabutter Ingredients (INCI): Sodium Palmate*, Sodium Palm Kernelate*, Aqua (Water), Glycerin*, Lavandula Hybrida (Lavandin) Oil***, Olea Europaea (Olive) Fruit Oil***, Lavandula Angustifolia (Lavender) Oil, Sodium Chloride, Tetrasodium Glutamate Diacetate, Citric Acid, Butyrospermum Parkii (Shea) Butter***, Cl 77288 (Chromium Oxide Greens), CI 77492 (Iron Oxides), Helianthus Annuus (Sunflower) Seed Oil***, CI 77491 (Iron Oxides), CI 77499 (Iron Oxides), Rosmarinus Officinalis (Rosemary) Leaf Extract***, Alumina, Magnesium Oxide, Linalool**, Limonene**, Geraniol**. *made using organic ingredients | **from natural essential oils | ***from or - ganic agriculture | 99,97% natural origin of total | 79% organic of total | 99% organic of total without water and minerals | Kontakt mit Augen vermeiden. Avoid contact with eyes. Nur für äußerliche Anwendung. Außer Reichweite von Kindern aufbewahren. For external use only. Keep out of the reach of children.","['de:savon-au-karité-karitéseife-soap-with-sheabutter-ingredients', 'en:sodium-palm-kernelate', 'en:water', 'en:glycerin', 'de:lavandula-hybrida', 'de:oil', 'de:olea-europaea', 'de:fruit-oil', 'de:lavandula-angustifolia', 'en:sodium-chloride', 'en:tetrasodium-glutamate-diacetate', 'en:citric-acid', 'de:butyrospermum-parkii', 'en:butter', 'de:cl-77288', 'en:ci-77492', 'en:colorants', 'de:helianthus-annuus', 'en:seed-oils', 'en:vegetal-oils', 'en:ci-77491', 'en:ci-77499', 'de:rosmarinus-officinalis', 'en:leaf-extracts', 'en:natural-extracts', 'en:alumina', 'en:magnesium-oxide', 'en:linalool', 'en:allergenic-fragrances', 'en:limonene', 'en:geraniol', 'de:made-using-organic-ingredients-from-natural-essential-oils-from-or', 'de:ganic-agriculture-99-97-natural', 'de:avoid-contact-with-eyes', 'de:nur-für-äußerliche-anwendung', 'de:außer-reichweite-von-kindern-aufbewahren', 'de:for-external-use-only', 'de:keep-out-of-the-reach-of-children', 'de:inci', 'en:sodium-palmate', 'de:lavandin', 'de:olive', 'de:lavender', 'de:shea', 'en:chromium-oxide-greens', 'de:iron-oxides', 'de:sunflower', 'de:rosemary']",,[],Germany,['en:germany'],,,[],,,,https://images.openbeautyfacts.org/images/products/426/012/374/0788/front_de.3.400.jpg,2025-05-11 12:04:23,2025-05-11 12:17:49,found,2026-06-10 12:14:49.029053,,False,True,True,True,False,True,False,True,True
beauty,search,seife,26405834,Flüssigseife Aqua Nachfüllpack,,Today,Seife,['en:Seife'],,[],,[],,[],Germany,['en:germany'],Penny,,[],,,,https://images.openbeautyfacts.org/images/products/000/002/640/5834/front_de.7.400.jpg,2025-12-29 18:42:30,2026-02-04 15:28:51,found,2026-06-10 12:14:49.029082,,False,True,True,True,False,False,False,True,True
beauty,search,seife,8410190890251,Seife,,Maja,"Incorrect product type, non-food-products, open-beauty-facts","['en:incorrect-product-type', 'en:non-food-products', 'en:open-beauty-facts']",,[],,[],,[],Germany,['en:germany'],,,[],,unknown,,,2022-03-06 11:59:06,2025-01-16 16:40:54,found,2026-06-10 12:14:49.029110,unknown,False,True,True,True,False,False,False,True,False
beauty,search,seife,4068134052476,Milde Seife Wichteltraum,,Isana,"Incorrect product type, non-food-products, open-beauty-facts","['en:incorrect-product-type', 'en:non-food-products', 'en:open-beauty-facts']",,[],,[],,[],Germany,['en:germany'],,,[],,unknown,,https://images.openbeautyfacts.org/images/products/406/813/405/2476/front_de.6.400.jpg,2024-11-02 15:59:35,2025-01-16 16:40:55,found,2026-06-10 12:14:49.029139,unknown,False,True,True,True,False,False,False,True,True
beauty,search,seife,0018787810385,Kosmetik – Teebaum Seife,,Dr. Bronner‘s,"Incorrect product type, non-food-products, open-beauty-facts","['en:incorrect-product-type', 'en:non-food-products', 'en:open-beauty-facts']",,[],,[],,[],Germany,['en:germany'],,,[],,unknown,,,2024-02-04 10:26:42,2025-01-16 16:07:32,found,2026-06-10 12:14:49.029153,unknown,False,True,True,True,False,False,False,True,False
beauty,search,seife,4251758405395,sagrotan seife,,sagrotan,"Incorrect product type, non-food-products, open-beauty-facts","['en:incorrect-product-type', 'en:non-food-products', 'en:open-beauty-facts']",,[],,[],,[],Germany,['en:germany'],,,[],,unknown,,,2023-06-03 14:21:41,2025-01-16 16:40:55,found,2026-06-10 12:14:49.029181,unknown,False,True,True,True,False,False,False,True,False
beauty,search,seife,21449819,Flüssigseife hygienisch frisch,Handseife,Today,de:Seife,['de:Seife'],,[],"Aqua, Sodium Laureth Sulfate, Cocamidopropyl Betaine, Glycerin, Sodium Chloride, Lactic Acid, PEG-120 Methyl Glucose Dioleate, Sodium Salicylate, Citric Acid, Parfum, Linalool, Phenoxyethanol, Sodium Benzoate, Potassium Sorbate, Cl 16035","['en:water', 'de:sodium-laureth-sulfate', 'de:cocamidopropyl-betaine', 'en:e422', 'en:sodium-chloride', 'en:minerals', 'en:sodium', 'en:e270', 'de:peg-120-methyl-glucose-dioleate', 'de:sodium-salicylate', 'en:e330', 'de:parfum', 'de:linalool', 'de:phenoxyethanol', 'en:e211', 'en:e202', 'de:cl-16035']",,[],"Austria, Germany","['en:austria', 'en:germany']",Billa,,[],,unknown,,https://images.openbeautyfacts.org/images/products/000/002/144/9819/front_de.3.400.jpg,2024-01-17 14:25:33,2024-07-12 20:02:13,found,2026-06-10 12:14:49.029197,unknown,False,True,True,True,False,True,False,True,True
beauty,search,seife,4305615776491,Milde Seife - mit Grapefruit & Minzextrakt,,Isana | Rossmann,"Incorrect product type, non-food-products, open-beauty-facts","['en:incorrect-product-type', 'en:non-food-products', 'en:open-beauty-facts']",,[],,[],,[],Germany,['en:germany'],,,[],,unknown,,https://images.openbeautyfacts.org/images/products/430/561/577/6491/front_de.3.400.jpg,2023-10-23 18:40:05,2025-01-16 16:40:55,found,2026-06-10 12:14:49.029212,unknown,False,True,True,True,False,False,False,True,True
beauty,search,seife,4260556671185,Seife Vanille & Patschuli,,share,Soaps,"['en:hygiene', 'en:soaps']","Vegan, No palm oil","['en:vegetarian', 'en:vegan', 'en:no-palm-oil']","Sodium Olivate (verseiftes Olivenöl), Sodium Cocoate (verseiftes Kokosöl), Sodium Stearate (entsteht bei der Verseifung von Olivenöl), Aqua, Parfum, Glycerin, Sodium Chloride, Citrus Aurantium Dulcis Peel Oil (Orangenöl), Eucalyptus Globulus Leaf Oil (Eukalyptusöl), Tetrasodium Glutamate Diacetate, Limonene, Linalool, C.I.77891.","['de:sodium-olivate', 'de:sodium-cocoate', 'de:sodium-stearate', 'en:water', 'de:parfum', 'en:e422', 'en:sodium-chloride', 'en:minerals', 'en:sodium', 'de:citrus-aurantium-dulcis-peel-oil', 'de:eucalyptus-globulus-leaf-oil', 'de:tetrasodium-glutamate-diacetate', 'de:limonene', 'de:linalool', 'de:c-i-77891', 'de:verseiftes-olivenöl', 'de:verseiftes-kokosöl', 'de:entsteht-bei-der-verseifung-von-olivenöl', 'en:orange-essential-oil', 'en:essential-oil', 'de:eukalyptusöl']",Papierschachtel,['papierschachtel'],Germany,['en:germany'],,,[],,,,https://images.openbeautyfacts.org/images/products/426/055/667/1185/front_de.4.400.jpg,2020-05-29 07:54:28,2021-12-08 21:07:34,found,2026-06-10 12:14:49.029256,,False,True,True,True,True,True,True,True,True
beauty,search,seife,4306188064190,Creme Seife Sensitiv,,la ligne,Soaps,"['en:hygiene', 'en:soaps']",,[],,[],,[],Germany,['en:germany'],Real,,[],,,,,2020-08-20 16:14:06,2020-10-19 11:42:43,found,2026-06-10 12:14:49.029286,,False,True,True,True,False,False,False,True,False
beauty,search,seife,5701058006024,Seife Lemongrass,,Urtekram,"Incorrect product type, non-food-products, open-beauty-facts","['en:incorrect-product-type', 'en:non-food-products', 'en:open-beauty-facts']",,[],,[],,[],Germany,['en:germany'],,,[],,unknown,,https://images.openbeautyfacts.org/images/products/570/105/800/6024/front_de.3.400.jpg,2025-01-02 19:50:00,2025-01-16 16:40:55,found,2026-06-10 12:14:49.029301,unknown,False,True,True,True,False,False,False,True,True
beauty,search,seife,4068134024060,Milde Seife Tropical Dresm,,Isana,"Incorrect product type, non-food-products, open-beauty-facts","['en:incorrect-product-type', 'en:non-food-products', 'en:open-beauty-facts']",,[],,[],,[],Germany,['en:germany'],,,[],,unknown,,https://images.openbeautyfacts.org/images/products/406/813/402/4060/front_de.3.400.jpg,2024-10-27 13:27:48,2025-03-19 15:03:54,found,2026-06-10 12:14:49.029331,unknown,False,True,True,True,False,False,False,True,True
beauty,search,seife,4305615688848,Osama Milde Seife Sensitiv,,Isana,Soaps,"['en:hygiene', 'en:soaps']",,[],"INGREDIENTS: Aqua, Sodium Laureth Sulfate, Cocamidopropyl Betaine, Sodium Chioride, Coco-Glucoside, Glyceryl Oleate, Chamomilla Recutita Flower Extract, Propylene Glycol, Bisabolol, Parfum, Tocopherol, Hydrogenated Vegetable Giycenides Citrate. Sodium Lactate, Citric Acid, Sodium Benzoate, Potassium Sorhate","['en:ingredient', 'de:sodium-laureth-sulfate', 'de:cocamidopropyl-betaine', 'de:sodium-chioride', 'de:coco-glucoside', 'de:glyceryl-oleate', 'de:chamomilla-recutita-flower-extract', 'en:e490', 'de:bisabolol', 'de:parfum', 'en:e307a', 'de:hydrogenated-vegetable-giycenides-citrate', 'en:e325', 'en:e330', 'en:e211', 'de:potassium-sorhate', 'en:water']",,[],Germany,['en:germany'],,,[],,,,https://images.openbeautyfacts.org/images/products/430/561/568/8848/front_de.3.400.jpg,2019-11-16 11:27:46,2019-11-16 11:32:44,found,2026-06-10 12:14:49.029346,,False,True,True,True,False,True,False,True,True
beauty,search,seife,8719134033144,Seife,,Rituals,"Incorrect product type, non-food-products, open-beauty-facts","['en:incorrect-product-type', 'en:non-food-products', 'en:open-beauty-facts']",,[],,[],,[],Germany,['en:germany'],,,[],,unknown,,,2024-12-28 19:18:24,2025-01-16 16:40:55,found,2026-06-10 12:14:49.029382,unknown,False,True,True,True,False,False,False,True,False
beauty,search,seife,4010355420596,Creme Seife Ginger & Lemon,,Balea,Soaps,"['en:hygiene', 'en:soaps']",,[],"Aqua, Sodium Laureth Sulfate, Sodium Chloride, Cocamidopropyl Betaine, Glycerin, Citrus Limon Fruit Extract, Zingiber Officinale Root Extract, Urea, Parfum, Lactic Acid, Potassium Sorbate, Sorbitol, Propylene Glycol, Sodium Lactate, Styrene / Acrylates Copolymer, Tetrasodium Glutamate Diacetate, Sodium Benzoate, Citric Acid, Coco-Glucoside, Glyceryl Oleate, Hydrogenated Vegetable Glycerides Citrate, Tocopherol, Ascorbyl Palmitate, Lecithin, Benzoic Acid, Sodium Hydroxide, Limone.","['en:water', 'de:sodium-laureth-sulfate', 'en:sodium-chloride', 'en:minerals', 'en:sodium', 'de:cocamidopropyl-betaine', 'en:e422', 'de:citrus-limon-fruit-extract', 'de:zingiber-officinale-root-extract', 'en:e927b', 'de:parfum', 'en:e270', 'en:e202', 'en:e420', 'en:e490', 'en:e325', 'de:styrene', 'de:acrylates-copolymer', 'de:tetrasodium-glutamate-diacetate', 'en:e211', 'en:e330', 'de:coco-glucoside', 'de:glyceryl-oleate', 'de:hydrogenated-vegetable-glycerides-citrate', 'en:e307a', 'en:e304', 'en:e322', 'en:e210', 'en:e524', 'en:lime', 'en:fruit', 'en:citrus-fruit']",,[],Germany,['en:germany'],dm,,[],,,,https://images.openbeautyfacts.org/images/products/401/035/542/0596/front_de.5.400.jpg,2017-11-09 14:36:29,2019-06-10 21:33:32,found,2026-06-10 12:14:49.029397,,False,True,True,True,False,True,False,True,True
beauty,search,seife,4066447705041,Milde Seife Pflege & Hygiene (Nachfüllbeutel),,Balea,Liquid soaps,"['en:hygiene', 'en:soaps', 'en:liquid-soaps']",The Vegan Society,"['en:vegetarian', 'en:vegan', 'en:the-vegan-society']",,[],,[],"Austria, Germany","['en:austria', 'en:germany']",dm,,[],,unknown,,https://images.openbeautyfacts.org/images/products/406/644/770/5041/front_de.7.400.jpg,2025-03-13 22:19:14,2026-01-05 12:37:46,found,2026-06-10 12:14:49.029426,unknown,False,True,True,True,True,False,False,True,True
beauty,search,seife,4305615610436,milde Seife Blütenfest,,"Isana, Rossmann",Liquid soaps,"['en:hygiene', 'en:soaps', 'en:liquid-soaps']","Vegan, green-point","['en:vegetarian', 'en:vegan', 'en:green-point']","Aqua, Sodium Laureth Sulfate, Cocamidopropyl Betaine, Sodium Choride, Coco-Glucoside, Glyceryl Oleate, Cananga Odorata Flower Extrad, Hohal, Parfum, Tocopherol, Hydrogenated Vegetable Glycerides Citrate, Sodium Lacate, Citric Acid, Sodium Benzoate, Potassium Sorbate, Linalool, Benzyl Salicylate, l 17200, CI 16255.","['en:water', 'de:sodium-laureth-sulfate', 'de:cocamidopropyl-betaine', 'de:sodium-choride', 'de:coco-glucoside', 'de:glyceryl-oleate', 'de:cananga-odorata-flower-extrad', 'de:hohal', 'de:parfum', 'en:e307a', 'de:hydrogenated-vegetable-glycerides-citrate', 'de:sodium-lacate', 'en:e330', 'en:e211', 'en:e202', 'de:linalool', 'de:benzyl-salicylate', 'de:l-17200', 'de:ci-16255']","PET/PE,Kunststoff,Tüte","['pet-pe', 'kunststoff', 'tute']",Germany,['en:germany'],,,[],Deutschland,,,https://images.openbeautyfacts.org/images/products/430/561/561/0436/front_de.8.400.jpg,2019-02-22 18:55:00,2019-03-28 16:44:04,found,2026-06-10 12:14:49.029455,,False,True,True,True,True,True,True,True,True
beauty,search,seife,5028197454937,"Seife, Shea",,The Body Shop,"non-food-products, open-beauty-facts","['en:non-food-products', 'en:open-beauty-facts']",,[],,[],,[],Germany,['en:germany'],,,[],,unknown,,https://images.openbeautyfacts.org/images/products/502/819/745/4937/front_de.3.400.jpg,2023-08-24 13:24:46,2023-11-01 19:49:24,found,2026-06-10 12:14:49.029470,unknown,False,True,True,True,False,False,False,True,True
beauty,search,seife,4002448120681,Seife nachfüllpack,,sagrotan,"Incorrect product type, non-food-products, open-beauty-facts","['en:incorrect-product-type', 'en:non-food-products', 'en:open-beauty-facts']",,[],,[],,[],Germany,['en:germany'],,,[],,unknown,,,2024-04-04 12:30:54,2025-03-09 14:23:38,found,2026-06-10 12:14:49.029485,unknown,False,True,True,True,False,False,False,True,False
beauty,search,seife,4305615776903,Einfach nur Seife,,Isana,Soaps,"['en:hygiene', 'en:soaps']","Vegan, Without microplastics, de:ohne Parfum","['en:vegetarian', 'en:vegan', 'en:without-microplastics', 'de:ohne Parfum']","NGERENTS: Aqua, Sodium Laureth Sulfate, Cocamidopropyl Betaine, Sodium Chloride, Coco-Glucoside, Glyceryl Oleate, Tocopherol, Hydrogenated Vegetable Glycerides Citrate, Citric Acid, Sodium Benzoate, Potassium Sorbate.","['de:ngerents', 'de:sodium-laureth-sulfate', 'de:cocamidopropyl-betaine', 'en:sodium-chloride', 'en:minerals', 'en:sodium', 'de:coco-glucoside', 'de:glyceryl-oleate', 'en:e307a', 'de:hydrogenated-vegetable-glycerides-citrate', 'en:e330', 'en:e211', 'en:e202', 'en:water']",Kunststoff - Nachfüllpack,['kunststoff-nachfullpack'],Germany,['en:germany'],Rossmann,,[],Deutschland,,,https://images.openbeautyfacts.org/images/products/430/561/577/6903/front_de.4.400.jpg,2021-09-04 22:03:41,2021-09-04 22:11:46,found,2026-06-10 12:14:49.029500,,False,True,True,True,True,True,True,True,True
beauty,search,seife,5400606008847,Seife Handseife Olive,,Solimo,"Incorrect product type, non-food-products, open-beauty-facts","['en:incorrect-product-type', 'en:non-food-products', 'en:open-beauty-facts']",,[],,[],,[],Germany,['en:germany'],,,[],,unknown,,,2024-04-03 12:54:52,2025-01-16 16:40:55,found,2026-06-10 12:14:49.029515,unknown,False,True,True,True,False,False,False,True,False
beauty,search,seife,4068134067654,Alterra NATURKOSMETIK Reine Pflanzenölseife Zitronenverbene,NATURKOSMETIK Seife,Alterra,Soaps,"['en:hygiene', 'en:soaps']","Vegan, de:NATURKOSMETIK","['en:vegetarian', 'en:vegan', 'de:NATURKOSMETIK']","Sodium Palmate; Aqua; Glycerin; Sodium Palm Kernelate; Parfum**; Coconut Acid; Olea Europaea Fruit Oil*; Lippia Citriodora Leaf Water*; Phytic Acid; Sodium Chloride; Sodium Citrate; Citric Acid; Sodium Benzoate, Potassium Sorbate; Citral**; Limonene**; Linalool**; Geraniol**; Citronellol**; Beta Caryophyllene**; Pinene**; Citrus Auratium Peel Oil**; Citrus Limon Peel Oil**; CI77288","['en:sodium-palmate', 'en:water', 'en:glycerin', 'en:sodium-palm-kernelate', 'en:fragrance', 'de:coconut-acid', 'de:olea-europaea-fruit-oil', 'en:lippia-citriodora-leaf-water', 'en:phytic-acid', 'en:sodium-chloride', 'en:sodium-citrate', 'en:citric-acid', 'en:sodium-benzoate', 'en:potassium-sorbate', 'en:citral', 'en:allergenic-fragrances', 'en:limonene', 'en:linalool', 'en:geraniol', 'en:citronellol', 'en:beta-caryophyllene', 'en:pinene', 'de:citrus-auratium-peel-oil', 'de:citrus-limon-peel-oil', 'de:ci77288']",,[],Germany,['en:germany'],Rossmann,,[],,,,,2026-03-05 20:41:18,2026-03-05 20:42:57,found,2026-06-10 12:14:49.029530,,False,True,True,True,True,True,False,True,False
beauty,search,seife,7707264461396,Seife gegen insekten,,pulvex,"Incorrect product type, non-food-products, open-beauty-facts","['en:incorrect-product-type', 'en:non-food-products', 'en:open-beauty-facts']",,[],,[],,[],Germany,['en:germany'],,,[],,unknown,,https://images.openbeautyfacts.org/images/products/770/726/446/1396/front_de.3.400.jpg,2023-12-31 17:57:19,2025-01-16 16:40:55,found,2026-06-10 12:14:49.029563,unknown,False,True,True,True,False,False,False,True,True
beauty,search,seife,29024377,Seife,,sana,"Incorrect product type, non-food-products, open-beauty-facts","['en:incorrect-product-type', 'en:non-food-products', 'en:open-beauty-facts']",,[],,[],,[],Germany,['en:germany'],,,[],,unknown,,https://images.openbeautyfacts.org/images/products/000/002/902/4377/front_de.3.400.jpg,2024-04-05 10:45:25,2025-01-16 16:40:55,found,2026-06-10 12:14:49.029592,unknown,False,True,True,True,False,False,False,True,True
beauty,search,seife,4305615610320,Milde Seife Hygiene Aktiv,,ISANA,"Incorrect product type, Bar soaps, bath-body, cosmetics, non-open-products-facts, open-beauty-facts","['en:hygiene', 'en:soaps', 'en:incorrect-product-type', 'en:bar-soaps', 'en:bath-body', 'en:cosmetics', 'en:non-open-products-facts', 'en:open-beauty-facts']",,[],"Aqua, Sodium Laureth Sulfate, Cocamidopropyl Betaine, Sodium Chloride, Lactic Acid, Coco-Glucoside, Glyceryl Oleate, Mentha Piperita Leaf Extract, Citrus Grandis Fruit Extract, Glycerin, Parfum, Sodium Lactate, Sodium Benzoate, Potassium Sorbate, Citric Acid, Alcohol, Linalool, Limonene, CI 17200, CI 47005",[],,[],Germany,['en:germany'],ROSSMANN,,[],,,,,2026-04-20 19:49:56,2026-04-20 19:51:17,found,2026-06-10 12:14:49.029606,,False,True,True,True,False,True,False,True,False
beauty,search,seife,4066447954036,"Balea Flüssigseife Very Cherry, 500 ml",Flüssigseife Very Cherry,Balea,"de:Flüssigseife, de:Seife","['de:Flüssigseife', 'de:Seife']",,[],"INGREDIENTS: AQUA, SODIUM LAURETH SULFATE, SODIUM CHLORIDE, COCAMIDOPROPYL BETAINE, SODIUM BENZOATE, GLYCERIN, PARFUM, COCO-GLUCOSIDE, CITRIC ACID, GLYCERYL OLEATE, SODIUM HYDROXIDE, BETAINE, POTASSIUM SORBATE, TOCOPHEROL, HYDROGENATED VEGETABLE GLYCERIDES CITRATE, LECITHIN, ASCORBYL PALMITATE, BENZYL ALCOHOL, CITRUS AURANTIUM PEEL OIL, LIMONENE.","['de:ingredients', 'de:sodium-laureth-sulfate', 'de:sodium-chloride', 'de:cocamidopropyl-betaine', 'de:sodium-benzoate', 'en:e422', 'de:parfum', 'de:coco-glucoside', 'de:citric-acid', 'de:glyceryl-oleate', 'de:sodium-hydroxide', 'de:betaine', 'de:potassium-sorbate', 'de:tocopherol', 'de:hydrogenated-vegetable-glycerides-citrate', 'en:e322i', 'en:e322', 'de:ascorbyl-palmitate', 'de:benzyl-alcohol', 'de:citrus-aurantium-peel-oil', 'de:limonene', 'en:water']",,[],Germany,['en:germany'],DM,,[],Deutschland,unknown,,,2026-04-10 22:16:41,2026-04-10 22:17:52,found,2026-06-10 12:14:49.029621,unknown,False,True,True,True,False,True,False,True,False
beauty,search,seife,4068134072405,ISANA Verwöhnende Seife Persian Feeling,ISANA Seife,ISANA,Soaps,"['en:hygiene', 'en:soaps']",,[],"Aqua, Sodium Laureth Sulfate, Sodium Chloride, Cocamidopropyl Betaine, Coco-Glucoside, Glyceryl Oleate, Sodium Lactate, Parfum, Tocopherol, Hydrogenated Vegetable Glycerides Citrate, Sodium Citrate, Citric Acid, Sodium Benzoate, Citrus Aurantium Peel Oil, Limonene, CI 16255","['en:water', 'en:sodium-laureth-sulfate', 'en:sodium-chloride', 'en:cocamidopropyl-betaine', 'de:coco-glucoside', 'en:glyceryl-oleate', 'en:sodium-lactate', 'en:fragrance', 'en:tocopherol', 'en:hydrogenated-vegetable-glycerides-citrate', 'en:sodium-citrate', 'en:citric-acid', 'en:sodium-benzoate', 'de:citrus-aurantium-peel-oil', 'en:limonene', 'en:allergenic-fragrances', 'en:ci-16255', 'en:colorants']",,[],Germany,['en:germany'],,,[],,,,,2026-03-05 20:27:28,2026-03-05 20:28:31,found,2026-06-10 12:14:49.029636,,False,True,True,True,False,True,False,True,False
beauty,search,seife,4061458012430,Seife Flüssig- Ombia Pfirsich Aldi,,Aldi,"Incorrect product type, non-food-products, open-beauty-facts","['en:incorrect-product-type', 'en:non-food-products', 'en:open-beauty-facts']",,[],,[],Produkt,['de:produkt'],"France, Germany","['en:france', 'en:germany']",Aldi,,[],,unknown,,https://images.openbeautyfacts.org/images/products/406/145/801/2430/front_de.3.400.jpg,2019-08-18 01:26:12,2025-01-16 16:40:54,found,2026-06-10 12:14:49.029665,unknown,False,True,True,True,False,False,True,True,True
beauty,search,cream,8720182264664,Beauty cream bar,,Dove,"Soaps, Incorrect product type, non-food-products, open-beauty-facts","['en:hygiene', 'en:soaps', 'en:incorrect-product-type', 'en:non-food-products', 'en:open-beauty-facts']",Vegan,"['en:vegetarian', 'en:vegan']","Sodium Lauroyl Isethionate, Stearic Acid, Sodium Stearate, Sodium Palmate, Aqua, Sodium Isethionate, Lauric Acid, Cocamidopropyl Betaine, Parfum, Sodium Palm Kernelate, Sodium Chloride, Glycerin, Tetrasodium Etidronate, Tetrasodium EDTA, Zinc Oxide, Alpha-Isomethyl Ionone, Citronellol, Coumarin, Hexyl Cinnamal, Limonene, Linalool, CI 77891","['en:sodium-lauroyl-isethionate', 'en:stearic-acid', 'en:sodium-stearate', 'en:sodium-palmate', 'en:water', 'en:sodium-isethionate', 'en:lauric-acid', 'en:cocamidopropyl-betaine', 'en:parfum', 'en:sodium-palm-kernelate', 'en:sodium-chloride', 'en:glycerin', 'en:disodium-etidronate', 'en:disodium-edta', 'en:edta', 'en:zinc-oxide', 'en:alpha-isomethyl-ionone', 'en:allergenic-fragrances', 'en:citronellol', 'en:coumarin', 'en:hexyl-cinnamal', 'en:limonene', 'en:linalool', 'en:ci-77891', 'en:colorants']",,[],"Bosnia and Herzegovina, Croatia, France, Germany, Morocco, Serbia","['en:bosnia-and-herzegovina', 'en:croatia', 'en:france', 'en:germany', 'en:morocco', 'en:serbia']",,,[],,unknown,,https://images.openbeautyfacts.org/images/products/872/018/226/4664/front_en.12.400.jpg,2024-10-26 14:04:42,2026-05-13 03:20:58,found,2026-06-10 12:14:50.862542,unknown,False,True,True,True,True,True,False,True,True
beauty,search,cream,4066447241310,Intensiv Handcreme,,Alverde Naturkosmetik,"Incorrect product type, Hand creams, non-food-products, open-beauty-facts","['en:body', 'en:incorrect-product-type', 'en:hand-creams', 'en:non-food-products', 'en:open-beauty-facts']",Organic,['en:organic'],"INGREDIENTS: Aqua, Helianthus Annuus Hybrid Oil, Butyrospermum Parkii Butter², Glycerin, Alcohol, Alcohol², Cetearyl Alcohol, Palmitic Acid, Stearic Acid, Glyceryl Stearate, Punica Granatum Seed Oil², Glyceryl Stearate Citrate, Xanthan Gum, Sodium Cetearyl Sulfate, Parfum³, Linalool³, Limonene³, Citronellol³, Benzyl Alcohol³,
²ingredients from certified organic,
³agriculture from natural essential oils","['de:ingredients', 'de:helianthus-annuus-hybrid-oil', 'de:butyrospermum-parkii-butter', 'en:e422', 'de:alcohol', 'de:cetearyl-alcohol', 'de:palmitic-acid', 'de:stearic-acid', 'de:glyceryl-stearate', 'de:punica-granatum-seed-oil', 'de:glyceryl-stearate-citrate', 'de:xanthan-gum', 'de:sodium-cetearyl-sulfate', 'de:parfum', 'de:linalool', 'de:limonene', 'de:citronellol', 'de:benzyl-alcohol', 'de:agriculture-from-natural-essential-oils', 'en:water']",,[],Germany,['en:germany'],,,[],,unknown,,https://images.openbeautyfacts.org/images/products/406/644/724/1310/front_de.3.400.jpg,2024-12-28 10:18:17,2025-02-19 20:22:33,found,2026-06-10 12:14:50.862560,unknown,False,True,True,True,True,True,False,True,True
beauty,search,cream,4005900756152,Nivea Creme,,NIVEA,"Hand creams, de:Hautpflege, creams","['en:body', 'en:hand-creams', 'de:Hautpflege', 'en:creams']",,[],"Aqua, Paraffinum Liguidum, Cera Microcristallina, Glycerin, Lanolin Alcohol (Eucerit®), Paraffin, Panthenol, Magnesium Sulfate, Decyl Oleate, Octyldodecanol, Aluminum Stearates, Citric Acid, Magnesium Stearate, Limonene, Geraniol, Hydroxycitronellal, Linalool, Citronellol, Benzyl Benzoate, Cinnamyl Alcohol, Parfum","['en:water', 'de:paraffinum-liguidum', 'de:cera-microcristallina', 'en:e422', 'de:lanolin-alcohol', 'en:e905cii', 'en:e905', 'en:e905c', 'de:panthenol', 'de:magnesium-sulfate', 'de:decyl-oleate', 'de:octyldodecanol', 'de:aluminum-stearates', 'de:citric-acid', 'de:magnesium-stearate', 'de:limonene', 'de:geraniol', 'de:hydroxycitronellal', 'de:linalool', 'de:citronellol', 'de:benzyl-benzoate', 'de:cinnamyl-alcohol', 'de:parfum', 'de:eucerit']",Dose,['dose'],Germany,['en:germany'],,,[],,b,65.0,https://images.openbeautyfacts.org/images/products/400/590/075/6152/front_de.4.400.jpg,2021-03-19 22:45:48,2025-02-28 08:12:53,found,2026-06-10 12:14:50.862587,b,True,True,True,True,False,True,True,True,True
beauty,search,cream,4005900009135,NIVEA Soft Moisturizing Cream,,NIVEA,"Body creams, Facial creams, Hand creams, Body care, Body moisturizers, Cosmetics, Face care, Face moisturizers, Hand care, Moisturizers, Skin care","['en:body', 'en:face', 'en:body-creams', 'en:facial-creams', 'en:hand-creams', 'en:Body care', 'en:Body moisturizers', 'en:Cosmetics', 'en:Face care', 'en:Face moisturizers', 'en:Hand care', 'en:Moisturizers', 'en:Skin care']",,[],"Aqua, Glycerin, Myristyl Alcohol, Alcohol Denat., Myristyl Myristate, Cetearyl Glucoside, Coco-Caprylate/Caprate, Glyceryl Stearate, Palmitic Acid, Stearic Acid, Hydrogenated Coco-Glycerides, Simmondsia Chinensis Seed Oil, Tocopheryl Acetate, Prunus Amygdalus Dulcis Oil, Vegetable Oil, Cetyl Ricinoleate, Triisostearin, Sorbitan Stearate, Hydroxypropyl Starch Phosphate, Sodium Hydroxide, Cetearyl Alcohol, Gellan Gum, Xanthan Gum, Myristic Acid, Arachidic Acid, Oleic Acid, Lauric Acid, Disodium Cetearyl Sulfosuccinate, Phenoxyethanol, Linalool, Citronellol, Alpha-Isomethyl Ionone, Acetyl Cedrene, Citrus Aurantium Peel Oil, Limonene, Terpineol, Lavandula Oil/Extract, Linalyl Acetate, Parfum","['en:aqua', 'en:glycerin', 'en:myristyl-alcohol', 'en:alcohol-denat', 'en:myristyl-myristate', 'en:cetearyl-glucoside', 'en:coco-caprylate', 'en:Caprate', 'en:glyceryl-stearate', 'en:palmitic-acid', 'en:stearic-acid', 'en:hydrogenated-coco-glycerides', 'en:Simmondsia Chinensis Seed Oil', 'en:tocopheryl-acetate', 'en:prunus-amygdalus-dulcis-oil', 'en:vegetable-oil', 'en:cetyl-ricinoleate', 'en:triisostearin', 'en:Sorbitan Stearate', 'en:Hydroxypropyl Starch Phosphate', 'en:sodium-hydroxide', 'en:cetearyl-alcohol', 'en:gellan-gum', 'en:xanthan-gum', 'en:myristic-acid', 'en:arachidic-acid', 'en:oleic-acid', 'en:lauric-acid', 'en:disodium-cetearyl-sulfosuccinate', 'en:phenoxyethanol', 'en:linalool', 'en:allergenic-fragrances', 'en:citronellol', 'en:alpha-isomethyl-ionone', 'en:Acetyl Cedrene', 'en:Citrus Aurantium Peel Oil', 'en:limonene', 'en:terpineol', 'en:Lavandula Oil', 'en:Extract', 'en:linalyl-acetate', 'en:parfum']",,[],"Germany, Pakistan, Turkey, United Kingdom","['en:germany', 'en:pakistan', 'en:turkey', 'en:united-kingdom']",,,[],,unknown,,https://images.openbeautyfacts.org/images/products/400/590/000/9135/front_en.3.400.jpg,2023-10-24 20:42:24,2026-06-03 17:37:39,found,2026-06-10 12:14:50.862602,unknown,False,True,True,True,False,True,False,True,True
beauty,search,cream,8410412020299,Olive oil moisturizing body cream,,"Berioska S.L., babaria","Hand creams, de:Kremes","['en:body', 'en:hand-creams', 'de:Kremes']","de:Ohne Tierversuche, green-point","['de:Ohne Tierversuche', 'en:green-point']","Aqua (Water), Glycerin, Paraffinum Liquidum, Stearyl Alcohol, Stearic Acid, Cetyl Alcohol, Olea Europaea Fruit Oil, Ceteth-24, Tocopheryl Acetate, Phenoxyethanol, Sodium Carbomer, Parfum (Fragrance), Methylparaben, Tetrasodium EDTA, Acrylates/Vinyl Isodecanoate Crosspolymer, Citric Acid, Propylparaben, 2-Bromo - 2-Nitopropane-1,3-Diol,","['en:water', 'en:e422', 'de:paraffinum-liquidum', 'de:stearyl-alcohol', 'de:stearic-acid', 'de:cetyl-alcohol', 'de:olea-europaea-fruit-oil', 'de:ceteth-24', 'de:tocopheryl-acetate', 'de:phenoxyethanol', 'de:sodium-carbomer', 'de:parfum', 'en:e218', 'de:tetrasodium-edta', 'de:acrylates', 'de:vinyl-isodecanoate-crosspolymer', 'de:citric-acid', 'de:propylparaben', 'de:2-bromo', 'de:2-nitopropane-1-3-diol', 'de:water', 'de:fragrance']",5-PP,['5-pp'],"Germany, Spain","['en:germany', 'en:spain']",,,[],"Spanien, Valencia",unknown,,https://images.openbeautyfacts.org/images/products/841/041/202/0299/front_de.4.400.jpg,2019-02-09 14:20:24,2026-03-26 02:50:45,found,2026-06-10 12:14:50.862615,unknown,False,True,True,True,True,True,True,True,True
beauty,search,deo,4066447410525,Deo 5in1 Anti Transpirant,,Balea,"Incorrect product type, non-food-products, open-beauty-facts","['en:incorrect-product-type', 'en:non-food-products', 'en:open-beauty-facts']",,[],,[],,[],"Germany, Morocco","['en:germany', 'en:morocco']",,,[],,unknown,,https://images.openbeautyfacts.org/images/products/406/644/741/0525/front_de.8.400.jpg,2024-03-23 13:33:48,2025-09-24 12:25:50,found,2026-06-10 12:14:52.645703,unknown,False,True,True,True,False,False,False,True,True
beauty,search,deo,42449751,Nivea Men 48H Deo,,Nivea,Deodorants sticks,"['en:hygiene', 'en:deodorants', 'en:deodorants-sticks']",es:0 % Aluminum (ACH),['es:0\xa0% Aluminum (ACH)'],"Aqua, Propylene Glycol, PEG-8, Palmitic Acid, Stearic Acid, Parfum, Butyloctanoic Acid, Ethylhexylglycerin, Octyldodecanol, Persea Gratissima Oil, Distarch Phosphate, Myristic Acid, Arachidic Acid, Oleic Acid, Lauric Acid, Sodium Hydroxide","['en:aqua', 'en:propylene-glycol', 'en:peg-8', 'en:palmitic-acid', 'en:stearic-acid', 'en:parfum', 'en:butyloctanoic-acid', 'en:ethylhexylglycerin', 'en:octyldodecanol', 'en:persea-gratissima-oil', 'en:distarch-phosphate', 'en:myristic-acid', 'en:arachidic-acid', 'en:oleic-acid', 'en:lauric-acid', 'en:sodium-hydroxide']",,[],"Austria, Germany","['en:austria', 'en:germany']",dm,,[],,unknown,,https://images.openbeautyfacts.org/images/products/000/004/244/9751/front_en.4.400.jpg,2025-11-06 09:33:55,2026-02-27 21:26:24,found,2026-06-10 12:14:52.645722,unknown,False,True,True,True,True,True,False,True,True
beauty,search,deo,5014697017086,Deo - Wasserlilie,,CD,"Incorrect product type, Roll-on deodorants, non-food-products, open-beauty-facts","['en:hygiene', 'en:deodorants', 'en:incorrect-product-type', 'en:roll-on-deodorants', 'en:non-food-products', 'en:open-beauty-facts']",Vegan,"['en:vegetarian', 'en:vegan']","Alcohol denat., Aqua, Triethyl Citrate, Parfum, Hydroxypropylcellulose, Nymphaea Alba Flower Exract, Citric Acid, Phenoxyethanol, Alpha-Isomethyl lonone, Benzyl Benzoate, Benzyl Salicylate, Citronel, Coumarin, Eugenol, Geraniol, Hexyl Cinnamal, Linaloo.","['de:alcohol-denat', 'en:water', 'de:triethyl-citrate', 'de:parfum', 'en:e463', 'de:nymphaea-alba-flower-exract', 'de:citric-acid', 'de:phenoxyethanol', 'de:alpha-isomethyl-lonone', 'de:benzyl-benzoate', 'de:benzyl-salicylate', 'de:citronel', 'de:coumarin', 'de:eugenol', 'de:geraniol', 'de:hexyl-cinnamal', 'de:linaloo']",Glass,['glass'],Germany,['en:germany'],Edeka,,[],Germany,unknown,,https://images.openbeautyfacts.org/images/products/501/469/701/7086/front_de.4.400.jpg,2020-12-04 14:18:16,2026-03-25 16:07:07,found,2026-06-10 12:14:52.645741,unknown,False,True,True,True,True,True,True,True,True
beauty,search,deo,4001638095228,Men 24h Deo Roll-On,deodorant,Weleda,Deodorants sticks,"['en:hygiene', 'en:deodorants', 'en:deodorants-sticks']",,[],"Water (Aqua), Alcohol, Triethyl Citrate, Glycerin, Fragrance (Parfum)*, Sodium Caproyl/Lauroyl Lactylate, Glycyrrhiza Glabra (Licorice) Root Extract, Hamamelis Virginiana (Witch Hazel) Water, Acacia Senegal Gum, Xanthan Gum, Citric Acid, Phytic Acid, Limonene, Linalool*, Benzyl Benzoate*, Benzyl Salicylate*, Geraniol, Citral, Coumarin*, Farnesol*","['en:water', 'en:alcohol', 'en:triethyl-citrate', 'en:glycerin', 'en:fragrance', 'en:sodium-caproyl', 'en:lauroyl-lactylate', 'en:glycyrrhiza-glabra', 'en:root-extracts', 'en:natural-extracts', 'en:hamamelis-virginiana', 'en:acacia-senegal-gum', 'en:xanthan-gum', 'en:citric-acid', 'en:phytic-acid', 'en:limonene', 'en:allergenic-fragrances', 'en:linalool', 'en:benzyl-benzoate', 'en:benzyl-salicylate', 'en:geraniol', 'en:citral', 'en:coumarin', 'en:farnesol', 'en:parfum', 'en:licorice', 'en:witch-hazel']",plastique,['plastique'],"France, Germany","['en:france', 'en:germany']",,,[],Suisse,unknown,,https://images.openbeautyfacts.org/images/products/400/163/809/5228/front_en.22.400.jpg,2021-04-27 08:59:04,2025-12-15 14:29:40,found,2026-06-10 12:14:52.645761,unknown,False,True,True,True,False,True,True,True,True
beauty,search,deo,4066447330892,Active Nature 24 h Deo Roll-on,,Alverde,"Open Products Facts, non-food-products, open-beauty-facts","['en:incorrect-product-type', 'en:non-beauty-products', 'en:open-products-facts', 'en:non-food-products', 'en:open-beauty-facts']",The Vegan Society,"['en:vegetarian', 'en:vegan', 'en:the-vegan-society']",,[],,[],Germany,['en:germany'],,,[],,unknown,,https://images.openbeautyfacts.org/images/products/406/644/733/0892/front_de.3.400.jpg,2024-03-13 18:22:36,2024-04-01 23:15:06,found,2026-06-10 12:14:52.645779,unknown,False,True,True,True,True,False,False,True,True
beauty,search,deo,42348535,Deo Roll-On Sensitiv,,"Isana, Rossmann","Deodorants, Incorrect product type, non-food-products, open-beauty-facts","['en:hygiene', 'en:deodorants', 'en:incorrect-product-type', 'en:non-food-products', 'en:open-beauty-facts']",,[],"Aqua, Isopropyl Myristate, Glyceryl Stearate Citrate, Sodium Stearoyl Glutamate, Cetearyl Alcohol, Parfum, Phenoxyethanol, Carbomer, Propylene Glycol, Ethylhexylglycerin, Octenidine HCI, Tocopherol, Sodium Hydroxide.","['en:water', 'de:isopropyl-myristate', 'de:glyceryl-stearate-citrate', 'de:sodium-stearoyl-glutamate', 'de:cetearyl-alcohol', 'de:parfum', 'de:phenoxyethanol', 'de:carbomer', 'de:propylene-glycol', 'de:ethylhexylglycerin', 'de:octenidine-hci', 'de:tocopherol', 'de:sodium-hydroxide']",,[],Germany,['en:germany'],Rossmann,,[],,unknown,,https://images.openbeautyfacts.org/images/products/000/004/234/8535/front_de.5.400.jpg,2025-01-31 05:35:29,2025-02-03 22:00:29,found,2026-06-10 12:14:52.645814,unknown,False,True,True,True,False,True,False,True,True
beauty,search,deo,50076598,Antitranspirant Motion Sense Invisible Aqua,,Rexona,"Deodorants, Incorrect product type, de:Antitranspirant, de:Deoroller, non-food-products, open-beauty-facts","['en:hygiene', 'en:deodorants', 'en:incorrect-product-type', 'de:Antitranspirant', 'de:Deoroller', 'en:non-food-products', 'en:open-beauty-facts']",,[],,[],Kunststoff,['kunststoff'],Germany,['en:germany'],,,[],,unknown,,https://images.openbeautyfacts.org/images/products/000/005/007/6598/front_de.4.400.jpg,2022-02-09 09:34:48,2022-02-09 09:35:16,found,2026-06-10 12:14:52.645832,unknown,False,True,True,True,False,False,True,True,True
beauty,search,deo,4001638099271,Herbal Fresh Deo Spray,,Weleda,"Deodorants, Incorrect product type, non-food-products, open-beauty-facts","['en:hygiene', 'en:deodorants', 'en:incorrect-product-type', 'en:non-food-products', 'en:open-beauty-facts']",,[],"ALCOHOL WATER (AQUA) TRIETHYL CITRATE FRAGRANCE (PARFUM) SALVIA OFFICINALIS (SAGE) OIL LIMONENE, LINALOOL, BENZYL BENZOATE, GERANIOL, COUMARIN.","['de:alcohol-water', 'de:triethyl-citrate-fragrance', 'de:salvia-officinalis', 'de:oil-limonene', 'en:linalool', 'en:allergenic-fragrances', 'en:benzyl-benzoate', 'en:geraniol', 'en:coumarin', 'en:water', 'en:fragrance', 'de:sage']",,[],Germany,['en:germany'],Edeka,,[],,unknown,,https://images.openbeautyfacts.org/images/products/400/163/809/9271/front_de.3.400.jpg,2024-12-22 16:02:57,2025-08-13 15:48:49,found,2026-06-10 12:14:52.645867,unknown,False,True,True,True,False,True,False,True,True
beauty,search,deo,4021457638765,Lavera Natural & Fresh Deo Roll-on,,Laverana GmbH & Co. KG,Roll-on deodorants,"['en:hygiene', 'en:deodorants', 'en:roll-on-deodorants']",Vegan,"['en:vegetarian', 'en:vegan']","Water (Aqua), Alcohol denat, Triethyl Citrate, Zinc PCA, Glyceryl Caprylate, Glyceryl Stearate Citrate, Levulinic Acid, Glycine Soja (Soybean) O&quot;, Prunus Armeniaca (Apricot) Kernel O Helianthus Annuus Hybrid O&quot;, Verbena Officinalis Leaf Extract, Citrus Aurantifolia (Lime) Fruit Extract, Hama - mells Virginiana (Witch Hazel) Leaf Extract, Glycerin, Sodi um Levulinate, Decyl Cocoate, Coco-Caprylate/Caprate, Xan than Gum, Polyglyceryl-2 Caprate, Sodium Caproyl/Lauryl Lactylate, Calcium Lactate, Sea Salt (Maris Sall, Hydrogenated Lecithin, Tocopherol, Helianthus Annuus (Sunflower) Seed O Fragrance (Parfum), Limonene**, Linalool**, Citral**, Citro neliol, Geraniol
*ingredients from certified organic agrical - ture from natural essential oils","['de:water', 'de:alcohol-denat', 'de:triethyl-citrate', 'de:zinc-pca', 'de:glyceryl-caprylate', 'de:glyceryl-stearate-citrate', 'de:levulinic-acid', 'de:glycine-soja', 'de:o', 'de:prunus-armeniaca', 'de:kernel-o-helianthus-annuus-hybrid-o', 'de:verbena-officinalis-leaf-extract', 'de:citrus-aurantifolia', 'de:fruit-extract', 'de:hama', 'de:mells-virginiana', 'de:leaf-extract', 'en:e422', 'de:sodi-um-levulinate', 'de:decyl-cocoate', 'de:coco-caprylate', 'de:caprate', 'de:xan-than-gum', 'de:polyglyceryl-2-caprate', 'de:sodium-caproyl', 'de:lauryl-lactylate', 'de:calcium-lactate', 'de:sea-salt', 'de:maris-sall', 'de:hydrogenated-lecithin', 'de:tocopherol', 'de:helianthus-annuus', 'de:seed-o-fragrance', 'de:limonene', 'de:linalool', 'de:citral', 'de:citro-neliol', 'de:geraniol-ingredients-from-certified-organic-agrical', 'de:ture-from-natural-essential-oils', 'en:water', 'de:soybean', 'de:apricot', 'de:lime', 'de:witch-hazel', 'de:sunflower', 'de:parfum']",,[],Germany,['en:germany'],DM,,[],,unknown,,https://images.openbeautyfacts.org/images/products/402/145/763/8765/front_en.13.400.jpg,2023-12-25 14:38:14,2023-12-25 15:46:31,found,2026-06-10 12:14:52.645884,unknown,False,True,True,True,True,True,False,True,True
beauty,search,deo,4103040231017,Frische Deo frisch,,sebamed,"Deodorants, Incorrect product type, non-food-products, open-beauty-facts","['en:hygiene', 'en:deodorants', 'en:incorrect-product-type', 'en:non-food-products', 'en:open-beauty-facts']",Ökotest,['en:Ökotest'],"Alcohol, Aqua, Triethyl, Citrate, Parfum, Citric Acid, Sodium, Hydroxide, Linalool","['de:alcohol', 'en:water', 'de:triethyl', 'en:e330', 'de:parfum', 'de:citric-acid', 'de:sodium', 'de:hydroxide', 'de:linalool']","Glas,Plastik","['glas', 'plastik']",Germany,['en:germany'],Real,,[],"Deutschland, Germany",unknown,,https://images.openbeautyfacts.org/images/products/410/304/023/1017/front_de.7.400.jpg,2019-06-30 14:07:24,2026-03-26 03:24:16,found,2026-06-10 12:14:52.645903,unknown,False,True,True,True,True,True,True,True,True
beauty,search,deo,4066447396232,Deo Roll-On Sensitiv,,Alverde,de:Antitranspirantien,['de:Antitranspirantien'],"Ohne Gentechnik, No alcohol, The Vegan Society, de:Ohne Mineralöle","['en:vegetarian', 'en:no-gmos', 'en:vegan', 'de:ohne-gentechnik', 'en:no-alcohol', 'en:the-vegan-society', 'de:Ohne Mineralöle']","Aqua, Aloe Barbadensis Leaf Juice², Maris Sal, Zinc Oxide, Sodium Lactate, Zinc Ricinoleate, Glyceryl Caprylate, Xanthan Gum, Glycerin, Hydrogenated Palm Glycerides, Potassiun Cetyl Phosphate, Caprylic/Capric Triglyceride, Lactic Acid, Chamomilla Recutita Flower Extract2, Tocopherol, Levulinic Acid, Helanthus Annuus Seed Oil, Sodium Levulinate, Parfum³","['en:water', 'de:aloe-barbadensis-leaf-juice', 'de:maris-sal', 'de:zinc-oxide', 'de:sodium-lactate', 'de:zinc-ricinoleate', 'de:glyceryl-caprylate', 'de:xanthan-gum', 'en:e422', 'de:hydrogenated-palm-glycerides', 'de:potassiun-cetyl-phosphate', 'de:caprylic', 'de:capric-triglyceride', 'de:lactic-acid', 'de:chamomilla-recutita-flower-extract2', 'de:tocopherol', 'de:levulinic-acid', 'de:helanthus-annuus-seed-oil', 'de:sodium-levulinate', 'de:parfum']","Stift,Glas","['stift', 'glas']",Germany,['en:germany'],dm,,[],,unknown,,https://images.openbeautyfacts.org/images/products/406/644/739/6232/front_de.7.400.jpg,2024-05-01 02:17:56,2024-05-03 22:58:55,found,2026-06-10 12:14:52.645922,unknown,False,True,True,True,True,True,True,True,True
beauty,search,deo,3616303440800,Ice Dive Deo,,Adidas,"Incorrect product type, non-food-products, open-beauty-facts","['en:incorrect-product-type', 'en:non-food-products', 'en:open-beauty-facts']",,[],,[],,[],Germany,['en:germany'],,,[],,unknown,,https://images.openbeautyfacts.org/images/products/361/630/344/0800/front_de.4.400.jpg,2024-01-07 11:49:16,2026-01-01 16:16:50,found,2026-06-10 12:14:52.645940,unknown,False,True,True,True,False,False,False,True,True
beauty,search,deo,42332961,Ultimate Protect Deo,,Nivea,"Deodorants, non-food-products, open-beauty-facts","['en:hygiene', 'en:deodorants', 'en:non-food-products', 'en:open-beauty-facts']",,[],"Aqua, Aluminum Chlorohydrate, 65 Stearyl Ether, Steareth-2, Steareth-21, Alumi - un Sesquichlorohydrate, Parfum, Zinc Citrate, orpropanediol, Persea Gratissima Oil, Trisodium EDTA, Limonene, Linalool, Coumarin, Geraniol.","['en:water', 'de:aluminum-chlorohydrate', 'de:65-stearyl-ether', 'de:steareth-2', 'de:steareth-21', 'de:alumi', 'de:un-sesquichlorohydrate', 'de:parfum', 'de:zinc-citrate', 'de:orpropanediol', 'de:persea-gratissima-oil', 'de:trisodium-edta', 'de:limonene', 'de:linalool', 'de:coumarin', 'de:geraniol']",Deo Roller,['de:deo-roller'],Germany,['en:germany'],,,[],,unknown,,https://images.openbeautyfacts.org/images/products/000/004/233/2961/front_de.4.400.jpg,2020-02-14 16:16:59,2023-10-25 22:38:12,found,2026-06-10 12:14:52.645993,unknown,False,True,True,True,False,True,True,True,True
beauty,search,deo,5014697017109,Deo Wasserlilie,,CD,Deodorants,"['en:hygiene', 'en:deodorants']",maoam,['en:maoam'],"Alcohol denat., Aqua, Glycerin, Parfum, Triethyl Citrate, Nymphaea Alba Flower Extract, Phenoxyethanol, Citric Acid, Alpha-Isomethyl Ionone, Benzyl Benzoate, Benzyl Salicylate, Eugenol, Geraniol, Hexyl Cinnamal, Linalool, Butylphenyl Methylpropional, Citronellol, Coumarin.","['en:alcohol-denat', 'en:aqua', 'en:glycerin', 'en:parfum', 'en:triethyl-citrate', 'en:nymphaea-alba-flower-extract', 'en:phenoxyethanol', 'en:citric-acid', 'en:alpha-isomethyl-ionone', 'en:allergenic-fragrances', 'en:benzyl-benzoate', 'en:benzyl-salicylate', 'en:eugenol', 'en:geraniol', 'en:hexyl-cinnamal', 'en:linalool', 'en:butylphenyl-methylpropional', 'en:citronellol', 'en:coumarin']",,[],Germany,['en:germany'],,,[],,unknown,,https://images.openbeautyfacts.org/images/products/501/469/701/7109/front_de.6.400.jpg,2021-03-29 16:40:02,2026-02-22 10:18:07,found,2026-06-10 12:14:52.646026,unknown,False,True,True,True,True,True,False,True,True
beauty,search,deo,4006000047195,Deo,,Niveau,"Incorrect product type, non-food-products, open-beauty-facts","['en:incorrect-product-type', 'en:non-food-products', 'en:open-beauty-facts']",,[],"Ingredients: Aqua, Alcohol Denat, PEG-40 Hydrogenated Castor Oil, Parfum, Polyglyceryl-2 Caprate, Ethylhexylglycerin, Methyl Phenylbutan - ol, Ostres Shell Extract, Maris Limus Extract, Persea Gratissima Oil, Octyldodecanol, Propylene Glycal, Diammonium Citrate, Citric Acid, Benzo - phenone-4, Sodium Benzoate, Potassium Sorbate, Lactic Acid, Linalool, Limonene, Geraniol, Citronellol, Alpha-Isomethyl Ionone, Eugenol, Citral www.NIVEA.com Art.-Nr. 81620 S75mle","['de:ingredients', 'de:alcohol-denat', 'de:peg-40-hydrogenated-castor-oil', 'de:parfum', 'de:polyglyceryl-2-caprate', 'de:ethylhexylglycerin', 'de:methyl-phenylbutan', 'de:ol', 'de:ostres-shell-extract', 'de:maris-limus-extract', 'de:persea-gratissima-oil', 'de:octyldodecanol', 'de:propylene-glycal', 'de:diammonium-citrate', 'de:citric-acid', 'de:benzo', 'de:phenone-4', 'de:sodium-benzoate', 'de:potassium-sorbate', 'de:lactic-acid', 'de:linalool', 'de:limonene', 'de:geraniol', 'de:citronellol', 'de:alpha-isomethyl-ionone', 'de:eugenol', 'de:citral-www-nivea-com-art-nr', 'de:81620-s75mle', 'en:water']",,[],Germany,['en:germany'],,,[],,unknown,,https://images.openbeautyfacts.org/images/products/400/600/004/7195/front_de.7.400.jpg,2024-02-27 16:21:18,2025-04-06 10:34:52,found,2026-06-10 12:14:52.646060,unknown,False,True,True,True,False,True,False,True,True
beauty,search,deo,4005900843579,Nivea fresh natural,,Nivea,Deodorants,"['en:hygiene', 'en:deodorants']",,[],,[],"Metall, Wiederverwertbare Metalle, Aluminium","['en:metal', 'en:recyclable-metals', 'en:aluminium']",Germany,['en:germany'],,,[],,unknown,,https://images.openbeautyfacts.org/images/products/400/590/084/3579/front_de.7.400.jpg,2021-12-18 22:38:46,2023-07-17 08:08:19,found,2026-06-10 12:14:52.646077,unknown,False,True,True,True,False,False,True,True,True
beauty,search,deo,8710447484326,Deo Collision,,Axe,"Incorrect product type, non-food-products, open-beauty-facts","['en:incorrect-product-type', 'en:non-food-products', 'en:open-beauty-facts']",,[],,[],,[],Germany,['en:germany'],,,[],,unknown,,https://images.openbeautyfacts.org/images/products/871/044/748/4326/front_de.6.400.jpg,2021-12-13 12:21:06,2024-01-22 11:50:56,found,2026-06-10 12:14:52.646128,unknown,False,True,True,True,False,False,False,True,True
beauty,search,deo,4010355218711,Invisible 48h Deo Roll-On,,alverde,Roll-on deodorants,"['en:hygiene', 'en:deodorants', 'en:roll-on-deodorants']",The Vegan Society,"['en:vegetarian', 'en:vegan', 'en:the-vegan-society']","Aqua, Alcohol, Glycerin, Triethyl Citrate, Parfum, Glyceryl Caprylate, Hamamelis Virginiana Leaf Extract, Oryza Sativa Extract, Hypericum Perforatum Extract, Xanthan Gum, Linalool, Limonene, Citronellol, Citral, Benzyl Salicylate, Geraniol.","['en:water', 'de:alcohol', 'en:e422', 'de:triethyl-citrate', 'de:parfum', 'de:glyceryl-caprylate', 'de:hamamelis-virginiana-leaf-extract', 'de:oryza-sativa-extract', 'de:hypericum-perforatum-extract', 'de:xanthan-gum', 'de:linalool', 'de:limonene', 'de:citronellol', 'de:citral', 'de:benzyl-salicylate', 'de:geraniol']","Glas,Kunststoff","['glas', 'kunststoff']",Germany,['en:germany'],,,[],Deutschland,unknown,,https://images.openbeautyfacts.org/images/products/401/035/521/8711/front_de.7.400.jpg,2017-12-22 15:50:34,2026-03-26 03:07:49,found,2026-06-10 12:14:52.646162,unknown,False,True,True,True,True,True,True,True,True
beauty,search,deo,42419402,Deo Black & White Invisible,,Nivea,"Incorrect product type, non-food-products, open-beauty-facts","['en:incorrect-product-type', 'en:non-food-products', 'en:open-beauty-facts']",,[],,[],,[],Germany,['en:germany'],,,[],,unknown,,https://images.openbeautyfacts.org/images/products/000/004/241/9402/front_en.5.400.jpg,2022-05-26 10:57:47,2024-06-04 18:28:13,found,2026-06-10 12:14:52.646196,unknown,False,True,True,True,False,False,False,True,True
beauty,search,deo,4005900843531,Deo 0% Alluminium,Nivea,Nivea,"Incorrect product type, non-food-products, open-beauty-facts","['en:incorrect-product-type', 'en:non-food-products', 'en:open-beauty-facts']",,[],,[],,[],Germany,['en:germany'],,,[],,unknown,,https://images.openbeautyfacts.org/images/products/400/590/084/3531/front_de.3.400.jpg,2022-05-14 17:50:06,2024-12-05 20:52:21,found,2026-06-10 12:14:52.646229,unknown,False,True,True,True,False,False,False,True,True
beauty,search,deo,3616304696602,Ice Dive Deo,,Adidas,"Incorrect product type, non-food-products, open-beauty-facts","['en:incorrect-product-type', 'en:non-food-products', 'en:open-beauty-facts']",,[],Poison,['en:poison'],,[],Germany,['en:germany'],,,[],,unknown,,https://images.openbeautyfacts.org/images/products/361/630/469/6602/front_de.3.400.jpg,2024-09-23 17:11:38,2026-01-01 16:16:53,found,2026-06-10 12:14:52.646246,unknown,False,True,True,True,False,True,False,True,True
beauty,search,deo,4066447276862,Antitranspirant Deospray extra stark,,Seinz,"Incorrect product type, de:Personal Care, non-food-products, open-beauty-facts","['en:incorrect-product-type', 'de:Personal Care', 'en:non-food-products', 'en:open-beauty-facts']",de:Deo,['de:Deo'],,[],,[],Germany,['en:germany'],,Austria,['en:austria'],,unknown,,https://images.openbeautyfacts.org/images/products/406/644/727/6862/front_de.6.400.jpg,2023-09-13 21:05:30,2025-01-10 15:17:23,found,2026-06-10 12:14:52.646280,unknown,False,True,True,True,True,False,False,True,True
beauty,search,deo,8717163641064,AXE Deo Moschus,,AXE,"non-food-products, open-beauty-facts","['en:non-food-products', 'en:open-beauty-facts']",,[],,[],,[],Germany,['en:germany'],,,[],,unknown,,https://images.openbeautyfacts.org/images/products/871/716/364/1064/front_de.5.400.jpg,2022-09-30 14:16:39,2024-12-21 09:53:34,found,2026-06-10 12:14:52.646313,unknown,False,True,True,True,False,False,False,True,True
products,search,handy,7610200017192,Regeneriersalz,,Handy Matic,non-food-products,['en:non-food-products'],,[],,[],,[],"Germany, Switzerland","['en:germany', 'en:switzerland']",,,[],,unknown,,https://images.openproductsfacts.org/images/products/761/020/001/7192/front_fr.3.400.jpg,2016-04-06 19:38:13,2023-11-20 17:34:42,found,2026-06-10 12:14:53.831037,unknown,False,True,True,True,False,False,False,True,True
products,search,handy,8806090886911,S21 Ultra 5G,,Samsung,"Mobile Phones, Android smartphones, de:Handy, Communications-devices-and-accessories, Information-technology-broadcasting-and-telecommunications, Personal-communication-devices","['en:electronics', 'en:communications', 'en:telephony', 'en:smart-devices', 'en:mobile-phones', 'en:smartphones', 'en:android-smartphones', 'de:Handy', 'en:Communications-devices-and-accessories', 'en:Information-technology-broadcasting-and-telecommunications', 'en:Personal-communication-devices']",Repairability index 8.2 - France,['en:repairability-index-8-2-france'],,[],"Pappe,Papier","['pappe', 'papier']",Germany,['en:germany'],,,[],,,,https://images.openproductsfacts.org/images/products/880/609/088/6911/front_de.4.400.jpg,2021-02-17 22:57:03,2025-06-14 09:52:29,found,2026-06-10 12:14:53.831060,,False,True,True,True,True,False,True,True,True
products,search,handy,0190198450715,iPhone 8 64gb,iPhone,Apple,"Mobile Phones, iPhone smartphones, Communications-devices-and-accessories, Information-technology-broadcasting-and-telecommunications, Personal-communication-devices, Phones","['en:electronics', 'en:communications', 'en:telephony', 'en:smart-devices', 'en:mobile-phones', 'en:smartphones', 'en:iphone-smartphones', 'en:Communications-devices-and-accessories', 'en:Information-technology-broadcasting-and-telecommunications', 'en:Personal-communication-devices', 'en:Phones']",,[],,[],Pappe,['pappe'],Germany,['en:germany'],,,[],,,,https://images.openproductsfacts.org/images/products/019/019/845/0715/front_en.4.400.jpg,2021-01-25 13:25:49,2024-09-11 11:09:37,found,2026-06-10 12:14:53.831070,,False,True,True,True,False,False,True,True,True
products,search,handy,0190198292216,"iPhone SE, space gray, 32 GB",,Apple,"Mobile Phones, iPhone smartphones, Communications-devices-and-accessories, Information-technology-broadcasting-and-telecommunications, Personal-communication-devices, Phones","['en:electronics', 'en:communications', 'en:telephony', 'en:smart-devices', 'en:mobile-phones', 'en:smartphones', 'en:iphone-smartphones', 'en:Communications-devices-and-accessories', 'en:Information-technology-broadcasting-and-telecommunications', 'en:Personal-communication-devices', 'en:Phones']",,[],,[],Pappe,['pappe'],Germany,['en:germany'],,,[],,,,https://images.openproductsfacts.org/images/products/019/019/829/2216/front_en.4.400.jpg,2021-01-25 13:34:48,2024-09-11 11:09:37,found,2026-06-10 12:14:53.831080,,False,True,True,True,False,False,True,True,True
products,search,handy,0888462062367,"iPhone 6, space gray, 16GB",,Apple,"Mobile Phones, iPhone smartphones, Communications-devices-and-accessories, Information-technology-broadcasting-and-telecommunications, Personal-communication-devices, Phones","['en:electronics', 'en:communications', 'en:telephony', 'en:smart-devices', 'en:mobile-phones', 'en:smartphones', 'en:iphone-smartphones', 'en:Communications-devices-and-accessories', 'en:Information-technology-broadcasting-and-telecommunications', 'en:Personal-communication-devices', 'en:Phones']",,[],,[],Pappe,['pappe'],Germany,['en:germany'],,,[],,,,https://images.openproductsfacts.org/images/products/088/846/206/2367/front_en.4.400.jpg,2021-01-25 14:19:57,2024-09-11 11:09:36,found,2026-06-10 12:14:53.831089,,False,True,True,True,False,False,True,True,True
products,search,batterie,5000394141230,AAA Batterien,,Duracell,"Incorrect product type, Batteries, AAA Batteries, Non-food-products, Open-products-facts","['en:electronics', 'en:incorrect-product-type', 'en:electronics-accessories', 'en:power', 'en:batteries', 'en:AAA Batteries', 'en:Non-food-products', 'en:Open-products-facts']",,[],,[],Produkt,['de:produkt'],"Germany, United States","['en:germany', 'en:united-states']",,,[],,unknown,,,2023-09-06 10:02:49,2026-01-18 11:51:45,found,2026-06-10 12:14:55.384311,unknown,False,True,True,True,False,False,True,True,False
products,search,batterie,5410853063780,Batterien Aaa,,Panasonic,"Batteries, AAA Batteries","['en:electronics', 'en:electronics-accessories', 'en:power', 'en:batteries', 'en:AAA Batteries']",,[],,[],,[],Germany,['en:germany'],,,[],,unknown,,https://images.openproductsfacts.org/images/products/541/085/306/3780/front_de.3.400.jpg,2024-04-19 16:32:52,2026-01-18 11:51:44,found,2026-06-10 12:14:55.384332,unknown,False,True,True,True,False,False,False,True,True
products,search,batterie,5000394141117,Batterien Aaa,,Duracell,"Batteries, AAA Batteries, uk:Батарейки AAA Duracell","['en:electronics', 'en:electronics-accessories', 'en:power', 'en:batteries', 'en:AAA Batteries', 'uk:Батарейки AAA Duracell']",,[],,[],,[],Germany,['en:germany'],,,[],,unknown,,https://images.openproductsfacts.org/images/products/500/039/414/1117/front_de.25.400.jpg,2023-06-17 17:47:41,2026-01-18 11:51:45,found,2026-06-10 12:14:55.384353,unknown,False,True,True,True,False,False,False,True,True
products,search,batterie,4056489259596,Batterien AAA,,Areocell,"Batteries, AAA Batteries, Non-food-products, Open-products-facts","['en:electronics', 'en:electronics-accessories', 'en:power', 'en:batteries', 'en:AAA Batteries', 'en:Non-food-products', 'en:Open-products-facts']",,[],,[],,[],Germany,['en:germany'],,,[],,unknown,,,2021-11-20 18:45:58,2026-01-18 11:51:44,found,2026-06-10 12:14:55.384373,unknown,False,True,True,True,False,False,False,True,False
products,search,batterie,4008496978168,AAA 30 Pack,,VARTA,"Batteries, AAA Batteries","['en:electronics', 'en:electronics-accessories', 'en:power', 'en:batteries', 'en:AAA Batteries']",Green Dot,['en:green-dot'],,[],"Blister,Kunststoff,Pappe","['blister', 'kunststoff', 'pappe']",Germany,['en:germany'],BHG,,[],,,,https://images.openproductsfacts.org/images/products/400/849/697/8168/front_de.4.400.jpg,2022-11-23 18:39:50,2026-01-18 11:51:45,found,2026-06-10 12:14:55.384414,,False,True,True,True,True,False,True,True,True
products,search,batterie,0697003831139,AAA Alkaline Batterien,,Amazon Basics,"Batteries, AAA Batteries","['en:electronics', 'en:electronics-accessories', 'en:power', 'en:batteries', 'en:AAA Batteries']",,[],,[],,[],Germany,['en:germany'],,,[],,unknown,,,2022-08-25 18:31:23,2026-01-18 11:51:45,found,2026-06-10 12:14:55.384435,unknown,False,True,True,True,False,False,False,True,False
products,search,batterie,7638900438284,AAA Batterien,,Energizer,"Batteries, AAA Batteries","['en:electronics', 'en:electronics-accessories', 'en:power', 'en:batteries', 'en:AAA Batteries']",,[],,[],,[],Germany,['en:germany'],,,[],,unknown,,https://images.openproductsfacts.org/images/products/763/890/043/8284/front_de.7.400.jpg,2022-11-15 15:39:22,2026-04-18 23:29:18,found,2026-06-10 12:14:55.384455,unknown,False,True,True,True,False,False,False,True,True
products,search,batterie,4061462751707,Batterie AAA LR03,,Acive Energy,"Batteries, AAA Batteries","['en:electronics', 'en:electronics-accessories', 'en:power', 'en:batteries', 'en:AAA Batteries']",,[],,[],,[],"Austria, Germany","['en:austria', 'en:germany']",Hofer,,[],,unknown,,https://images.openproductsfacts.org/images/products/406/146/275/1707/front_de.5.400.jpg,2024-08-04 19:25:30,2026-01-18 11:51:45,found,2026-06-10 12:14:55.384482,unknown,False,True,True,True,False,False,False,True,True
products,search,batterie,4008496659203,Longlife Power AAA 8 + 4,,Varta,"Batteries, de:AAA-Batterien, de:Alkali-Batterien, AAA Batteries","['en:electronics', 'en:electronics-accessories', 'en:power', 'en:batteries', 'de:AAA-Batterien', 'de:Alkali-Batterien', 'en:AAA Batteries']","FSC Mix, Green Dot, Made in Germany, Triman, de:FSC C002400","['en:fsc', 'en:fsc-mix', 'en:green-dot', 'en:made-in-germany', 'fr:triman', 'de:FSC C002400']",,[],Sichtverpackung,['sichtverpackung'],Germany,['en:germany'],Netto,,[],,unknown,,https://images.openproductsfacts.org/images/products/400/849/665/9203/front_de.3.400.jpg,2023-07-31 16:35:10,2026-01-18 11:51:44,found,2026-06-10 12:14:55.384502,unknown,False,True,True,True,True,False,True,True,True
products,search,batterie,4311536147838,Super Energy Lithium Knopfzelle CR2032,,"EURES, KOFUR, star","CR2032 batteries, de:Haushalt","['en:electronics', 'en:electronics-accessories', 'en:power', 'en:batteries', 'en:cr2032-batteries', 'de:Haushalt']",de:FSC C118989,['de:FSC C118989'],,[],,[],Germany,['en:germany'],Netto Marken-Discount,,[],,,,https://images.openproductsfacts.org/images/products/431/153/614/7838/front_de.4.400.jpg,2023-12-30 08:47:19,2025-05-08 15:42:37,found,2026-06-10 12:14:55.384524,,False,True,True,True,True,False,False,True,True
products,search,batterie,4056489238270,AAA Batterien,,Aerocell,"Batteries, AAA Batteries, Biscuits-and-cakes, Snacks, Sweet-snacks","['en:electronics', 'en:electronics-accessories', 'en:power', 'en:batteries', 'en:AAA Batteries', 'en:Biscuits-and-cakes', 'en:Snacks', 'en:Sweet-snacks']",,[],,[],,[],Germany,['en:germany'],,,[],,unknown,,,2022-03-06 12:17:47,2026-01-18 11:51:44,found,2026-06-10 12:14:55.384545,unknown,False,True,True,True,False,False,False,True,False
products,search,batterie,4008496525072,"Batterien, Longlife, AAA, Alkaline",,Varta,"Batteries, AAA Batteries","['en:electronics', 'en:electronics-accessories', 'en:power', 'en:batteries', 'en:AAA Batteries']",,[],,[],,[],Germany,['en:germany'],,,[],,,,,2025-11-27 22:21:45,2026-01-18 11:51:44,found,2026-06-10 12:14:55.384565,,False,True,True,True,False,False,False,True,False
products,search,batterie,3662277052884,Batterie externe,,KeyOuest,Power banks,"['en:electronics', 'en:electronics-accessories', 'en:power', 'en:power-banks']",,[],,[],,[],Germany,['en:germany'],,,[],Chine,,,https://images.openproductsfacts.org/images/products/366/227/705/2884/front_fr.3.400.jpg,2025-11-26 14:21:53,2026-02-25 09:00:28,found,2026-06-10 12:14:55.384583,,False,True,True,True,False,False,False,True,True
products,search,batterie,4008496083572,Batterien AAA,,Varta,"Batteries, AAA Batteries","['en:electronics', 'en:electronics-accessories', 'en:power', 'en:batteries', 'en:AAA Batteries']",Made in Germany,['en:made-in-germany'],,[],,[],Germany,['en:germany'],,,[],,unknown,,https://images.openproductsfacts.org/images/products/400/849/608/3572/front_de.3.400.jpg,2026-01-12 17:35:29,2026-01-18 11:51:44,found,2026-06-10 12:14:55.384603,unknown,False,True,True,True,True,False,False,True,True
products,search,batterie,4047247041768,Activ Energy Super Alkaline AAA,,H. Essers,"Batteries, AAA Batteries","['en:electronics', 'en:electronics-accessories', 'en:power', 'en:batteries', 'en:AAA Batteries']",,[],,[],Pappe,['pappe'],Germany,['en:germany'],Aldi,belgien,['en:belgien'],"Belgien, Kampenhout",,,https://images.openproductsfacts.org/images/products/404/724/704/1768/front_de.4.400.jpg,2023-09-30 19:51:00,2026-01-18 11:51:45,found,2026-06-10 12:14:55.384625,,False,True,True,True,False,False,True,True,True
products,search,batterie,3665257612849,Batterie externe,,Qilive,Power banks,"['en:electronics', 'en:electronics-accessories', 'en:power', 'en:power-banks']",,[],,[],,[],Germany,['en:germany'],,,[],Chine,,,https://images.openproductsfacts.org/images/products/366/525/761/2849/front_fr.3.400.jpg,2026-02-17 13:28:12,2026-02-25 09:00:28,found,2026-06-10 12:14:55.384665,,False,True,True,True,False,False,False,True,True
products,search,batterie,4311501585559,"Batterien, LR03 AAA, Alkaline",,Gut & Günstig,"Batteries, AAA Batteries","['en:electronics', 'en:electronics-accessories', 'en:power', 'en:batteries', 'en:AAA Batteries']",,[],,[],,[],Germany,['en:germany'],,,[],,unknown,,https://images.openproductsfacts.org/images/products/431/150/158/5559/front_de.5.400.jpg,2022-11-26 18:50:52,2026-01-18 11:51:45,found,2026-06-10 12:14:55.384686,unknown,False,True,True,True,False,False,False,True,True
products,search,batterie,4008496083459,"Batterien, AAA, Alkaline",,Varta,"Batteries, AAA Batteries","['en:electronics', 'en:electronics-accessories', 'en:power', 'en:batteries', 'en:AAA Batteries']",,[],,[],,[],Germany,['en:germany'],,,[],,unknown,,https://images.openproductsfacts.org/images/products/400/849/608/3459/front_de.4.400.jpg,2024-11-08 16:23:00,2026-01-18 11:51:45,found,2026-06-10 12:14:55.384707,unknown,False,True,True,True,False,False,False,True,True
products,search,batterie,4311536231131,Super Energy Alkaline Batterie Mignon AA,,Star,"Batteries, Batterien","['en:electronics', 'en:electronics-accessories', 'en:power', 'en:batteries', 'en:Batterien']",,[],,[],"PET,PAP,01,21","['pet', 'pap', '01', '21']",Germany,['en:germany'],,,[],,,,https://images.openproductsfacts.org/images/products/431/153/623/1131/front_de.6.400.jpg,2021-01-27 14:25:25,2026-01-13 13:45:44,found,2026-06-10 12:14:55.384728,,False,True,True,True,False,False,True,True,True
products,search,batterie,4008496929382,Batterien Micro AAA,,Varta,"Batteries, AAA Batteries, Non-food-products, Open-products-facts","['en:electronics', 'en:electronics-accessories', 'en:power', 'en:batteries', 'en:AAA Batteries', 'en:Non-food-products', 'en:Open-products-facts']",Made in Germany,['en:made-in-germany'],,[],,[],Germany,['en:germany'],,,[],,unknown,,https://images.openproductsfacts.org/images/products/400/849/692/9382/front_de.5.400.jpg,2022-03-05 15:28:33,2026-01-18 11:51:44,found,2026-06-10 12:14:55.384790,unknown,False,True,True,True,True,False,False,True,True
products,search,batterie,0887930418729,Super Heavy Duty Zinc AA,,Kodak,Batteries,"['en:electronics', 'en:electronics-accessories', 'en:power', 'en:batteries']",,[],,[],"Kunststoff,Pappe","['kunststoff', 'pappe']",Germany,['en:germany'],,,[],,,,https://images.openproductsfacts.org/images/products/088/793/041/8729/front_de.4.400.jpg,2022-07-05 14:11:49,2026-02-23 16:25:00,found,2026-06-10 12:14:55.384810,,False,True,True,True,False,False,True,True,True
products,search,waschmittel,8001841153605,Ariel Vollwaschmittel,,Ariel,Waschmittel,['en:Waschmittel'],,[],,[],,[],Germany,['en:germany'],,,[],,unknown,,https://images.openproductsfacts.org/images/products/800/184/115/3605/front_ar.4.400.jpg,2019-07-26 18:22:28,2025-01-30 18:14:11,found,2026-06-10 12:14:56.741099,unknown,False,True,True,True,False,False,False,True,True
products,search,waschmittel,4015000970044,Weiss & Faser Perwoll,Waschmittel für weiße Wäsche,"Henkel, Perwoll",Laundry detergents,"['en:household-chemicals', 'en:laundry-detergents']",,[],,[],Waschmittel,['de:waschmittel'],Germany,['en:germany'],,,[],,unknown,,https://images.openproductsfacts.org/images/products/401/500/097/0044/front_de.8.400.jpg,2021-12-27 12:21:22,2023-11-17 10:24:52,found,2026-06-10 12:14:56.741122,unknown,False,True,True,True,False,False,True,True,True
products,search,waschmittel,5712873371501,Savin Color Protect,Farbwaschmittel,"Mayeri Industries, Savin","Laundry detergents, Liquid detergent, de:Buntwaschmittel","['en:household-chemicals', 'en:laundry-detergents', 'en:liquid-detergent', 'de:Buntwaschmittel']",de:Ecolabel EE/006/00001,['de:Ecolabel EE/006/00001'],,[],Kunststoff,['kunststoff'],Germany,['en:germany'],NETTO,Estonia,['en:estonia'],Estland,unknown,,https://images.openproductsfacts.org/images/products/571/287/337/1501/front_de.4.400.jpg,2023-04-11 13:10:27,2026-03-25 16:06:01,found,2026-06-10 12:14:56.741139,unknown,False,True,True,True,True,False,True,True,True
products,search,waschmittel,8006540484258,Lenor Weichspüler,,Lenor,"Fabric Softeners & Dryer Sheets, de:Weichspüler, Waschmittel","['en:home-garden', 'en:household-supplies', 'en:laundry-supplies', 'en:fabric-softeners-dryer-sheets', 'de:Weichspüler', 'en:Waschmittel']",,[],,[],bottle,['en:bottle'],Germany,['en:germany'],,,[],,unknown,,,2022-02-26 09:52:35,2025-10-26 08:58:03,found,2026-06-10 12:14:56.741156,unknown,False,True,True,True,False,False,True,True,False
products,search,waschmittel,4015000971737,Weißer Riese Color Duo-Caps Aromatherapie Orchidee & Sandelholz,,Henkel,"Incorrect product type, Laundry detergents, non-food-products, open-products-facts","['en:incorrect-product-type', 'en:household-chemicals', 'en:laundry-detergents', 'en:non-food-products', 'en:open-products-facts']",,[],"15-30%: anionische Tenside, nichtionische Tenside, 5-15%: Seife, &lt;5%: Phosphonate. Weitere Inhaltsstoffe: Duftstoffe (Benzyl salicylate, Alpha-isomethyl ionone), Enzyme.","['de:15', 'de:nichtionische-tenside', 'de:seife', 'de:phosphonate', 'de:weitere-inhaltsstoffe', 'de:alpha-isomethyl-ionone', 'de:enzyme', 'de:anionische-tenside', 'de:duftstoffe', 'de:benzyl-salicylate']","Kunststoff, Pappe, Karton","['en:plastic', 'en:cardboard', 'en:paperboard']",Germany,['en:germany'],NETTO,,[],,unknown,,https://images.openproductsfacts.org/images/products/401/500/097/1737/front_de.4.400.jpg,2021-01-20 11:41:01,2025-05-04 12:13:29,found,2026-06-10 12:14:56.741189,unknown,False,True,True,True,False,True,True,True,True
products,search,waschmittel,4012400504527,Colorwaschmitttel,,Dash,de:Flüssiges Waschmittel,['de:Flüssiges Waschmittel'],,[],,[],,[],Germany,['en:germany'],Lidl,,[],,,,https://images.openproductsfacts.org/images/products/401/240/050/4527/front_de.5.400.jpg,2026-06-06 12:36:04,2026-06-06 12:40:43,found,2026-06-10 12:14:56.741237,,False,True,True,True,False,False,False,True,True
products,search,waschmittel,4305615358451,domol Black,,"Rossmann, domol","Laundry detergents, Liquid detergent","['en:household-chemicals', 'en:laundry-detergents', 'en:liquid-detergent']",,[],,[],,[],Germany,['en:germany'],,,[],,,,https://images.openproductsfacts.org/images/products/430/561/535/8451/front_de.3.400.jpg,2026-05-08 15:23:12,2026-05-08 15:25:25,found,2026-06-10 12:14:56.741253,,False,True,True,True,False,False,False,True,True
products,search,waschmittel,4015200035789,Professional Color 4in1 Discs,,Persil,Laundry detergents,"['en:household-chemicals', 'en:laundry-detergents']",,[],,[],,[],Germany,['en:germany'],,,[],,,,https://images.openproductsfacts.org/images/products/401/520/003/5789/front_de.3.400.jpg,2026-04-23 16:12:55,2026-04-23 16:14:33,found,2026-06-10 12:14:56.741268,,False,True,True,True,False,False,False,True,True
products,search,waschmittel,4305615834900,Color-Waschmittel,,Eco Freude,Laundry detergents,"['en:household-chemicals', 'en:laundry-detergents']",,[],,[],,[],Germany,['en:germany'],,,[],,,,https://images.openproductsfacts.org/images/products/430/561/583/4900/front_de.3.400.jpg,2026-02-28 14:34:52,2026-02-28 14:38:02,found,2026-06-10 12:14:56.741284,,False,True,True,True,False,False,False,True,True
products,search,waschmittel,8700216702249,Color + Pulver,,Ariel,Laundry detergents,"['en:household-chemicals', 'en:laundry-detergents']",,[],,"['ar:90wäschen-nur-fur-kurze-zeit-neues-frische-sy-fleck-weg-powe-1', 'ar:wasch-arbsc-fa-hutz-90-color-pulver-ariel-schnell-auflösend-gegen-pulverrückstände-selbst-in-kaltem-wasser-fareschur-z']",,[],"Austria, Germany","['en:austria', 'en:germany']","Hofer, dm",,[],,unknown,,https://images.openproductsfacts.org/images/products/870/021/670/2249/front_de.7.400.jpg,2025-07-10 15:27:06,2026-02-14 20:28:03,found,2026-06-10 12:14:56.741300,unknown,False,True,True,True,False,True,False,True,True
products,search,waschmittel,5712874993153,Savin Color Protect Colorwaschmittel,,"Mayeri, Savin",Laundry detergents,"['en:household-chemicals', 'en:laundry-detergents']",,[],,[],,[],Germany,['en:germany'],,,[],,,,https://images.openproductsfacts.org/images/products/571/287/499/3153/front_de.3.400.jpg,2026-02-14 01:06:39,2026-02-14 01:10:23,found,2026-06-10 12:14:56.741315,,False,True,True,True,False,False,False,True,True
products,search,waschmittel,4001499960147,Bunt-Waschpulver Granatapfel,,Frosch,Laundry detergents,"['en:household-chemicals', 'en:laundry-detergents']",,[],,[],,[],Germany,['en:germany'],,European Union,['en:european-union'],,,,https://images.openproductsfacts.org/images/products/400/149/996/0147/front_de.3.400.jpg,2025-08-15 11:17:22,2025-08-15 11:27:59,found,2026-06-10 12:14:56.741393,,False,True,True,True,False,False,False,True,True
products,search,waschmittel,8001841698267,Strahlend rein,,Ariel,Waschmittel,['en:Waschmittel'],,[],,[],Kunststoff,['kunststoff'],Germany,['en:germany'],,,[],,,,https://images.openproductsfacts.org/images/products/800/184/169/8267/front_de.3.400.jpg,2021-03-29 14:34:57,2025-01-30 19:50:19,found,2026-06-10 12:14:56.741457,,False,True,True,True,False,False,True,True,True
products,search,waschmittel,4311501620625,Black Feinwaschmittel,,Gut&Günstig,Waschmittel,['en:Waschmittel'],,[],"Unter 5%: nichtionische Tenside, Phosphonate, Seife, Polycarboxylate, 5-15%: anionische Tenside. Weitere Inhaltsstoffe: Duftstoffe, Enzyme, Konservierungsstoffe (METHYLISOTHIAZOLINONE, BENZISOTHIAZOLINONE, PHENOXYETHANOL).","['de:unter', 'de:nichtionische-tenside', 'de:phosphonate', 'de:seife', 'de:polycarboxylate', 'en:no5', 'en:enzyme', 'de:konser-vierungsstoffe', 'de:anionische-tenside', 'de:weitere-inhaltsstoffe', 'de:duftstoffe', 'de:methylisothiazolinone', 'de:benz', 'de:isothiazolinone', 'de:phenoxyethanol']",05 PP,['05-pp'],Germany,['en:germany'],Edeka,,[],,,,https://images.openproductsfacts.org/images/products/431/150/162/0625/front_de.4.400.jpg,2019-10-07 21:00:48,2025-01-30 19:36:00,found,2026-06-10 12:14:56.741473,,False,True,True,True,False,True,True,True,True
products,search,waschmittel,4000196122544,Noir,,burti,"Laundry detergents, de:Feinwaschmittel","['en:household-chemicals', 'en:laundry-detergents', 'de:Feinwaschmittel']",de:Ohne Mikroplastik,['de:Ohne Mikroplastik'],,[],Kunststoff,['kunststoff'],Germany,['en:germany'],,,[],,,,https://images.openproductsfacts.org/images/products/400/019/612/2544/front_de.4.400.jpg,2023-07-03 17:46:51,2023-07-03 17:48:39,found,2026-06-10 12:14:56.741708,,False,True,True,True,True,False,True,True,True
products,search,waschmittel,8006540943168,Waschmittel,,Lenor,non-food-products,['en:non-food-products'],,[],,[],,[],Germany,['en:germany'],,,[],,unknown,,https://images.openproductsfacts.org/images/products/800/654/094/3168/front_de.3.400.jpg,2023-02-23 17:23:15,2023-05-13 07:56:21,found,2026-06-10 12:14:56.741749,unknown,False,True,True,True,False,False,False,True,True
products,search,waschmittel,4251758410900,Calgon Power Tabs 4 in 1,,RB Hygiene Home Deutschland,"Laundry detergents, de:Entkalker, de:Haushaltschemie","['en:household-chemicals', 'en:laundry-detergents', 'de:Entkalker', 'de:Haushaltschemie']",,[],,[],"Karton,Pappe","['karton', 'pappe']",Germany,['en:germany'],NETTO,European Union,['en:european-union'],EU,,,https://images.openproductsfacts.org/images/products/425/175/841/0900/front_de.4.400.jpg,2023-05-09 17:37:19,2023-05-09 17:41:31,found,2026-06-10 12:14:56.741843,,False,True,True,True,False,False,True,True,True
products,search,waschmittel,4316268478489,Bravil ColorPlus,,Bravil,Laundry detergents,"['en:household-chemicals', 'en:laundry-detergents']",,[],"SODIUM DODECYL-BENZENESULFONATE, SODIUM SILICATE, C12-18 PARETH-7","['de:sodium-dodecyl-benzenesulfonate', 'en:e550', 'de:c12-18-pareth-7']",Kunststoffbeutel,['kunststoffbeutel'],Germany,['en:germany'],Netto Marken-Discount,,[],Düsseldorf,,,https://images.openproductsfacts.org/images/products/431/626/847/8489/front_de.4.400.jpg,2020-03-05 21:41:00,2020-03-05 21:45:31,found,2026-06-10 12:14:56.741859,,False,True,True,True,False,True,True,True,True
products,search,waschmittel,4015000968331,Spee Megaperls Color Multi Aktiv,Waschmittel,"Henkel, Spee",Laundry detergents,"['en:household-chemicals', 'en:laundry-detergents']",,[],"15-30 % anionische Tenside, Zeolithe, &lt;5%: Seife, nichtionische Tenside, Phosphonate, Polycarboxylate, Duftstoffe, Enzyme","['de:15-30-anionische-tenside', 'de:zeolithe', 'de:lt', 'de:seife', 'de:nichtionische-tenside', 'de:phosphonate', 'de:polycarboxylate', 'de:duftstoffe', 'de:enzyme']",Kunststoffbeutel,['kunststoffbeutel'],Germany,['en:germany'],Netto,,[],,,,,2019-07-11 02:27:14,2019-07-11 02:36:32,found,2026-06-10 12:14:56.741875,,False,True,True,True,False,True,True,True,False
products,search,toothbrush,4066447782035,toothbrush,,DM,Toothbrushes,"['en:health-beauty', 'en:personal-care', 'en:oral-care', 'en:toothbrushes']",,[],,[],,[],Germany,['en:germany'],,,[],,unknown,,,2026-02-15 12:11:42,2026-06-08 18:05:05,found,2026-06-10 12:14:58.081755,unknown,False,True,True,True,False,False,False,True,False
products,search,toothbrush,8850006943861,360 Advanced Optic White Toothbrush Soft,,Colgate,Toothbrushes,"['en:health-beauty', 'en:personal-care', 'en:oral-care', 'en:toothbrushes']",,[],,[],,[],"Australia, Germany","['en:australia', 'en:germany']",Coles,,[],,unknown,,,2026-06-04 19:06:13,2026-06-08 18:00:24,found,2026-06-10 12:14:58.081775,unknown,False,True,True,True,False,False,False,True,False
products,search,toothbrush,8850006943878,360 Advanced Optic White Toothbrush Medium,,Colgate,Toothbrushes,"['en:health-beauty', 'en:personal-care', 'en:oral-care', 'en:toothbrushes']",,[],,[],,[],"Australia, Germany","['en:australia', 'en:germany']",Coles,,[],,unknown,,,2026-06-04 19:05:52,2026-06-08 17:59:23,found,2026-06-10 12:14:58.081791,unknown,False,True,True,True,False,False,False,True,False
products,search,toothbrush,8710103805625,Sonicare C3 Toothbrush heads,,Philips,Toothbrushes,"['en:health-beauty', 'en:personal-care', 'en:oral-care', 'en:toothbrushes']",,[],,[],,[],"Germany, United Kingdom","['en:germany', 'en:united-kingdom']",,,[],,unknown,,https://images.openproductsfacts.org/images/products/871/010/380/5625/front_en.5.400.jpg,2021-05-02 10:46:49,2026-06-08 17:55:58,found,2026-06-10 12:14:58.081807,unknown,False,True,True,True,False,False,False,True,True
products,search,toothbrush,8850006947296,Gentle Clean Soft Toothbrush,,Colgate,Toothbrushes,"['en:health-beauty', 'en:personal-care', 'en:oral-care', 'en:toothbrushes']",,[],,[],,[],"Australia, Germany","['en:australia', 'en:germany']",Coles,,[],,,,,2026-06-04 20:56:37,2026-06-07 18:28:20,found,2026-06-10 12:14:58.081823,,False,True,True,True,False,False,False,True,False
products,search,toothbrush,3014260831523,All Rounder Fresh Clean Soft Toothbrush,,Oral-B,Toothbrushes,"['en:health-beauty', 'en:personal-care', 'en:oral-care', 'en:toothbrushes']",,[],,[],,[],"Australia, Germany","['en:australia', 'en:germany']",Coles,India,['en:india'],,,,,2026-06-04 18:32:07,2026-06-07 18:27:22,found,2026-06-10 12:14:58.081839,,False,True,True,True,False,False,False,True,False
products,search,toothbrush,9300632065547,Zig Zag Medium Toothbrush Value Pack,,Colgate,Toothbrushes,"['en:health-beauty', 'en:personal-care', 'en:oral-care', 'en:toothbrushes']",,[],,[],,[],"Australia, Germany","['en:australia', 'en:germany']",Coles,,[],,,,,2026-06-04 20:30:05,2026-06-07 18:26:13,found,2026-06-10 12:14:58.081855,,False,True,True,True,False,False,False,True,False
products,search,toothbrush,8720689050838,Sonicare Electric Toothbrush Series 2100 Black,,Philips,Toothbrushes,"['en:health-beauty', 'en:personal-care', 'en:oral-care', 'en:toothbrushes']",,[],,[],,[],"Australia, Germany","['en:australia', 'en:germany']",Coles,,[],,,,,2026-06-04 20:58:50,2026-06-07 18:21:09,found,2026-06-10 12:14:58.081871,,False,True,True,True,False,False,False,True,False
products,search,toothbrush,4987176144256,iO 3 Series Ultimate Clean Electric Toothbrush,,Oral-B,Toothbrushes,"['en:health-beauty', 'en:personal-care', 'en:oral-care', 'en:toothbrushes']",,[],,[],,[],"Australia, Germany","['en:australia', 'en:germany']",Coles,,[],,,,,2026-06-04 19:04:14,2026-06-07 17:30:16,found,2026-06-10 12:14:58.081886,,False,True,True,True,False,False,False,True,False
products,search,toothbrush,8850006951057,Gentle Sensitive Expert Ultra Soft Toothbrush,,Colgate,Toothbrushes,"['en:health-beauty', 'en:personal-care', 'en:oral-care', 'en:toothbrushes']",,[],,[],,[],"Australia, Germany","['en:australia', 'en:germany']",Coles,,[],,,,,2026-06-04 20:46:07,2026-06-07 17:28:32,found,2026-06-10 12:14:58.081901,,False,True,True,True,False,False,False,True,False
products,search,toothbrush,4902430897204,Cross Action Indicator Toothbrush,,Oral-B,Toothbrushes,"['en:health-beauty', 'en:personal-care', 'en:oral-care', 'en:toothbrushes']",,[],,[],,[],"Australia, Germany","['en:australia', 'en:germany']",Coles,,[],,,,,2026-06-04 18:24:03,2026-06-07 17:21:43,found,2026-06-10 12:14:58.081917,,False,True,True,True,False,False,False,True,False
products,search,toothbrush,8720689050166,Sonicare Electric Toothbrush Series 1100 White,,Philips,Toothbrushes,"['en:health-beauty', 'en:personal-care', 'en:oral-care', 'en:toothbrushes']",,[],,[],,[],"Australia, Germany","['en:australia', 'en:germany']",Coles,,[],,,,,2026-06-04 21:09:22,2026-06-07 17:19:32,found,2026-06-10 12:14:58.081933,,False,True,True,True,False,False,False,True,False
products,search,toothbrush,8720689050197,Philips Sonicare Electric Toothbrush Series 1100 Marine Blue,,Philips,Toothbrushes,"['en:health-beauty', 'en:personal-care', 'en:oral-care', 'en:toothbrushes']",,[],,[],,[],"Australia, Germany","['en:australia', 'en:germany']",Coles,,[],,,,,2026-06-04 20:57:43,2026-06-07 17:12:28,found,2026-06-10 12:14:58.081948,,False,True,True,True,False,False,False,True,False
