source,barcode,product_name,brand,categories,labels,label_tags,ecoscore_grade_clean,environmental_score,social_score,governance_score,ethics_score,overall_score,confidence_score,matched_labels,matched_score_groups,score_reasons,score_explanation,image_url
food,4014400400007,Toffifee 15er,Storck,Confectioneries,,[],unknown,50,50,50,50,50.0,15,[],[],[],No usable Eco-Score found; environmental score starts from the neutral baseline of 50. No positive or negative label evidence found in the current mapping.,https://images.openfoodfacts.org/images/products/401/440/040/0007/front_en.638.400.jpg
beauty,3474637195809,Bain Décalcifiant Réparateur,Kérastase,Shampoos,,[],unknown,50,50,50,50,50.0,15,[],[],[],No usable Eco-Score found; environmental score starts from the neutral baseline of 50. No positive or negative label evidence found in the current mapping.,https://images.openbeautyfacts.org/images/products/347/463/719/5809/front_de.4.400.jpg
food,20815356,Dunkle Schokolade mit ganzen Haselnüssen,fin CARRE,fr:Barres chocolatées à la noix de coco,"Sustainable farming, Fairtrade cocoa, Made in Germany, Max Havelaar, Triman","['en:fair-trade', 'en:fairtrade-international', 'en:sustainable-farming', 'en:fairtrade-cocoa', 'en:made-in-germany', 'en:max-havelaar', 'fr:triman']",a,85,60,50,50,66.5,70,['Fairtrade International'],['fairtrade_certification'],"['Certification promotes fair prices, better working conditions, and sustainable livelihoods for farmers and workers in global supply chains.']",Environmental baseline uses Eco-Score a. Matched 1 scoring signal(s): Fairtrade International,https://images.openfoodfacts.org/images/products/000/002/081/5356/front_en.146.400.jpg
food,20029838,Hazelnut Milk Chocolate,fin CARRE,Milk chocolates with hazelnuts,"Fairtrade cocoa, Green Dot, Max Havelaar, UTZ Certified Cocoa","['en:fair-trade', 'en:fairtrade-international', 'en:sustainable-farming', 'en:fairtrade-cocoa', 'en:green-dot', 'en:max-havelaar', 'en:utz-certified', 'en:utz-certified-cocoa']",c,55,63,50,50,55.2,80,"['Fair for Life', 'UTZ Certified Cocoa']","['fairtrade_certification', 'sustainable_agriculture']","['Fair trade certification promoting fair wages, responsible supply chains, and sustainable livelihoods for producers and workers.', 'Cocoa-specific UTZ certification supporting sustainable agriculture and responsible supply chains.']","Environmental baseline uses Eco-Score c. Matched 2 scoring signal(s): Fair for Life, UTZ Certified Cocoa",https://images.openfoodfacts.org/images/products/000/002/002/9838/front_en.115.400.jpg
food,4014400932959,Toffifee weiße Schokolade,"Storck, Storck KG",Bonbons,"Green Dot, Limited edition","['en:green-dot', 'en:limited-edition']",unknown,50,50,50,50,50.0,15,[],[],[],No usable Eco-Score found; environmental score starts from the neutral baseline of 50. No positive or negative label evidence found in the current mapping.,https://images.openfoodfacts.org/images/products/401/440/093/2959/front_en.111.400.jpg
food,20481940,Dunkle Ganze Mandel,"Fin carré, Lidl",Dark chocolates with almonds,"Fairtrade cocoa, FSC Mix, Green Dot, Max Havelaar, Nutriscore Grade E, pure cocoa butter, UTZ Certified, Triman, Fsc-c-021442, Fsc-c021, fr:Fairtrade Max Havekaar Cacao, fr:Fairtrade-cocoa-programme","['en:fair-trade', 'en:fairtrade-international', 'en:sustainable-farming', 'en:fairtrade-cocoa', 'en:fsc', 'en:fsc-mix', 'en:green-dot', 'en:max-havelaar', 'en:nutriscore', 'en:nutriscore-grade-e', 'en:pure-cocoa-butter', 'en:utz-certified', 'fr:triman', 'en:Fsc-c-021442', 'en:Fsc-c021', 'fr:Fairtrade Max Havekaar Cacao', 'fr:Fairtrade-cocoa-programme']",c,60,63,50,50,57.2,95,"['Fair for Life', 'UTZ Certified Cocoa', 'FSC']","['fairtrade_certification', 'sustainable_agriculture', 'sustainable_forestry']","['Fair trade certification promoting fair wages, responsible supply chains, and sustainable livelihoods for producers and workers.', 'Cocoa-specific UTZ certification supporting sustainable agriculture and responsible supply chains.', 'FSC certification promotes responsible forest management, sustainable sourcing of wood and paper products, and protection of biodiversity and ecosystems.']","Environmental baseline uses Eco-Score c. Matched 3 scoring signal(s): Fair for Life, UTZ Certified Cocoa, FSC",https://images.openfoodfacts.org/images/products/000/002/048/1940/front_de.116.400.jpg
food,8000500435618,"Eat Natural Vegan - Erdnüsse, Kokos & dunkle Schokolade","Eat Natural, Ferrero","Chocolate cereal bars, Fruits cereal bars","No gluten, Vegan, FSC Mix","['en:vegetarian', 'en:no-gluten', 'en:vegan', 'en:fsc', 'en:fsc-mix']",c,55,50,50,63,54.6,85,"['Vegan', 'FSC', 'Vegetarian']","['vegan_ethics', 'sustainable_forestry', 'vegetarian_ethics']","['Indicates products are free from animal-derived ingredients and support animal welfare principles.', 'FSC certification promotes responsible forest management, sustainable sourcing of wood and paper products, and protection of biodiversity and ecosystems.', 'Indicates reduced reliance on animal products and supports animal welfare considerations, though less strictly than vegan products.']","Environmental baseline uses Eco-Score c. Matched 3 scoring signal(s): Vegan, FSC, Vegetarian",https://images.openfoodfacts.org/images/products/800/050/043/5618/front_de.37.400.jpg
food,8711327370708,Chocolate Fudge Brownie,Ben & Jerry's,Chocolate ice cream tubs,"Vegetarian, Halal, Triman","['en:vegetarian', 'en:halal', 'fr:triman']",b,70,50,50,55,59.0,60,['Vegetarian'],['vegetarian_ethics'],"['Indicates reduced reliance on animal products and supports animal welfare considerations, though less strictly than vegan products.']",Environmental baseline uses Eco-Score b. Matched 1 scoring signal(s): Vegetarian,https://images.openfoodfacts.org/images/products/871/132/737/0708/front_en.161.400.jpg
food,7622210396334,Milka Choc & Choc,Milka,"Chocolate candies, Chocolate cakes, de:Kuchen mit Füllung und überzogen mit Schokolade",Green Dot,['en:green-dot'],d,30,50,50,50,42.0,55,[],[],[],Environmental baseline uses Eco-Score d. No positive or negative label evidence found in the current mapping.,https://images.openfoodfacts.org/images/products/762/221/039/6334/front_en.78.400.jpg
food,8711327611924,Magnum Mini Almond,MAGNUM,Vanilla ice cream bars coated with milk chocolate and almonds,"No gluten, Rainforest Alliance Cocoa, Triman","['en:no-gluten', 'en:rainforest-alliance', 'en:rainforest-alliance-cocoa', 'fr:triman']",a-plus,90,53,50,50,66.8,65,['Rainforest Alliance'],['sustainable_agriculture'],"['Certification promotes sustainable agriculture, biodiversity protection, and improved livelihoods for farmers and workers.']",Environmental baseline uses Eco-Score a-plus. Matched 1 scoring signal(s): Rainforest Alliance,https://images.openfoodfacts.org/images/products/871/132/761/1924/front_de.63.400.jpg
food,20154653,"Lebkuchen Hearts, Pretzels & Stars Zartbitter",Favorina,"Biscuits, Plain gingerbreads covered with chocolate","Vegan, Fairtrade cocoa, Green Dot, Made in Germany","['en:vegetarian', 'en:fair-trade', 'en:vegan', 'en:fairtrade-cocoa', 'en:green-dot', 'en:made-in-germany']",b,70,60,50,63,63.1,85,"['Fair for Life', 'Vegan', 'Vegetarian']","['fairtrade_certification', 'vegan_ethics', 'vegetarian_ethics']","['Fair trade certification promoting fair wages, responsible supply chains, and sustainable livelihoods for producers and workers.', 'Indicates products are free from animal-derived ingredients and support animal welfare principles.', 'Indicates reduced reliance on animal products and supports animal welfare considerations, though less strictly than vegan products.']","Environmental baseline uses Eco-Score b. Matched 3 scoring signal(s): Fair for Life, Vegan, Vegetarian",https://images.openfoodfacts.org/images/products/000/002/015/4653/front_de.131.400.jpg
food,4067796000306,Schoko Crunchy,dmBio,Mueslis with chocolate,Fairtrade International,"['en:fair-trade', 'en:fairtrade-international']",b,70,60,50,50,60.5,70,['Fairtrade International'],['fairtrade_certification'],"['Certification promotes fair prices, better working conditions, and sustainable livelihoods for farmers and workers in global supply chains.']",Environmental baseline uses Eco-Score b. Matched 1 scoring signal(s): Fairtrade International,https://images.openfoodfacts.org/images/products/406/779/600/0306/front_en.30.400.jpg
food,4056489223368,Eis Mandel,"Bon Gelati, Lidl, Lidl Bon Gelati",Vanilla ice cream bars coated with milk chocolate and almonds,"Green Dot, Nutriscore Grade E, Rainforest Alliance Cocoa, Triman","['en:green-dot', 'en:nutriscore', 'en:nutriscore-grade-e', 'en:rainforest-alliance', 'en:rainforest-alliance-cocoa', 'fr:triman']",a,90,53,50,50,66.8,65,['Rainforest Alliance'],['sustainable_agriculture'],"['Certification promotes sustainable agriculture, biodiversity protection, and improved livelihoods for farmers and workers.']",Environmental baseline uses Eco-Score a. Matched 1 scoring signal(s): Rainforest Alliance,https://images.openfoodfacts.org/images/products/405/648/922/3368/front_en.42.400.jpg
food,8000500111581,Kinder Schokolade,Kinder,Chocolate confectionery with dairy filling,"No gluten, No preservatives, Green Dot, Limited edition","['en:no-gluten', 'en:no-preservatives', 'en:green-dot', 'en:limited-edition']",d,30,50,50,50,42.0,55,[],[],[],Environmental baseline uses Eco-Score d. No positive or negative label evidence found in the current mapping.,https://images.openfoodfacts.org/images/products/800/050/011/1581/front_de.119.400.jpg
food,4011100005846,Peanut,m&m's,Chocolate covered peanuts,"Green Dot, Made in France","['en:green-dot', 'en:made-in-france']",e,15,50,50,50,36.0,55,[],[],[],Environmental baseline uses Eco-Score e. No positive or negative label evidence found in the current mapping.,https://images.openfoodfacts.org/images/products/401/110/000/5846/front_en.93.400.jpg
food,8000500359884,Ferrero Rocher Haselnuss white,Ferrero Rocher,White chocolates with hazelnuts,Triman,['fr:triman'],f,5,50,50,50,32.0,55,[],[],[],Environmental baseline uses Eco-Score f. No positive or negative label evidence found in the current mapping.,https://images.openfoodfacts.org/images/products/800/050/035/9884/front_en.101.400.jpg
food,4056489223351,Mini Mix Classic,BON Gelati,Ice cream bars coated with chocolate,"Fair trade, Do not freeze again, Rainforest Alliance Cocoa","['en:fair-trade', 'en:do-not-freeze-again', 'en:rainforest-alliance', 'en:rainforest-alliance-cocoa']",a,90,63,50,50,69.2,80,"['Fair for Life', 'Rainforest Alliance']","['fairtrade_certification', 'sustainable_agriculture']","['Fair trade certification promoting fair wages, responsible supply chains, and sustainable livelihoods for producers and workers.', 'Certification promotes sustainable agriculture, biodiversity protection, and improved livelihoods for farmers and workers.']","Environmental baseline uses Eco-Score a. Matched 2 scoring signal(s): Fair for Life, Rainforest Alliance",https://images.openfoodfacts.org/images/products/405/648/922/3351/front_de.44.400.jpg
food,3046920022071,Pistazie Feinherb,Lindt,Dark chocolates,Green Dot,['en:green-dot'],e,15,50,50,50,36.0,55,[],[],[],Environmental baseline uses Eco-Score e. No positive or negative label evidence found in the current mapping.,https://images.openfoodfacts.org/images/products/304/692/002/2071/front_de.36.400.jpg
food,4011800571214,Corny Free Schoko,Corny,"Chocolate candies, Chocolate cereal bars","No preservatives, No added sugar, Rainforest Alliance","['en:no-preservatives', 'en:no-added-sugar', 'en:rainforest-alliance']",c,55,53,50,50,52.8,65,['Rainforest Alliance'],['sustainable_agriculture'],"['Certification promotes sustainable agriculture, biodiversity protection, and improved livelihoods for farmers and workers.']",Environmental baseline uses Eco-Score c. Matched 1 scoring signal(s): Rainforest Alliance,https://images.openfoodfacts.org/images/products/401/180/057/1214/front_de.184.400.jpg
food,4021700900021,Puffreis mit Schokolade,kosta,"Milk chocolate biscuits, Chocolate covered bars with milk and cereals, Chocolate puffed rice","Tidy man, Triman","['fr:tidy-man', 'fr:triman']",e,15,50,50,50,36.0,55,[],[],[],Environmental baseline uses Eco-Score e. No positive or negative label evidence found in the current mapping.,https://images.openfoodfacts.org/images/products/402/170/090/0021/front_en.105.400.jpg
food,4000539671104,Lindt Schokolade Goldhase,Lindt,"Confectioneries, Milk chocolates, Easter chocolate rabbits",Triman,['fr:triman'],d,30,50,50,50,42.0,55,[],[],[],Environmental baseline uses Eco-Score d. No positive or negative label evidence found in the current mapping.,https://images.openfoodfacts.org/images/products/400/053/967/1104/front_en.113.400.jpg
food,5000159532969,Notenreep,BE-KIND,Chocolate cereal bars,"No gluten, No colorings","['en:no-gluten', 'en:no-colorings']",d,30,50,50,50,42.0,55,[],[],[],Environmental baseline uses Eco-Score d. No positive or negative label evidence found in the current mapping.,https://images.openfoodfacts.org/images/products/500/015/953/2969/front_fr.3.400.jpg
food,4014400901405,Merci Milk Selection,"Merci, Storck","Chocolate candies, Milk chocolates, Chocolate filled with praline","Green Dot, Made in Germany, pure cocoa butter","['en:green-dot', 'en:made-in-germany', 'en:pure-cocoa-butter']",e,15,50,50,50,36.0,55,[],[],[],Environmental baseline uses Eco-Score e. No positive or negative label evidence found in the current mapping.,https://images.openfoodfacts.org/images/products/401/440/090/1405/front_en.112.400.jpg
food,4011800523213,Schokoladenriegel Schoko Banane,CORNY,"Chocolate cereal bars, Banana cereal bars","No preservatives, Rainforest Alliance, UTZ Certified Cocoa","['en:no-preservatives', 'en:sustainable-farming', 'en:rainforest-alliance', 'en:utz-certified', 'en:utz-certified-cocoa']",b,75,53,50,50,60.8,65,['Rainforest Alliance'],['sustainable_agriculture'],"['Certification promotes sustainable agriculture, biodiversity protection, and improved livelihoods for farmers and workers.']",Environmental baseline uses Eco-Score b. Matched 1 scoring signal(s): Rainforest Alliance,https://images.openfoodfacts.org/images/products/401/180/052/3213/front_de.137.400.jpg
food,7622300617820,Milka Oreo,"Milka, Mondelez, Oreo","Confectioneries, Filled milk chocolates","Cocoa Life, Green Dot, Made in Germany, Made in the EU, grüner-punkt","['en:cocoa-life', 'en:green-dot', 'en:made-in-germany', 'en:made-in-the-eu', 'en:grüner-punkt']",e,15,50,50,50,36.0,55,[],[],[],Environmental baseline uses Eco-Score e. No positive or negative label evidence found in the current mapping.,https://images.openfoodfacts.org/images/products/762/230/061/7820/front_hu.91.400.jpg
food,4000417602510,Marzipan,Ritter Sport,"Filled chocolates, de:Gefüllte-halbbitter-schokolade, de:Marzipanschokolade","Green Dot, Rainforest Alliance Cocoa","['en:green-dot', 'en:rainforest-alliance', 'en:rainforest-alliance-cocoa']",unknown,55,53,50,50,52.8,25,['Rainforest Alliance'],['sustainable_agriculture'],"['Certification promotes sustainable agriculture, biodiversity protection, and improved livelihoods for farmers and workers.']",No usable Eco-Score found; environmental score starts from the neutral baseline of 50. Matched 1 scoring signal(s): Rainforest Alliance,https://images.openfoodfacts.org/images/products/400/041/760/2510/front_en.63.400.jpg
food,4104420017849,Schoko Müsli,Alnatura,Mueslis with chocolate,"non-EU Agriculture, de:Bio 7 Initiative, EG-Öko-Verordnung, DE-ÖKO-001, EU Agriculture, de:agriculture-ue/non-ue, de:bio-européen, de:bio-label-german","['en:organic', 'en:eu-organic', 'en:non-eu-agriculture', 'de:bio-7-initiative', 'de:eg-öko-verordnung', 'en:de-oko-001', 'en:eu-agriculture', 'de:agriculture-ue/non-ue', 'de:bio-européen', 'de:bio-label-german']",a,98,50,50,50,69.2,85,"['Biodynamic agriculture', 'organic']","['biodynamic_certification', 'organic_certification']","['Biodynamic farming promotes biodiversity, soil health, ecosystem sustainability, and often exceeds standard organic farming requirements.', 'Product has an organic certification/claim, indicating more sustainable agricultural production.']","Environmental baseline uses Eco-Score a. Matched 2 scoring signal(s): Biodynamic agriculture, organic",https://images.openfoodfacts.org/images/products/410/442/001/7849/front_en.89.400.jpg
food,5000159454346,M&M's Peanut,m&m's,"Chocolate covered nuts, chocolate-coated-peanuts",,[],f,5,50,50,50,32.0,55,[],[],[],Environmental baseline uses Eco-Score f. No positive or negative label evidence found in the current mapping.,https://images.openfoodfacts.org/images/products/500/015/945/4346/front_en.13.400.jpg
food,20452735,Cookies Haselnusscreme & Schokolade,Grandino,"Chocolate biscuits, Filled drop cookies","Nutriscore Grade E, Roundtable on Sustainable Palm Oil, UTZ Certified","['en:sustainable', 'en:sustainable-farming', 'en:sustainable-palm-oil', 'en:nutriscore', 'en:nutriscore-grade-e', 'en:roundtable-on-sustainable-palm-oil', 'en:utz-certified']",c,58,55,50,50,54.4,75,"['UTZ Certified', 'Sustainable Palm Oil']","['sustainable_agriculture', 'sustainable_palm_oil']","['Certification promotes sustainable farming practices, responsible sourcing, and improved working conditions for farmers.', 'Palm oil sourced according to sustainability standards.']","Environmental baseline uses Eco-Score c. Matched 2 scoring signal(s): UTZ Certified, Sustainable Palm Oil",https://images.openfoodfacts.org/images/products/000/002/045/2735/front_de.99.400.jpg
food,4066447524413,Bio Schokomüsli ohne Rosinen,Dm,Mueslis with chocolate,"Fairtrade International, DE-ÖKO-001, HU-ÖKO-01, Made in Germany","['en:fair-trade', 'en:organic', 'en:eu-organic', 'en:fairtrade-international', 'en:de-oko-001', 'en:hu-oko-01', 'en:made-in-germany']",a-plus,90,60,50,50,68.5,85,"['Fair for Life', 'EU Organic']","['fairtrade_certification', 'organic_certification']","['Fair trade certification promoting fair wages, responsible supply chains, and sustainable livelihoods for producers and workers.', 'EU-recognized organic certification, especially relevant for products sold in Germany/EU.']","Environmental baseline uses Eco-Score a-plus. Matched 2 scoring signal(s): Fair for Life, EU Organic",https://images.openfoodfacts.org/images/products/406/644/752/4413/front_en.22.400.jpg
food,4000417602015,Schokolade Halbbitter,Ritter Sport,Dark chocolates,Rainforest Alliance,['en:rainforest-alliance'],e,20,53,50,50,38.8,65,['Rainforest Alliance'],['sustainable_agriculture'],"['Certification promotes sustainable agriculture, biodiversity protection, and improved livelihoods for farmers and workers.']",Environmental baseline uses Eco-Score e. Matched 1 scoring signal(s): Rainforest Alliance,https://images.openfoodfacts.org/images/products/400/041/760/2015/front_de.9.400.jpg
food,7610400013864,SWISS PREMIUM CHOCOLATE Alpenvollmilch Nuss,"Lindt, Lindt & Sprüngli",Milk chocolates with hazelnuts,Made in Swiss,['en:made-in-swiss'],e,15,50,50,50,36.0,55,[],[],[],Environmental baseline uses Eco-Score e. No positive or negative label evidence found in the current mapping.,https://images.openfoodfacts.org/images/products/761/040/001/3864/front_en.21.400.jpg
food,4066447576221,Schokocreme Haselnuss,"dmBio, Dm",Cocoa and hazelnuts spreads,"Fairtrade International, Vegan, EG-Öko-Verordnung, NL-BIO-01, No palm oil, V-Label International","['en:vegetarian', 'en:fair-trade', 'en:organic', 'en:eu-organic', 'en:fairtrade-international', 'en:vegan', 'de:eg-öko-verordnung', 'en:nl-bio-01', 'en:no-palm-oil', 'en:v-label-international']",c,63,60,50,63,60.3,100,"['Fair for Life', 'Biodynamic agriculture', 'Vegan', 'EG-Öko-Verordnung', 'Vegetarian']","['fairtrade_certification', 'biodynamic_certification', 'vegan_ethics', 'organic_certification', 'vegetarian_ethics']","['Fair trade certification promoting fair wages, responsible supply chains, and sustainable livelihoods for producers and workers.', 'Biodynamic farming promotes biodiversity, soil health, ecosystem sustainability, and often exceeds standard organic farming requirements.', 'Indicates products are free from animal-derived ingredients and support animal welfare principles.', 'EU organic regulation certifying environmentally friendly agricultural practices and reduced synthetic pesticide use.', 'Indicates reduced reliance on animal products and supports animal welfare considerations, though less strictly than vegan products.']","Environmental baseline uses Eco-Score c. Matched 5 scoring signal(s): Fair for Life, Biodynamic agriculture, Vegan, EG-Öko-Verordnung, Vegetarian",https://images.openfoodfacts.org/images/products/406/644/757/6221/front_de.52.400.jpg
food,4388844216297,Edel-Bitter Schokolade Kakao 85 %,REWE Bio,Dark chocolates,"Fairtrade International, EG-Öko-Verordnung, de:Pro Planet, CH-BIO-006, Climate Neutral product, European Vegetarian Union Vegan, FSC Mix, Made in Swiss, Naturland, Nutriscore Grade D","['en:vegetarian', 'en:fair-trade', 'en:organic', 'en:eu-organic', 'en:fairtrade-international', 'en:vegan', 'de:eg-öko-verordnung', 'de:pro-planet', 'en:ch-bio-006', 'en:climate-neutral-product', 'en:european-vegetarian-union', 'en:european-vegetarian-union-vegan', 'en:fsc', 'en:fsc-mix', 'en:made-in-swiss', 'en:naturland', 'en:nutriscore', 'en:nutriscore-grade-d']",c,74,66,50,63,66.2,100,"['Naturland Fair', 'Fairtrade International', 'Biodynamic agriculture', 'Vegan', 'organic', 'FSC', 'Vegetarian']","['naturland_fair', 'fairtrade_certification', 'biodynamic_certification', 'vegan_ethics', 'organic_certification', 'sustainable_forestry', 'vegetarian_ethics']","['Combines organic farming requirements with fair trade principles, promoting environmental sustainability and fair treatment of producers.', 'Certification promotes fair prices, better working conditions, and sustainable livelihoods for farmers and workers in global supply chains.', 'Biodynamic farming promotes biodiversity, soil health, ecosystem sustainability, and often exceeds standard organic farming requirements.', 'Indicates products are free from animal-derived ingredients and support animal welfare principles.', 'Product has an organic certification/claim, indicating more sustainable agricultural production.', 'FSC certification promotes responsible forest management, sustainable sourcing of wood and paper products, and protection of biodiversity and ecosystems.', 'Indicates reduced reliance on animal products and supports animal welfare considerations, though less strictly than vegan products.']","Environmental baseline uses Eco-Score c. Matched 7 scoring signal(s): Naturland Fair, Fairtrade International, Biodynamic agriculture, Vegan, organic, FSC, Vegetarian",https://images.openfoodfacts.org/images/products/438/884/421/6297/front_de.89.400.jpg
food,4011800523220,Corny - Schoko-Banane,CORNY,Chocolate cereal bars,Rainforest Alliance Cocoa,"['en:rainforest-alliance', 'en:rainforest-alliance-cocoa']",c,55,53,50,50,52.8,65,['Rainforest Alliance'],['sustainable_agriculture'],"['Certification promotes sustainable agriculture, biodiversity protection, and improved livelihoods for farmers and workers.']",Environmental baseline uses Eco-Score c. Matched 1 scoring signal(s): Rainforest Alliance,https://images.openfoodfacts.org/images/products/401/180/052/3220/front_de.57.400.jpg
food,4011800521219,CORNY Schoko,Corny,"Chocolate cereal bars, Getreideriegel, Imbiss, Müsliriegel mit Schokolade, Riegel, Süßer Snack","No preservatives, Sustainable farming, Rainforest Alliance Cocoa","['en:no-preservatives', 'en:sustainable-farming', 'en:rainforest-alliance', 'en:rainforest-alliance-cocoa']",c,55,53,50,50,52.8,65,['Rainforest Alliance'],['sustainable_agriculture'],"['Certification promotes sustainable agriculture, biodiversity protection, and improved livelihoods for farmers and workers.']",Environmental baseline uses Eco-Score c. Matched 1 scoring signal(s): Rainforest Alliance,https://images.openfoodfacts.org/images/products/401/180/052/1219/front_de.40.400.jpg
food,4008400521824,Kinder,Milka,"Chocolate candies, Easter eggs, Easter chocolate rabbits, Hollow chocolate eggs, de:Hohlkörper aus Schokolade",Made in the EU,['en:made-in-the-eu'],unknown,50,50,50,50,50.0,15,[],[],[],No usable Eco-Score found; environmental score starts from the neutral baseline of 50. No positive or negative label evidence found in the current mapping.,https://images.openfoodfacts.org/images/products/400/840/052/1824/front_fr.49.400.jpg
food,5411188091622,Dessert Dark Chocolate,"alpro, Danone","Vegan chocolate puddings, Chocolate soy desserts","No gluten, European Vegetarian Union Vegan, No colorings, No lactose","['en:vegetarian', 'en:no-gluten', 'en:vegan', 'en:european-vegetarian-union', 'en:european-vegetarian-union-vegan', 'en:no-colorings', 'en:no-lactose']",a,85,50,50,63,66.6,70,"['Vegan', 'Vegetarian']","['vegan_ethics', 'vegetarian_ethics']","['Indicates products are free from animal-derived ingredients and support animal welfare principles.', 'Indicates reduced reliance on animal products and supports animal welfare considerations, though less strictly than vegan products.']","Environmental baseline uses Eco-Score a. Matched 2 scoring signal(s): Vegan, Vegetarian",https://images.openfoodfacts.org/images/products/541/118/809/1622/front_de.157.400.jpg
food,7622200009084,Milka Schoko & Keks,"Milka, Mondelez","Chocolate candies, Bars, Milk chocolate biscuits, Filled milk chocolates","Cocoa Life, Green Dot, de:Nationalpark Hohe Tauern Offizieller Förderer","['en:cocoa-life', 'en:green-dot', 'de:Nationalpark Hohe Tauern Offizieller Förderer']",f,5,50,50,50,32.0,55,[],[],[],Environmental baseline uses Eco-Score f. No positive or negative label evidence found in the current mapping.,https://images.openfoodfacts.org/images/products/762/220/000/9084/front_de.58.400.jpg
food,20452728,Grandino White Choc & Cranberry Cookies,"Lidl, Merba, Sondey","Chocolate biscuits, Drop cookies","Green Dot, Nutriscore Grade E, UTZ Certified Cocoa","['en:sustainable-farming', 'en:green-dot', 'en:nutriscore', 'en:nutriscore-grade-e', 'en:utz-certified', 'en:utz-certified-cocoa']",d,35,53,50,50,44.8,65,['UTZ Certified'],['sustainable_agriculture'],"['Certification promotes sustainable farming practices, responsible sourcing, and improved working conditions for farmers.']",Environmental baseline uses Eco-Score d. Matched 1 scoring signal(s): UTZ Certified,https://images.openfoodfacts.org/images/products/000/002/045/2728/front_en.44.400.jpg
food,5701051302147,Buttergebäck & Schokolade Mürbegebäck,Keksen Dk,Assortments of biscuits,Green Dot,['en:green-dot'],d,30,50,50,50,42.0,55,[],[],[],Environmental baseline uses Eco-Score d. No positive or negative label evidence found in the current mapping.,https://images.openfoodfacts.org/images/products/570/105/130/2147/front_de.35.400.jpg
food,4014400934045,Knoppers Goodies,"Knoppers, Storck","Confectioneries, Stuffed wafers",,[],c,50,50,50,50,50.0,55,[],[],[],Environmental baseline uses Eco-Score c. No positive or negative label evidence found in the current mapping.,https://images.openfoodfacts.org/images/products/401/440/093/4045/front_en.92.400.jpg
food,20343613,bellona,Mister Choc,"Candy chocolate bars, süßer-snack, süßwaren","Rainforest Alliance Cocoa, Roundtable on Sustainable Palm Oil","['en:sustainable', 'en:sustainable-palm-oil', 'en:rainforest-alliance', 'en:rainforest-alliance-cocoa', 'en:roundtable-on-sustainable-palm-oil']",unknown,58,55,50,50,54.4,35,"['Rainforest Alliance', 'Sustainable Palm Oil']","['sustainable_agriculture', 'sustainable_palm_oil']","['Certification promotes sustainable agriculture, biodiversity protection, and improved livelihoods for farmers and workers.', 'Palm oil sourced according to sustainability standards.']","No usable Eco-Score found; environmental score starts from the neutral baseline of 50. Matched 2 scoring signal(s): Rainforest Alliance, Sustainable Palm Oil",https://images.openfoodfacts.org/images/products/000/002/034/3613/front_en.146.400.jpg
food,20419813,Crunchy muesli,Lidl,"Frühstücke, Frühstückscerealien, Getreide und Kartoffeln, Getreideprodukte, Müslis, Müslis mit Schokolade, Pflanzliche Lebensmittel, Pflanzliche Lebensmittel und Getränke, Schokoflocken","Nutriscore, Rainforest Alliance, Roundtable on Sustainable Palm Oil, UTZ Certified, whole grain","['en:sustainable', 'en:sustainable-farming', 'en:sustainable-palm-oil', 'en:nutriscore', 'en:rainforest-alliance', 'en:roundtable-on-sustainable-palm-oil', 'en:utz-certified', 'en:whole-grain']",unknown,58,55,50,50,54.4,35,"['Rainforest Alliance', 'Sustainable Palm Oil']","['sustainable_agriculture', 'sustainable_palm_oil']","['Certification promotes sustainable agriculture, biodiversity protection, and improved livelihoods for farmers and workers.', 'Palm oil sourced according to sustainability standards.']","No usable Eco-Score found; environmental score starts from the neutral baseline of 50. Matched 2 scoring signal(s): Rainforest Alliance, Sustainable Palm Oil",https://images.openfoodfacts.org/images/products/000/002/041/9813/front_en.85.400.jpg
food,4104420222878,Zartbitter Schoko Reiswaffeln Bio,Alnatura,"Pastries, Puffed rice cakes with black chocolate, Puffed rice cakes with white chocolate, de:Reis/Getr waffel süß","Crossed Grain Trademark, de:Bio 7 Initiative, EG-Öko-Verordnung, CZ-BIO-001, EU/non-EU Agriculture, The Vegan Society, Triman, de:Bio européen, de:Bio-label-german, de:Dgz-gluten-free, de:VEGAN SOCIETY VEGAN LOGO","['en:vegetarian', 'en:no-gluten', 'en:organic', 'en:crossed-grain-trademark', 'en:eu-organic', 'en:non-eu-agriculture', 'en:vegan', 'de:bio-7-initiative', 'de:eg-öko-verordnung', 'en:cz-bio-001', 'en:eu-agriculture', 'en:eu-non-eu-agriculture', 'en:the-vegan-society', 'fr:triman', 'de:Bio européen', 'de:Bio-label-german', 'de:Dgz-gluten-free', 'de:VEGAN SOCIETY VEGAN LOGO']",a-plus,98,50,50,63,71.8,100,"['Vegan', 'Biodynamic agriculture', 'EU Organic', 'Vegetarian']","['vegan_ethics', 'biodynamic_certification', 'organic_certification', 'vegetarian_ethics']","['Indicates products are free from animal-derived ingredients and support animal welfare principles.', 'Biodynamic farming promotes biodiversity, soil health, ecosystem sustainability, and often exceeds standard organic farming requirements.', 'EU-recognized organic certification, especially relevant for products sold in Germany/EU.', 'Indicates reduced reliance on animal products and supports animal welfare considerations, though less strictly than vegan products.']","Environmental baseline uses Eco-Score a-plus. Matched 4 scoring signal(s): Vegan, Biodynamic agriculture, EU Organic, Vegetarian",https://images.openfoodfacts.org/images/products/410/442/022/2878/front_en.28.400.jpg
food,4337256012232,Zartbitter Schokolade,ja!,"Dark chocolates, de:Zartbitterschokolade","de:Pro Planet, Fairtrade cocoa, Nutriscore","['en:fair-trade', 'de:pro-planet', 'en:fairtrade-cocoa', 'en:nutriscore']",e,15,60,50,50,38.5,70,['Fair for Life'],['fairtrade_certification'],"['Fair trade certification promoting fair wages, responsible supply chains, and sustainable livelihoods for producers and workers.']",Environmental baseline uses Eco-Score e. Matched 1 scoring signal(s): Fair for Life,https://images.openfoodfacts.org/images/products/433/725/601/2232/front_de.57.400.jpg
food,4316268666763,Schweizer Edel-Zartbitter Schokolade,"Netto MD, Schokoliebe",Dark chocolate bar with more than 70% cocoa,"Vegan, FSC Mix, Rainforest Alliance","['en:vegetarian', 'en:vegan', 'en:fsc', 'en:fsc-mix', 'en:rainforest-alliance']",d,40,53,50,63,49.4,95,"['Rainforest Alliance', 'Vegan', 'FSC', 'Vegetarian']","['sustainable_agriculture', 'vegan_ethics', 'sustainable_forestry', 'vegetarian_ethics']","['Certification promotes sustainable agriculture, biodiversity protection, and improved livelihoods for farmers and workers.', 'Indicates products are free from animal-derived ingredients and support animal welfare principles.', 'FSC certification promotes responsible forest management, sustainable sourcing of wood and paper products, and protection of biodiversity and ecosystems.', 'Indicates reduced reliance on animal products and supports animal welfare considerations, though less strictly than vegan products.']","Environmental baseline uses Eco-Score d. Matched 4 scoring signal(s): Rainforest Alliance, Vegan, FSC, Vegetarian",https://images.openfoodfacts.org/images/products/431/626/866/6763/front_de.27.400.jpg
food,4061459208078,Edelbitter- Schokolade,"Aldi, Gut Bio, Halba",Dark chocolates,"Fairtrade International, EG-Öko-Verordnung, CH-BIO-006, European Vegetarian Union Vegan, Nutriscore Grade D","['en:vegetarian', 'en:fair-trade', 'en:organic', 'en:eu-organic', 'en:fairtrade-international', 'en:vegan', 'de:eg-öko-verordnung', 'en:ch-bio-006', 'en:european-vegetarian-union', 'en:european-vegetarian-union-vegan', 'en:nutriscore', 'en:nutriscore-grade-d']",d,43,60,50,63,52.3,100,"['Fair for Life', 'Biodynamic agriculture', 'Vegan', 'EG-Öko-Verordnung', 'Vegetarian']","['fairtrade_certification', 'biodynamic_certification', 'vegan_ethics', 'organic_certification', 'vegetarian_ethics']","['Fair trade certification promoting fair wages, responsible supply chains, and sustainable livelihoods for producers and workers.', 'Biodynamic farming promotes biodiversity, soil health, ecosystem sustainability, and often exceeds standard organic farming requirements.', 'Indicates products are free from animal-derived ingredients and support animal welfare principles.', 'EU organic regulation certifying environmentally friendly agricultural practices and reduced synthetic pesticide use.', 'Indicates reduced reliance on animal products and supports animal welfare considerations, though less strictly than vegan products.']","Environmental baseline uses Eco-Score d. Matched 5 scoring signal(s): Fair for Life, Biodynamic agriculture, Vegan, EG-Öko-Verordnung, Vegetarian",https://images.openfoodfacts.org/images/products/406/145/920/8078/front_en.32.400.jpg
food,4011800520052,Big Schoko,Corny BIG,"Chocolate candies, Chocolate cereal bars","Made in Germany, natural flavors, UTZ Certified Cocoa","['en:sustainable-farming', 'en:made-in-germany', 'en:natural-flavors', 'en:utz-certified', 'en:utz-certified-cocoa']",c,55,53,50,50,52.8,65,['UTZ Certified'],['sustainable_agriculture'],"['Certification promotes sustainable farming practices, responsible sourcing, and improved working conditions for farmers.']",Environmental baseline uses Eco-Score c. Matched 1 scoring signal(s): UTZ Certified,https://images.openfoodfacts.org/images/products/401/180/052/0052/front_de.64.400.jpg
food,4017100291005,CHOCO LEIBNIZ EDELHERB,"Bahlsen, Leibniz",Biscuit with a dark chocolate bar covering,"Green Dot, Nutriscore Grade E, Rainforest Alliance Cocoa, UTZ Certified Cocoa","['en:sustainable-farming', 'en:green-dot', 'en:nutriscore', 'en:nutriscore-grade-e', 'en:rainforest-alliance', 'en:rainforest-alliance-cocoa', 'en:utz-certified', 'en:utz-certified-cocoa']",b,75,53,50,50,60.8,65,['Rainforest Alliance'],['sustainable_agriculture'],"['Certification promotes sustainable agriculture, biodiversity protection, and improved livelihoods for farmers and workers.']",Environmental baseline uses Eco-Score b. Matched 1 scoring signal(s): Rainforest Alliance,https://images.openfoodfacts.org/images/products/401/710/029/1005/front_de.174.400.jpg
food,4000417020000,Halbbitter,RITTER SPORT,Dark chocolates,"Green Dot, Rainforest Alliance, it:Cacao certificato RA","['en:green-dot', 'en:rainforest-alliance', 'it:Cacao certificato RA']",d,35,53,50,50,44.8,65,['Rainforest Alliance'],['sustainable_agriculture'],"['Certification promotes sustainable agriculture, biodiversity protection, and improved livelihoods for farmers and workers.']",Environmental baseline uses Eco-Score d. Matched 1 scoring signal(s): Rainforest Alliance,https://images.openfoodfacts.org/images/products/400/041/702/0000/front_en.107.400.jpg
food,4000417670014,Nussklasse Voll-Nuss,Ritter Sport,Chocolates with hazelnuts,Rainforest Alliance,['en:rainforest-alliance'],unknown,55,53,50,50,52.8,25,['Rainforest Alliance'],['sustainable_agriculture'],"['Certification promotes sustainable agriculture, biodiversity protection, and improved livelihoods for farmers and workers.']",No usable Eco-Score found; environmental score starts from the neutral baseline of 50. Matched 1 scoring signal(s): Rainforest Alliance,https://images.openfoodfacts.org/images/products/400/041/767/0014/front_de.12.400.jpg
food,4067796194548,Schokolade feine Bitter,dm,Dark chocolates,"Vegan, DE-ÖKO-013, Made in Germany","['en:vegetarian', 'en:organic', 'en:eu-organic', 'en:vegan', 'en:de-oko-013', 'en:made-in-germany']",d,35,50,50,63,46.6,85,"['Vegan', 'organic', 'Vegetarian']","['vegan_ethics', 'organic_certification', 'vegetarian_ethics']","['Indicates products are free from animal-derived ingredients and support animal welfare principles.', 'Product has an organic certification/claim, indicating more sustainable agricultural production.', 'Indicates reduced reliance on animal products and supports animal welfare considerations, though less strictly than vegan products.']","Environmental baseline uses Eco-Score d. Matched 3 scoring signal(s): Vegan, organic, Vegetarian",https://images.openfoodfacts.org/images/products/406/779/619/4548/front_de.6.400.jpg
food,20774998,Schoko Hafer-Müsli,Crownfield,Mueslis with chocolate,"Reduced sugar, FSC Mix, Natural product, Nutriscore Grade A, Rainforest Alliance Cocoa, UTZ Certified Cocoa","['en:low-or-no-sugar', 'en:low-sugar', 'en:reduced-sugar', 'en:sustainable-farming', 'en:fsc', 'en:fsc-mix', 'en:natural-product', 'en:nutriscore', 'en:nutriscore-grade-a', 'en:rainforest-alliance', 'en:rainforest-alliance-cocoa', 'en:utz-certified', 'en:utz-certified-cocoa']",a-plus,95,53,50,50,68.8,80,"['Rainforest Alliance', 'FSC']","['sustainable_agriculture', 'sustainable_forestry']","['Certification promotes sustainable agriculture, biodiversity protection, and improved livelihoods for farmers and workers.', 'FSC certification promotes responsible forest management, sustainable sourcing of wood and paper products, and protection of biodiversity and ecosystems.']","Environmental baseline uses Eco-Score a-plus. Matched 2 scoring signal(s): Rainforest Alliance, FSC",https://images.openfoodfacts.org/images/products/000/002/077/4998/front_de.62.400.jpg
food,4000540003222,"Kellogs, Hafer-Müsli, Schoko und Keks",Kölln,Mueslis with chocolate,"Sustainable Palm Oil, Rainforest Alliance Cocoa, UTZ Certified, de:RSPO-1106176","['en:sustainable', 'en:sustainable-farming', 'en:sustainable-palm-oil', 'en:rainforest-alliance', 'en:rainforest-alliance-cocoa', 'en:utz-certified', 'de:RSPO-1106176']",a,93,55,50,50,68.4,75,"['Rainforest Alliance', 'Sustainable Palm Oil']","['sustainable_agriculture', 'sustainable_palm_oil']","['Certification promotes sustainable agriculture, biodiversity protection, and improved livelihoods for farmers and workers.', 'Palm oil sourced according to sustainability standards.']","Environmental baseline uses Eco-Score a. Matched 2 scoring signal(s): Rainforest Alliance, Sustainable Palm Oil",https://images.openfoodfacts.org/images/products/400/054/000/3222/front_de.56.400.jpg
food,4025700001023,Milka chocolate Hazelnuts,Milka,Milk chocolates with hazelnuts,"Cocoa Life, Green Dot, Made in the EU, pure cocoa butter, Cacao life","['en:cocoa-life', 'en:green-dot', 'en:made-in-the-eu', 'en:pure-cocoa-butter', 'en:Cacao life']",e,15,50,50,50,36.0,55,[],[],[],Environmental baseline uses Eco-Score e. No positive or negative label evidence found in the current mapping.,https://images.openfoodfacts.org/images/products/402/570/000/1023/front_en.160.400.jpg
food,4000417670212,Schokolade Dunkle Voll-Nuss,Ritter Sport,"Dark chocolate bar with less than 70% cocoa, Dark chocolates with hazelnuts","Sustainable farming, Green Dot, Rainforest Alliance Cocoa","['en:sustainable-farming', 'en:green-dot', 'en:rainforest-alliance', 'en:rainforest-alliance-cocoa']",d,35,53,50,50,44.8,65,['Rainforest Alliance'],['sustainable_agriculture'],"['Certification promotes sustainable agriculture, biodiversity protection, and improved livelihoods for farmers and workers.']",Environmental baseline uses Eco-Score d. Matched 1 scoring signal(s): Rainforest Alliance,https://images.openfoodfacts.org/images/products/400/041/767/0212/front_de.10.400.jpg
food,4000417028006,Pfefferminze,RITTER SPORT,"Chocolate candies, Filled dark chocolates","Green Dot, Rainforest Alliance Cocoa","['en:green-dot', 'en:rainforest-alliance', 'en:rainforest-alliance-cocoa']",e,20,53,50,50,38.8,65,['Rainforest Alliance'],['sustainable_agriculture'],"['Certification promotes sustainable agriculture, biodiversity protection, and improved livelihoods for farmers and workers.']",Environmental baseline uses Eco-Score e. Matched 1 scoring signal(s): Rainforest Alliance,https://images.openfoodfacts.org/images/products/400/041/702/8006/front_en.68.400.jpg
food,4011800571221,Corny Free - Schoko,Corny,"Cereals and their products, Chocolate cereal bars","Made in Germany, Rainforest Alliance","['en:made-in-germany', 'en:rainforest-alliance']",c,55,53,50,50,52.8,65,['Rainforest Alliance'],['sustainable_agriculture'],"['Certification promotes sustainable agriculture, biodiversity protection, and improved livelihoods for farmers and workers.']",Environmental baseline uses Eco-Score c. Matched 1 scoring signal(s): Rainforest Alliance,https://images.openfoodfacts.org/images/products/401/180/057/1221/front_de.76.400.jpg
food,4025700001450,Schokolade Joghurt,Milka,Filled milk chocolates,"Cocoa Life, Green Dot, de:Offizieller Förderer Nationalpark Hohe Tauern","['en:cocoa-life', 'en:green-dot', 'de:Offizieller Förderer Nationalpark Hohe Tauern']",e,15,50,50,50,36.0,55,[],[],[],Environmental baseline uses Eco-Score e. No positive or negative label evidence found in the current mapping.,https://images.openfoodfacts.org/images/products/402/570/000/1450/front_en.47.400.jpg
food,4104420222472,Feine Bitter Schokolade,Alnatura,"Dark chocolate bar with more than 70% cocoa, de:Schokotafeln Dunkel","de:Bio 7 Initiative, DE-ÖKO-013, Made in Germany, The Vegan Society, Triman, de:Agriculture non UE, de:Bio européen, de:Fabriqué en Allemagne, de:VEGAN SOCIETY VEGAN LOGO, de:Végétalien, de:Végétarien","['en:vegetarian', 'en:organic', 'en:eu-organic', 'en:vegan', 'de:bio-7-initiative', 'en:de-oko-013', 'en:made-in-germany', 'en:the-vegan-society', 'fr:triman', 'de:Agriculture non UE', 'de:Bio européen', 'de:Fabriqué en Allemagne', 'de:VEGAN SOCIETY VEGAN LOGO', 'de:Végétalien', 'de:Végétarien']",d,43,50,50,63,49.8,100,"['Biodynamic agriculture', 'Vegan', 'organic', 'Vegetarian']","['biodynamic_certification', 'vegan_ethics', 'organic_certification', 'vegetarian_ethics']","['Biodynamic farming promotes biodiversity, soil health, ecosystem sustainability, and often exceeds standard organic farming requirements.', 'Indicates products are free from animal-derived ingredients and support animal welfare principles.', 'Product has an organic certification/claim, indicating more sustainable agricultural production.', 'Indicates reduced reliance on animal products and supports animal welfare considerations, though less strictly than vegan products.']","Environmental baseline uses Eco-Score d. Matched 4 scoring signal(s): Biodynamic agriculture, Vegan, organic, Vegetarian",https://images.openfoodfacts.org/images/products/410/442/022/2472/front_en.46.400.jpg
food,4337256032193,Edel-Bitter Kakao 70% Schokolade,REWE Bio,Dark chocolates,"Fairtrade International, EG-Öko-Verordnung, CH-BIO-006, European Vegetarian Union Vegan, FSC Mix, Naturland","['en:vegetarian', 'en:fair-trade', 'en:organic', 'en:eu-organic', 'en:fairtrade-international', 'en:vegan', 'de:eg-öko-verordnung', 'en:ch-bio-006', 'en:european-vegetarian-union', 'en:european-vegetarian-union-vegan', 'en:fsc', 'en:fsc-mix', 'en:naturland']",d,54,66,50,63,58.2,100,"['Naturland Fair', 'Fairtrade International', 'Biodynamic agriculture', 'Vegan', 'organic', 'FSC', 'Vegetarian']","['naturland_fair', 'fairtrade_certification', 'biodynamic_certification', 'vegan_ethics', 'organic_certification', 'sustainable_forestry', 'vegetarian_ethics']","['Combines organic farming requirements with fair trade principles, promoting environmental sustainability and fair treatment of producers.', 'Certification promotes fair prices, better working conditions, and sustainable livelihoods for farmers and workers in global supply chains.', 'Biodynamic farming promotes biodiversity, soil health, ecosystem sustainability, and often exceeds standard organic farming requirements.', 'Indicates products are free from animal-derived ingredients and support animal welfare principles.', 'Product has an organic certification/claim, indicating more sustainable agricultural production.', 'FSC certification promotes responsible forest management, sustainable sourcing of wood and paper products, and protection of biodiversity and ecosystems.', 'Indicates reduced reliance on animal products and supports animal welfare considerations, though less strictly than vegan products.']","Environmental baseline uses Eco-Score d. Matched 7 scoring signal(s): Naturland Fair, Fairtrade International, Biodynamic agriculture, Vegan, organic, FSC, Vegetarian",https://images.openfoodfacts.org/images/products/433/725/603/2193/front_de.45.400.jpg
food,4311501480113,"Edel-Zartbitter Schokolade, 81 % Kakao","EDEKA, Edeka Herzstücke","Dark chocolate bar with more than 70% cocoa, Swiss chocolates",Rainforest Alliance Cocoa,"['en:rainforest-alliance', 'en:rainforest-alliance-cocoa']",d,35,53,50,50,44.8,65,['Rainforest Alliance'],['sustainable_agriculture'],"['Certification promotes sustainable agriculture, biodiversity protection, and improved livelihoods for farmers and workers.']",Environmental baseline uses Eco-Score d. Matched 1 scoring signal(s): Rainforest Alliance,https://images.openfoodfacts.org/images/products/431/150/148/0113/front_de.28.400.jpg
food,7622202257803,Milka Schokolade,"Milka, Mondelez Milka","Chocolate candies, Milk chocolate bar","Cocoa Life, Made in the EU","['en:cocoa-life', 'en:made-in-the-eu']",e,15,50,50,50,36.0,55,[],[],[],Environmental baseline uses Eco-Score e. No positive or negative label evidence found in the current mapping.,https://images.openfoodfacts.org/images/products/762/220/225/7803/front_de.4.400.jpg
food,20708405,Bio Knusper Müsli Schoko,Crownfield,"Extruded flakes, Mueslis with chocolate","Sustainable farming, DE-ÖKO-005, DE-ÖKO-024, EU/non-EU Agriculture, Green Dot, Nutriscore, AB Agriculture Biologique, Verified","['en:organic', 'en:eu-organic', 'en:non-eu-agriculture', 'en:sustainable-farming', 'en:de-oko-005', 'en:de-oko-024', 'en:eu-agriculture', 'en:eu-non-eu-agriculture', 'en:green-dot', 'en:nutriscore', 'fr:ab-agriculture-biologique', 'en:Verified']",a,90,50,50,50,66.0,70,['organic'],['organic_certification'],"['Product has an organic certification/claim, indicating more sustainable agricultural production.']",Environmental baseline uses Eco-Score a. Matched 1 scoring signal(s): organic,https://images.openfoodfacts.org/images/products/000/002/070/8405/front_de.135.400.jpg
food,20884611,Weiße Nussschokolade,"Fin Carré, Lidl","Milk chocolates, White chocolates with hazelnuts","Fairtrade International, Fairtrade cocoa, FSC Mix, Fairer Handel","['en:fair-trade', 'en:fairtrade-international', 'en:fairtrade-cocoa', 'en:fsc', 'en:fsc-mix', 'en:Fairer Handel']",c,55,60,50,50,54.5,85,"['Fairtrade International', 'FSC']","['fairtrade_certification', 'sustainable_forestry']","['Certification promotes fair prices, better working conditions, and sustainable livelihoods for farmers and workers in global supply chains.', 'FSC certification promotes responsible forest management, sustainable sourcing of wood and paper products, and protection of biodiversity and ecosystems.']","Environmental baseline uses Eco-Score c. Matched 2 scoring signal(s): Fairtrade International, FSC",https://images.openfoodfacts.org/images/products/000/002/088/4611/front_de.59.400.jpg
food,4335619012035,Dinkel Hafer Müsli - Schoko,"Crownfield, Ceralia Getreideprodukte, Lidl",Bircher-style mueslis with chocolate,"Bioland, DE-ÖKO-001, Nutriscore Grade B","['en:organic', 'en:eu-organic', 'en:bioland', 'en:de-oko-001', 'en:nutriscore', 'en:nutriscore-grade-b']",a,90,50,50,50,66.0,70,['organic'],['organic_certification'],"['Product has an organic certification/claim, indicating more sustainable agricultural production.']",Environmental baseline uses Eco-Score a. Matched 1 scoring signal(s): organic,https://images.openfoodfacts.org/images/products/433/561/901/2035/front_de.21.400.jpg
food,3045140280902,Trauben-Nuss,Milka,"Chocolate candies, Milk chocolates, milk-chocolate-with-dried-grapes-and-hazelnut-pieces, susser-snack","Cocoa Life, Green Dot, Made in Germany, Made in the EU","['en:cocoa-life', 'en:green-dot', 'en:made-in-germany', 'en:made-in-the-eu']",e,15,50,50,50,36.0,55,[],[],[],Environmental baseline uses Eco-Score e. No positive or negative label evidence found in the current mapping.,https://images.openfoodfacts.org/images/products/304/514/028/0902/front_en.78.400.jpg
food,40255729,Joghurt mit der Ecke - Schoko Balls,müller,Yogurts,Made in Germany,['en:made-in-germany'],a,85,50,50,50,64.0,55,[],[],[],Environmental baseline uses Eco-Score a. No positive or negative label evidence found in the current mapping.,https://images.openfoodfacts.org/images/products/000/004/025/5729/front_de.99.400.jpg
food,7622200003938,Milkinis,Milka,"Chocolate confectionery with dairy filling, Getreideriegel, Imbiss, Kakao und Kakaoprodukte, Müsliriegel mit Schokolade, Riegel, Schokoladenkonfekt, Schokoriegel, Süßer Snack, Süßwaren",Triman,['fr:triman'],d,30,50,50,50,42.0,55,[],[],[],Environmental baseline uses Eco-Score d. No positive or negative label evidence found in the current mapping.,https://images.openfoodfacts.org/images/products/762/220/000/3938/front_fr.64.400.jpg
food,8000500273470,kinder bueno white,Kinder,"Chocolate biscuity bars, Chocolate nuts cookie bars","Green Dot, No dyes or preservatives","['en:no-preservatives', 'en:green-dot', 'en:no-colorings', 'en:no-dyes-or-preservatives']",e,15,50,50,50,36.0,55,[],[],[],Environmental baseline uses Eco-Score e. No positive or negative label evidence found in the current mapping.,https://images.openfoodfacts.org/images/products/800/050/027/3470/front_de.61.400.jpg
food,4000417601216,Rum Trauben Nuss Schokolade,Ritter Sport,"Milk chocolates, süßer-snack",Rainforest Alliance,['en:rainforest-alliance'],d,35,53,50,50,44.8,65,['Rainforest Alliance'],['sustainable_agriculture'],"['Certification promotes sustainable agriculture, biodiversity protection, and improved livelihoods for farmers and workers.']",Environmental baseline uses Eco-Score d. Matched 1 scoring signal(s): Rainforest Alliance,https://images.openfoodfacts.org/images/products/400/041/760/1216/front_en.57.400.jpg
food,4066447704105,Feine Bitter Schokolade 70% Kakao,dmBio,Dark chocolates,"European Vegetarian Union Vegan, FSC Mix, IT-BIO-013, Made in Germany, Naturland","['en:vegetarian', 'en:organic', 'en:eu-organic', 'en:vegan', 'en:european-vegetarian-union', 'en:european-vegetarian-union-vegan', 'en:fsc', 'en:fsc-mix', 'en:it-bio-013', 'en:made-in-germany', 'en:naturland']",c,74,56,50,63,63.7,100,"['Naturland Fair', 'Vegan', 'Biodynamic agriculture', 'EU Organic', 'FSC', 'Vegetarian']","['naturland_fair', 'vegan_ethics', 'biodynamic_certification', 'organic_certification', 'sustainable_forestry', 'vegetarian_ethics']","['Combines organic farming requirements with fair trade principles, promoting environmental sustainability and fair treatment of producers.', 'Indicates products are free from animal-derived ingredients and support animal welfare principles.', 'Biodynamic farming promotes biodiversity, soil health, ecosystem sustainability, and often exceeds standard organic farming requirements.', 'EU-recognized organic certification, especially relevant for products sold in Germany/EU.', 'FSC certification promotes responsible forest management, sustainable sourcing of wood and paper products, and protection of biodiversity and ecosystems.', 'Indicates reduced reliance on animal products and supports animal welfare considerations, though less strictly than vegan products.']","Environmental baseline uses Eco-Score c. Matched 6 scoring signal(s): Naturland Fair, Vegan, Biodynamic agriculture, EU Organic, FSC, Vegetarian",https://images.openfoodfacts.org/images/products/406/644/770/4105/front_de.27.400.jpg
food,8682354006147,Dubai Schokolade,Alyan,"Chocolate candies, Chocolates",Halal,['en:halal'],unknown,50,50,50,50,50.0,15,[],[],[],No usable Eco-Score found; environmental score starts from the neutral baseline of 50. No positive or negative label evidence found in the current mapping.,https://images.openfoodfacts.org/images/products/868/235/400/6147/front_en.27.400.jpg
food,4011800521226,Corny Schoko,CORNY,Chocolate cereal bars,"Rainforest Alliance, UTZ Certified Cocoa","['en:sustainable-farming', 'en:rainforest-alliance', 'en:utz-certified', 'en:utz-certified-cocoa']",c,55,53,50,50,52.8,65,['Rainforest Alliance'],['sustainable_agriculture'],"['Certification promotes sustainable agriculture, biodiversity protection, and improved livelihoods for farmers and workers.']",Environmental baseline uses Eco-Score c. Matched 1 scoring signal(s): Rainforest Alliance,https://images.openfoodfacts.org/images/products/401/180/052/1226/front_de.41.400.jpg
food,4008400159027,Ferrero Küsschen,Ferrero,"Chocolates with hazelnuts, Milk chocolate candies","Green Dot, Made in Germany, Verified","['en:green-dot', 'en:made-in-germany', 'en:Verified']",unknown,50,50,50,50,50.0,15,[],[],[],No usable Eco-Score found; environmental score starts from the neutral baseline of 50. No positive or negative label evidence found in the current mapping.,https://images.openfoodfacts.org/images/products/400/840/015/9027/front_en.45.400.jpg
food,20301804,Soft baked cookies Weiße Schokolade & Zitrone,"Lidl, Merba, Sondey",Chocolate chip cookies,"Nutriscore Grade E, Rainforest Alliance, UTZ Certified Cocoa","['en:sustainable-farming', 'en:nutriscore', 'en:nutriscore-grade-e', 'en:rainforest-alliance', 'en:utz-certified', 'en:utz-certified-cocoa']",b,75,53,50,50,60.8,65,['Rainforest Alliance'],['sustainable_agriculture'],"['Certification promotes sustainable agriculture, biodiversity protection, and improved livelihoods for farmers and workers.']",Environmental baseline uses Eco-Score b. Matched 1 scoring signal(s): Rainforest Alliance,https://images.openfoodfacts.org/images/products/000/002/030/1804/front_de.55.400.jpg
food,4061458022002,Nussknacker - Zartbitterschokolade,"Aldi, Choceur, WIHA","Nuts and their products, Milk chocolates, Dark chocolates with hazelnuts","Sustainable farming, Made in Germany, Nutriscore Grade E, PEFC, Rainforest Alliance Cocoa","['en:sustainable-farming', 'en:made-in-germany', 'en:nutriscore', 'en:nutriscore-grade-e', 'en:pefc', 'en:rainforest-alliance', 'en:rainforest-alliance-cocoa']",d,35,53,50,50,44.8,65,['Rainforest Alliance'],['sustainable_agriculture'],"['Certification promotes sustainable agriculture, biodiversity protection, and improved livelihoods for farmers and workers.']",Environmental baseline uses Eco-Score d. Matched 1 scoring signal(s): Rainforest Alliance,https://images.openfoodfacts.org/images/products/406/145/802/2002/front_de.43.400.jpg
food,4061463915030,High-Protein-Mousse - Schokolade,Milsani,Refrigerated milk-based chocolate mousses,"Low fat, No added sugar, No lactose, Nutriscore, Rainforest Alliance Cocoa","['en:low-or-no-fat', 'en:low-fat', 'en:no-added-sugar', 'en:no-lactose', 'en:nutriscore', 'en:rainforest-alliance', 'en:rainforest-alliance-cocoa']",c,55,53,50,50,52.8,65,['Rainforest Alliance'],['sustainable_agriculture'],"['Certification promotes sustainable agriculture, biodiversity protection, and improved livelihoods for farmers and workers.']",Environmental baseline uses Eco-Score c. Matched 1 scoring signal(s): Rainforest Alliance,https://images.openfoodfacts.org/images/products/406/146/391/5030/front_en.92.400.jpg
food,4000540053869,Schoko Müsli,kölln kölln,Mueslis with chocolate,Rainforest Alliance,['en:rainforest-alliance'],b,75,53,50,50,60.8,65,['Rainforest Alliance'],['sustainable_agriculture'],"['Certification promotes sustainable agriculture, biodiversity protection, and improved livelihoods for farmers and workers.']",Environmental baseline uses Eco-Score b. Matched 1 scoring signal(s): Rainforest Alliance,https://images.openfoodfacts.org/images/products/400/054/005/3869/front_de.3.400.jpg
food,4000540003246,Knusper Schoko & Keks Müsli,Kölln,Mueslis with chocolate,UTZ Certified,"['en:sustainable-farming', 'en:utz-certified']",b,75,53,50,50,60.8,65,['UTZ Certified'],['sustainable_agriculture'],"['Certification promotes sustainable farming practices, responsible sourcing, and improved working conditions for farmers.']",Environmental baseline uses Eco-Score b. Matched 1 scoring signal(s): UTZ Certified,https://images.openfoodfacts.org/images/products/400/054/000/3246/front_de.49.400.jpg
food,5000159471510,M&M's Erdnuss,M&M'S,Chocolate covered peanuts,Green Dot,['en:green-dot'],e,15,50,50,50,36.0,55,[],[],[],Environmental baseline uses Eco-Score e. No positive or negative label evidence found in the current mapping.,https://images.openfoodfacts.org/images/products/500/015/947/1510/front_en.11.400.jpg
food,7622300476144,Mikado Milch Schokolade,Glico,"Desserts, Milk chocolate biscuits, Stick biscuits covered with chocolate, Imbiss, Kekse, Kekse mit Milchschokolade, Kekse und Kuchen, Schokoladenkekse, Süßer Snack","Green Dot, Made in France, fr:Eco Emballages","['en:green-dot', 'en:made-in-france', 'fr:Eco Emballages']",d,30,50,50,50,42.0,55,[],[],[],Environmental baseline uses Eco-Score d. No positive or negative label evidence found in the current mapping.,https://images.openfoodfacts.org/images/products/762/230/047/6144/front_de.55.400.jpg
food,7622201813598,darkmilk,"Milka, Schokolade",Dark chocolates,"Green Dot, de:Cacao Life","['en:green-dot', 'de:Cacao Life']",e,15,50,50,50,36.0,55,[],[],[],Environmental baseline uses Eco-Score e. No positive or negative label evidence found in the current mapping.,https://images.openfoodfacts.org/images/products/762/220/181/3598/front_en.24.400.jpg
food,5411188138464,Danone ALPRO® Trink Soja Schokolade 1L,alpro,"Unsweetened beverages, Chocolate soy-based drinks","No gluten, European Vegetarian Union Vegan, FSC Mix, No lactose, Nutriscore Grade A, Rainforest Alliance Cocoa","['en:vegetarian', 'en:no-gluten', 'en:vegan', 'en:european-vegetarian-union', 'en:european-vegetarian-union-vegan', 'en:fsc', 'en:fsc-mix', 'en:no-lactose', 'en:nutriscore', 'en:nutriscore-grade-a', 'en:rainforest-alliance', 'en:rainforest-alliance-cocoa']",a-plus,95,53,50,63,71.4,95,"['Rainforest Alliance', 'Vegan', 'FSC', 'Vegetarian']","['sustainable_agriculture', 'vegan_ethics', 'sustainable_forestry', 'vegetarian_ethics']","['Certification promotes sustainable agriculture, biodiversity protection, and improved livelihoods for farmers and workers.', 'Indicates products are free from animal-derived ingredients and support animal welfare principles.', 'FSC certification promotes responsible forest management, sustainable sourcing of wood and paper products, and protection of biodiversity and ecosystems.', 'Indicates reduced reliance on animal products and supports animal welfare considerations, though less strictly than vegan products.']","Environmental baseline uses Eco-Score a-plus. Matched 4 scoring signal(s): Rainforest Alliance, Vegan, FSC, Vegetarian",https://images.openfoodfacts.org/images/products/541/118/813/8464/front_de.30.400.jpg
food,5411188137863,Danone ALPRO® Dessert Soja Schokolade High Protein 200g,alpro,"Plant-based foods, Puddings, Vegan chocolate puddings, Chocolate soy desserts","European Vegetarian Union Vegan, Nutriscore Grade A, Rainforest Alliance","['en:vegetarian', 'en:vegan', 'en:european-vegetarian-union', 'en:european-vegetarian-union-vegan', 'en:nutriscore', 'en:nutriscore-grade-a', 'en:rainforest-alliance']",a-plus,90,53,50,63,69.4,80,"['Rainforest Alliance', 'Vegan', 'Vegetarian']","['sustainable_agriculture', 'vegan_ethics', 'vegetarian_ethics']","['Certification promotes sustainable agriculture, biodiversity protection, and improved livelihoods for farmers and workers.', 'Indicates products are free from animal-derived ingredients and support animal welfare principles.', 'Indicates reduced reliance on animal products and supports animal welfare considerations, though less strictly than vegan products.']","Environmental baseline uses Eco-Score a-plus. Matched 3 scoring signal(s): Rainforest Alliance, Vegan, Vegetarian",https://images.openfoodfacts.org/images/products/541/118/813/7863/front_de.25.400.jpg
food,4337256745260,Edel-Bitter Schokolade 80%,"Halba, Rewe, Rewe Beste Wahl",Dark chocolates,"Fairtrade International, Nutriscore Grade D","['en:fair-trade', 'en:fairtrade-international', 'en:nutriscore', 'en:nutriscore-grade-d']",e,15,60,50,50,38.5,70,['Fairtrade International'],['fairtrade_certification'],"['Certification promotes fair prices, better working conditions, and sustainable livelihoods for farmers and workers in global supply chains.']",Environmental baseline uses Eco-Score e. Matched 1 scoring signal(s): Fairtrade International,https://images.openfoodfacts.org/images/products/433/725/674/5260/front_de.5.400.jpg
food,20272760,Caramel et biscuit,"Krüger, Ludwig Schokolade, Mister Choc","Chocolate biscuits, Candy chocolate bars, Caramels","Vegetarian, No artificial flavors, Fairtrade cocoa, Triman","['en:vegetarian', 'en:fair-trade', 'en:no-artificial-flavors', 'en:fairtrade-cocoa', 'fr:triman']",d,30,60,50,55,45.5,75,"['Fair for Life', 'Vegetarian']","['fairtrade_certification', 'vegetarian_ethics']","['Fair trade certification promoting fair wages, responsible supply chains, and sustainable livelihoods for producers and workers.', 'Indicates reduced reliance on animal products and supports animal welfare considerations, though less strictly than vegan products.']","Environmental baseline uses Eco-Score d. Matched 2 scoring signal(s): Fair for Life, Vegetarian",https://images.openfoodfacts.org/images/products/000/002/027/2760/front_en.97.400.jpg
food,4006040013464,Schokolade 85% Kakao,Rapunzel,Dark chocolates,"Fair trade, non-EU Agriculture, Vegan, EG-Öko-Verordnung, CH-BIO-004, Green Dot, de:Fairtrade-Rapunzel","['en:vegetarian', 'en:fair-trade', 'en:organic', 'en:eu-organic', 'en:non-eu-agriculture', 'en:vegan', 'de:eg-öko-verordnung', 'en:ch-bio-004', 'en:green-dot', 'de:Fairtrade-Rapunzel']",c,63,60,50,63,60.3,100,"['Fair for Life', 'Vegan', 'Biodynamic agriculture', 'EU Organic', 'Vegetarian']","['fairtrade_certification', 'vegan_ethics', 'biodynamic_certification', 'organic_certification', 'vegetarian_ethics']","['Fair trade certification promoting fair wages, responsible supply chains, and sustainable livelihoods for producers and workers.', 'Indicates products are free from animal-derived ingredients and support animal welfare principles.', 'Biodynamic farming promotes biodiversity, soil health, ecosystem sustainability, and often exceeds standard organic farming requirements.', 'EU-recognized organic certification, especially relevant for products sold in Germany/EU.', 'Indicates reduced reliance on animal products and supports animal welfare considerations, though less strictly than vegan products.']","Environmental baseline uses Eco-Score c. Matched 5 scoring signal(s): Fair for Life, Vegan, Biodynamic agriculture, EU Organic, Vegetarian",https://images.openfoodfacts.org/images/products/400/604/001/3464/front_en.60.400.jpg
food,4305615838847,Schokolade Noir 78%,"Das Exquisite, Rossmann",Dark chocolates,"Fair trade, FSC, Made in Germany","['en:fair-trade', 'en:fsc', 'en:made-in-germany']",e,20,60,50,50,40.5,85,"['Fair for Life', 'FSC']","['fairtrade_certification', 'sustainable_forestry']","['Fair trade certification promoting fair wages, responsible supply chains, and sustainable livelihoods for producers and workers.', 'FSC certification promotes responsible forest management, sustainable sourcing of wood and paper products, and protection of biodiversity and ecosystems.']","Environmental baseline uses Eco-Score e. Matched 2 scoring signal(s): Fair for Life, FSC",https://images.openfoodfacts.org/images/products/430/561/583/8847/front_de.21.400.jpg
food,4337256613460,Alpen-Vollmilch Schokolade,ja,"Milk chocolates, de:Alpen-Vollmilch","Fairtrade cocoa, Nutriscore Grade E","['en:fair-trade', 'en:fairtrade-cocoa', 'en:nutriscore', 'en:nutriscore-grade-e']",e,15,60,50,50,38.5,70,['Fair for Life'],['fairtrade_certification'],"['Fair trade certification promoting fair wages, responsible supply chains, and sustainable livelihoods for producers and workers.']",Environmental baseline uses Eco-Score e. Matched 1 scoring signal(s): Fair for Life,https://images.openfoodfacts.org/images/products/433/725/661/3460/front_de.7.400.jpg
food,7622300479008,Mikado Zartherbe Schokolade,"Glico, LU, Mondelez","Dark chocolate biscuits, Stick biscuits covered with chocolate","Charte LU Harmony, Green Dot, Made in France","['en:distributor-labels', 'en:charte-lu-harmony', 'en:green-dot', 'en:made-in-france']",e,15,50,50,50,36.0,55,[],[],[],Environmental baseline uses Eco-Score e. No positive or negative label evidence found in the current mapping.,https://images.openfoodfacts.org/images/products/762/230/047/9008/front_de.51.400.jpg
food,4000540063868,Schoko Hafer-Müsli,Kölln,Mueslis with chocolate,,[],c,50,50,50,50,50.0,55,[],[],[],Environmental baseline uses Eco-Score c. No positive or negative label evidence found in the current mapping.,https://images.openfoodfacts.org/images/products/400/054/006/3868/front_de.7.400.jpg
food,3168930010265,cruesly mélange de noix,Quaker,"Mueslis, Cereal clusters with nuts","No artificial flavors, No preservatives, Green Dot, No colorings, No palm oil, Nutriscore Grade A, Triman","['en:no-artificial-flavors', 'en:no-preservatives', 'en:green-dot', 'en:no-colorings', 'en:no-palm-oil', 'en:nutriscore', 'en:nutriscore-grade-a', 'fr:triman']",b,70,50,50,50,58.0,55,[],[],[],Environmental baseline uses Eco-Score b. No positive or negative label evidence found in the current mapping.,https://images.openfoodfacts.org/images/products/316/893/001/0265/front_en.297.400.jpg
food,5010477348678,Special Muesli 30% fruits & noix,Jordans,Mueslis with fruits,"Vegetarian, No artificial flavors, No preservatives, High fibres, iron source, magnesium source, No added salt, No added sugar, No colorings, No palm oil, Nutriscore Grade A, Phosphore source, Rich in vitamin B1, Triman, fr:Source-de-potassium","['en:low-or-no-salt', 'en:vegetarian', 'en:no-artificial-flavors', 'en:no-preservatives', 'en:source-of-fibre', 'en:high-fibres', 'en:iron-source', 'en:magnesium-source', 'en:no-added-salt', 'en:no-added-sugar', 'en:no-colorings', 'en:no-palm-oil', 'en:nutriscore', 'en:nutriscore-grade-a', 'en:phosphore-source', 'en:rich-in-vitamin-b1', 'fr:triman', 'fr:Source-de-potassium']",b,70,50,50,55,59.0,60,['Vegetarian'],['vegetarian_ethics'],"['Indicates reduced reliance on animal products and supports animal welfare considerations, though less strictly than vegan products.']",Environmental baseline uses Eco-Score b. Matched 1 scoring signal(s): Vegetarian,https://images.openfoodfacts.org/images/products/501/047/734/8678/front_fr.226.400.jpg
food,4056489300786,Knusper Müsli Schoko,Crownfield,Mueslis with chocolate,"EG-Öko-Verordnung, DE-ÖKO-005, EU/non-EU Agriculture, High fibres, No palm oil, Nutriscore Grade C, Rainforest Alliance Cocoa, UTZ Certified Cocoa, AB Agriculture Biologique","['en:organic', 'en:eu-organic', 'en:non-eu-agriculture', 'en:source-of-fibre', 'en:sustainable-farming', 'de:eg-öko-verordnung', 'en:de-oko-005', 'en:eu-agriculture', 'en:eu-non-eu-agriculture', 'en:high-fibres', 'en:no-palm-oil', 'en:nutriscore', 'en:nutriscore-grade-c', 'en:rainforest-alliance', 'en:rainforest-alliance-cocoa', 'en:utz-certified', 'en:utz-certified-cocoa', 'fr:ab-agriculture-biologique']",a-plus,95,53,50,50,68.8,80,"['UTZ Certified', 'organic']","['sustainable_agriculture', 'organic_certification']","['Certification promotes sustainable farming practices, responsible sourcing, and improved working conditions for farmers.', 'Product has an organic certification/claim, indicating more sustainable agricultural production.']","Environmental baseline uses Eco-Score a-plus. Matched 2 scoring signal(s): UTZ Certified, organic",https://images.openfoodfacts.org/images/products/405/648/930/0786/front_de.158.400.jpg
food,4056489296805,Bio Knusper Müsli Früchte,"Crownfield, Lidl","Berries, Crunchy mueslis with fruits","USDA Organic, EG-Öko-Verordnung, DE-ÖKO-005, EU/non-EU Agriculture, No palm oil, Nutriscore Grade C, AB Agriculture Biologique, Triman","['en:organic', 'en:eu-organic', 'en:non-eu-agriculture', 'en:usda-organic', 'de:eg-öko-verordnung', 'en:de-oko-005', 'en:eu-agriculture', 'en:eu-non-eu-agriculture', 'en:no-palm-oil', 'en:nutriscore', 'en:nutriscore-grade-c', 'fr:ab-agriculture-biologique', 'fr:triman']",a,90,50,50,50,66.0,70,['organic'],['organic_certification'],"['Product has an organic certification/claim, indicating more sustainable agricultural production.']",Environmental baseline uses Eco-Score a. Matched 1 scoring signal(s): organic,https://images.openfoodfacts.org/images/products/405/648/929/6805/front_en.130.400.jpg
food,20775025,Muesli croustillant Noix et Miel,Crownfield,Mueslis with nuts,Triman,['fr:triman'],b,70,50,50,50,58.0,55,[],[],[],Environmental baseline uses Eco-Score b. No positive or negative label evidence found in the current mapping.,https://images.openfoodfacts.org/images/products/000/002/077/5025/front_en.67.400.jpg
food,3111902100020,Muesli bio croustillant 3 chocolats,Charles Vignon,Mueslis with chocolate,"Fair trade, EU Agriculture, FR-BIO-01, No palm oil, AB Agriculture Biologique","['en:fair-trade', 'en:organic', 'en:eu-organic', 'en:eu-agriculture', 'en:fr-bio-01', 'en:no-palm-oil', 'fr:ab-agriculture-biologique']",a,98,60,50,50,71.7,100,"['Fair for Life', 'Biodynamic agriculture', 'EU Organic']","['fairtrade_certification', 'biodynamic_certification', 'organic_certification']","['Fair trade certification promoting fair wages, responsible supply chains, and sustainable livelihoods for producers and workers.', 'Biodynamic farming promotes biodiversity, soil health, ecosystem sustainability, and often exceeds standard organic farming requirements.', 'EU-recognized organic certification, especially relevant for products sold in Germany/EU.']","Environmental baseline uses Eco-Score a. Matched 3 scoring signal(s): Fair for Life, Biodynamic agriculture, EU Organic",https://images.openfoodfacts.org/images/products/311/190/210/0020/front_fr.90.400.jpg
food,4056489209980,Crunchy Muesli Multi Fruit,Crownfield,"Crunchy cereal clusters, Crunchy mueslis with fruits","Green Dot, No colorings, Nutriscore","['en:green-dot', 'en:no-colorings', 'en:nutriscore']",b,70,50,50,50,58.0,55,[],[],[],Environmental baseline uses Eco-Score b. No positive or negative label evidence found in the current mapping.,https://images.openfoodfacts.org/images/products/405/648/920/9980/front_en.93.400.jpg
food,5010029201246,Swiss Style Muesli,"Weetabix, Alpen","Bircher-style mueslis with fruits, Mueslis with nuts","Low or no sugar, Vegetarian, Low salt, Green Dot, High fibres, No added sugar, No palm oil, Nutriscore Grade A, Triman, 100% natural","['en:low-or-no-salt', 'en:low-or-no-sugar', 'en:vegetarian', 'en:low-salt', 'en:source-of-fibre', 'en:green-dot', 'en:high-fibres', 'en:no-added-sugar', 'en:no-palm-oil', 'en:nutriscore', 'en:nutriscore-grade-a', 'fr:triman', 'es:100\xa0% natural']",b,70,50,50,55,59.0,60,['Vegetarian'],['vegetarian_ethics'],"['Indicates reduced reliance on animal products and supports animal welfare considerations, though less strictly than vegan products.']",Environmental baseline uses Eco-Score b. Matched 1 scoring signal(s): Vegetarian,https://images.openfoodfacts.org/images/products/501/002/920/1246/front_en.193.400.jpg
food,3033491235375,Activia bifidus cereales 120 g x 4 muesli,"Danone, Activia, Activia yoghurt cereals/fibres",Bifidus yogurts,"Green Dot, High fibres, Nutriscore Grade B, Triman","['en:source-of-fibre', 'en:green-dot', 'en:high-fibres', 'en:nutriscore', 'en:nutriscore-grade-b', 'fr:triman']",unknown,50,50,50,50,50.0,15,[],[],[],No usable Eco-Score found; environmental score starts from the neutral baseline of 50. No positive or negative label evidence found in the current mapping.,https://images.openfoodfacts.org/images/products/303/349/123/5375/front_fr.145.400.jpg
food,5411188112709,Geröstete Mandel Ohne Zucker,alpro,Almond-based drinks,"Low fat, No gluten, No milk, Calcium source, Certified B Corporation, European Vegetarian Union Vegan, FSC Mix, low saturated fat, No dyes or preservatives, No sugar, Nutriscore Grade B, plant-based, The Vegan Society, Without sweeteners, Triman","['en:low-or-no-fat', 'en:low-or-no-sugar', 'en:vegetarian', 'en:low-fat', 'en:no-gluten', 'en:no-milk', 'en:no-preservatives', 'en:vegan', 'en:calcium-source', 'en:certified-b-corporation', 'en:european-vegetarian-union', 'en:european-vegetarian-union-vegan', 'en:fsc', 'en:fsc-mix', 'en:low-saturated-fat', 'en:no-colorings', 'en:no-dyes-or-preservatives', 'en:no-sugar', 'en:nutriscore', 'en:nutriscore-grade-b', 'en:plant-based', 'en:the-vegan-society', 'en:without-sweeteners', 'fr:triman']",b,75,56,60,69,66.8,100,"['Certified B Corporation', 'Vegan', 'FSC', 'Vegetarian']","['b_corp', 'vegan_ethics', 'sustainable_forestry', 'vegetarian_ethics']","['Certification evaluates a company’s social impact, governance practices, transparency, worker treatment, and environmental responsibility.', 'Indicates products are free from animal-derived ingredients and support animal welfare principles.', 'FSC certification promotes responsible forest management, sustainable sourcing of wood and paper products, and protection of biodiversity and ecosystems.', 'Indicates reduced reliance on animal products and supports animal welfare considerations, though less strictly than vegan products.']","Environmental baseline uses Eco-Score b. Matched 4 scoring signal(s): Certified B Corporation, Vegan, FSC, Vegetarian",https://images.openfoodfacts.org/images/products/541/118/811/2709/front_en.927.400.jpg
food,5411188124689,Hafer Milch,alpro,"Oat-based drinks, haverdrink, plantaardige-drinks, plantaardige-zuivel-alternatieven, vegan-en-plantaardig, vegetarisch","No artificial sweeteners, No milk, Calcium source, Certified B Corporation, European Vegetarian Union Vegan, FSC Mix, Green Dot, High fibres, No dyes or preservatives, No sugar, Nutriscore Grade A, Vitamin B2 source, es:recicla-amarillo, es:recicla-marron, pt:fonte-de-vitamina-d2","['en:low-or-no-sugar', 'en:vegetarian', 'en:no-artificial-sweeteners', 'en:no-milk', 'en:no-preservatives', 'en:source-of-fibre', 'en:vegan', 'en:calcium-source', 'en:certified-b-corporation', 'en:european-vegetarian-union', 'en:european-vegetarian-union-vegan', 'en:fsc', 'en:fsc-mix', 'en:green-dot', 'en:high-fibres', 'en:no-colorings', 'en:no-dyes-or-preservatives', 'en:no-sugar', 'en:nutriscore', 'en:nutriscore-grade-a', 'en:vitamin-b2-source', 'es:recicla-amarillo', 'es:recicla-marron', 'pt:fonte-de-vitamina-d2']",b,75,56,60,69,66.8,100,"['Certified B Corporation', 'Vegan', 'FSC', 'Vegetarian']","['b_corp', 'vegan_ethics', 'sustainable_forestry', 'vegetarian_ethics']","['Certification evaluates a company’s social impact, governance practices, transparency, worker treatment, and environmental responsibility.', 'Indicates products are free from animal-derived ingredients and support animal welfare principles.', 'FSC certification promotes responsible forest management, sustainable sourcing of wood and paper products, and protection of biodiversity and ecosystems.', 'Indicates reduced reliance on animal products and supports animal welfare considerations, though less strictly than vegan products.']","Environmental baseline uses Eco-Score b. Matched 4 scoring signal(s): Certified B Corporation, Vegan, FSC, Vegetarian",https://images.openfoodfacts.org/images/products/541/118/812/4689/front_en.455.400.jpg
food,5411188110835,"Alpro Mandeldrink, Original 1L",alpro,"Almond-based drinks, amandel, cashewdrink, plantaardige-drinks, plantaardige-zuivel-alternatieven, vegan-en-plantaardig, vegetarisch","No milk, Vegan, Calcium source, FSC Mix, No lactose, Nutriscore Grade B, Without addition of dairy products, Triman","['en:vegetarian', 'en:no-milk', 'en:vegan', 'en:calcium-source', 'en:fsc', 'en:fsc-mix', 'en:no-lactose', 'en:nutriscore', 'en:nutriscore-grade-b', 'en:without-addition-of-dairy-products', 'fr:triman']",b,75,50,50,63,62.6,85,"['Vegan', 'FSC', 'Vegetarian']","['vegan_ethics', 'sustainable_forestry', 'vegetarian_ethics']","['Indicates products are free from animal-derived ingredients and support animal welfare principles.', 'FSC certification promotes responsible forest management, sustainable sourcing of wood and paper products, and protection of biodiversity and ecosystems.', 'Indicates reduced reliance on animal products and supports animal welfare considerations, though less strictly than vegan products.']","Environmental baseline uses Eco-Score b. Matched 3 scoring signal(s): Vegan, FSC, Vegetarian",https://images.openfoodfacts.org/images/products/541/118/811/0835/front_en.669.400.jpg
food,5411188119098,Natur mit Kokosnuss,alpro,Soy milk yogurts,"Low fat, Low sugar, No gluten, No milk, 100% vegetable, Calcium source, European Vegetarian Union Vegan, Green Dot, No lactose, Nutriscore Grade B, ProTerra, Rich in vegetable protein, The Vegan Society, Triman","['en:low-or-no-fat', 'en:low-or-no-sugar', 'en:vegetarian', 'en:low-fat', 'en:low-sugar', 'en:no-gluten', 'en:no-milk', 'en:source-of-proteins', 'en:vegan', 'en:100-vegetable', 'en:calcium-source', 'en:european-vegetarian-union', 'en:european-vegetarian-union-vegan', 'en:green-dot', 'en:high-proteins', 'en:no-lactose', 'en:nutriscore', 'en:nutriscore-grade-b', 'en:proterra', 'en:rich-in-vegetable-protein', 'en:the-vegan-society', 'fr:triman']",a,85,50,50,63,66.6,70,"['Vegan', 'Vegetarian']","['vegan_ethics', 'vegetarian_ethics']","['Indicates products are free from animal-derived ingredients and support animal welfare principles.', 'Indicates reduced reliance on animal products and supports animal welfare considerations, though less strictly than vegan products.']","Environmental baseline uses Eco-Score a. Matched 2 scoring signal(s): Vegan, Vegetarian",https://images.openfoodfacts.org/images/products/541/118/811/9098/front_en.393.400.jpg
food,5411188125808,Mango ohne Zuckerzusatz,alpro,Tropical fruits soy yogurts,"No gluten, No GMOs, No milk, Calcium source, Certified B Corporation, European Vegetarian Union Vegan, No added sugar, Nutriscore Grade A, Rich in vegetable protein, Rich in vitamin B, Rich in vitamin B12, Rich in vitamin D, too good to go, Vitamin B12 source, Without sweeteners, Triman","['en:vegetarian', 'en:no-gluten', 'en:no-gmos', 'en:no-milk', 'en:source-of-proteins', 'en:vegan', 'en:calcium-source', 'en:certified-b-corporation', 'en:european-vegetarian-union', 'en:european-vegetarian-union-vegan', 'en:high-proteins', 'en:no-added-sugar', 'en:nutriscore', 'en:nutriscore-grade-a', 'en:rich-in-vegetable-protein', 'en:rich-in-vitamin-b', 'en:rich-in-vitamin-b12', 'en:rich-in-vitamin-d', 'en:too-good-to-go', 'en:vitamin-b12-source', 'en:without-sweeteners', 'fr:triman']",a,85,56,60,69,70.8,90,"['Certified B Corporation', 'Vegan', 'Vegetarian']","['b_corp', 'vegan_ethics', 'vegetarian_ethics']","['Certification evaluates a company’s social impact, governance practices, transparency, worker treatment, and environmental responsibility.', 'Indicates products are free from animal-derived ingredients and support animal welfare principles.', 'Indicates reduced reliance on animal products and supports animal welfare considerations, though less strictly than vegan products.']","Environmental baseline uses Eco-Score a. Matched 3 scoring signal(s): Certified B Corporation, Vegan, Vegetarian",https://images.openfoodfacts.org/images/products/541/118/812/5808/front_de.547.400.jpg
food,3073781131888,Frische Milch & Rahm / Lait frais & Crème,Kiri,"Cow cheeses, Cheeses for kids, Cheeses (perishable), Käse","No preservatives, FSC Mix, Triman","['en:no-preservatives', 'en:fsc', 'en:fsc-mix', 'fr:triman']",c,55,50,50,50,52.0,70,['FSC'],['sustainable_forestry'],"['FSC certification promotes responsible forest management, sustainable sourcing of wood and paper products, and protection of biodiversity and ecosystems.']",Environmental baseline uses Eco-Score c. Matched 1 scoring signal(s): FSC,https://images.openfoodfacts.org/images/products/307/378/113/1888/front_en.39.400.jpg
food,5411188137993,Danone ALPRO® Joghurt Soja Heidelbeere 400g,alpro,Fruit soy yogurts,"Low fat, No gluten, Certified B Corporation, European Vegetarian Union Vegan, High proteins, No lactose, Without addition of dairy products","['en:low-or-no-fat', 'en:vegetarian', 'en:low-fat', 'en:no-gluten', 'en:source-of-proteins', 'en:vegan', 'en:certified-b-corporation', 'en:european-vegetarian-union', 'en:european-vegetarian-union-vegan', 'en:high-proteins', 'en:no-lactose', 'en:without-addition-of-dairy-products']",a,85,56,60,69,70.8,90,"['Certified B Corporation', 'Vegan', 'Vegetarian']","['b_corp', 'vegan_ethics', 'vegetarian_ethics']","['Certification evaluates a company’s social impact, governance practices, transparency, worker treatment, and environmental responsibility.', 'Indicates products are free from animal-derived ingredients and support animal welfare principles.', 'Indicates reduced reliance on animal products and supports animal welfare considerations, though less strictly than vegan products.']","Environmental baseline uses Eco-Score a. Matched 3 scoring signal(s): Certified B Corporation, Vegan, Vegetarian",https://images.openfoodfacts.org/images/products/541/118/813/7993/front_de.172.400.jpg
food,5411188115496,Soja Milch,alpro,"Milk substitutes, Plantaardige drinks, Plantaardige zuivel alternatieven, Sojadrink, Vegan en plantaardig, Vegetarisch","No gluten, Vegan, No lactose, Nutriscore Grade A","['en:vegetarian', 'en:no-gluten', 'en:vegan', 'en:no-lactose', 'en:nutriscore', 'en:nutriscore-grade-a']",unknown,50,50,50,63,52.6,30,"['Vegan', 'Vegetarian']","['vegan_ethics', 'vegetarian_ethics']","['Indicates products are free from animal-derived ingredients and support animal welfare principles.', 'Indicates reduced reliance on animal products and supports animal welfare considerations, though less strictly than vegan products.']","No usable Eco-Score found; environmental score starts from the neutral baseline of 50. Matched 2 scoring signal(s): Vegan, Vegetarian",https://images.openfoodfacts.org/images/products/541/118/811/5496/front_en.163.400.jpg
food,4025500287955,Kefir,müller,Kefir,,[],unknown,50,50,50,50,50.0,15,[],[],[],No usable Eco-Score found; environmental score starts from the neutral baseline of 50. No positive or negative label evidence found in the current mapping.,https://images.openfoodfacts.org/images/products/402/550/028/7955/front_en.25.400.jpg
food,7394376616501,Hafer Barista Edition,Oatly,"Oat-based drinks, haverdrink, plantaardige-drinks, plantaardige-zuivel-alternatieven, vegan-en-plantaardig, vegetarisch","No milk, Vegan, Carbon footprint, FSC Mix, Green Dot, No soy","['en:vegetarian', 'en:no-milk', 'en:vegan', 'en:carbon-footprint', 'en:fsc', 'en:fsc-mix', 'en:green-dot', 'en:no-soy', 'en:carbon-footprint']",b,75,50,50,63,62.6,85,"['Vegan', 'FSC', 'Vegetarian']","['vegan_ethics', 'sustainable_forestry', 'vegetarian_ethics']","['Indicates products are free from animal-derived ingredients and support animal welfare principles.', 'FSC certification promotes responsible forest management, sustainable sourcing of wood and paper products, and protection of biodiversity and ecosystems.', 'Indicates reduced reliance on animal products and supports animal welfare considerations, though less strictly than vegan products.']","Environmental baseline uses Eco-Score b. Matched 3 scoring signal(s): Vegan, FSC, Vegetarian",https://images.openfoodfacts.org/images/products/739/437/661/6501/front_en.190.400.jpg
food,5411188131380,"Alpro Fermentiertes Kokosnussprodukt, Natur, Absolutely 350g",alpro,"Coconutmilk yogurts, pflanzliche-lebensmittel-und-getränke","No gluten, European Vegetarian Union Vegan, No lactose, Nutriscore","['en:vegetarian', 'en:no-gluten', 'en:vegan', 'en:european-vegetarian-union', 'en:european-vegetarian-union-vegan', 'en:no-lactose', 'en:nutriscore']",unknown,50,50,50,63,52.6,30,"['Vegan', 'Vegetarian']","['vegan_ethics', 'vegetarian_ethics']","['Indicates products are free from animal-derived ingredients and support animal welfare principles.', 'Indicates reduced reliance on animal products and supports animal welfare considerations, though less strictly than vegan products.']","No usable Eco-Score found; environmental score starts from the neutral baseline of 50. Matched 2 scoring signal(s): Vegan, Vegetarian",https://images.openfoodfacts.org/images/products/541/118/813/1380/front_en.178.400.jpg
food,5411188124269,"Alpro Joghurtalternative auf Sojabasis, Natur mit Hafer, 500 g",alpro,"Plain soy yogurts, fr:A","Low fat, Low sugar, 100% vegetable, Calcium source, European Vegetarian Union Vegan, Green Dot, High fibres, No lactose, No palm oil, Nutriscore Grade A, Triman, fr:Rico-en-proteinas-vegetales","['en:low-or-no-fat', 'en:low-or-no-sugar', 'en:vegetarian', 'en:low-fat', 'en:low-sugar', 'en:source-of-fibre', 'en:vegan', 'en:100-vegetable', 'en:calcium-source', 'en:european-vegetarian-union', 'en:european-vegetarian-union-vegan', 'en:green-dot', 'en:high-fibres', 'en:no-lactose', 'en:no-palm-oil', 'en:nutriscore', 'en:nutriscore-grade-a', 'fr:triman', 'fr:Rico-en-proteinas-vegetales']",a,85,50,50,63,66.6,70,"['Vegan', 'Vegetarian']","['vegan_ethics', 'vegetarian_ethics']","['Indicates products are free from animal-derived ingredients and support animal welfare principles.', 'Indicates reduced reliance on animal products and supports animal welfare considerations, though less strictly than vegan products.']","Environmental baseline uses Eco-Score a. Matched 2 scoring signal(s): Vegan, Vegetarian",https://images.openfoodfacts.org/images/products/541/118/812/4269/front_en.100.400.jpg
food,7622300315733,Philadelphia Original,"Mondelez, Philadelphia","Fresh cheeses, Cream cheeses, de:Frischkäsezubereitungen","Pasteurized, Green Dot, de:Für Vegetarier geeignet","['en:pasteurized', 'en:green-dot', 'de:Für Vegetarier geeignet']",d,30,50,50,50,42.0,55,[],[],[],Environmental baseline uses Eco-Score d. No positive or negative label evidence found in the current mapping.,https://images.openfoodfacts.org/images/products/762/230/031/5733/front_de.232.400.jpg
food,5411188128649,"Alpro Fermentiertes Sojaprodukt, Erdbeere, Skyr style 400g",alpro,"Soy desserts, Strawberry soy yogurts, comida-no-láctea-fermentada","No gluten, European Vegetarian Union Vegan, No lactose, Nutriscore Grade A","['en:vegetarian', 'en:no-gluten', 'en:vegan', 'en:european-vegetarian-union', 'en:european-vegetarian-union-vegan', 'en:no-lactose', 'en:nutriscore', 'en:nutriscore-grade-a']",a,85,50,50,63,66.6,70,"['Vegan', 'Vegetarian']","['vegan_ethics', 'vegetarian_ethics']","['Indicates products are free from animal-derived ingredients and support animal welfare principles.', 'Indicates reduced reliance on animal products and supports animal welfare considerations, though less strictly than vegan products.']","Environmental baseline uses Eco-Score a. Matched 2 scoring signal(s): Vegan, Vegetarian",https://images.openfoodfacts.org/images/products/541/118/812/8649/front_en.324.400.jpg
food,4001954161010,Original Irische Butter,"Kerrygold, Ornua Deutschland",Butters,Green Dot,['en:green-dot'],d,30,50,50,50,42.0,55,[],[],[],Environmental baseline uses Eco-Score d. No positive or negative label evidence found in the current mapping.,https://images.openfoodfacts.org/images/products/400/195/416/1010/front_de.310.400.jpg
food,5411188138099,Danone ALPRO® Joghurt Soja Natur ungesüßt,alpro,Plain soy yogurts,"No gluten, Certified B Corporation, European Vegetarian Union Vegan, No lactose","['en:vegetarian', 'en:no-gluten', 'en:vegan', 'en:certified-b-corporation', 'en:european-vegetarian-union', 'en:european-vegetarian-union-vegan', 'en:no-lactose']",a,85,56,60,69,70.8,90,"['Certified B Corporation', 'Vegan', 'Vegetarian']","['b_corp', 'vegan_ethics', 'vegetarian_ethics']","['Certification evaluates a company’s social impact, governance practices, transparency, worker treatment, and environmental responsibility.', 'Indicates products are free from animal-derived ingredients and support animal welfare principles.', 'Indicates reduced reliance on animal products and supports animal welfare considerations, though less strictly than vegan products.']","Environmental baseline uses Eco-Score a. Matched 3 scoring signal(s): Certified B Corporation, Vegan, Vegetarian",https://images.openfoodfacts.org/images/products/541/118/813/8099/front_de.153.400.jpg
food,8719200282612,Lätta,Lätta,Light margarines,No palm oil,['en:no-palm-oil'],b,70,50,50,50,58.0,55,[],[],[],Environmental baseline uses Eco-Score b. No positive or negative label evidence found in the current mapping.,https://images.openfoodfacts.org/images/products/871/920/028/2612/front_de.45.400.jpg
food,8001230000787,Parmigiano reggiano,Giovanni Ferrari,"Parmigiano-Reggiano, Fermentierte Lebensmittel, Fermentierte Milch, Italienischer Käse, Kuhmilchkäse, Käse, Milchprodukte","No lactose, PDO, Triman, fr:Autorizzazione-consorzio-parmigiano-reggiano-n-05-2012","['en:no-lactose', 'en:pdo', 'fr:triman', 'fr:Autorizzazione-consorzio-parmigiano-reggiano-n-05-2012']",d,30,50,50,50,42.0,55,[],[],[],Environmental baseline uses Eco-Score d. No positive or negative label evidence found in the current mapping.,https://images.openfoodfacts.org/images/products/800/123/000/0787/front_de.79.400.jpg
food,5411188128588,"Alpro Fermentiertes Sojaprodukt, Ungesüßt, Skyr style 400g",alpro,Plain soy yogurts,"No gluten, Certified B Corporation, European Vegetarian Union Vegan, Green Dot, High proteins, No lactose, No sugar, Nutriscore Grade A, fr:Entrepreneurs + Engagés, Triman, de:proterra-certifié","['en:low-or-no-sugar', 'en:vegetarian', 'en:no-gluten', 'en:source-of-proteins', 'en:vegan', 'en:certified-b-corporation', 'en:european-vegetarian-union', 'en:european-vegetarian-union-vegan', 'en:green-dot', 'en:high-proteins', 'en:no-lactose', 'en:no-sugar', 'en:nutriscore', 'en:nutriscore-grade-a', 'fr:entrepreneurs-engages', 'fr:triman', 'de:proterra-certifié']",a,85,56,60,69,70.8,90,"['Certified B Corporation', 'Vegan', 'Vegetarian']","['b_corp', 'vegan_ethics', 'vegetarian_ethics']","['Certification evaluates a company’s social impact, governance practices, transparency, worker treatment, and environmental responsibility.', 'Indicates products are free from animal-derived ingredients and support animal welfare principles.', 'Indicates reduced reliance on animal products and supports animal welfare considerations, though less strictly than vegan products.']","Environmental baseline uses Eco-Score a. Matched 3 scoring signal(s): Certified B Corporation, Vegan, Vegetarian",https://images.openfoodfacts.org/images/products/541/118/812/8588/front_en.220.400.jpg
food,5411188130031,High Protein Soja Drink,alpro,"Soy-based drinks, Lactose-free milk, Getranke, Hulsenfruchte-und-hulsenfruchtprodukte, Hulsenfruchtmilch, Pflanzliche-getranke, Pflanzliche-lebensmittel-und-getranke, Protein-drinks, Tiefkuhlprodukte","No gluten, Ohne Gentechnik, Nutriscore Grade A, Rich in vegetable protein, The Vegan Society","['en:vegetarian', 'en:no-gluten', 'en:no-gmos', 'en:source-of-proteins', 'en:vegan', 'de:ohne-gentechnik', 'en:high-proteins', 'en:nutriscore', 'en:nutriscore-grade-a', 'en:rich-in-vegetable-protein', 'en:the-vegan-society']",a,87,50,50,68,68.4,75,"['Vegan', 'Ohne Gentechnik', 'Vegetarian']","['vegan_ethics', 'non_gmo', 'vegetarian_ethics']","['Indicates products are free from animal-derived ingredients and support animal welfare principles.', 'Indicates products are produced without genetic engineering, addressing consumer concerns about food production methods and transparency.', 'Indicates reduced reliance on animal products and supports animal welfare considerations, though less strictly than vegan products.']","Environmental baseline uses Eco-Score a. Matched 3 scoring signal(s): Vegan, Ohne Gentechnik, Vegetarian",https://images.openfoodfacts.org/images/products/541/118/813/0031/front_en.179.400.jpg
food,4056489687641,Milch Mandel ohne Zucker,Vemondo,"Almond-based drinks, getränke, pflanzliche-getränke","EG-Öko-Verordnung, DK-ØKO-100, EU/non-EU Agriculture, European Vegetarian Union Vegan, FSC Mix, No added sugar, Nutriscore Grade B","['en:vegetarian', 'en:organic', 'en:eu-organic', 'en:non-eu-agriculture', 'en:vegan', 'de:eg-öko-verordnung', 'en:dk-øko-100', 'en:eu-agriculture', 'en:eu-non-eu-agriculture', 'en:european-vegetarian-union', 'en:european-vegetarian-union-vegan', 'en:fsc', 'en:fsc-mix', 'en:no-added-sugar', 'en:nutriscore', 'en:nutriscore-grade-b']",a,95,50,50,63,70.6,100,"['Vegan', 'organic', 'FSC', 'Vegetarian']","['vegan_ethics', 'organic_certification', 'sustainable_forestry', 'vegetarian_ethics']","['Indicates products are free from animal-derived ingredients and support animal welfare principles.', 'Product has an organic certification/claim, indicating more sustainable agricultural production.', 'FSC certification promotes responsible forest management, sustainable sourcing of wood and paper products, and protection of biodiversity and ecosystems.', 'Indicates reduced reliance on animal products and supports animal welfare considerations, though less strictly than vegan products.']","Environmental baseline uses Eco-Score a. Matched 4 scoring signal(s): Vegan, organic, FSC, Vegetarian",https://images.openfoodfacts.org/images/products/405/648/968/7641/front_en.123.400.jpg
food,4056489258346,High Protein Joghurterzeugnis - Heidelbeere,Lidl,Greek-style yogurts,"Low fat, Green Dot, High proteins, No added sugar, No lactose, Nutriscore Grade A, With sweeteners","['en:low-or-no-fat', 'en:low-fat', 'en:source-of-proteins', 'en:green-dot', 'en:high-proteins', 'en:no-added-sugar', 'en:no-lactose', 'en:nutriscore', 'en:nutriscore-grade-a', 'en:with-sweeteners']",a,85,50,50,50,64.0,55,[],[],[],Environmental baseline uses Eco-Score a. No positive or negative label evidence found in the current mapping.,https://images.openfoodfacts.org/images/products/405/648/925/8346/front_en.250.400.jpg
food,5411188138013,Zitrone Limette aus Soja,alpro,Lemon soy yogurts,"No gluten, European Vegetarian Union Vegan, No lactose, Nutriscore Grade B","['en:vegetarian', 'en:no-gluten', 'en:vegan', 'en:european-vegetarian-union', 'en:european-vegetarian-union-vegan', 'en:no-lactose', 'en:nutriscore', 'en:nutriscore-grade-b']",b,70,50,50,63,60.6,70,"['Vegan', 'Vegetarian']","['vegan_ethics', 'vegetarian_ethics']","['Indicates products are free from animal-derived ingredients and support animal welfare principles.', 'Indicates reduced reliance on animal products and supports animal welfare considerations, though less strictly than vegan products.']","Environmental baseline uses Eco-Score b. Matched 2 scoring signal(s): Vegan, Vegetarian",https://images.openfoodfacts.org/images/products/541/118/813/8013/front_de.56.400.jpg
food,40349558,EDEKA BUTTER Meggle Butter - Meggle Feine Süßrahmbutter 250g 2.29€ 1kg 9.16€,"EDEKA Meggle, Meggle",sweet cream butters,,[],d,30,50,50,50,42.0,55,[],[],[],Environmental baseline uses Eco-Score d. No positive or negative label evidence found in the current mapping.,https://images.openfoodfacts.org/images/products/000/004/034/9558/front_de.147.400.jpg
food,5411188136347,"Alpro Fermentiertes Sojaprodukt, rote Früchte mit Datteln, ohne Zuckerzusatz 400g",alpro,Fruit soy yogurts,"Low fat, No gluten, Calcium source, Certified B Corporation, Contains soy, European Vegetarian Union Vegan, Green Dot, No added sugar, No lactose, Nutriscore Grade A, Rich in vegetable protein, Without addition of dairy products","['en:low-or-no-fat', 'en:vegetarian', 'en:low-fat', 'en:no-gluten', 'en:source-of-proteins', 'en:vegan', 'en:calcium-source', 'en:certified-b-corporation', 'en:contains-soy', 'en:european-vegetarian-union', 'en:european-vegetarian-union-vegan', 'en:green-dot', 'en:high-proteins', 'en:no-added-sugar', 'en:no-lactose', 'en:nutriscore', 'en:nutriscore-grade-a', 'en:rich-in-vegetable-protein', 'en:without-addition-of-dairy-products']",a,85,56,60,69,70.8,90,"['Certified B Corporation', 'Vegan', 'Vegetarian']","['b_corp', 'vegan_ethics', 'vegetarian_ethics']","['Certification evaluates a company’s social impact, governance practices, transparency, worker treatment, and environmental responsibility.', 'Indicates products are free from animal-derived ingredients and support animal welfare principles.', 'Indicates reduced reliance on animal products and supports animal welfare considerations, though less strictly than vegan products.']","Environmental baseline uses Eco-Score a. Matched 3 scoring signal(s): Certified B Corporation, Vegan, Vegetarian",https://images.openfoodfacts.org/images/products/541/118/813/6347/front_de.109.400.jpg
food,8719200262140,Becel Vital,"Becel, Upfield",Margarines,"No preservatives, Vegan","['en:vegetarian', 'en:no-preservatives', 'en:vegan']",b,70,50,50,63,60.6,70,"['Vegan', 'Vegetarian']","['vegan_ethics', 'vegetarian_ethics']","['Indicates products are free from animal-derived ingredients and support animal welfare principles.', 'Indicates reduced reliance on animal products and supports animal welfare considerations, though less strictly than vegan products.']","Environmental baseline uses Eco-Score b. Matched 2 scoring signal(s): Vegan, Vegetarian",https://images.openfoodfacts.org/images/products/871/920/026/2140/front_de.17.400.jpg
food,20681937,Bio Vollkorn Penne Rigante,Naturgut Penny,"Noodles, Durum wheat penne, Durum wheat spaghetti, Penne rigate","French milk, FSC Mix, Nutriscore Grade A, Triman","['en:french-milk', 'en:fsc', 'en:fsc-mix', 'en:nutriscore', 'en:nutriscore-grade-a', 'fr:triman']",unknown,55,50,50,50,52.0,30,['FSC'],['sustainable_forestry'],"['FSC certification promotes responsible forest management, sustainable sourcing of wood and paper products, and protection of biodiversity and ecosystems.']",No usable Eco-Score found; environmental score starts from the neutral baseline of 50. Matched 1 scoring signal(s): FSC,https://images.openfoodfacts.org/images/products/000/002/068/1937/front_en.117.400.jpg
food,7394376621932,Barista Edition Haferdrink,Oatly,"Haverdrink, Plantaardige drinks, Plantaardige zuivel alternatieven, Vegetarisch, vegan en plantaardig","No milk, Vegan, FSC Mix","['en:vegetarian', 'en:no-milk', 'en:vegan', 'en:fsc', 'en:fsc-mix']",unknown,55,50,50,63,54.6,45,"['Vegan', 'FSC', 'Vegetarian']","['vegan_ethics', 'sustainable_forestry', 'vegetarian_ethics']","['Indicates products are free from animal-derived ingredients and support animal welfare principles.', 'FSC certification promotes responsible forest management, sustainable sourcing of wood and paper products, and protection of biodiversity and ecosystems.', 'Indicates reduced reliance on animal products and supports animal welfare considerations, though less strictly than vegan products.']","No usable Eco-Score found; environmental score starts from the neutral baseline of 50. Matched 3 scoring signal(s): Vegan, FSC, Vegetarian",https://images.openfoodfacts.org/images/products/739/437/662/1932/front_en.62.400.jpg
food,8719200233041,Margarine,Rama,Margarines,"100% vegetable, European Vegetarian Union Vegan, Natural ingredients","['en:vegetarian', 'en:vegan', 'en:100-vegetable', 'en:european-vegetarian-union', 'en:european-vegetarian-union-vegan', 'en:natural-ingredients']",b,70,50,50,63,60.6,70,"['Vegan', 'Vegetarian']","['vegan_ethics', 'vegetarian_ethics']","['Indicates products are free from animal-derived ingredients and support animal welfare principles.', 'Indicates reduced reliance on animal products and supports animal welfare considerations, though less strictly than vegan products.']","Environmental baseline uses Eco-Score b. Matched 2 scoring signal(s): Vegan, Vegetarian",https://images.openfoodfacts.org/images/products/871/920/023/3041/front_de.58.400.jpg
food,5711953103766,Frischkäse Buko Frischkäse,"Arla, Arla BUKO","Fresh cheeses, Cream cheeses","No preservatives, Ohne Gentechnik, No flavour enhancer, No thickening agent","['en:no-gmos', 'en:no-preservatives', 'de:ohne-gentechnik', 'en:no-flavour-enhancer', 'en:no-thickening-agent']",c,52,50,50,55,51.8,60,['Ohne Gentechnik'],['non_gmo'],"['Indicates products are produced without genetic engineering, addressing consumer concerns about food production methods and transparency.']",Environmental baseline uses Eco-Score c. Matched 1 scoring signal(s): Ohne Gentechnik,https://images.openfoodfacts.org/images/products/571/195/310/3766/front_de.63.400.jpg
food,4056489012788,Skyr,Milbona,"Fresh cheeses, Skyrs, Cream cheeses","Ohne Gentechnik, Made in Germany, Nutriscore Grade A","['en:no-gmos', 'de:ohne-gentechnik', 'en:made-in-germany', 'en:nutriscore', 'en:nutriscore-grade-a']",a,87,50,50,55,65.8,60,['Ohne Gentechnik'],['non_gmo'],"['Indicates products are produced without genetic engineering, addressing consumer concerns about food production methods and transparency.']",Environmental baseline uses Eco-Score a. Matched 1 scoring signal(s): Ohne Gentechnik,https://images.openfoodfacts.org/images/products/405/648/901/2788/front_en.33.400.jpg
food,8719200261464,Becel Classic,"Becel, Flora Food Germany",Margarines,"No preservatives, 100% vegetable, No palm oil, V-Label International Vegan, de:V","['en:vegetarian', 'en:no-preservatives', 'en:vegan', 'en:100-vegetable', 'en:no-palm-oil', 'en:v-label-international', 'en:v-label-international-vegan', 'de:V']",b,70,50,50,63,60.6,70,"['Vegan', 'Vegetarian']","['vegan_ethics', 'vegetarian_ethics']","['Indicates products are free from animal-derived ingredients and support animal welfare principles.', 'Indicates reduced reliance on animal products and supports animal welfare considerations, though less strictly than vegan products.']","Environmental baseline uses Eco-Score b. Matched 2 scoring signal(s): Vegan, Vegetarian",https://images.openfoodfacts.org/images/products/871/920/026/1464/front_de.22.400.jpg
food,40084107,Überraschung,Kinder,Hollow chocolate eggs,"Contains milk, Not recommended for children under 3 years, Tidy man","['en:not-advised-for-specific-people', 'en:contains-milk', 'en:not-recommended-for-children-under-3-years', 'fr:tidy-man']",unknown,50,50,50,50,50.0,15,[],[],[],No usable Eco-Score found; environmental score starts from the neutral baseline of 50. No positive or negative label evidence found in the current mapping.,https://images.openfoodfacts.org/images/products/000/004/008/4107/front_de.239.400.jpg
food,4001954165018,Butter Kerrygold extra Butter & Rapsöl - ungesalzen,Kerrygold,"Butters, de:Streichfette",Green Dot,['en:green-dot'],d,30,50,50,50,42.0,55,[],[],[],Environmental baseline uses Eco-Score d. No positive or negative label evidence found in the current mapping.,https://images.openfoodfacts.org/images/products/400/195/416/5018/front_de.131.400.jpg
food,4008452010222,BUTTER,"Butter, EDEKA BUTTER Weihenstephan, Unternehmensgruppe Theo Müller S.e.c.s., Weihenstephan","mildly soured butters, de:Deutsche Markenbutter",Ohne Gentechnik,"['en:no-gmos', 'de:ohne-gentechnik']",d,32,50,50,55,43.8,60,['Ohne Gentechnik'],['non_gmo'],"['Indicates products are produced without genetic engineering, addressing consumer concerns about food production methods and transparency.']",Environmental baseline uses Eco-Score d. Matched 1 scoring signal(s): Ohne Gentechnik,https://images.openfoodfacts.org/images/products/400/845/201/0222/front_en.78.400.jpg
food,4056489135760,Sonnenblumenmargarine,"Vita d'Or, VitaD'or","Salted spreads, Margarines","European Vegetarian Union Vegan, Nutriscore Grade D, With Sunflower oil","['en:vegetarian', 'en:vegan', 'en:european-vegetarian-union', 'en:european-vegetarian-union-vegan', 'en:nutriscore', 'en:nutriscore-grade-d', 'en:with-sunflower-oil']",b,70,50,50,63,60.6,70,"['Vegan', 'Vegetarian']","['vegan_ethics', 'vegetarian_ethics']","['Indicates products are free from animal-derived ingredients and support animal welfare principles.', 'Indicates reduced reliance on animal products and supports animal welfare considerations, though less strictly than vegan products.']","Environmental baseline uses Eco-Score b. Matched 2 scoring signal(s): Vegan, Vegetarian",https://images.openfoodfacts.org/images/products/405/648/913/5760/front_en.72.400.jpg
food,4061458047685,Frischkäse,Milsani,Fresh cheeses,"Ohne Gentechnik, 2019 Gold medal of the German Agricultural Society, 2021 Gold medal of the German Agricultural Society, 2023 Gold medal of the German Agricultural Society, Nutriscore Grade D, V-Label International Vegetarian","['en:vegetarian', 'en:german-agricultural-society', 'en:gold-medal-of-the-german-agricultural-society', 'en:no-gmos', 'de:ohne-gentechnik', 'en:2019-gold-medal-of-the-german-agricultural-society', 'en:2021-gold-medal-of-the-german-agricultural-society', 'en:2023-gold-medal-of-the-german-agricultural-society', 'en:nutriscore', 'en:nutriscore-grade-d', 'en:v-label-international', 'en:v-label-international-vegetarian']",c,52,50,50,60,52.8,65,"['Ohne Gentechnik', 'Vegetarian']","['non_gmo', 'vegetarian_ethics']","['Indicates products are produced without genetic engineering, addressing consumer concerns about food production methods and transparency.', 'Indicates reduced reliance on animal products and supports animal welfare considerations, though less strictly than vegan products.']","Environmental baseline uses Eco-Score c. Matched 2 scoring signal(s): Ohne Gentechnik, Vegetarian",https://images.openfoodfacts.org/images/products/406/145/804/7685/front_de.108.400.jpg
food,3228021000084,Meersalz-Butter,"Lactalis, President","de:Streichfette, Salted butters","Green Dot, Made in France","['en:green-dot', 'en:made-in-france']",d,30,50,50,50,42.0,55,[],[],[],Environmental baseline uses Eco-Score d. No positive or negative label evidence found in the current mapping.,https://images.openfoodfacts.org/images/products/322/802/100/0084/front_de.128.400.jpg
food,4002671157751,Hüttenkäse Original,Gervais,"Cream cheeses, Plain cottage cheeses","Low or no sugar, Low fat, No gluten, Ohne Gentechnik, No palm oil, No soy","['en:low-or-no-fat', 'en:low-or-no-sugar', 'en:low-fat', 'en:no-gluten', 'en:no-gmos', 'de:ohne-gentechnik', 'en:no-palm-oil', 'en:no-soy']",c,52,50,50,55,51.8,60,['Ohne Gentechnik'],['non_gmo'],"['Indicates products are produced without genetic engineering, addressing consumer concerns about food production methods and transparency.']",Environmental baseline uses Eco-Score c. Matched 1 scoring signal(s): Ohne Gentechnik,https://images.openfoodfacts.org/images/products/400/267/115/7751/front_de.95.400.jpg
food,4104060030772,Bio-Skyr Natur,ANDECHSER NATUR,"Cheeses, Skyrs, fr:Fromages blancs natures","Bioland, DE-ÖKO-001, High proteins, fr:Agriculture Allemagne","['en:organic', 'en:eu-organic', 'en:source-of-proteins', 'en:bioland', 'en:de-oko-001', 'en:high-proteins', 'fr:Agriculture Allemagne']",a-plus,90,50,50,50,66.0,70,['organic'],['organic_certification'],"['Product has an organic certification/claim, indicating more sustainable agricultural production.']",Environmental baseline uses Eco-Score a-plus. Matched 1 scoring signal(s): organic,https://images.openfoodfacts.org/images/products/410/406/003/0772/front_de.61.400.jpg
food,4335619096431,Soja Classic,Vemondo,Plain soy yogurts,"Vegan, FSC Mix, No added sugar, Nutriscore Grade A, Nutriscore Grade B","['en:vegetarian', 'en:vegan', 'en:fsc', 'en:fsc-mix', 'en:no-added-sugar', 'en:nutriscore', 'en:nutriscore-grade-a', 'en:nutriscore-grade-b']",a,90,50,50,63,68.6,85,"['Vegan', 'FSC', 'Vegetarian']","['vegan_ethics', 'sustainable_forestry', 'vegetarian_ethics']","['Indicates products are free from animal-derived ingredients and support animal welfare principles.', 'FSC certification promotes responsible forest management, sustainable sourcing of wood and paper products, and protection of biodiversity and ecosystems.', 'Indicates reduced reliance on animal products and supports animal welfare considerations, though less strictly than vegan products.']","Environmental baseline uses Eco-Score a. Matched 3 scoring signal(s): Vegan, FSC, Vegetarian",https://images.openfoodfacts.org/images/products/433/561/909/6431/front_de.31.400.jpg
food,20917906,Joghurt mild,Milbona,Cow milk yogurts,"Ohne Gentechnik, Nutriscore Grade B","['en:no-gmos', 'de:ohne-gentechnik', 'en:nutriscore', 'en:nutriscore-grade-b']",a,87,50,50,55,65.8,60,['Ohne Gentechnik'],['non_gmo'],"['Indicates products are produced without genetic engineering, addressing consumer concerns about food production methods and transparency.']",Environmental baseline uses Eco-Score a. Matched 1 scoring signal(s): Ohne Gentechnik,https://images.openfoodfacts.org/images/products/000/002/091/7906/front_de.120.400.jpg
food,4006402010100,edelblu Classic,Bergader,"Cow cheeses, Blue-veined cheeses",Green Dot,['en:green-dot'],d,30,50,50,50,42.0,55,[],[],[],Environmental baseline uses Eco-Score d. No positive or negative label evidence found in the current mapping.,https://images.openfoodfacts.org/images/products/400/640/201/0100/front_de.31.400.jpg
food,4019300005208,"Fitline Natur 0,2% Fett",Exquisa,"Cheese spreads, Cream cheeses",,[],d,30,50,50,50,42.0,55,[],[],[],Environmental baseline uses Eco-Score d. No positive or negative label evidence found in the current mapping.,https://images.openfoodfacts.org/images/products/401/930/000/5208/front_de.153.400.jpg
food,4025500186821,Kalinka Kefir,müller,Kefir,High proteins,"['en:source-of-proteins', 'en:high-proteins']",unknown,50,50,50,50,50.0,15,[],[],[],No usable Eco-Score found; environmental score starts from the neutral baseline of 50. No positive or negative label evidence found in the current mapping.,https://images.openfoodfacts.org/images/products/402/550/018/6821/front_de.127.400.jpg
food,4008452027602,"H-Milch 3,5%",Weihenstephan,"Beverages, UHT Milks, Whole milks",FSC,['en:fsc'],c,55,50,50,50,52.0,70,['FSC'],['sustainable_forestry'],"['FSC certification promotes responsible forest management, sustainable sourcing of wood and paper products, and protection of biodiversity and ecosystems.']",Environmental baseline uses Eco-Score c. Matched 1 scoring signal(s): FSC,https://images.openfoodfacts.org/images/products/400/845/202/7602/front_en.166.400.jpg
food,3161710000678,Camembert,Géramont,Camemberts,"Source of proteins, No lactose, de:Reich an Calcium","['en:source-of-proteins', 'en:no-lactose', 'de:Reich an Calcium']",c,50,50,50,50,50.0,55,[],[],[],Environmental baseline uses Eco-Score c. No positive or negative label evidence found in the current mapping.,https://images.openfoodfacts.org/images/products/316/171/000/0678/front_de.98.400.jpg
food,4002468084000,Almette Natur 4002468084000 Frischkäse,Almette,Cream cheeses,Ohne Gentechnik,"['en:no-gmos', 'de:ohne-gentechnik']",c,52,50,50,55,51.8,60,['Ohne Gentechnik'],['non_gmo'],"['Indicates products are produced without genetic engineering, addressing consumer concerns about food production methods and transparency.']",Environmental baseline uses Eco-Score c. Matched 1 scoring signal(s): Ohne Gentechnik,https://images.openfoodfacts.org/images/products/400/246/808/4000/front_de.33.400.jpg
food,8721800405346,"Käse Leerdammer Original Mild-Nussig 8721800405346 Schnittkäse, 45 % Fett i. Tr.",Leerdammer,"Fermented milk products, käse, scheibenkäse","Ohne Gentechnik, FSC Mix","['en:no-gmos', 'de:ohne-gentechnik', 'en:fsc', 'en:fsc-mix']",unknown,57,50,50,55,53.8,35,"['Ohne Gentechnik', 'FSC']","['non_gmo', 'sustainable_forestry']","['Indicates products are produced without genetic engineering, addressing consumer concerns about food production methods and transparency.', 'FSC certification promotes responsible forest management, sustainable sourcing of wood and paper products, and protection of biodiversity and ecosystems.']","No usable Eco-Score found; environmental score starts from the neutral baseline of 50. Matched 2 scoring signal(s): Ohne Gentechnik, FSC",https://images.openfoodfacts.org/images/products/872/180/040/5346/front_de.68.400.jpg
food,5411188137979,Soja Natur,alpro,Plain soy yogurts,"Low or no sugar, Low fat, No gluten, Calcium source, European Vegetarian Union Vegan, High proteins, No lactose","['en:low-or-no-fat', 'en:low-or-no-sugar', 'en:vegetarian', 'en:low-fat', 'en:no-gluten', 'en:source-of-proteins', 'en:vegan', 'en:calcium-source', 'en:european-vegetarian-union', 'en:european-vegetarian-union-vegan', 'en:high-proteins', 'en:no-lactose']",a,85,50,50,63,66.6,70,"['Vegan', 'Vegetarian']","['vegan_ethics', 'vegetarian_ethics']","['Indicates products are free from animal-derived ingredients and support animal welfare principles.', 'Indicates reduced reliance on animal products and supports animal welfare considerations, though less strictly than vegan products.']","Environmental baseline uses Eco-Score a. Matched 2 scoring signal(s): Vegan, Vegetarian",https://images.openfoodfacts.org/images/products/541/118/813/7979/front_de.71.400.jpg
food,20082857,Frischkäse der Sahnige,Milbona,"Salted spreads, Fresh cheeses, Cream cheeses","No gluten, No GMOs, de:05 PP, de:41 ALU","['en:no-gluten', 'en:no-gmos', 'de:05 PP', 'de:41 ALU']",d,30,50,50,50,42.0,55,[],[],[],Environmental baseline uses Eco-Score d. No positive or negative label evidence found in the current mapping.,https://images.openfoodfacts.org/images/products/000/002/008/2857/front_de.107.400.jpg
food,20281151,Crème brûlée,Deluxe,Crème brûlée,"Free range eggs, French milk, Triman","['en:free-range', 'en:free-range-eggs', 'en:french-milk', 'fr:triman']",a,85,50,50,50,64.0,55,[],[],[],Environmental baseline uses Eco-Score a. No positive or negative label evidence found in the current mapping.,https://images.openfoodfacts.org/images/products/000/002/028/1151/front_de.174.400.jpg
food,4016241030603,Skyr Natur,Arla,"Skyrs, Cream cheeses","Made in Germany, too good to go","['en:made-in-germany', 'en:too-good-to-go']",a,85,50,50,50,64.0,55,[],[],[],Environmental baseline uses Eco-Score a. No positive or negative label evidence found in the current mapping.,https://images.openfoodfacts.org/images/products/401/624/103/0603/front_de.160.400.jpg
food,4061458047692,"Körniger Frischkäse, Halbfettstufe",Milsani,"Cream cheeses, Plain cottage cheeses","Vegetarian, Ohne Gentechnik, 2023 Gold medal of the German Agricultural Society, Nutriscore Grade A, Nutriscore Grade B","['en:vegetarian', 'en:german-agricultural-society', 'en:gold-medal-of-the-german-agricultural-society', 'en:no-gmos', 'de:ohne-gentechnik', 'en:2023-gold-medal-of-the-german-agricultural-society', 'en:nutriscore', 'en:nutriscore-grade-a', 'en:nutriscore-grade-b']",c,52,50,50,60,52.8,65,"['Ohne Gentechnik', 'Vegetarian']","['non_gmo', 'vegetarian_ethics']","['Indicates products are produced without genetic engineering, addressing consumer concerns about food production methods and transparency.', 'Indicates reduced reliance on animal products and supports animal welfare considerations, though less strictly than vegan products.']","Environmental baseline uses Eco-Score c. Matched 2 scoring signal(s): Ohne Gentechnik, Vegetarian",https://images.openfoodfacts.org/images/products/406/145/804/7692/front_de.168.400.jpg
food,4056489110149,Creme Joghurt mild Pfirsich Maracuja,Milbona,"Fruit yogurts, Fermentierte Lebensmittel, Fermentierte Milch, Fruchtjoghurt, Joghurt, Milchnachspeisen, Milchprodukte","Green Dot, Nutriscore Grade C","['en:green-dot', 'en:nutriscore', 'en:nutriscore-grade-c']",a,85,50,50,50,64.0,55,[],[],[],Environmental baseline uses Eco-Score a. No positive or negative label evidence found in the current mapping.,https://images.openfoodfacts.org/images/products/405/648/911/0149/front_en.50.400.jpg
food,7622300318116,Philadelphia Kräuter Doppelrahmstufe,Philadelphia,"Cheese spreads, Cream cheeses",Vegetarian,['en:vegetarian'],d,30,50,50,55,43.0,60,['Vegetarian'],['vegetarian_ethics'],"['Indicates reduced reliance on animal products and supports animal welfare considerations, though less strictly than vegan products.']",Environmental baseline uses Eco-Score d. Matched 1 scoring signal(s): Vegetarian,https://images.openfoodfacts.org/images/products/762/230/031/8116/front_de.101.400.jpg
food,4061458298292,Körniger Frischkäse,Naturland,"Fresh cheeses, Cheese spreads, Cream cheeses","Vegetarian, EU Organic, Haltungsform 5, Ohne Gentechnik, Naturland, Nutriscore Grade B","['en:vegetarian', 'en:organic', 'en:eu-organic', 'en:no-gmos', 'de:haltungsform', 'de:haltungsform-5-bio', 'de:ohne-gentechnik', 'en:naturland', 'en:nutriscore', 'en:nutriscore-grade-b']",c,71,56,50,60,61.9,100,"['Naturland Fair', 'Biodynamic agriculture', 'Ohne Gentechnik', 'organic', 'Vegetarian']","['naturland_fair', 'biodynamic_certification', 'non_gmo', 'organic_certification', 'vegetarian_ethics']","['Combines organic farming requirements with fair trade principles, promoting environmental sustainability and fair treatment of producers.', 'Biodynamic farming promotes biodiversity, soil health, ecosystem sustainability, and often exceeds standard organic farming requirements.', 'Indicates products are produced without genetic engineering, addressing consumer concerns about food production methods and transparency.', 'Product has an organic certification/claim, indicating more sustainable agricultural production.', 'Indicates reduced reliance on animal products and supports animal welfare considerations, though less strictly than vegan products.']","Environmental baseline uses Eco-Score c. Matched 5 scoring signal(s): Naturland Fair, Biodynamic agriculture, Ohne Gentechnik, organic, Vegetarian",https://images.openfoodfacts.org/images/products/406/145/829/8292/front_de.17.400.jpg
food,4104060031960,Bio-Kefir,ANDECHSER NATUR,Kefir,"EU Organic, Bioland","['en:organic', 'en:eu-organic', 'en:bioland']",unknown,55,50,50,50,52.0,30,['organic'],['organic_certification'],"['Product has an organic certification/claim, indicating more sustainable agricultural production.']",No usable Eco-Score found; environmental score starts from the neutral baseline of 50. Matched 1 scoring signal(s): organic,https://images.openfoodfacts.org/images/products/410/406/003/1960/front_de.21.400.jpg
food,4104420094987,Soja Drink Natur,"Alnatura, Alnatura GmbH","Unsweetened plain soy-based drinks, de:Hülsenfrüchtedrinks","No gluten, No milk, de:Bio 7 Initiative, EG-Öko-Verordnung, Bioland, DE-ÖKO-001, DE-ÖKO-003, DE-ÖKO-013, EU/non-EU Agriculture, FSC Mix, Made in Germany, No added sugar, No lactose, Rich in vegetable protein, The Vegan Society, de:Fsc-c014047, de:VEGAN SOCIETY VEGAN LOGO","['en:vegetarian', 'en:no-gluten', 'en:organic', 'en:eu-organic', 'en:no-milk', 'en:non-eu-agriculture', 'en:source-of-proteins', 'en:vegan', 'de:bio-7-initiative', 'de:eg-öko-verordnung', 'en:bioland', 'en:de-oko-001', 'en:de-oko-003', 'en:de-oko-013', 'en:eu-agriculture', 'en:eu-non-eu-agriculture', 'en:fsc', 'en:fsc-mix', 'en:high-proteins', 'en:made-in-germany', 'en:no-added-sugar', 'en:no-lactose', 'en:rich-in-vegetable-protein', 'en:the-vegan-society', 'de:Fsc-c014047', 'de:VEGAN SOCIETY VEGAN LOGO']",a-plus,100,50,50,63,72.6,100,"['Biodynamic agriculture', 'Vegan', 'organic', 'FSC', 'Vegetarian']","['biodynamic_certification', 'vegan_ethics', 'organic_certification', 'sustainable_forestry', 'vegetarian_ethics']","['Biodynamic farming promotes biodiversity, soil health, ecosystem sustainability, and often exceeds standard organic farming requirements.', 'Indicates products are free from animal-derived ingredients and support animal welfare principles.', 'Product has an organic certification/claim, indicating more sustainable agricultural production.', 'FSC certification promotes responsible forest management, sustainable sourcing of wood and paper products, and protection of biodiversity and ecosystems.', 'Indicates reduced reliance on animal products and supports animal welfare considerations, though less strictly than vegan products.']","Environmental baseline uses Eco-Score a-plus. Matched 5 scoring signal(s): Biodynamic agriculture, Vegan, organic, FSC, Vegetarian",https://images.openfoodfacts.org/images/products/410/442/009/4987/front_en.85.400.jpg
food,4061458018913,Streichfein ungesalzen,MILSANI,Butters,Nutriscore Grade D,"['en:nutriscore', 'en:nutriscore-grade-d']",e,15,50,50,50,36.0,55,[],[],[],Environmental baseline uses Eco-Score e. No positive or negative label evidence found in the current mapping.,https://images.openfoodfacts.org/images/products/406/145/801/8913/front_de.97.400.jpg
food,5711953103780,Buko Balance,Arla BUKO,"Cream cheeses, de:Frischkäsezubereitungen",,[],d,30,50,50,50,42.0,55,[],[],[],Environmental baseline uses Eco-Score d. No positive or negative label evidence found in the current mapping.,https://images.openfoodfacts.org/images/products/571/195/310/3780/front_de.35.400.jpg
food,4061462842986,"H-Vollmilch 3,5 % Fett",Milsani,"Beverages, UHT Milks, Whole milks","Haltungsform 3, Ohne Gentechnik, FSC Mix, Nutriscore Grade C, de:Dlg-tierwohl-3-4","['en:no-gmos', 'de:haltungsform', 'de:haltungsform-3-frischluftklima', 'de:ohne-gentechnik', 'en:fsc', 'en:fsc-mix', 'en:nutriscore', 'en:nutriscore-grade-c', 'de:Dlg-tierwohl-3-4']",d,37,50,50,55,45.8,75,"['Ohne Gentechnik', 'FSC']","['non_gmo', 'sustainable_forestry']","['Indicates products are produced without genetic engineering, addressing consumer concerns about food production methods and transparency.', 'FSC certification promotes responsible forest management, sustainable sourcing of wood and paper products, and protection of biodiversity and ecosystems.']","Environmental baseline uses Eco-Score d. Matched 2 scoring signal(s): Ohne Gentechnik, FSC",https://images.openfoodfacts.org/images/products/406/146/284/2986/front_de.96.400.jpg
food,4003490323600,Joghurt Griechischer Art,Elinas,"Beverages, Greek-style yogurts","No gluten, Ohne Gentechnik, Made in Germany, No added sugar","['en:no-gluten', 'en:no-gmos', 'de:ohne-gentechnik', 'en:made-in-germany', 'en:no-added-sugar']",e,17,50,50,55,37.8,60,['Ohne Gentechnik'],['non_gmo'],"['Indicates products are produced without genetic engineering, addressing consumer concerns about food production methods and transparency.']",Environmental baseline uses Eco-Score e. Matched 1 scoring signal(s): Ohne Gentechnik,https://images.openfoodfacts.org/images/products/400/349/032/3600/front_de.124.400.jpg
food,4337256453776,Frischkäse,REWE Bio,"Fresh cheeses, Cream cheeses","EU Organic, Ohne Gentechnik, de:Pro Planet, Naturland","['en:organic', 'en:eu-organic', 'en:no-gmos', 'de:ohne-gentechnik', 'de:pro-planet', 'en:naturland']",c,63,56,50,55,57.7,90,"['Naturland Fair', 'Ohne Gentechnik', 'EU Organic']","['naturland_fair', 'non_gmo', 'organic_certification']","['Combines organic farming requirements with fair trade principles, promoting environmental sustainability and fair treatment of producers.', 'Indicates products are produced without genetic engineering, addressing consumer concerns about food production methods and transparency.', 'EU-recognized organic certification, especially relevant for products sold in Germany/EU.']","Environmental baseline uses Eco-Score c. Matched 3 scoring signal(s): Naturland Fair, Ohne Gentechnik, EU Organic",https://images.openfoodfacts.org/images/products/433/725/645/3776/front_de.32.400.jpg
food,20053468,Gorgonzola DOP mild,"Milbona, Igor",Gorgonzolas,"Made in Italy, PDO, Triman","['en:made-in-italy', 'en:pdo', 'fr:triman']",d,30,50,50,50,42.0,55,[],[],[],Environmental baseline uses Eco-Score d. No positive or negative label evidence found in the current mapping.,https://images.openfoodfacts.org/images/products/000/002/005/3468/front_de.60.400.jpg
food,7394376620744,Hafermilch Voll,Oatly,Oat-based drinks,"No milk, Vegan, FSC, Green Dot, No soy","['en:vegetarian', 'en:no-milk', 'en:vegan', 'en:fsc', 'en:green-dot', 'en:no-soy']",c,55,50,50,63,54.6,85,"['Vegan', 'FSC', 'Vegetarian']","['vegan_ethics', 'sustainable_forestry', 'vegetarian_ethics']","['Indicates products are free from animal-derived ingredients and support animal welfare principles.', 'FSC certification promotes responsible forest management, sustainable sourcing of wood and paper products, and protection of biodiversity and ecosystems.', 'Indicates reduced reliance on animal products and supports animal welfare considerations, though less strictly than vegan products.']","Environmental baseline uses Eco-Score c. Matched 3 scoring signal(s): Vegan, FSC, Vegetarian",https://images.openfoodfacts.org/images/products/739/437/662/0744/front_de.76.400.jpg
food,3090291386041,Käse Fol Epi classic,Fol Epi,"Cow cheeses, Pasteurized cheeses, Sliced cheeses","Green Dot, High in calcium, No lactose","['en:green-dot', 'en:high-in-calcium', 'en:no-lactose']",d,30,50,50,50,42.0,55,[],[],[],Environmental baseline uses Eco-Score d. No positive or negative label evidence found in the current mapping.,https://images.openfoodfacts.org/images/products/309/029/138/6041/front_de.93.400.jpg
food,4335619096448,Soja Vanille Geschmack,Vemondo,Soy milk yogurts,"Vegan, FSC Mix, Nutriscore Grade B","['en:vegetarian', 'en:vegan', 'en:fsc', 'en:fsc-mix', 'en:nutriscore', 'en:nutriscore-grade-b']",a,90,50,50,63,68.6,85,"['Vegan', 'FSC', 'Vegetarian']","['vegan_ethics', 'sustainable_forestry', 'vegetarian_ethics']","['Indicates products are free from animal-derived ingredients and support animal welfare principles.', 'FSC certification promotes responsible forest management, sustainable sourcing of wood and paper products, and protection of biodiversity and ecosystems.', 'Indicates reduced reliance on animal products and supports animal welfare considerations, though less strictly than vegan products.']","Environmental baseline uses Eco-Score a. Matched 3 scoring signal(s): Vegan, FSC, Vegetarian",https://images.openfoodfacts.org/images/products/433/561/909/6448/front_de.39.400.jpg
food,5410396152934,Kerrygold Cheddar herzhaft,"Kerrygold, Ornua Deutschland",Cheddar cheese,"Vegetarian, Green Dot, No lactose, de:Unter Schutzatmosphäre verpackt","['en:vegetarian', 'en:green-dot', 'en:no-lactose', 'de:Unter Schutzatmosphäre verpackt']",d,30,50,50,55,43.0,60,['Vegetarian'],['vegetarian_ethics'],"['Indicates reduced reliance on animal products and supports animal welfare considerations, though less strictly than vegan products.']",Environmental baseline uses Eco-Score d. Matched 1 scoring signal(s): Vegetarian,https://images.openfoodfacts.org/images/products/541/039/615/2934/front_en.139.400.jpg
food,4034900008145,Meggle Butter Streichzart - ungesalzen,Meggle,"Salted spreads, Dairy spreads, Margarines, de:Mischstreichfett, de:Streichfette",,[],b,70,50,50,50,58.0,55,[],[],[],Environmental baseline uses Eco-Score b. No positive or negative label evidence found in the current mapping.,https://images.openfoodfacts.org/images/products/403/490/000/8145/front_de.63.400.jpg
food,4019300168095,Milder Skyr,Exquisa,"Skyrs, Cream cheeses",,[],a,85,50,50,50,64.0,55,[],[],[],Environmental baseline uses Eco-Score a. No positive or negative label evidence found in the current mapping.,https://images.openfoodfacts.org/images/products/401/930/016/8095/front_en.24.400.jpg
food,5411188138112,EDEKA Alpro Danone ALPRO® Joghurt Soja Hafer 400g 1.99€ 1kg 4.98€,alpro,"Yogurts, Plain soy yogurts","No lactose, Nutriscore Grade A","['en:no-lactose', 'en:nutriscore', 'en:nutriscore-grade-a']",a,85,50,50,50,64.0,55,[],[],[],Environmental baseline uses Eco-Score a. No positive or negative label evidence found in the current mapping.,https://images.openfoodfacts.org/images/products/541/118/813/8112/front_de.22.400.jpg
food,8719200263543,Becel ProActiv Margarine,Becel,Margarines,,[],b,70,50,50,50,58.0,55,[],[],[],Environmental baseline uses Eco-Score b. No positive or negative label evidence found in the current mapping.,https://images.openfoodfacts.org/images/products/871/920/026/3543/front_de.9.400.jpg
food,20851750,Mini Mozzarella,Milbona,Cow mozzarella,"Ohne Gentechnik, V-Label International Vegetarian","['en:vegetarian', 'en:no-gmos', 'de:ohne-gentechnik', 'en:v-label-international', 'en:v-label-international-vegetarian']",c,52,50,50,60,52.8,65,"['Ohne Gentechnik', 'Vegetarian']","['non_gmo', 'vegetarian_ethics']","['Indicates products are produced without genetic engineering, addressing consumer concerns about food production methods and transparency.', 'Indicates reduced reliance on animal products and supports animal welfare considerations, though less strictly than vegan products.']","Environmental baseline uses Eco-Score c. Matched 2 scoring signal(s): Ohne Gentechnik, Vegetarian",https://images.openfoodfacts.org/images/products/000/002/085/1750/front_en.107.400.jpg
food,4003751002848,Obazda klassisch,Alpenhain,Camemberts,"Vegetarian, No gluten, No preservatives, Ohne Gentechnik, PGI","['en:vegetarian', 'en:no-gluten', 'en:no-gmos', 'en:no-preservatives', 'de:ohne-gentechnik', 'en:pgi']",c,52,50,50,60,52.8,65,"['Ohne Gentechnik', 'Vegetarian']","['non_gmo', 'vegetarian_ethics']","['Indicates products are produced without genetic engineering, addressing consumer concerns about food production methods and transparency.', 'Indicates reduced reliance on animal products and supports animal welfare considerations, though less strictly than vegan products.']","Environmental baseline uses Eco-Score c. Matched 2 scoring signal(s): Ohne Gentechnik, Vegetarian",https://images.openfoodfacts.org/images/products/400/375/100/2848/front_de.97.400.jpg
food,8719200233744,Butter,Rama,"Margarines, de:Pflanzliche-streichfette, de:Pflanzliches Streichfett","No preservatives, Made in the EU, No palm oil, V-Label International Vegan","['en:vegetarian', 'en:no-preservatives', 'en:vegan', 'en:made-in-the-eu', 'en:no-palm-oil', 'en:v-label-international', 'en:v-label-international-vegan']",b,70,50,50,63,60.6,70,"['Vegan', 'Vegetarian']","['vegan_ethics', 'vegetarian_ethics']","['Indicates products are free from animal-derived ingredients and support animal welfare principles.', 'Indicates reduced reliance on animal products and supports animal welfare considerations, though less strictly than vegan products.']","Environmental baseline uses Eco-Score b. Matched 2 scoring signal(s): Vegan, Vegetarian",https://images.openfoodfacts.org/images/products/871/920/023/3744/front_de.56.400.jpg
food,4000400008053,Kräuter der Provence,Bresso,"Cow cheeses, Cheese spreads, Cream cheeses","Ohne Gentechnik, natural flavors","['en:no-gmos', 'de:ohne-gentechnik', 'en:natural-flavors']",d,32,50,50,55,43.8,60,['Ohne Gentechnik'],['non_gmo'],"['Indicates products are produced without genetic engineering, addressing consumer concerns about food production methods and transparency.']",Environmental baseline uses Eco-Score d. Matched 1 scoring signal(s): Ohne Gentechnik,https://images.openfoodfacts.org/images/products/400/040/000/8053/front_de.100.400.jpg
food,4002468084017,Frischkäse Almette Kräuter,Almette,"Fresh cheeses, Cream cheeses","No preservatives, Ohne Gentechnik, Green Dot, de:DLG Tierwohl Silber","['en:no-gmos', 'en:no-preservatives', 'de:ohne-gentechnik', 'en:green-dot', 'de:DLG Tierwohl Silber']",d,32,50,50,55,43.8,60,['Ohne Gentechnik'],['non_gmo'],"['Indicates products are produced without genetic engineering, addressing consumer concerns about food production methods and transparency.']",Environmental baseline uses Eco-Score d. Matched 1 scoring signal(s): Ohne Gentechnik,https://images.openfoodfacts.org/images/products/400/246/808/4017/front_de.84.400.jpg
food,5411188128601,Skyr Alternative Vanille aus Soja,alpro,Soy milk yogurts,"No gluten, Certified B Corporation, High proteins, V-Label International Vegan","['en:vegetarian', 'en:no-gluten', 'en:source-of-proteins', 'en:vegan', 'en:certified-b-corporation', 'en:high-proteins', 'en:v-label-international', 'en:v-label-international-vegan']",a,85,56,60,69,70.8,90,"['Certified B Corporation', 'Vegan', 'Vegetarian']","['b_corp', 'vegan_ethics', 'vegetarian_ethics']","['Certification evaluates a company’s social impact, governance practices, transparency, worker treatment, and environmental responsibility.', 'Indicates products are free from animal-derived ingredients and support animal welfare principles.', 'Indicates reduced reliance on animal products and supports animal welfare considerations, though less strictly than vegan products.']","Environmental baseline uses Eco-Score a. Matched 3 scoring signal(s): Certified B Corporation, Vegan, Vegetarian",https://images.openfoodfacts.org/images/products/541/118/812/8601/front_de.151.400.jpg
food,3023260033424,Schafskäse,Salakis,"Feta, Käse","Vegetarian, No gluten, No preservatives, Ohne Gentechnik, 120 days grass-fed, No palm oil","['en:vegetarian', 'en:no-gluten', 'en:animal-welfare', 'en:no-gmos', 'en:no-preservatives', 'de:ohne-gentechnik', 'en:120-days-grass-fed', 'en:no-palm-oil']",e,17,50,50,60,38.8,65,"['Ohne Gentechnik', 'Vegetarian']","['non_gmo', 'vegetarian_ethics']","['Indicates products are produced without genetic engineering, addressing consumer concerns about food production methods and transparency.', 'Indicates reduced reliance on animal products and supports animal welfare considerations, though less strictly than vegan products.']","Environmental baseline uses Eco-Score e. Matched 2 scoring signal(s): Ohne Gentechnik, Vegetarian",https://images.openfoodfacts.org/images/products/302/326/003/3424/front_en.29.400.jpg
food,8719200261556,Lätta Extra Fit,Lätta,Light margarines,No palm oil,['en:no-palm-oil'],b,70,50,50,50,58.0,55,[],[],[],Environmental baseline uses Eco-Score b. No positive or negative label evidence found in the current mapping.,https://images.openfoodfacts.org/images/products/871/920/026/1556/front_de.30.400.jpg
food,3161710000135,Caprice des Dieux,Caprice des Dieux,"Cow cheeses, Soft cheeses with bloomy rind, French cheeses, Pasteurized cheeses, Soft cheese with a natural rind",No lactose,['en:no-lactose'],d,30,50,50,50,42.0,55,[],[],[],Environmental baseline uses Eco-Score d. No positive or negative label evidence found in the current mapping.,https://images.openfoodfacts.org/images/products/316/171/000/0135/front_en.94.400.jpg
food,4061458029766,Sonnenblumen-Margarine,Bellasan,"Salted spreads, Margarines","2018 Gold medal of the German Agricultural Society, 2023 Gold medal of the German Agricultural Society, Nutriscore Grade D, V-Label International Vegan","['en:vegetarian', 'en:german-agricultural-society', 'en:gold-medal-of-the-german-agricultural-society', 'en:vegan', 'en:2018-gold-medal-of-the-german-agricultural-society', 'en:2023-gold-medal-of-the-german-agricultural-society', 'en:nutriscore', 'en:nutriscore-grade-d', 'en:v-label-international', 'en:v-label-international-vegan']",b,70,50,50,63,60.6,70,"['Vegan', 'Vegetarian']","['vegan_ethics', 'vegetarian_ethics']","['Indicates products are free from animal-derived ingredients and support animal welfare principles.', 'Indicates reduced reliance on animal products and supports animal welfare considerations, though less strictly than vegan products.']","Environmental baseline uses Eco-Score b. Matched 2 scoring signal(s): Vegan, Vegetarian",https://images.openfoodfacts.org/images/products/406/145/802/9766/front_de.117.400.jpg
food,4032549018082,Körniger Frischkäse,Dovgan Family,"Cow cheeses, Cheese spreads, Cream cheeses",Green Dot,['en:green-dot'],c,50,50,50,50,50.0,55,[],[],[],Environmental baseline uses Eco-Score c. No positive or negative label evidence found in the current mapping.,https://images.openfoodfacts.org/images/products/403/254/901/8082/front_de.50.400.jpg
food,5411188138334,Lemon cheesecake flavour aus Soja,alpro,Soy milk yogurts,"No gluten, Certified B Corporation, European Vegetarian Union Vegan, No lactose, Nutriscore, V-Label International Vegan","['en:vegetarian', 'en:no-gluten', 'en:vegan', 'en:certified-b-corporation', 'en:european-vegetarian-union', 'en:european-vegetarian-union-vegan', 'en:no-lactose', 'en:nutriscore', 'en:v-label-international', 'en:v-label-international-vegan']",a,85,56,60,69,70.8,90,"['Certified B Corporation', 'Vegan', 'Vegetarian']","['b_corp', 'vegan_ethics', 'vegetarian_ethics']","['Certification evaluates a company’s social impact, governance practices, transparency, worker treatment, and environmental responsibility.', 'Indicates products are free from animal-derived ingredients and support animal welfare principles.', 'Indicates reduced reliance on animal products and supports animal welfare considerations, though less strictly than vegan products.']","Environmental baseline uses Eco-Score a. Matched 3 scoring signal(s): Certified B Corporation, Vegan, Vegetarian",https://images.openfoodfacts.org/images/products/541/118/813/8334/front_de.44.400.jpg
food,20094508,Crefee mit feinen  Kräutern,Milbona,"Cream cheeses, de:Frischkäsezubereitung",Made in Germany,['en:made-in-germany'],d,30,50,50,50,42.0,55,[],[],[],Environmental baseline uses Eco-Score d. No positive or negative label evidence found in the current mapping.,https://images.openfoodfacts.org/images/products/000/002/009/4508/front_en.66.400.jpg
food,4056489118206,Skyr Erdbeere,Milbona,"Skyrs, Cream cheeses",Made in Germany,['en:made-in-germany'],a,85,50,50,50,64.0,55,[],[],[],Environmental baseline uses Eco-Score a. No positive or negative label evidence found in the current mapping.,https://images.openfoodfacts.org/images/products/405/648/911/8206/front_de.64.400.jpg
food,4061462842764,Haltbare Fettarme Milch,Milsani,"Beverages, Milks",Non-vegan,['en:non-vegan'],d,30,50,50,58,43.6,65,['Vegan'],['vegan_ethics'],['Indicates products are free from animal-derived ingredients and support animal welfare principles.'],Environmental baseline uses Eco-Score d. Matched 1 scoring signal(s): Vegan,https://images.openfoodfacts.org/images/products/406/146/284/2764/front_de.207.400.jpg
food,20917920,Griechisches Joghurt 2% Fett,Milbona,Greek-style yogurts,"Ohne Gentechnik, Made in Germany","['en:no-gmos', 'de:ohne-gentechnik', 'en:made-in-germany']",a,87,50,50,55,65.8,60,['Ohne Gentechnik'],['non_gmo'],"['Indicates products are produced without genetic engineering, addressing consumer concerns about food production methods and transparency.']",Environmental baseline uses Eco-Score a. Matched 1 scoring signal(s): Ohne Gentechnik,https://images.openfoodfacts.org/images/products/000/002/091/7920/front_de.76.400.jpg
food,4104420207448,Kokos Natur vegan,Alnatura,"Coconut yogurts, Coconutmilk yogurts, de:Veganer Joghurtersat","AT-BIO-402, Made in the EU, No added sugar, The Vegan Society, de:Bio label German, de:VEGAN SOCIETY VEGAN LOGO","['en:vegetarian', 'en:organic', 'en:eu-organic', 'en:vegan', 'en:at-bio-402', 'en:made-in-the-eu', 'en:no-added-sugar', 'en:the-vegan-society', 'de:Bio label German', 'de:VEGAN SOCIETY VEGAN LOGO']",a-plus,98,50,50,63,71.8,100,"['Biodynamic agriculture', 'Vegan', 'organic', 'Vegetarian']","['biodynamic_certification', 'vegan_ethics', 'organic_certification', 'vegetarian_ethics']","['Biodynamic farming promotes biodiversity, soil health, ecosystem sustainability, and often exceeds standard organic farming requirements.', 'Indicates products are free from animal-derived ingredients and support animal welfare principles.', 'Product has an organic certification/claim, indicating more sustainable agricultural production.', 'Indicates reduced reliance on animal products and supports animal welfare considerations, though less strictly than vegan products.']","Environmental baseline uses Eco-Score a-plus. Matched 4 scoring signal(s): Biodynamic agriculture, Vegan, organic, Vegetarian",https://images.openfoodfacts.org/images/products/410/442/020/7448/front_en.80.400.jpg
food,4001954165803,"Kerrgold extra XXL, ungesalzen","Kerrygold, Ornua Deutschland","Unsalted butters, de:Mischstreichfett",,[],d,30,50,50,50,42.0,55,[],[],[],Environmental baseline uses Eco-Score d. No positive or negative label evidence found in the current mapping.,https://images.openfoodfacts.org/images/products/400/195/416/5803/front_de.84.400.jpg
food,4006402046192,Bergbauern mild nussig Käse,Bergader,Sliced cheeses,"No gluten, Ohne Gentechnik, No lactose","['en:no-gluten', 'en:no-gmos', 'de:ohne-gentechnik', 'en:no-lactose']",d,32,50,50,55,43.8,60,['Ohne Gentechnik'],['non_gmo'],"['Indicates products are produced without genetic engineering, addressing consumer concerns about food production methods and transparency.']",Environmental baseline uses Eco-Score d. Matched 1 scoring signal(s): Ohne Gentechnik,https://images.openfoodfacts.org/images/products/400/640/204/6192/front_de.67.400.jpg
food,5411188130055,"Alpro Sojadrink, Schokoladen-Geschmack, Protein 1L",alpro,Chocolate soy-based drinks,"No gluten, No artificial sweeteners, Vegan, FSC, Nutriscore Grade A, Rainforest Alliance Cocoa, Rainforest Alliance Coffee, Rich in vegetable protein","['en:vegetarian', 'en:no-gluten', 'en:no-artificial-sweeteners', 'en:source-of-proteins', 'en:vegan', 'en:fsc', 'en:high-proteins', 'en:nutriscore', 'en:nutriscore-grade-a', 'en:rainforest-alliance', 'en:rainforest-alliance-cocoa', 'en:rainforest-alliance-coffee', 'en:rich-in-vegetable-protein']",a-plus,95,53,50,63,71.4,95,"['Rainforest Alliance', 'Vegan', 'FSC', 'Vegetarian']","['sustainable_agriculture', 'vegan_ethics', 'sustainable_forestry', 'vegetarian_ethics']","['Certification promotes sustainable agriculture, biodiversity protection, and improved livelihoods for farmers and workers.', 'Indicates products are free from animal-derived ingredients and support animal welfare principles.', 'FSC certification promotes responsible forest management, sustainable sourcing of wood and paper products, and protection of biodiversity and ecosystems.', 'Indicates reduced reliance on animal products and supports animal welfare considerations, though less strictly than vegan products.']","Environmental baseline uses Eco-Score a-plus. Matched 4 scoring signal(s): Rainforest Alliance, Vegan, FSC, Vegetarian",https://images.openfoodfacts.org/images/products/541/118/813/0055/front_en.252.400.jpg
food,4056489440628,Freeze Dried Instant Coffee,Bellarom,"Beverages, Freeze-dried instant coffees, it:caffe-solubile, it:coffee-solubile",Rainforest Alliance,['en:rainforest-alliance'],unknown,55,53,50,50,52.8,25,['Rainforest Alliance'],['sustainable_agriculture'],"['Certification promotes sustainable agriculture, biodiversity protection, and improved livelihoods for farmers and workers.']",No usable Eco-Score found; environmental score starts from the neutral baseline of 50. Matched 1 scoring signal(s): Rainforest Alliance,https://images.openfoodfacts.org/images/products/405/648/944/0628/front_en.26.400.jpg
food,8711000522967,löslichen Kaffee,Maxwell House,"Hot beverages, Coffees, Instant coffees","Green Dot, Triman, Point Vert","['en:green-dot', 'fr:triman', 'en:Point Vert']",unknown,50,50,50,50,50.0,15,[],[],[],No usable Eco-Score found; environmental score starts from the neutral baseline of 50. No positive or negative label evidence found in the current mapping.,https://images.openfoodfacts.org/images/products/871/100/052/2967/front_en.50.400.jpg
food,7613036305846,Instant Kaffee,"Nestlé, 3x Nescafé Classic 11.26 - 2x Nescafé Gold 11.26, 3x Nescafé Classic 11.26 - 3x Nescafé Gold 11.26, 3x Nescafé Classic 11.27 - 2x Nescafé Gold 11.26, 3x Nescafé Gold 11.26, Nescafé, Nescafé Gold","Beverages, Coffees, Freeze-dried instant coffees","Green Dot, de:Unter Schutzatmosphäre verpackt","['en:green-dot', 'de:Unter Schutzatmosphäre verpackt']",unknown,50,50,50,50,50.0,15,[],[],[],No usable Eco-Score found; environmental score starts from the neutral baseline of 50. No positive or negative label evidence found in the current mapping.,https://images.openfoodfacts.org/images/products/761/303/630/5846/front_de.106.400.jpg
food,4337256381185,Typ Cappuccino classic,"Deutsche Extrakt Kaffee, REWE, ja!",Powdered cappucino,Nutriscore Grade E,"['en:nutriscore', 'en:nutriscore-grade-e']",unknown,50,50,50,50,50.0,15,[],[],[],No usable Eco-Score found; environmental score starts from the neutral baseline of 50. No positive or negative label evidence found in the current mapping.,https://images.openfoodfacts.org/images/products/433/725/638/1185/front_de.29.400.jpg
food,20991241,Belladonna Löslicher Kaffee Entkoffeiniert,Lidl,Decaffeinated instant coffees,"Rainforest Alliance Coffee, Triman","['en:rainforest-alliance', 'en:rainforest-alliance-coffee', 'fr:triman']",unknown,55,53,50,50,52.8,25,['Rainforest Alliance'],['sustainable_agriculture'],"['Certification promotes sustainable agriculture, biodiversity protection, and improved livelihoods for farmers and workers.']",No usable Eco-Score found; environmental score starts from the neutral baseline of 50. Matched 1 scoring signal(s): Rainforest Alliance,https://images.openfoodfacts.org/images/products/000/002/099/1241/front_en.3.400.jpg
food,8000070063334,Café grains Carte noire,"CARTE NOIR, Carte Noire","Beverages, Arabica coffees, Coffee beans",,[],f,5,50,50,50,32.0,55,[],[],[],Environmental baseline uses Eco-Score f. No positive or negative label evidence found in the current mapping.,https://images.openfoodfacts.org/images/products/800/007/006/3334/front_fr.3.400.jpg
food,4000508040306,Jacobs Gold,Wunderbar,"Beverages, Coffees, Instant coffees","Green Dot, Made in Germany, de:Unter Schutzatmosphäre verpackt","['en:green-dot', 'en:made-in-germany', 'de:Unter Schutzatmosphäre verpackt']",unknown,50,50,50,50,50.0,15,[],[],[],No usable Eco-Score found; environmental score starts from the neutral baseline of 50. No positive or negative label evidence found in the current mapping.,https://images.openfoodfacts.org/images/products/400/050/804/0306/front_de.76.400.jpg
food,4056489600596,Bellarom Gold,Bellarom,"Beverages, Ground coffees",Rainforest Alliance,['en:rainforest-alliance'],f,10,53,50,50,34.8,65,['Rainforest Alliance'],['sustainable_agriculture'],"['Certification promotes sustainable agriculture, biodiversity protection, and improved livelihoods for farmers and workers.']",Environmental baseline uses Eco-Score f. Matched 1 scoring signal(s): Rainforest Alliance,https://images.openfoodfacts.org/images/products/405/648/960/0596/front_en.5.400.jpg
food,4008167103714,Dallmayr Prodomo Kaffee,Dallmayr,"Plant-based beverages, Coffee capsules",FSC Recycling,"['en:fsc', 'en:fsc-recycling']",f,10,50,50,50,34.0,70,['FSC'],['sustainable_forestry'],"['FSC certification promotes responsible forest management, sustainable sourcing of wood and paper products, and protection of biodiversity and ecosystems.']",Environmental baseline uses Eco-Score f. Matched 1 scoring signal(s): FSC,https://images.openfoodfacts.org/images/products/400/816/710/3714/front_de.90.400.jpg
food,8711000708651,Krönung Signature,"Jabobs, Jacobs, Jacobs Douwe Egberts","Beverages, Coffees",,[],unknown,50,50,50,50,50.0,15,[],[],[],No usable Eco-Score found; environmental score starts from the neutral baseline of 50. No positive or negative label evidence found in the current mapping.,https://images.openfoodfacts.org/images/products/871/100/070/8651/front_de.3.400.jpg
food,8000070053465,Qualità Oro - Kapseln,"LavAzza - Luigi Lavazza S.p.A., Lavazza",Nespresso-compatible coffee capsules,Made in Italy,['en:made-in-italy'],f,5,50,50,50,32.0,55,[],[],[],Environmental baseline uses Eco-Score f. No positive or negative label evidence found in the current mapping.,https://images.openfoodfacts.org/images/products/800/007/005/3465/front_de.13.400.jpg
food,4337256382304,Typ Cappuccino - weniger süß im Geschmack,ja!,"Beverages, Coffees, Powdered cappucino","Nutriscore Grade C, Nutriscore Grade D","['en:nutriscore', 'en:nutriscore-grade-c', 'en:nutriscore-grade-d']",unknown,50,50,50,50,50.0,15,[],[],[],No usable Eco-Score found; environmental score starts from the neutral baseline of 50. No positive or negative label evidence found in the current mapping.,https://images.openfoodfacts.org/images/products/433/725/638/2304/front_de.44.400.jpg
food,4005500005827,Nescafé Classic,"Nestlé, Nescafé","Beverages, Coffees, Instant coffees",,[],unknown,50,50,50,50,50.0,15,[],[],[],No usable Eco-Score found; environmental score starts from the neutral baseline of 50. No positive or negative label evidence found in the current mapping.,https://images.openfoodfacts.org/images/products/400/550/000/5827/front_en.45.400.jpg
food,8000070020559,"Kaffee, Café en grains 100% arabica",Lavazza,Coffees,,[],unknown,50,50,50,50,50.0,15,[],[],[],No usable Eco-Score found; environmental score starts from the neutral baseline of 50. No positive or negative label evidence found in the current mapping.,https://images.openfoodfacts.org/images/products/800/007/002/0559/front_en.6.400.jpg
food,4066447415254,Dinkelkaffee mit Zichorie,dmBio,"Beverages, getranke, getranke-und-getrankezubereitungen, getrankezubereitungen, heissgetranke, heissgetranke-zum-aufgliessen, losliche-kaffees, it:Dinkel kaffee, it:Dinkel-kaffee","DE-ÖKO-005, European Vegetarian Union Vegan, Made in Germany, Naturland","['en:vegetarian', 'en:organic', 'en:eu-organic', 'en:vegan', 'en:de-oko-005', 'en:european-vegetarian-union', 'en:european-vegetarian-union-vegan', 'en:made-in-germany', 'en:naturland']",unknown,61,56,50,63,58.5,60,"['Naturland Fair', 'Vegan', 'organic', 'Vegetarian']","['naturland_fair', 'vegan_ethics', 'organic_certification', 'vegetarian_ethics']","['Combines organic farming requirements with fair trade principles, promoting environmental sustainability and fair treatment of producers.', 'Indicates products are free from animal-derived ingredients and support animal welfare principles.', 'Product has an organic certification/claim, indicating more sustainable agricultural production.', 'Indicates reduced reliance on animal products and supports animal welfare considerations, though less strictly than vegan products.']","No usable Eco-Score found; environmental score starts from the neutral baseline of 50. Matched 4 scoring signal(s): Naturland Fair, Vegan, organic, Vegetarian",https://images.openfoodfacts.org/images/products/406/644/741/5254/front_de.57.400.jpg
food,4002720002261,Melitta Auslese Klassisch Kaffee gemahlen,Melitta,"Beverages, Coffees, de:Gemahlener Röstkaffee, de:Kaffeepulver",,[],unknown,50,50,50,50,50.0,15,[],[],[],No usable Eco-Score found; environmental score starts from the neutral baseline of 50. No positive or negative label evidence found in the current mapping.,https://images.openfoodfacts.org/images/products/400/272/000/2261/front_en.3.400.jpg
food,7613036246675,Kaffee Instant,"Nestlé, Nescafé","Beverages, Coffees, Instant coffees, de:Bohnenkaffee","Green Dot, de:Unter Schutzatmosphäre verpackt","['en:green-dot', 'de:Unter Schutzatmosphäre verpackt']",unknown,50,50,50,50,50.0,15,[],[],[],No usable Eco-Score found; environmental score starts from the neutral baseline of 50. No positive or negative label evidence found in the current mapping.,https://images.openfoodfacts.org/images/products/761/303/624/6675/front_de.5.400.jpg
food,4056489576778,Espresso Cremoso,"Bellarom, Bellaron","Beverages, Coffees","Green Dot, Rainforest Alliance","['en:green-dot', 'en:rainforest-alliance']",unknown,55,53,50,50,52.8,25,['Rainforest Alliance'],['sustainable_agriculture'],"['Certification promotes sustainable agriculture, biodiversity protection, and improved livelihoods for farmers and workers.']",No usable Eco-Score found; environmental score starts from the neutral baseline of 50. Matched 1 scoring signal(s): Rainforest Alliance,https://images.openfoodfacts.org/images/products/405/648/957/6778/front_en.4.400.jpg
food,4056489485681,Latte Macchiato Vanille,Milbona Latte Macchiato Vanilla,"Coffees, Coffee drinks, Sweetened beverages",Rainforest Alliance,['en:rainforest-alliance'],unknown,55,53,50,50,52.8,25,['Rainforest Alliance'],['sustainable_agriculture'],"['Certification promotes sustainable agriculture, biodiversity protection, and improved livelihoods for farmers and workers.']",No usable Eco-Score found; environmental score starts from the neutral baseline of 50. Matched 1 scoring signal(s): Rainforest Alliance,https://images.openfoodfacts.org/images/products/405/648/948/5681/front_de.43.400.jpg
food,4000417620217,Kaffee Knusper,Ritter Sport,Dark chocolates with coffee,Rainforest Alliance Cocoa,"['en:rainforest-alliance', 'en:rainforest-alliance-cocoa']",e,20,53,50,50,38.8,65,['Rainforest Alliance'],['sustainable_agriculture'],"['Certification promotes sustainable agriculture, biodiversity protection, and improved livelihoods for farmers and workers.']",Environmental baseline uses Eco-Score e. Matched 1 scoring signal(s): Rainforest Alliance,https://images.openfoodfacts.org/images/products/400/041/762/0217/front_de.15.400.jpg
food,4056489234753,Café descafeinado,Bellarom,"Beverages, Decaffeinated coffees",Rainforest Alliance,['en:rainforest-alliance'],unknown,55,53,50,50,52.8,25,['Rainforest Alliance'],['sustainable_agriculture'],"['Certification promotes sustainable agriculture, biodiversity protection, and improved livelihoods for farmers and workers.']",No usable Eco-Score found; environmental score starts from the neutral baseline of 50. Matched 1 scoring signal(s): Rainforest Alliance,https://images.openfoodfacts.org/images/products/405/648/923/4753/front_es.3.400.jpg
food,4388840018321,Extra löslicher Kaffee,"Rewe, ja","Beverages, Coffees, Instant coffees",UTZ Certified,"['en:sustainable-farming', 'en:utz-certified']",unknown,55,53,50,50,52.8,25,['UTZ Certified'],['sustainable_agriculture'],"['Certification promotes sustainable farming practices, responsible sourcing, and improved working conditions for farmers.']",No usable Eco-Score found; environmental score starts from the neutral baseline of 50. Matched 1 scoring signal(s): UTZ Certified,https://images.openfoodfacts.org/images/products/438/884/001/8321/front_de.3.400.jpg
food,4006581017716,Caffè Crema,"Dovgan, Mövenpick","Beverages, Arabica coffee beans",,[],f,5,50,50,50,32.0,55,[],[],[],Environmental baseline uses Eco-Score f. No positive or negative label evidence found in the current mapping.,https://images.openfoodfacts.org/images/products/400/658/101/7716/front_de.35.400.jpg
food,4056489010241,Kaffee Bio gold Kaffee,Bellarom,Arabica coffees,"non-EU Agriculture, EG-Öko-Verordnung, DE-ÖKO-003","['en:organic', 'en:eu-organic', 'en:non-eu-agriculture', 'de:eg-öko-verordnung', 'en:de-oko-003']",unknown,55,50,50,50,52.0,30,['organic'],['organic_certification'],"['Product has an organic certification/claim, indicating more sustainable agricultural production.']",No usable Eco-Score found; environmental score starts from the neutral baseline of 50. Matched 1 scoring signal(s): organic,https://images.openfoodfacts.org/images/products/405/648/901/0241/front_de.13.400.jpg
food,4058172487330,Malz Kaffee,dmBio,"Beverages, de:Malzkaffee","Vegan, EG-Öko-Verordnung, Naturland","['en:vegetarian', 'en:organic', 'en:eu-organic', 'en:vegan', 'de:eg-öko-verordnung', 'en:naturland']",unknown,61,56,50,63,58.5,60,"['Naturland Fair', 'Vegan', 'EU Organic', 'Vegetarian']","['naturland_fair', 'vegan_ethics', 'organic_certification', 'vegetarian_ethics']","['Combines organic farming requirements with fair trade principles, promoting environmental sustainability and fair treatment of producers.', 'Indicates products are free from animal-derived ingredients and support animal welfare principles.', 'EU-recognized organic certification, especially relevant for products sold in Germany/EU.', 'Indicates reduced reliance on animal products and supports animal welfare considerations, though less strictly than vegan products.']","No usable Eco-Score found; environmental score starts from the neutral baseline of 50. Matched 4 scoring signal(s): Naturland Fair, Vegan, EU Organic, Vegetarian",https://images.openfoodfacts.org/images/products/405/817/248/7330/front_de.3.400.jpg
food,4337256003896,Cappuccino Family mit feiner Kakaonote,"Krueger, Rewe, ja!","Beverages, Coffees, Instant coffees","Nutriscore Grade D, Rainforest Alliance, de:Rainforest Alliance Kaffee & Kakao","['en:nutriscore', 'en:nutriscore-grade-d', 'en:rainforest-alliance', 'de:Rainforest Alliance Kaffee & Kakao']",unknown,55,53,50,50,52.8,25,['Rainforest Alliance'],['sustainable_agriculture'],"['Certification promotes sustainable agriculture, biodiversity protection, and improved livelihoods for farmers and workers.']",No usable Eco-Score found; environmental score starts from the neutral baseline of 50. Matched 1 scoring signal(s): Rainforest Alliance,https://images.openfoodfacts.org/images/products/433/725/600/3896/front_xx.23.400.jpg
food,8000070051003,crema e gusto Classico,"LAVAZZA, Lavazza","Beverages, Roasted coffee beans, sk:kava","Green Dot, Made in Italy","['en:green-dot', 'en:made-in-italy']",f,5,50,50,50,32.0,55,[],[],[],Environmental baseline uses Eco-Score f. No positive or negative label evidence found in the current mapping.,https://images.openfoodfacts.org/images/products/800/007/005/1003/front_en.22.400.jpg
food,4337256177061,Kaffee löslich,"Fairtrade, Rewe Bio","Beverages, Coffees, Instant coffees, de:Löslicher kaffee","Fairtrade International, EG-Öko-Verordnung, ES-ECO-016-CL","['en:fair-trade', 'en:organic', 'en:eu-organic', 'en:fairtrade-international', 'de:eg-öko-verordnung', 'en:es-eco-016-cl']",unknown,55,60,50,50,54.5,45,"['Fair for Life', 'organic']","['fairtrade_certification', 'organic_certification']","['Fair trade certification promoting fair wages, responsible supply chains, and sustainable livelihoods for producers and workers.', 'Product has an organic certification/claim, indicating more sustainable agricultural production.']","No usable Eco-Score found; environmental score starts from the neutral baseline of 50. Matched 2 scoring signal(s): Fair for Life, organic",https://images.openfoodfacts.org/images/products/433/725/617/7061/front_de.3.400.jpg
food,7613036347310,Kaffee,"Nestlé, Müller, Nescafé","Beverages, Coffees, Instant coffees",Green Dot,['en:green-dot'],unknown,50,50,50,50,50.0,15,[],[],[],No usable Eco-Score found; environmental score starts from the neutral baseline of 50. No positive or negative label evidence found in the current mapping.,https://images.openfoodfacts.org/images/products/761/303/634/7310/front_de.51.400.jpg
food,8000070025400,Crema E Aroma,"OLUF LORENTZEN AS, lavAzza","Beverages, Coffee beans","No gluten, Vegan, Green Dot, Made in Italy, Triman","['en:vegetarian', 'en:no-gluten', 'en:vegan', 'en:green-dot', 'en:made-in-italy', 'fr:triman']",f,5,50,50,63,34.6,70,"['Vegan', 'Vegetarian']","['vegan_ethics', 'vegetarian_ethics']","['Indicates products are free from animal-derived ingredients and support animal welfare principles.', 'Indicates reduced reliance on animal products and supports animal welfare considerations, though less strictly than vegan products.']","Environmental baseline uses Eco-Score f. Matched 2 scoring signal(s): Vegan, Vegetarian",https://images.openfoodfacts.org/images/products/800/007/002/5400/front_de.93.400.jpg
food,8000070027336,Lavazza Espressobohnen,Lavazza,"Beverages, Coffee beans","Green Dot, Made in Italy","['en:green-dot', 'en:made-in-italy']",f,5,50,50,50,32.0,55,[],[],[],Environmental baseline uses Eco-Score f. No positive or negative label evidence found in the current mapping.,https://images.openfoodfacts.org/images/products/800/007/002/7336/front_de.44.400.jpg
food,4066447075526,Kaffee Klassik löslich,dmBio,"Beverages, Instant coffees",,[],unknown,50,50,50,50,50.0,15,[],[],[],No usable Eco-Score found; environmental score starts from the neutral baseline of 50. No positive or negative label evidence found in the current mapping.,https://images.openfoodfacts.org/images/products/406/644/707/5526/front_de.3.400.jpg
food,4337256551762,GOLD Löslicher Kaffee,"Gold von REWE, ja!","Beverages, Coffees, Instant coffees",,[],f,5,50,50,50,32.0,55,[],[],[],Environmental baseline uses Eco-Score f. No positive or negative label evidence found in the current mapping.,
food,4000417663214,Coffee duo milky macchiato crunchy coffee,Ritter Sport,"Milk chocolates, de:vollmilchschokolade",Rainforest Alliance Cocoa,"['en:rainforest-alliance', 'en:rainforest-alliance-cocoa']",d,35,53,50,50,44.8,65,['Rainforest Alliance'],['sustainable_agriculture'],"['Certification promotes sustainable agriculture, biodiversity protection, and improved livelihoods for farmers and workers.']",Environmental baseline uses Eco-Score d. Matched 1 scoring signal(s): Rainforest Alliance,https://images.openfoodfacts.org/images/products/400/041/766/3214/front_it.12.400.jpg
food,4337256555395,Gold entkoffeiniert,"Ja!, Rewe","Beverages, Coffees, Getränke und Getränkezubereitungen, Getränkezubereitungen, Heißgetränke zum Aufgließen, Lösliche Kaffees",Rainforest Alliance,['en:rainforest-alliance'],unknown,55,53,50,50,52.8,25,['Rainforest Alliance'],['sustainable_agriculture'],"['Certification promotes sustainable agriculture, biodiversity protection, and improved livelihoods for farmers and workers.']",No usable Eco-Score found; environmental score starts from the neutral baseline of 50. Matched 1 scoring signal(s): Rainforest Alliance,https://images.openfoodfacts.org/images/products/433/725/655/5395/front_de.13.400.jpg
food,7613032569532,Nescafé Typ Cappuccino,"Nestlé, Nescafé","Coffees, Dehydrated beverages, Powdered cappucino","Green Dot, Nutriscore Grade C, Nutriscore Grade D, GB-VK302","['en:green-dot', 'en:nutriscore', 'en:nutriscore-grade-c', 'en:nutriscore-grade-d', 'en:GB-VK302']",unknown,50,50,50,50,50.0,15,[],[],[],No usable Eco-Score found; environmental score starts from the neutral baseline of 50. No positive or negative label evidence found in the current mapping.,https://images.openfoodfacts.org/images/products/761/303/256/9532/front_de.55.400.jpg
food,4061463641939,Kaffee Bohnen,"Barissimo, NewCoffee, diverse","Beverages, Roasted coffee beans, de:Ganze Kaffeebohnen","Rainforest Alliance Coffee, de:Unter Schutzatmosphäre verpackt","['en:rainforest-alliance', 'en:rainforest-alliance-coffee', 'de:Unter Schutzatmosphäre verpackt']",f,10,53,50,50,34.8,65,['Rainforest Alliance'],['sustainable_agriculture'],"['Certification promotes sustainable agriculture, biodiversity protection, and improved livelihoods for farmers and workers.']",Environmental baseline uses Eco-Score f. Matched 1 scoring signal(s): Rainforest Alliance,https://images.openfoodfacts.org/images/products/406/146/364/1939/front_de.28.400.jpg
food,20112752,Löslicher Kaffee Mild,Solevita,"Coffees, Fruit juices, Instant coffees","Green Dot, Rainforest Alliance, UTZ Certified, de:Nummer wird für 2 verschiedene Produkte verwendet","['en:sustainable-farming', 'en:green-dot', 'en:rainforest-alliance', 'en:utz-certified', 'de:Nummer wird für 2 verschiedene Produkte verwendet']",unknown,55,53,50,50,52.8,25,['Rainforest Alliance'],['sustainable_agriculture'],"['Certification promotes sustainable agriculture, biodiversity protection, and improved livelihoods for farmers and workers.']",No usable Eco-Score found; environmental score starts from the neutral baseline of 50. Matched 1 scoring signal(s): Rainforest Alliance,https://images.openfoodfacts.org/images/products/000/002/011/2752/front_de.47.400.jpg
food,4006581002606,Café Intención Kaffee,"Café intencion, J.J.Darboven","Beverages, Coffees","Fairtrade International, DE-ÖKO-003, Made in Germany","['en:fair-trade', 'en:organic', 'en:eu-organic', 'en:fairtrade-international', 'en:de-oko-003', 'en:made-in-germany']",unknown,55,60,50,50,54.5,45,"['Fair for Life', 'EU Organic']","['fairtrade_certification', 'organic_certification']","['Fair trade certification promoting fair wages, responsible supply chains, and sustainable livelihoods for producers and workers.', 'EU-recognized organic certification, especially relevant for products sold in Germany/EU.']","No usable Eco-Score found; environmental score starts from the neutral baseline of 50. Matched 2 scoring signal(s): Fair for Life, EU Organic",https://images.openfoodfacts.org/images/products/400/658/100/2606/front_de.4.400.jpg
food,42413677,Latte Espresso,"Cafèt, Netto MD","Coffees, Latte macchiato","Ohne Gentechnik, Not advised for children and pregnant women, Rainforest Alliance Coffee","['en:no-gmos', 'en:not-advised-for-specific-people', 'de:ohne-gentechnik', 'en:not-advised-for-children-and-pregnant-women', 'en:rainforest-alliance', 'en:rainforest-alliance-coffee']",unknown,57,53,50,55,54.6,30,"['Rainforest Alliance', 'Ohne Gentechnik']","['sustainable_agriculture', 'non_gmo']","['Certification promotes sustainable agriculture, biodiversity protection, and improved livelihoods for farmers and workers.', 'Indicates products are produced without genetic engineering, addressing consumer concerns about food production methods and transparency.']","No usable Eco-Score found; environmental score starts from the neutral baseline of 50. Matched 2 scoring signal(s): Rainforest Alliance, Ohne Gentechnik",https://images.openfoodfacts.org/images/products/000/004/241/3677/front_de.23.400.jpg
food,4006581001777,"Kaffee, Der Himmlische","Nestlé, Mövenpick","Unsweetened beverages, Ground coffees, Coffee capsules, de:Röstkaffee",,[],f,5,50,50,50,32.0,55,[],[],[],Environmental baseline uses Eco-Score f. No positive or negative label evidence found in the current mapping.,https://images.openfoodfacts.org/images/products/400/658/100/1777/front_de.67.400.jpg
food,8711000506448,Kaffeesticks Espresso,Jacobs,"Beverages, Coffees, de:Instant, espresso, pflanzliche-lebensmittel-und-getranke",,[],unknown,50,50,50,50,50.0,15,[],[],[],No usable Eco-Score found; environmental score starts from the neutral baseline of 50. No positive or negative label evidence found in the current mapping.,https://images.openfoodfacts.org/images/products/871/100/050/6448/front_de.19.400.jpg
food,4008167152729,Crema d'Oro Kaffee,Dallmayr,"Beverages, Coffee beans","Green Dot, de:Mach mit","['en:green-dot', 'de:Mach mit']",f,5,50,50,50,32.0,55,[],[],[],Environmental baseline uses Eco-Score f. No positive or negative label evidence found in the current mapping.,https://images.openfoodfacts.org/images/products/400/816/715/2729/front_de.51.400.jpg
food,7610899110006,Café Chicco d‘Oro Tradition - Bohnen,"6828 Balerna, Caffè Chicco d‘Oro - Eredi Rino Valsangiacomo S.A., Chicco D‘Oro, Schweiz, chicco'doro","Beverages, Coffee beans",,[],f,5,50,50,50,32.0,55,[],[],[],Environmental baseline uses Eco-Score f. No positive or negative label evidence found in the current mapping.,https://images.openfoodfacts.org/images/products/761/089/911/0006/front_fr.4.400.jpg
food,8000070035980,Kaffee Qualità Rossa,"LavAzza - Luigi Lavazza S.p.A., Lavazza","Beverages, Ground coffees","Vegan, Made in Italy","['en:vegetarian', 'en:vegan', 'en:made-in-italy']",f,5,50,50,63,34.6,70,"['Vegan', 'Vegetarian']","['vegan_ethics', 'vegetarian_ethics']","['Indicates products are free from animal-derived ingredients and support animal welfare principles.', 'Indicates reduced reliance on animal products and supports animal welfare considerations, though less strictly than vegan products.']","Environmental baseline uses Eco-Score f. Matched 2 scoring signal(s): Vegan, Vegetarian",https://images.openfoodfacts.org/images/products/800/007/003/5980/front_es.25.400.jpg
food,7613036310116,Nescafé Gold - Original,Nescafé,"Beverages, Coffees, Instant coffees",Green Dot,['en:green-dot'],unknown,50,50,50,50,50.0,15,[],[],[],No usable Eco-Score found; environmental score starts from the neutral baseline of 50. No positive or negative label evidence found in the current mapping.,https://images.openfoodfacts.org/images/products/761/303/631/0116/front_de.20.400.jpg
food,7613036457712,Nescafe Classic Crema,"Nestlé, Nescafe","Beverages, Coffees, Freeze-dried instant coffees",Green Dot,['en:green-dot'],unknown,50,50,50,50,50.0,15,[],[],[],No usable Eco-Score found; environmental score starts from the neutral baseline of 50. No positive or negative label evidence found in the current mapping.,https://images.openfoodfacts.org/images/products/761/303/645/7712/front_de.21.400.jpg
food,4066447075540,Kaffee entkoffeiniert löslich,"dmBio, dm","Beverages, Instant coffees, Entkoffeinierte Kaffees, Entkoffeinierte lösliche Kaffees, Getränke, Heißgetränke zum Aufgließen, Kaffeebohnen, Kaffees, Lösliche Kaffees, Pflanzliche Lebensmittel, Pflanzliche Lebensmittel und Getränke","Fairtrade International, non-EU Agriculture, EG-Öko-Verordnung, DE-ÖKO-005, European Vegetarian Union Vegan, Made in Germany","['en:vegetarian', 'en:fair-trade', 'en:organic', 'en:eu-organic', 'en:fairtrade-international', 'en:non-eu-agriculture', 'en:vegan', 'de:eg-öko-verordnung', 'en:de-oko-005', 'en:european-vegetarian-union', 'en:european-vegetarian-union-vegan', 'en:made-in-germany']",unknown,55,60,50,63,57.1,60,"['Fairtrade International', 'Vegan', 'EG-Öko-Verordnung', 'Vegetarian']","['fairtrade_certification', 'vegan_ethics', 'organic_certification', 'vegetarian_ethics']","['Certification promotes fair prices, better working conditions, and sustainable livelihoods for farmers and workers in global supply chains.', 'Indicates products are free from animal-derived ingredients and support animal welfare principles.', 'EU organic regulation certifying environmentally friendly agricultural practices and reduced synthetic pesticide use.', 'Indicates reduced reliance on animal products and supports animal welfare considerations, though less strictly than vegan products.']","No usable Eco-Score found; environmental score starts from the neutral baseline of 50. Matched 4 scoring signal(s): Fairtrade International, Vegan, EG-Öko-Verordnung, Vegetarian",https://images.openfoodfacts.org/images/products/406/644/707/5540/front_de.8.400.jpg
food,7613038720098,Incarom Original,Incarom,"Beverages, Coffees",Nutriscore Grade C,"['en:nutriscore', 'en:nutriscore-grade-c']",unknown,50,50,50,50,50.0,15,[],[],[],No usable Eco-Score found; environmental score starts from the neutral baseline of 50. No positive or negative label evidence found in the current mapping.,https://images.openfoodfacts.org/images/products/761/303/872/0098/front_fr.12.400.jpg
food,4061459895322,Latte Espresso,"Barissimo, Molkerei Gropper","Latte macchiato, de:Fertigkaffees","Ohne Gentechnik, Nutriscore Grade C, Rainforest Alliance Coffee","['en:no-gmos', 'de:ohne-gentechnik', 'en:nutriscore', 'en:nutriscore-grade-c', 'en:rainforest-alliance', 'en:rainforest-alliance-coffee']",unknown,57,53,50,55,54.6,30,"['Rainforest Alliance', 'Ohne Gentechnik']","['sustainable_agriculture', 'non_gmo']","['Certification promotes sustainable agriculture, biodiversity protection, and improved livelihoods for farmers and workers.', 'Indicates products are produced without genetic engineering, addressing consumer concerns about food production methods and transparency.']","No usable Eco-Score found; environmental score starts from the neutral baseline of 50. Matched 2 scoring signal(s): Rainforest Alliance, Ohne Gentechnik",https://images.openfoodfacts.org/images/products/406/145/989/5322/front_de.24.400.jpg
food,4061459971514,Latte Macchiato,"Barissimo, Molkerei Gropper","Latte macchiato, de:Fertigkaffees","Ohne Gentechnik, Rainforest Alliance Coffee","['en:no-gmos', 'de:ohne-gentechnik', 'en:rainforest-alliance', 'en:rainforest-alliance-coffee']",unknown,57,53,50,55,54.6,30,"['Rainforest Alliance', 'Ohne Gentechnik']","['sustainable_agriculture', 'non_gmo']","['Certification promotes sustainable agriculture, biodiversity protection, and improved livelihoods for farmers and workers.', 'Indicates products are produced without genetic engineering, addressing consumer concerns about food production methods and transparency.']","No usable Eco-Score found; environmental score starts from the neutral baseline of 50. Matched 2 scoring signal(s): Rainforest Alliance, Ohne Gentechnik",https://images.openfoodfacts.org/images/products/406/145/997/1514/front_de.12.400.jpg
food,8711000506325,Classic 3in1,"Jacobs, Jakobs","Beverages, Coffees, Instant coffees",Green Dot,['en:green-dot'],unknown,50,50,50,50,50.0,15,[],[],[],No usable Eco-Score found; environmental score starts from the neutral baseline of 50. No positive or negative label evidence found in the current mapping.,https://images.openfoodfacts.org/images/products/871/100/050/6325/front_de.36.400.jpg
food,8000070027411,Caffé Crema Classico Kaffee,Lavazza,"Beverages, Coffee beans",Made in Italy,['en:made-in-italy'],f,5,50,50,50,32.0,55,[],[],[],Environmental baseline uses Eco-Score f. No positive or negative label evidence found in the current mapping.,https://images.openfoodfacts.org/images/products/800/007/002/7411/front_de.54.400.jpg
food,8711000396780,Café Crema,Jacobs,"Beverages, Coffees, entkoffeinierte-lösliche-kaffees, getränke, heißgetränke-zum-aufgließen, lösliche-kaffees, pflanzliche-lebensmittel-und-getränke",Green Dot,['en:green-dot'],unknown,50,50,50,50,50.0,15,[],[],[],No usable Eco-Score found; environmental score starts from the neutral baseline of 50. No positive or negative label evidence found in the current mapping.,https://images.openfoodfacts.org/images/products/871/100/039/6780/front_de.14.400.jpg
food,4008167113713,Kaffee Prodomo entcoffeiniert,Dallmayr,"Beverages, Coffees",,[],unknown,50,50,50,50,50.0,15,[],[],[],No usable Eco-Score found; environmental score starts from the neutral baseline of 50. No positive or negative label evidence found in the current mapping.,https://images.openfoodfacts.org/images/products/400/816/711/3713/front_en.4.400.jpg
food,7613036303910,löslicher Kaffee entkof.- Fach 21,Nescafé,"Coffees, Instant coffees, Getränke, Getränke und Getränkezubereitungen, Getränkezubereitungen, Heißgetränke zum Aufgließen, Kaffees, Lösliche Kaffees, Pflanzliche Lebensmittel, Pflanzliche Lebensmittel und Getränke",,[],unknown,50,50,50,50,50.0,15,[],[],[],No usable Eco-Score found; environmental score starts from the neutral baseline of 50. No positive or negative label evidence found in the current mapping.,https://images.openfoodfacts.org/images/products/761/303/630/3910/front_en.8.400.jpg
food,8445291766983,Nescafé Iced,"Nestlé, Nescafé","Coffees, Dehydrated beverages, Instant coffees",,[],unknown,50,50,50,50,50.0,15,[],[],[],No usable Eco-Score found; environmental score starts from the neutral baseline of 50. No positive or negative label evidence found in the current mapping.,https://images.openfoodfacts.org/images/products/844/529/176/6983/front_de.5.400.jpg
food,20020620,Tiramisu,"Milbona, Lidl, Solo Italia","Dairy desserts, Fresh foods, Tiramisu","Contains alcohol, Do not freeze, Made in Italy, Nutriscore Grade D","['en:contains-alcohol', 'en:do-not-freeze', 'en:made-in-italy', 'en:nutriscore', 'en:nutriscore-grade-d']",f,5,50,50,50,32.0,55,[],[],[],Environmental baseline uses Eco-Score f. No positive or negative label evidence found in the current mapping.,https://images.openfoodfacts.org/images/products/000/002/002/0620/front_en.65.400.jpg
food,4002720002117,Auslese Stärke 3,Melitta,"Beverages, de:Gemahlener Kaffee, de:Kaffeepulver",Green Dot,['en:green-dot'],unknown,50,50,50,50,50.0,15,[],[],[],No usable Eco-Score found; environmental score starts from the neutral baseline of 50. No positive or negative label evidence found in the current mapping.,https://images.openfoodfacts.org/images/products/400/272/000/2117/front_de.42.400.jpg
food,7613035909014,Nescafé Gold de Luxe,"Nestlé, Nestle nutrition","Beverages, Coffees, Instant coffees",Made in Swiss,['en:made-in-swiss'],unknown,50,50,50,50,50.0,15,[],[],[],No usable Eco-Score found; environmental score starts from the neutral baseline of 50. No positive or negative label evidence found in the current mapping.,https://images.openfoodfacts.org/images/products/761/303/590/9014/front_fr.45.400.jpg
food,4006581020686,Café Intención eclógico,Lemonaid Beverages GmbH,"Beverages, Coffee beans","Fairtrade International, DE-ÖKO-003, Made in Germany","['en:fair-trade', 'en:organic', 'en:eu-organic', 'en:fairtrade-international', 'en:de-oko-003', 'en:made-in-germany']",f,10,60,50,50,36.5,85,"['Fair for Life', 'EU Organic']","['fairtrade_certification', 'organic_certification']","['Fair trade certification promoting fair wages, responsible supply chains, and sustainable livelihoods for producers and workers.', 'EU-recognized organic certification, especially relevant for products sold in Germany/EU.']","Environmental baseline uses Eco-Score f. Matched 2 scoring signal(s): Fair for Life, EU Organic",https://images.openfoodfacts.org/images/products/400/658/102/0686/front_de.26.400.jpg
food,4009041101017,"Feiner Landkaffee Aus Vollem Korn Geröstet, Kaffee",Grana,"Beverages, Coffees, Instant coffees",,[],unknown,50,50,50,50,50.0,15,[],[],[],No usable Eco-Score found; environmental score starts from the neutral baseline of 50. No positive or negative label evidence found in the current mapping.,https://images.openfoodfacts.org/images/products/400/904/110/1017/front_de.35.400.jpg
food,8000070038271,Crema e Gusto - Tradizione Italiana Kaffee,Lavazza,"Arabica coffees, Roasted coffee beans","Green Dot, Made in Italy","['en:green-dot', 'en:made-in-italy']",f,5,50,50,50,32.0,55,[],[],[],Environmental baseline uses Eco-Score f. No positive or negative label evidence found in the current mapping.,https://images.openfoodfacts.org/images/products/800/007/003/8271/front_de.21.400.jpg
food,4061458021746,Schokolade Kaffee Sahne,"Aldi, Choceur, Wiha",Chocolates,"de:DLG Jährlich Prämiert, Nutriscore Grade E, PEFC, UTZ Certified Cocoa","['en:german-agricultural-society', 'en:sustainable-farming', 'de:dlg-jährlich-prämiert', 'en:nutriscore', 'en:nutriscore-grade-e', 'en:pefc', 'en:utz-certified', 'en:utz-certified-cocoa']",unknown,55,53,50,50,52.8,25,['UTZ Certified'],['sustainable_agriculture'],"['Certification promotes sustainable farming practices, responsible sourcing, and improved working conditions for farmers.']",No usable Eco-Score found; environmental score starts from the neutral baseline of 50. Matched 1 scoring signal(s): UTZ Certified,https://images.openfoodfacts.org/images/products/406/145/802/1746/front_de.28.400.jpg
food,4008167043805,Home Barrista Café Crema Dolce,"Dallmayr, dallmayer","Beverages, Coffees","Green Dot, Rainforest Alliance","['en:green-dot', 'en:rainforest-alliance']",unknown,55,53,50,50,52.8,25,['Rainforest Alliance'],['sustainable_agriculture'],"['Certification promotes sustainable agriculture, biodiversity protection, and improved livelihoods for farmers and workers.']",No usable Eco-Score found; environmental score starts from the neutral baseline of 50. Matched 1 scoring signal(s): Rainforest Alliance,https://images.openfoodfacts.org/images/products/400/816/704/3805/front_de.9.400.jpg
food,4030387034080,Scho-Ka-Kola,"Scho-Ka-Kola, Scho-Ka-Kola GmbH",Dark chocolates,,[],e,15,50,50,50,36.0,55,[],[],[],Environmental baseline uses Eco-Score e. No positive or negative label evidence found in the current mapping.,https://images.openfoodfacts.org/images/products/403/038/703/4080/front_de.91.400.jpg
food,4005500274995,Nescafé Frappé Typ Eiskaffee,"Nestlé, Nescafé","Dehydrated beverages, Aromatised instant coffees, Sweetened beverages","Green Dot, Nutriscore Grade E","['en:green-dot', 'en:nutriscore', 'en:nutriscore-grade-e']",unknown,50,50,50,50,50.0,15,[],[],[],No usable Eco-Score found; environmental score starts from the neutral baseline of 50. No positive or negative label evidence found in the current mapping.,https://images.openfoodfacts.org/images/products/400/550/027/4995/front_de.54.400.jpg
food,4047247775663,Barissimo Classic,Markus Kaffee,"Beverages, Coffees",Rainforest Alliance,['en:rainforest-alliance'],unknown,55,53,50,50,52.8,25,['Rainforest Alliance'],['sustainable_agriculture'],"['Certification promotes sustainable agriculture, biodiversity protection, and improved livelihoods for farmers and workers.']",No usable Eco-Score found; environmental score starts from the neutral baseline of 50. Matched 1 scoring signal(s): Rainforest Alliance,https://images.openfoodfacts.org/images/products/404/724/777/5663/front_de.6.400.jpg
food,4005500086062,Caro extra kräftig,Nestlé,"Dried plant-based foods, Instant beverages, Dehydrated beverages","Green Dot, Nutriscore Grade B","['en:green-dot', 'en:nutriscore', 'en:nutriscore-grade-b']",unknown,50,50,50,50,50.0,15,[],[],[],No usable Eco-Score found; environmental score starts from the neutral baseline of 50. No positive or negative label evidence found in the current mapping.,https://images.openfoodfacts.org/images/products/400/550/008/6062/front_de.28.400.jpg
food,7613031514793,Nescafé Classic Mild Instantkaffee,"Nescafe, Nescafé","Beverages, Coffees, Instant coffees",,[],unknown,50,50,50,50,50.0,15,[],[],[],No usable Eco-Score found; environmental score starts from the neutral baseline of 50. No positive or negative label evidence found in the current mapping.,https://images.openfoodfacts.org/images/products/761/303/151/4793/front_en.15.400.jpg
food,4002720002285,Kaffee Harmonie mild,Melitta,"Beverages, de:Gemahlener Röstkaffee, de:Kaffeepulver",Green Dot,['en:green-dot'],unknown,50,50,50,50,50.0,15,[],[],[],No usable Eco-Score found; environmental score starts from the neutral baseline of 50. No positive or negative label evidence found in the current mapping.,https://images.openfoodfacts.org/images/products/400/272/000/2285/front_de.33.400.jpg
food,4008167103905,Dallmayr Kaffee Prodomo Naturmild,Dallmayr,"Beverages, Ground coffees",FSC Mix,"['en:fsc', 'en:fsc-mix']",f,10,50,50,50,34.0,70,['FSC'],['sustainable_forestry'],"['FSC certification promotes responsible forest management, sustainable sourcing of wood and paper products, and protection of biodiversity and ecosystems.']",Environmental baseline uses Eco-Score f. Matched 1 scoring signal(s): FSC,https://images.openfoodfacts.org/images/products/400/816/710/3905/front_de.14.400.jpg
food,4008167154679,Espresso d'oro,Dallmayr,"Beverages, Roasted coffee beans",,[],f,5,50,50,50,32.0,55,[],[],[],Environmental baseline uses Eco-Score f. No positive or negative label evidence found in the current mapping.,https://images.openfoodfacts.org/images/products/400/816/715/4679/front_de.16.400.jpg
food,8711000891735,Kaffee Espresso Kaffee,"Jacobs, Jakobs","Hot beverages, Coffees",,[],unknown,50,50,50,50,50.0,15,[],[],[],No usable Eco-Score found; environmental score starts from the neutral baseline of 50. No positive or negative label evidence found in the current mapping.,https://images.openfoodfacts.org/images/products/871/100/089/1735/front_de.16.400.jpg
food,4388844009882,Röstkaffee gemahlen,Rewe Bio,"Beverages, Arabica ground coffees","Fairtrade International, EG-Öko-Verordnung","['en:fair-trade', 'en:organic', 'en:eu-organic', 'en:fairtrade-international', 'de:eg-öko-verordnung']",f,10,60,50,50,36.5,85,"['Fair for Life', 'organic']","['fairtrade_certification', 'organic_certification']","['Fair trade certification promoting fair wages, responsible supply chains, and sustainable livelihoods for producers and workers.', 'Product has an organic certification/claim, indicating more sustainable agricultural production.']","Environmental baseline uses Eco-Score f. Matched 2 scoring signal(s): Fair for Life, organic",https://images.openfoodfacts.org/images/products/438/884/400/9882/front_en.11.400.jpg
food,4058172684159,"Caffè Crema, ganze Bohne","dmBio, dm","Beverages, Coffee beans","non-EU Agriculture, EG-Öko-Verordnung, DE-ÖKO-039, European Vegetarian Union Vegan, Made in Germany, Naturland","['en:vegetarian', 'en:organic', 'en:eu-organic', 'en:non-eu-agriculture', 'en:vegan', 'de:eg-öko-verordnung', 'en:de-oko-039', 'en:european-vegetarian-union', 'en:european-vegetarian-union-vegan', 'en:made-in-germany', 'en:naturland']",f,16,56,50,63,40.5,100,"['Naturland Fair', 'Vegan', 'EU Organic', 'Vegetarian']","['naturland_fair', 'vegan_ethics', 'organic_certification', 'vegetarian_ethics']","['Combines organic farming requirements with fair trade principles, promoting environmental sustainability and fair treatment of producers.', 'Indicates products are free from animal-derived ingredients and support animal welfare principles.', 'EU-recognized organic certification, especially relevant for products sold in Germany/EU.', 'Indicates reduced reliance on animal products and supports animal welfare considerations, though less strictly than vegan products.']","Environmental baseline uses Eco-Score f. Matched 4 scoring signal(s): Naturland Fair, Vegan, EU Organic, Vegetarian",https://images.openfoodfacts.org/images/products/405/817/268/4159/front_en.17.400.jpg
food,42413684,Latte Cappuccino,"Cafèt, Netto MD","Coffees, Latte macchiato","Ohne Gentechnik, Not advised for children and pregnant women, Rainforest Alliance Cocoa, Rainforest Alliance Coffee","['en:no-gmos', 'en:not-advised-for-specific-people', 'de:ohne-gentechnik', 'en:not-advised-for-children-and-pregnant-women', 'en:rainforest-alliance', 'en:rainforest-alliance-cocoa', 'en:rainforest-alliance-coffee']",unknown,57,53,50,55,54.6,30,"['Rainforest Alliance', 'Ohne Gentechnik']","['sustainable_agriculture', 'non_gmo']","['Certification promotes sustainable agriculture, biodiversity protection, and improved livelihoods for farmers and workers.', 'Indicates products are produced without genetic engineering, addressing consumer concerns about food production methods and transparency.']","No usable Eco-Score found; environmental score starts from the neutral baseline of 50. Matched 2 scoring signal(s): Rainforest Alliance, Ohne Gentechnik",https://images.openfoodfacts.org/images/products/000/004/241/3684/front_de.24.400.jpg
food,4008167023906,Kaffee,Dallmayr,"Beverages, Coffees",,[],unknown,50,50,50,50,50.0,15,[],[],[],No usable Eco-Score found; environmental score starts from the neutral baseline of 50. No positive or negative label evidence found in the current mapping.,https://images.openfoodfacts.org/images/products/400/816/702/3906/front_de.12.400.jpg
food,4305615838977,Kaffee Arabica,"Das Exquisite, Rossmann",Dark chocolates with coffee,"Fairtrade International, Fairtrade cocoa, FSC Mix, Made in Germany","['en:fair-trade', 'en:fairtrade-international', 'en:fairtrade-cocoa', 'en:fsc', 'en:fsc-mix', 'en:made-in-germany']",d,35,60,50,50,46.5,85,"['Fairtrade International', 'FSC']","['fairtrade_certification', 'sustainable_forestry']","['Certification promotes fair prices, better working conditions, and sustainable livelihoods for farmers and workers in global supply chains.', 'FSC certification promotes responsible forest management, sustainable sourcing of wood and paper products, and protection of biodiversity and ecosystems.']","Environmental baseline uses Eco-Score d. Matched 2 scoring signal(s): Fairtrade International, FSC",https://images.openfoodfacts.org/images/products/430/561/583/8977/front_de.46.400.jpg
food,4061463641083,Caffè Crema & Aroma - Ganze Bohne,"Barissimo, NewCoffee","Beverages, Coffee beans","Rainforest Alliance, de:Unter Schutzatmosphäre verpackt","['en:rainforest-alliance', 'de:Unter Schutzatmosphäre verpackt']",f,10,53,50,50,34.8,65,['Rainforest Alliance'],['sustainable_agriculture'],"['Certification promotes sustainable agriculture, biodiversity protection, and improved livelihoods for farmers and workers.']",Environmental baseline uses Eco-Score f. Matched 1 scoring signal(s): Rainforest Alliance,https://images.openfoodfacts.org/images/products/406/146/364/1083/front_de.8.400.jpg
food,4023600016468,High Protein Coffee Drink - Caramel Macchiato Style,Dr. Oetker,"Coffee drinks, de:Milchmischerzeugnisse","Nutriscore Grade C, Rainforest Alliance Coffee","['en:nutriscore', 'en:nutriscore-grade-c', 'en:rainforest-alliance', 'en:rainforest-alliance-coffee']",unknown,55,53,50,50,52.8,25,['Rainforest Alliance'],['sustainable_agriculture'],"['Certification promotes sustainable agriculture, biodiversity protection, and improved livelihoods for farmers and workers.']",No usable Eco-Score found; environmental score starts from the neutral baseline of 50. Matched 1 scoring signal(s): Rainforest Alliance,https://images.openfoodfacts.org/images/products/402/360/001/6468/front_de.100.400.jpg
food,5400606955110,Kaffee,Amazon,"Coffees, Instant coffees",,[],unknown,50,50,50,50,50.0,15,[],[],[],No usable Eco-Score found; environmental score starts from the neutral baseline of 50. No positive or negative label evidence found in the current mapping.,https://images.openfoodfacts.org/images/products/540/060/695/5110/front_de.3.400.jpg
food,7630585378626,Kazaar,Nespresso,"Beverages, Coffees",,[],unknown,50,50,50,50,50.0,15,[],[],[],No usable Eco-Score found; environmental score starts from the neutral baseline of 50. No positive or negative label evidence found in the current mapping.,https://images.openfoodfacts.org/images/products/763/058/537/8626/front_de.6.400.jpg
food,7610900138890,Caffè Latte Expresso,Emmi,"Coffees, Coffee drinks, Boissons-au-café, Groceries","Made in Swiss, Rainforest Alliance","['en:made-in-swiss', 'en:rainforest-alliance']",unknown,55,53,50,50,52.8,25,['Rainforest Alliance'],['sustainable_agriculture'],"['Certification promotes sustainable agriculture, biodiversity protection, and improved livelihoods for farmers and workers.']",No usable Eco-Score found; environmental score starts from the neutral baseline of 50. Matched 1 scoring signal(s): Rainforest Alliance,https://images.openfoodfacts.org/images/products/761/090/013/8890/front_en.49.400.jpg
food,8003753144290,Instant Coffee CLASSICO,Illy,"Beverages, Coffees, Instant coffees",Made in Swiss,['en:made-in-swiss'],unknown,50,50,50,50,50.0,15,[],[],[],No usable Eco-Score found; environmental score starts from the neutral baseline of 50. No positive or negative label evidence found in the current mapping.,https://images.openfoodfacts.org/images/products/800/375/314/4290/front_fr.4.400.jpg
food,8003410311171,Intermezzo Gusto e Corposo Kaffee,Segafredo,"Beverages, Roasted coffee beans",,[],f,5,50,50,50,32.0,55,[],[],[],Environmental baseline uses Eco-Score f. No positive or negative label evidence found in the current mapping.,https://images.openfoodfacts.org/images/products/800/341/031/1171/front_de.56.400.jpg
food,8711000525067,Cappuccino,Jacobs,"Beverages, Coffees, Powdered cappucino",,[],unknown,50,50,50,50,50.0,15,[],[],[],No usable Eco-Score found; environmental score starts from the neutral baseline of 50. No positive or negative label evidence found in the current mapping.,https://images.openfoodfacts.org/images/products/871/100/052/5067/front_fr.10.400.jpg
food,8000070027435,Caffé Crema Dolce Kaffee,Lavazza,"Beverages, Coffee beans",Made in Italy,['en:made-in-italy'],f,5,50,50,50,32.0,55,[],[],[],Environmental baseline uses Eco-Score f. No positive or negative label evidence found in the current mapping.,https://images.openfoodfacts.org/images/products/800/007/002/7435/front_de.30.400.jpg
food,4008167103219,Dallmayr prodomo,"Bohnen, Dallmayr, Loacker","Beverages, Coffee beans",,[],f,5,50,50,50,32.0,55,[],[],[],Environmental baseline uses Eco-Score f. No positive or negative label evidence found in the current mapping.,https://images.openfoodfacts.org/images/products/400/816/710/3219/front_de.21.400.jpg
food,4311501482162,Cappuccino,"Edeka, Gut & Günstig","Beverages, Coffees, Powdered cappucino","Rainforest Alliance, UTZ Certified Coffee","['en:sustainable-farming', 'en:rainforest-alliance', 'en:utz-certified', 'en:utz-certified-coffee']",unknown,55,53,50,50,52.8,25,['Rainforest Alliance'],['sustainable_agriculture'],"['Certification promotes sustainable agriculture, biodiversity protection, and improved livelihoods for farmers and workers.']",No usable Eco-Score found; environmental score starts from the neutral baseline of 50. Matched 1 scoring signal(s): Rainforest Alliance,https://images.openfoodfacts.org/images/products/431/150/148/2162/front_de.21.400.jpg
food,4061458002820,Kaffee Classic löslich,Amaroy,"Beverages, Coffees, Instant coffees","Rainforest Alliance, UTZ Certified Coffee","['en:sustainable-farming', 'en:rainforest-alliance', 'en:utz-certified', 'en:utz-certified-coffee']",unknown,55,53,50,50,52.8,25,['Rainforest Alliance'],['sustainable_agriculture'],"['Certification promotes sustainable agriculture, biodiversity protection, and improved livelihoods for farmers and workers.']",No usable Eco-Score found; environmental score starts from the neutral baseline of 50. Matched 1 scoring signal(s): Rainforest Alliance,https://images.openfoodfacts.org/images/products/406/145/800/2820/front_de.45.400.jpg
beauty,4066447745443,Anti Schuppen Shampoo,Balea,"Incorrect product type, non-food-products, open-beauty-facts",,[],unknown,50,50,50,50,50.0,15,[],[],[],No usable Eco-Score found; environmental score starts from the neutral baseline of 50. No positive or negative label evidence found in the current mapping.,https://images.openbeautyfacts.org/images/products/406/644/774/5443/front_bg.5.400.jpg
beauty,4056489235620,Shampoo 7 Kräuter,"Cien, Win Cosmetic","Shampoos, Incorrect product type, non-food-products, open-beauty-facts","Without microplastics, Without silicon, de:Recyceltes Plastik","['en:without-microplastics', 'en:without-silicon', 'de:Recyceltes Plastik']",unknown,58,50,50,53,53.8,25,['Without microplastics'],['plastic_free'],[''],No usable Eco-Score found; environmental score starts from the neutral baseline of 50. Matched 1 scoring signal(s): Without microplastics,https://images.openbeautyfacts.org/images/products/405/648/923/5620/front_de.4.400.jpg
beauty,4008890006429,Salthouse Totes Meer Shampoo Anti-Schuppen,SALT HOUSE,"Incorrect product type, non-food-products, open-beauty-facts",,[],unknown,50,50,50,50,50.0,15,[],[],[],No usable Eco-Score found; environmental score starts from the neutral baseline of 50. No positive or negative label evidence found in the current mapping.,https://images.openbeautyfacts.org/images/products/400/889/000/6429/front_de.3.400.jpg
beauty,4262395460012,Hydrate & Shine Shampoo,éla,"Incorrect product type, non-food-products, open-beauty-facts",,[],unknown,50,50,50,50,50.0,15,[],[],[],No usable Eco-Score found; environmental score starts from the neutral baseline of 50. No positive or negative label evidence found in the current mapping.,https://images.openbeautyfacts.org/images/products/426/239/546/0012/front_de.5.400.jpg
beauty,4056489329770,Shampoo vegan Aloe Vera,Cien,"Incorrect product type, non-food-products, open-beauty-facts",Vegan,"['en:vegetarian', 'en:vegan']",unknown,50,50,50,63,52.6,30,"['Vegan', 'Vegetarian']","['vegan_ethics', 'vegetarian_ethics']","['Indicates products are free from animal-derived ingredients and support animal welfare principles.', 'Indicates reduced reliance on animal products and supports animal welfare considerations, though less strictly than vegan products.']","No usable Eco-Score found; environmental score starts from the neutral baseline of 50. Matched 2 scoring signal(s): Vegan, Vegetarian",https://images.openbeautyfacts.org/images/products/405/648/932/9770/front_de.11.400.jpg
beauty,4056489318460,Shampoo for men für normales Haar,Cien,Shampoos,"Vegan, Made in Germany, Without microplastics, Without silicon","['en:vegetarian', 'en:vegan', 'en:made-in-germany', 'en:without-microplastics', 'en:without-silicon']",unknown,58,50,50,66,56.4,40,"['Without microplastics', 'Vegan', 'Vegetarian']","['plastic_free', 'vegan_ethics', 'vegetarian_ethics']","['', 'Indicates products are free from animal-derived ingredients and support animal welfare principles.', 'Indicates reduced reliance on animal products and supports animal welfare considerations, though less strictly than vegan products.']","No usable Eco-Score found; environmental score starts from the neutral baseline of 50. Matched 3 scoring signal(s): Without microplastics, Vegan, Vegetarian",https://images.openbeautyfacts.org/images/products/405/648/931/8460/front_de.7.400.jpg
beauty,4103040048943,shampoo,Seba med,"Incorrect product type, non-food-products, open-beauty-facts",,[],unknown,50,50,50,50,50.0,15,[],[],[],No usable Eco-Score found; environmental score starts from the neutral baseline of 50. No positive or negative label evidence found in the current mapping.,
beauty,4066447704761,Balea feste Seife,Balea,"Incorrect product type, non-food-products, open-beauty-facts",,[],unknown,50,50,50,50,50.0,15,[],[],[],No usable Eco-Score found; environmental score starts from the neutral baseline of 50. No positive or negative label evidence found in the current mapping.,
beauty,4061464932647,Pflegende Seife - 3 % Urea,Lacura,"Soaps, non-food-products, open-beauty-facts","No colorings, Without microplastics","['en:no-colorings', 'en:without-microplastics']",unknown,58,50,50,53,53.8,25,['Without microplastics'],['plastic_free'],[''],No usable Eco-Score found; environmental score starts from the neutral baseline of 50. Matched 1 scoring signal(s): Without microplastics,https://images.openbeautyfacts.org/images/products/406/146/493/2647/front_de.9.400.jpg
beauty,5000468000074,Milde Seife - Aloe Vera,CD,"non-food-products, open-beauty-facts",Vegan,"['en:vegetarian', 'en:vegan']",unknown,50,50,50,63,52.6,30,"['Vegan', 'Vegetarian']","['vegan_ethics', 'vegetarian_ethics']","['Indicates products are free from animal-derived ingredients and support animal welfare principles.', 'Indicates reduced reliance on animal products and supports animal welfare considerations, though less strictly than vegan products.']","No usable Eco-Score found; environmental score starts from the neutral baseline of 50. Matched 2 scoring signal(s): Vegan, Vegetarian",https://images.openbeautyfacts.org/images/products/500/046/800/0074/front_fr.10.400.jpg
beauty,29023462,Seife Flüssig,Kiona  Aldi,"Incorrect product type, de:Flüssigseife, non-food-products, open-beauty-facts",,[],unknown,50,50,50,50,50.0,15,[],[],[],No usable Eco-Score found; environmental score starts from the neutral baseline of 50. No positive or negative label evidence found in the current mapping.,https://images.openbeautyfacts.org/images/products/000/002/902/3462/front_de.3.400.jpg
beauty,4009800001008,Seife,Speick Original,"Soaps, Incorrect product type, non-food-products, open-beauty-facts, seifen",,[],unknown,50,50,50,50,50.0,15,[],[],[],No usable Eco-Score found; environmental score starts from the neutral baseline of 50. No positive or negative label evidence found in the current mapping.,https://images.openbeautyfacts.org/images/products/400/980/000/1008/front_de.11.400.jpg
beauty,4002448100065,Hygiene Seife Hydra Care - Kamille Duft,Sagrotan,"Incorrect product type, non-food-products, open-beauty-facts",,[],unknown,50,50,50,50,50.0,15,[],[],[],No usable Eco-Score found; environmental score starts from the neutral baseline of 50. No positive or negative label evidence found in the current mapping.,https://images.openbeautyfacts.org/images/products/400/244/810/0065/front_de.3.400.jpg
beauty,4066447806922,Mandelblüte Seife,Alverde,"Incorrect product type, non-food-products, open-beauty-facts",The Vegan Society,"['en:vegetarian', 'en:vegan', 'en:the-vegan-society']",unknown,50,50,50,63,52.6,30,"['Vegan', 'Vegetarian']","['vegan_ethics', 'vegetarian_ethics']","['Indicates products are free from animal-derived ingredients and support animal welfare principles.', 'Indicates reduced reliance on animal products and supports animal welfare considerations, though less strictly than vegan products.']","No usable Eco-Score found; environmental score starts from the neutral baseline of 50. Matched 2 scoring signal(s): Vegan, Vegetarian",https://images.openbeautyfacts.org/images/products/406/644/780/6922/front_de.3.400.jpg
beauty,4305615617480,IMilde Seife (Meeresluft),ISANA,"Incorrect product type, non-food-products, open-beauty-facts",,[],unknown,50,50,50,50,50.0,15,[],[],[],No usable Eco-Score found; environmental score starts from the neutral baseline of 50. No positive or negative label evidence found in the current mapping.,
beauty,4003143014251,Naturseife (Aktivkohle),Kappus,"Incorrect product type, de:Körperpflege, de:Seife, fats, non-food-products, open-beauty-facts, plant-based-foods, plant-based-foods-and-beverages, vegetable-fats, vegetable-oils","Made in Germany, PEFC","['en:made-in-germany', 'en:pefc']",unknown,50,50,50,50,50.0,15,[],[],[],No usable Eco-Score found; environmental score starts from the neutral baseline of 50. No positive or negative label evidence found in the current mapping.,https://images.openbeautyfacts.org/images/products/400/314/301/4251/front_de.4.400.jpg
beauty,4066447105094,Flüssigseife,alverde,"Incorrect product type, de:Seife, non-food-products, open-beauty-facts",Made in Germany,['en:made-in-germany'],unknown,50,50,50,50,50.0,15,[],[],[],No usable Eco-Score found; environmental score starts from the neutral baseline of 50. No positive or negative label evidence found in the current mapping.,https://images.openbeautyfacts.org/images/products/406/644/710/5094/front_de.3.400.jpg
beauty,4001499115998,Flüssigseife „Sensitiv Seife“,Frosch,"Incorrect product type, non-food-products, open-beauty-facts","Vegan, mikroplastikfrei","['en:vegetarian', 'en:vegan', 'en:mikroplastikfrei']",unknown,50,50,50,63,52.6,30,"['Vegan', 'Vegetarian']","['vegan_ethics', 'vegetarian_ethics']","['Indicates products are free from animal-derived ingredients and support animal welfare principles.', 'Indicates reduced reliance on animal products and supports animal welfare considerations, though less strictly than vegan products.']","No usable Eco-Score found; environmental score starts from the neutral baseline of 50. Matched 2 scoring signal(s): Vegan, Vegetarian",https://images.openbeautyfacts.org/images/products/400/149/911/5998/front_de.3.400.jpg
beauty,4058172633393,Fresh Feste Duschseife,Balea Men,"Incorrect product type, de:Seife, non-food-products, open-beauty-facts",,[],unknown,50,50,50,50,50.0,15,[],[],[],No usable Eco-Score found; environmental score starts from the neutral baseline of 50. No positive or negative label evidence found in the current mapping.,https://images.openbeautyfacts.org/images/products/405/817/263/3393/front_de.7.400.jpg
beauty,4045612009412,CD Milde Seife Avocado,Lornamead GmbH,"Incorrect product type, avocados, fruits, fruits-and-vegetables-based-foods, fruits-based-foods, non-food-products, open-beauty-facts, plant-based-foods, plant-based-foods-and-beverages, tropical-fruits",Vegan,"['en:vegetarian', 'en:vegan']",c,50,50,50,63,52.6,70,"['Vegan', 'Vegetarian']","['vegan_ethics', 'vegetarian_ethics']","['Indicates products are free from animal-derived ingredients and support animal welfare principles.', 'Indicates reduced reliance on animal products and supports animal welfare considerations, though less strictly than vegan products.']","Environmental baseline uses Eco-Score c. Matched 2 scoring signal(s): Vegan, Vegetarian",https://images.openbeautyfacts.org/images/products/404/561/200/9412/front_de.3.400.jpg
beauty,4056489762027,Seife Soap Province Honey,Cien,"Incorrect product type, non-food-products, open-beauty-facts",,[],unknown,50,50,50,50,50.0,15,[],[],[],No usable Eco-Score found; environmental score starts from the neutral baseline of 50. No positive or negative label evidence found in the current mapping.,https://images.openbeautyfacts.org/images/products/405/648/976/2027/front_ro.9.400.jpg
beauty,4260702180813,Seife,Jean &,"Incorrect product type, non-food-products, open-beauty-facts",,[],unknown,50,50,50,50,50.0,15,[],[],[],No usable Eco-Score found; environmental score starts from the neutral baseline of 50. No positive or negative label evidence found in the current mapping.,
beauty,4010355218551,Seife,Alverde,"Incorrect product type, non-food-products, open-beauty-facts",,[],unknown,50,50,50,50,50.0,15,[],[],[],No usable Eco-Score found; environmental score starts from the neutral baseline of 50. No positive or negative label evidence found in the current mapping.,https://images.openbeautyfacts.org/images/products/401/035/521/8551/front_de.4.400.jpg
beauty,4066447377064,Ginger & Lemon Cremseife,Belea DM,"Incorrect product type, de:Cremseife, de:Seife, non-food-products, open-beauty-facts","Made in Germany, The Vegan Society","['en:vegetarian', 'en:vegan', 'en:made-in-germany', 'en:the-vegan-society']",unknown,50,50,50,63,52.6,30,"['Vegan', 'Vegetarian']","['vegan_ethics', 'vegetarian_ethics']","['Indicates products are free from animal-derived ingredients and support animal welfare principles.', 'Indicates reduced reliance on animal products and supports animal welfare considerations, though less strictly than vegan products.']","No usable Eco-Score found; environmental score starts from the neutral baseline of 50. Matched 2 scoring signal(s): Vegan, Vegetarian",https://images.openbeautyfacts.org/images/products/406/644/737/7064/front_de.8.400.jpg
beauty,8719134153880,Ritual Of Karma Seife,Rituals,"Incorrect product type, non-food-products, open-beauty-facts",,[],unknown,50,50,50,50,50.0,15,[],[],[],No usable Eco-Score found; environmental score starts from the neutral baseline of 50. No positive or negative label evidence found in the current mapping.,
beauty,8714789700472,Seife,Palmolive,"Incorrect product type, non-food-products, open-beauty-facts",,[],unknown,50,50,50,50,50.0,15,[],[],[],No usable Eco-Score found; environmental score starts from the neutral baseline of 50. No positive or negative label evidence found in the current mapping.,https://images.openbeautyfacts.org/images/products/871/478/970/0472/front_de.6.400.jpg
beauty,4337185451195,Seife,Bevola,"Incorrect product type, non-food-products, open-beauty-facts",,[],unknown,50,50,50,50,50.0,15,[],[],[],No usable Eco-Score found; environmental score starts from the neutral baseline of 50. No positive or negative label evidence found in the current mapping.,
beauty,4009800006164,Haar Seife Speick,Speick,"Incorrect product type, non-food-products, open-beauty-facts",,[],unknown,50,50,50,50,50.0,15,[],[],[],No usable Eco-Score found; environmental score starts from the neutral baseline of 50. No positive or negative label evidence found in the current mapping.,https://images.openbeautyfacts.org/images/products/400/980/000/6164/front_de.10.400.jpg
beauty,5000468000067,Milde Seife - Avocado,CD,"Incorrect product type, non-food-products, open-beauty-facts",,[],unknown,50,50,50,50,50.0,15,[],[],[],No usable Eco-Score found; environmental score starts from the neutral baseline of 50. No positive or negative label evidence found in the current mapping.,https://images.openbeautyfacts.org/images/products/500/046/800/0067/front_de.3.400.jpg
beauty,4058172455933,Milde Seife,babylove,"Soaps, Incorrect product type, non-food-products, open-beauty-facts","Vegan, de:Parfümfrei","['en:vegetarian', 'en:vegan', 'de:Parfümfrei']",unknown,50,50,50,63,52.6,30,"['Vegan', 'Vegetarian']","['vegan_ethics', 'vegetarian_ethics']","['Indicates products are free from animal-derived ingredients and support animal welfare principles.', 'Indicates reduced reliance on animal products and supports animal welfare considerations, though less strictly than vegan products.']","No usable Eco-Score found; environmental score starts from the neutral baseline of 50. Matched 2 scoring signal(s): Vegan, Vegetarian",https://images.openbeautyfacts.org/images/products/405/817/245/5933/front_en.6.400.jpg
beauty,4019886190060,Seife,sodasan,"Incorrect product type, non-food-products, open-beauty-facts",,[],unknown,50,50,50,50,50.0,15,[],[],[],No usable Eco-Score found; environmental score starts from the neutral baseline of 50. No positive or negative label evidence found in the current mapping.,
beauty,4063528017796,Men - Wasserminze und Zitrone,Foamie,"Incorrect product type, de:Feste Duschseife, de:Seife, non-food-products, open-beauty-facts",Vegan,"['en:vegetarian', 'en:vegan']",unknown,50,50,50,63,52.6,30,"['Vegan', 'Vegetarian']","['vegan_ethics', 'vegetarian_ethics']","['Indicates products are free from animal-derived ingredients and support animal welfare principles.', 'Indicates reduced reliance on animal products and supports animal welfare considerations, though less strictly than vegan products.']","No usable Eco-Score found; environmental score starts from the neutral baseline of 50. Matched 2 scoring signal(s): Vegan, Vegetarian",https://images.openbeautyfacts.org/images/products/406/352/801/7796/front_de.4.400.jpg
beauty,4103040048264,flüssig seife,sebamed,"Incorrect product type, non-food-products, open-beauty-facts",,[],unknown,50,50,50,50,50.0,15,[],[],[],No usable Eco-Score found; environmental score starts from the neutral baseline of 50. No positive or negative label evidence found in the current mapping.,
beauty,42267201,feste Seife,aliviana,"Incorrect product type, non-food-products, open-beauty-facts",,[],unknown,50,50,50,50,50.0,15,[],[],[],No usable Eco-Score found; environmental score starts from the neutral baseline of 50. No positive or negative label evidence found in the current mapping.,
beauty,4066447671827,Seife Summer Vibes,Balea,"Incorrect product type, non-food-products, open-beauty-facts",The Vegan Society,"['en:vegetarian', 'en:vegan', 'en:the-vegan-society']",unknown,50,50,50,63,52.6,30,"['Vegan', 'Vegetarian']","['vegan_ethics', 'vegetarian_ethics']","['Indicates products are free from animal-derived ingredients and support animal welfare principles.', 'Indicates reduced reliance on animal products and supports animal welfare considerations, though less strictly than vegan products.']","No usable Eco-Score found; environmental score starts from the neutral baseline of 50. Matched 2 scoring signal(s): Vegan, Vegetarian",https://images.openbeautyfacts.org/images/products/406/644/767/1827/front_de.4.400.jpg
beauty,4311501677537,Honig Seife,Elkos,"Incorrect product type, non-food-products, open-beauty-facts",,[],unknown,50,50,50,50,50.0,15,[],[],[],No usable Eco-Score found; environmental score starts from the neutral baseline of 50. No positive or negative label evidence found in the current mapping.,
beauty,4010355125767,Creme Seife Sensitive,Balea,"Soaps, Incorrect product type, non-food-products, open-beauty-facts",,[],unknown,50,50,50,50,50.0,15,[],[],[],No usable Eco-Score found; environmental score starts from the neutral baseline of 50. No positive or negative label evidence found in the current mapping.,https://images.openbeautyfacts.org/images/products/401/035/512/5767/front_de.6.400.jpg
beauty,4061458007450,Seife Milch Honig,Ombia,"Incorrect product type, beverages, beverages-and-beverages-preparations, non-food-products, open-beauty-facts",,[],unknown,50,50,50,50,50.0,15,[],[],[],No usable Eco-Score found; environmental score starts from the neutral baseline of 50. No positive or negative label evidence found in the current mapping.,https://images.openbeautyfacts.org/images/products/406/145/800/7450/front_en.5.400.jpg
beauty,4305615610344,Küchen Seife mit Orangen- und Thymian-Duft,isana,"Soaps, Incorrect product type, non-food-products, open-beauty-facts",,[],unknown,50,50,50,50,50.0,15,[],[],[],No usable Eco-Score found; environmental score starts from the neutral baseline of 50. No positive or negative label evidence found in the current mapping.,https://images.openbeautyfacts.org/images/products/430/561/561/0344/front_de.4.400.jpg
beauty,4061458007467,Seife Flüssig- Ombia Sanfte Pflege Aldi,"Aldi, Ombia","Incorrect product type, non-food-products, open-beauty-facts",,[],unknown,50,50,50,50,50.0,15,[],[],[],No usable Eco-Score found; environmental score starts from the neutral baseline of 50. No positive or negative label evidence found in the current mapping.,https://images.openbeautyfacts.org/images/products/406/145/800/7467/front_de.3.400.jpg
beauty,4000883101463,Seife Kokos Fest,oecolife,"Incorrect product type, non-food-products, open-beauty-facts",Made in Germany,['en:made-in-germany'],unknown,50,50,50,50,50.0,15,[],[],[],No usable Eco-Score found; environmental score starts from the neutral baseline of 50. No positive or negative label evidence found in the current mapping.,https://images.openbeautyfacts.org/images/products/400/088/310/1463/front_de.3.400.jpg
beauty,4310224045333,Seife,joolea,"Incorrect product type, non-food-products, open-beauty-facts",,[],unknown,50,50,50,50,50.0,15,[],[],[],No usable Eco-Score found; environmental score starts from the neutral baseline of 50. No positive or negative label evidence found in the current mapping.,
beauty,4260123740788,Provence,Davon Du Midi,de:Seife,,[],,50,50,50,50,50.0,15,[],[],[],No usable Eco-Score found; environmental score starts from the neutral baseline of 50. No positive or negative label evidence found in the current mapping.,https://images.openbeautyfacts.org/images/products/426/012/374/0788/front_de.3.400.jpg
beauty,26405834,Flüssigseife Aqua Nachfüllpack,Today,Seife,,[],,50,50,50,50,50.0,15,[],[],[],No usable Eco-Score found; environmental score starts from the neutral baseline of 50. No positive or negative label evidence found in the current mapping.,https://images.openbeautyfacts.org/images/products/000/002/640/5834/front_de.7.400.jpg
beauty,8410190890251,Seife,Maja,"Incorrect product type, non-food-products, open-beauty-facts",,[],unknown,50,50,50,50,50.0,15,[],[],[],No usable Eco-Score found; environmental score starts from the neutral baseline of 50. No positive or negative label evidence found in the current mapping.,
beauty,4068134052476,Milde Seife Wichteltraum,Isana,"Incorrect product type, non-food-products, open-beauty-facts",,[],unknown,50,50,50,50,50.0,15,[],[],[],No usable Eco-Score found; environmental score starts from the neutral baseline of 50. No positive or negative label evidence found in the current mapping.,https://images.openbeautyfacts.org/images/products/406/813/405/2476/front_de.6.400.jpg
beauty,18787810385,Kosmetik – Teebaum Seife,Dr. Bronner‘s,"Incorrect product type, non-food-products, open-beauty-facts",,[],unknown,50,50,50,50,50.0,15,[],[],[],No usable Eco-Score found; environmental score starts from the neutral baseline of 50. No positive or negative label evidence found in the current mapping.,
beauty,4251758405395,sagrotan seife,sagrotan,"Incorrect product type, non-food-products, open-beauty-facts",,[],unknown,50,50,50,50,50.0,15,[],[],[],No usable Eco-Score found; environmental score starts from the neutral baseline of 50. No positive or negative label evidence found in the current mapping.,
beauty,21449819,Flüssigseife hygienisch frisch,Today,de:Seife,,[],unknown,50,50,50,50,50.0,15,[],[],[],No usable Eco-Score found; environmental score starts from the neutral baseline of 50. No positive or negative label evidence found in the current mapping.,https://images.openbeautyfacts.org/images/products/000/002/144/9819/front_de.3.400.jpg
beauty,4305615776491,Milde Seife - mit Grapefruit & Minzextrakt,Isana | Rossmann,"Incorrect product type, non-food-products, open-beauty-facts",,[],unknown,50,50,50,50,50.0,15,[],[],[],No usable Eco-Score found; environmental score starts from the neutral baseline of 50. No positive or negative label evidence found in the current mapping.,https://images.openbeautyfacts.org/images/products/430/561/577/6491/front_de.3.400.jpg
beauty,4260556671185,Seife Vanille & Patschuli,share,Soaps,"Vegan, No palm oil","['en:vegetarian', 'en:vegan', 'en:no-palm-oil']",,50,50,50,63,52.6,30,"['Vegan', 'Vegetarian']","['vegan_ethics', 'vegetarian_ethics']","['Indicates products are free from animal-derived ingredients and support animal welfare principles.', 'Indicates reduced reliance on animal products and supports animal welfare considerations, though less strictly than vegan products.']","No usable Eco-Score found; environmental score starts from the neutral baseline of 50. Matched 2 scoring signal(s): Vegan, Vegetarian",https://images.openbeautyfacts.org/images/products/426/055/667/1185/front_de.4.400.jpg
beauty,4306188064190,Creme Seife Sensitiv,la ligne,Soaps,,[],,50,50,50,50,50.0,15,[],[],[],No usable Eco-Score found; environmental score starts from the neutral baseline of 50. No positive or negative label evidence found in the current mapping.,
beauty,5701058006024,Seife Lemongrass,Urtekram,"Incorrect product type, non-food-products, open-beauty-facts",,[],unknown,50,50,50,50,50.0,15,[],[],[],No usable Eco-Score found; environmental score starts from the neutral baseline of 50. No positive or negative label evidence found in the current mapping.,https://images.openbeautyfacts.org/images/products/570/105/800/6024/front_de.3.400.jpg
beauty,4068134024060,Milde Seife Tropical Dresm,Isana,"Incorrect product type, non-food-products, open-beauty-facts",,[],unknown,50,50,50,50,50.0,15,[],[],[],No usable Eco-Score found; environmental score starts from the neutral baseline of 50. No positive or negative label evidence found in the current mapping.,https://images.openbeautyfacts.org/images/products/406/813/402/4060/front_de.3.400.jpg
beauty,4305615688848,Osama Milde Seife Sensitiv,Isana,Soaps,,[],,50,50,50,50,50.0,15,[],[],[],No usable Eco-Score found; environmental score starts from the neutral baseline of 50. No positive or negative label evidence found in the current mapping.,https://images.openbeautyfacts.org/images/products/430/561/568/8848/front_de.3.400.jpg
beauty,8719134033144,Seife,Rituals,"Incorrect product type, non-food-products, open-beauty-facts",,[],unknown,50,50,50,50,50.0,15,[],[],[],No usable Eco-Score found; environmental score starts from the neutral baseline of 50. No positive or negative label evidence found in the current mapping.,
beauty,4010355420596,Creme Seife Ginger & Lemon,Balea,Soaps,,[],,50,50,50,50,50.0,15,[],[],[],No usable Eco-Score found; environmental score starts from the neutral baseline of 50. No positive or negative label evidence found in the current mapping.,https://images.openbeautyfacts.org/images/products/401/035/542/0596/front_de.5.400.jpg
beauty,4066447705041,Milde Seife Pflege & Hygiene (Nachfüllbeutel),Balea,Liquid soaps,The Vegan Society,"['en:vegetarian', 'en:vegan', 'en:the-vegan-society']",unknown,50,50,50,63,52.6,30,"['Vegan', 'Vegetarian']","['vegan_ethics', 'vegetarian_ethics']","['Indicates products are free from animal-derived ingredients and support animal welfare principles.', 'Indicates reduced reliance on animal products and supports animal welfare considerations, though less strictly than vegan products.']","No usable Eco-Score found; environmental score starts from the neutral baseline of 50. Matched 2 scoring signal(s): Vegan, Vegetarian",https://images.openbeautyfacts.org/images/products/406/644/770/5041/front_de.7.400.jpg
beauty,4305615610436,milde Seife Blütenfest,"Isana, Rossmann",Liquid soaps,"Vegan, green-point","['en:vegetarian', 'en:vegan', 'en:green-point']",,50,50,50,63,52.6,30,"['Vegan', 'Vegetarian']","['vegan_ethics', 'vegetarian_ethics']","['Indicates products are free from animal-derived ingredients and support animal welfare principles.', 'Indicates reduced reliance on animal products and supports animal welfare considerations, though less strictly than vegan products.']","No usable Eco-Score found; environmental score starts from the neutral baseline of 50. Matched 2 scoring signal(s): Vegan, Vegetarian",https://images.openbeautyfacts.org/images/products/430/561/561/0436/front_de.8.400.jpg
beauty,5028197454937,"Seife, Shea",The Body Shop,"non-food-products, open-beauty-facts",,[],unknown,50,50,50,50,50.0,15,[],[],[],No usable Eco-Score found; environmental score starts from the neutral baseline of 50. No positive or negative label evidence found in the current mapping.,https://images.openbeautyfacts.org/images/products/502/819/745/4937/front_de.3.400.jpg
beauty,4002448120681,Seife nachfüllpack,sagrotan,"Incorrect product type, non-food-products, open-beauty-facts",,[],unknown,50,50,50,50,50.0,15,[],[],[],No usable Eco-Score found; environmental score starts from the neutral baseline of 50. No positive or negative label evidence found in the current mapping.,
beauty,4305615776903,Einfach nur Seife,Isana,Soaps,"Vegan, Without microplastics, de:ohne Parfum","['en:vegetarian', 'en:vegan', 'en:without-microplastics', 'de:ohne Parfum']",,58,50,50,66,56.4,40,"['Without microplastics', 'Vegan', 'Vegetarian']","['plastic_free', 'vegan_ethics', 'vegetarian_ethics']","['', 'Indicates products are free from animal-derived ingredients and support animal welfare principles.', 'Indicates reduced reliance on animal products and supports animal welfare considerations, though less strictly than vegan products.']","No usable Eco-Score found; environmental score starts from the neutral baseline of 50. Matched 3 scoring signal(s): Without microplastics, Vegan, Vegetarian",https://images.openbeautyfacts.org/images/products/430/561/577/6903/front_de.4.400.jpg
beauty,5400606008847,Seife Handseife Olive,Solimo,"Incorrect product type, non-food-products, open-beauty-facts",,[],unknown,50,50,50,50,50.0,15,[],[],[],No usable Eco-Score found; environmental score starts from the neutral baseline of 50. No positive or negative label evidence found in the current mapping.,
beauty,4068134067654,Alterra NATURKOSMETIK Reine Pflanzenölseife Zitronenverbene,Alterra,Soaps,"Vegan, de:NATURKOSMETIK","['en:vegetarian', 'en:vegan', 'de:NATURKOSMETIK']",,50,50,50,63,52.6,30,"['Vegan', 'Vegetarian']","['vegan_ethics', 'vegetarian_ethics']","['Indicates products are free from animal-derived ingredients and support animal welfare principles.', 'Indicates reduced reliance on animal products and supports animal welfare considerations, though less strictly than vegan products.']","No usable Eco-Score found; environmental score starts from the neutral baseline of 50. Matched 2 scoring signal(s): Vegan, Vegetarian",
beauty,7707264461396,Seife gegen insekten,pulvex,"Incorrect product type, non-food-products, open-beauty-facts",,[],unknown,50,50,50,50,50.0,15,[],[],[],No usable Eco-Score found; environmental score starts from the neutral baseline of 50. No positive or negative label evidence found in the current mapping.,https://images.openbeautyfacts.org/images/products/770/726/446/1396/front_de.3.400.jpg
beauty,29024377,Seife,sana,"Incorrect product type, non-food-products, open-beauty-facts",,[],unknown,50,50,50,50,50.0,15,[],[],[],No usable Eco-Score found; environmental score starts from the neutral baseline of 50. No positive or negative label evidence found in the current mapping.,https://images.openbeautyfacts.org/images/products/000/002/902/4377/front_de.3.400.jpg
beauty,4305615610320,Milde Seife Hygiene Aktiv,ISANA,"Incorrect product type, Bar soaps, bath-body, cosmetics, non-open-products-facts, open-beauty-facts",,[],,50,50,50,50,50.0,15,[],[],[],No usable Eco-Score found; environmental score starts from the neutral baseline of 50. No positive or negative label evidence found in the current mapping.,
beauty,4066447954036,"Balea Flüssigseife Very Cherry, 500 ml",Balea,"de:Flüssigseife, de:Seife",,[],unknown,50,50,50,50,50.0,15,[],[],[],No usable Eco-Score found; environmental score starts from the neutral baseline of 50. No positive or negative label evidence found in the current mapping.,
beauty,4068134072405,ISANA Verwöhnende Seife Persian Feeling,ISANA,Soaps,,[],,50,50,50,50,50.0,15,[],[],[],No usable Eco-Score found; environmental score starts from the neutral baseline of 50. No positive or negative label evidence found in the current mapping.,
beauty,4061458012430,Seife Flüssig- Ombia Pfirsich Aldi,Aldi,"Incorrect product type, non-food-products, open-beauty-facts",,[],unknown,50,50,50,50,50.0,15,[],[],[],No usable Eco-Score found; environmental score starts from the neutral baseline of 50. No positive or negative label evidence found in the current mapping.,https://images.openbeautyfacts.org/images/products/406/145/801/2430/front_de.3.400.jpg
beauty,8720182264664,Beauty cream bar,Dove,"Soaps, Incorrect product type, non-food-products, open-beauty-facts",Vegan,"['en:vegetarian', 'en:vegan']",unknown,50,50,50,63,52.6,30,"['Vegan', 'Vegetarian']","['vegan_ethics', 'vegetarian_ethics']","['Indicates products are free from animal-derived ingredients and support animal welfare principles.', 'Indicates reduced reliance on animal products and supports animal welfare considerations, though less strictly than vegan products.']","No usable Eco-Score found; environmental score starts from the neutral baseline of 50. Matched 2 scoring signal(s): Vegan, Vegetarian",https://images.openbeautyfacts.org/images/products/872/018/226/4664/front_en.12.400.jpg
beauty,4066447241310,Intensiv Handcreme,Alverde Naturkosmetik,"Incorrect product type, Hand creams, non-food-products, open-beauty-facts",Organic,['en:organic'],unknown,55,50,50,50,52.0,30,['organic'],['organic_certification'],"['Product has an organic certification/claim, indicating more sustainable agricultural production.']",No usable Eco-Score found; environmental score starts from the neutral baseline of 50. Matched 1 scoring signal(s): organic,https://images.openbeautyfacts.org/images/products/406/644/724/1310/front_de.3.400.jpg
beauty,4005900756152,Nivea Creme,NIVEA,"Hand creams, de:Hautpflege, creams",,[],b,70,50,50,50,58.0,55,[],[],[],Environmental baseline uses Eco-Score b. No positive or negative label evidence found in the current mapping.,https://images.openbeautyfacts.org/images/products/400/590/075/6152/front_de.4.400.jpg
beauty,4005900009135,NIVEA Soft Moisturizing Cream,NIVEA,"Body creams, Facial creams, Hand creams, Body care, Body moisturizers, Cosmetics, Face care, Face moisturizers, Hand care, Moisturizers, Skin care",,[],unknown,50,50,50,50,50.0,15,[],[],[],No usable Eco-Score found; environmental score starts from the neutral baseline of 50. No positive or negative label evidence found in the current mapping.,https://images.openbeautyfacts.org/images/products/400/590/000/9135/front_en.3.400.jpg
beauty,8410412020299,Olive oil moisturizing body cream,"Berioska S.L., babaria","Hand creams, de:Kremes","de:Ohne Tierversuche, green-point","['de:Ohne Tierversuche', 'en:green-point']",unknown,50,50,50,50,50.0,15,[],[],[],No usable Eco-Score found; environmental score starts from the neutral baseline of 50. No positive or negative label evidence found in the current mapping.,https://images.openbeautyfacts.org/images/products/841/041/202/0299/front_de.4.400.jpg
beauty,4066447410525,Deo 5in1 Anti Transpirant,Balea,"Incorrect product type, non-food-products, open-beauty-facts",,[],unknown,50,50,50,50,50.0,15,[],[],[],No usable Eco-Score found; environmental score starts from the neutral baseline of 50. No positive or negative label evidence found in the current mapping.,https://images.openbeautyfacts.org/images/products/406/644/741/0525/front_de.8.400.jpg
beauty,42449751,Nivea Men 48H Deo,Nivea,Deodorants sticks,es:0 % Aluminum (ACH),['es:0\xa0% Aluminum (ACH)'],unknown,50,50,50,50,50.0,15,[],[],[],No usable Eco-Score found; environmental score starts from the neutral baseline of 50. No positive or negative label evidence found in the current mapping.,https://images.openbeautyfacts.org/images/products/000/004/244/9751/front_en.4.400.jpg
beauty,5014697017086,Deo - Wasserlilie,CD,"Incorrect product type, Roll-on deodorants, non-food-products, open-beauty-facts",Vegan,"['en:vegetarian', 'en:vegan']",unknown,50,50,50,63,52.6,30,"['Vegan', 'Vegetarian']","['vegan_ethics', 'vegetarian_ethics']","['Indicates products are free from animal-derived ingredients and support animal welfare principles.', 'Indicates reduced reliance on animal products and supports animal welfare considerations, though less strictly than vegan products.']","No usable Eco-Score found; environmental score starts from the neutral baseline of 50. Matched 2 scoring signal(s): Vegan, Vegetarian",https://images.openbeautyfacts.org/images/products/501/469/701/7086/front_de.4.400.jpg
beauty,4001638095228,Men 24h Deo Roll-On,Weleda,Deodorants sticks,,[],unknown,50,50,50,50,50.0,15,[],[],[],No usable Eco-Score found; environmental score starts from the neutral baseline of 50. No positive or negative label evidence found in the current mapping.,https://images.openbeautyfacts.org/images/products/400/163/809/5228/front_en.22.400.jpg
beauty,4066447330892,Active Nature 24 h Deo Roll-on,Alverde,"Open Products Facts, non-food-products, open-beauty-facts",The Vegan Society,"['en:vegetarian', 'en:vegan', 'en:the-vegan-society']",unknown,50,50,50,63,52.6,30,"['Vegan', 'Vegetarian']","['vegan_ethics', 'vegetarian_ethics']","['Indicates products are free from animal-derived ingredients and support animal welfare principles.', 'Indicates reduced reliance on animal products and supports animal welfare considerations, though less strictly than vegan products.']","No usable Eco-Score found; environmental score starts from the neutral baseline of 50. Matched 2 scoring signal(s): Vegan, Vegetarian",https://images.openbeautyfacts.org/images/products/406/644/733/0892/front_de.3.400.jpg
beauty,42348535,Deo Roll-On Sensitiv,"Isana, Rossmann","Deodorants, Incorrect product type, non-food-products, open-beauty-facts",,[],unknown,50,50,50,50,50.0,15,[],[],[],No usable Eco-Score found; environmental score starts from the neutral baseline of 50. No positive or negative label evidence found in the current mapping.,https://images.openbeautyfacts.org/images/products/000/004/234/8535/front_de.5.400.jpg
beauty,50076598,Antitranspirant Motion Sense Invisible Aqua,Rexona,"Deodorants, Incorrect product type, de:Antitranspirant, de:Deoroller, non-food-products, open-beauty-facts",,[],unknown,50,50,50,50,50.0,15,[],[],[],No usable Eco-Score found; environmental score starts from the neutral baseline of 50. No positive or negative label evidence found in the current mapping.,https://images.openbeautyfacts.org/images/products/000/005/007/6598/front_de.4.400.jpg
beauty,4001638099271,Herbal Fresh Deo Spray,Weleda,"Deodorants, Incorrect product type, non-food-products, open-beauty-facts",,[],unknown,50,50,50,50,50.0,15,[],[],[],No usable Eco-Score found; environmental score starts from the neutral baseline of 50. No positive or negative label evidence found in the current mapping.,https://images.openbeautyfacts.org/images/products/400/163/809/9271/front_de.3.400.jpg
beauty,4021457638765,Lavera Natural & Fresh Deo Roll-on,Laverana GmbH & Co. KG,Roll-on deodorants,Vegan,"['en:vegetarian', 'en:vegan']",unknown,50,50,50,63,52.6,30,"['Vegan', 'Vegetarian']","['vegan_ethics', 'vegetarian_ethics']","['Indicates products are free from animal-derived ingredients and support animal welfare principles.', 'Indicates reduced reliance on animal products and supports animal welfare considerations, though less strictly than vegan products.']","No usable Eco-Score found; environmental score starts from the neutral baseline of 50. Matched 2 scoring signal(s): Vegan, Vegetarian",https://images.openbeautyfacts.org/images/products/402/145/763/8765/front_en.13.400.jpg
beauty,4103040231017,Frische Deo frisch,sebamed,"Deodorants, Incorrect product type, non-food-products, open-beauty-facts",Ökotest,['en:Ökotest'],unknown,50,50,50,50,50.0,15,[],[],[],No usable Eco-Score found; environmental score starts from the neutral baseline of 50. No positive or negative label evidence found in the current mapping.,https://images.openbeautyfacts.org/images/products/410/304/023/1017/front_de.7.400.jpg
beauty,4066447396232,Deo Roll-On Sensitiv,Alverde,de:Antitranspirantien,"Ohne Gentechnik, No alcohol, The Vegan Society, de:Ohne Mineralöle","['en:vegetarian', 'en:no-gmos', 'en:vegan', 'de:ohne-gentechnik', 'en:no-alcohol', 'en:the-vegan-society', 'de:Ohne Mineralöle']",unknown,52,50,50,68,54.4,35,"['Vegan', 'Ohne Gentechnik', 'Vegetarian']","['vegan_ethics', 'non_gmo', 'vegetarian_ethics']","['Indicates products are free from animal-derived ingredients and support animal welfare principles.', 'Indicates products are produced without genetic engineering, addressing consumer concerns about food production methods and transparency.', 'Indicates reduced reliance on animal products and supports animal welfare considerations, though less strictly than vegan products.']","No usable Eco-Score found; environmental score starts from the neutral baseline of 50. Matched 3 scoring signal(s): Vegan, Ohne Gentechnik, Vegetarian",https://images.openbeautyfacts.org/images/products/406/644/739/6232/front_de.7.400.jpg
beauty,3616303440800,Ice Dive Deo,Adidas,"Incorrect product type, non-food-products, open-beauty-facts",,[],unknown,50,50,50,50,50.0,15,[],[],[],No usable Eco-Score found; environmental score starts from the neutral baseline of 50. No positive or negative label evidence found in the current mapping.,https://images.openbeautyfacts.org/images/products/361/630/344/0800/front_de.4.400.jpg
beauty,42332961,Ultimate Protect Deo,Nivea,"Deodorants, non-food-products, open-beauty-facts",,[],unknown,50,50,50,50,50.0,15,[],[],[],No usable Eco-Score found; environmental score starts from the neutral baseline of 50. No positive or negative label evidence found in the current mapping.,https://images.openbeautyfacts.org/images/products/000/004/233/2961/front_de.4.400.jpg
beauty,5014697017109,Deo Wasserlilie,CD,Deodorants,maoam,['en:maoam'],unknown,50,50,50,50,50.0,15,[],[],[],No usable Eco-Score found; environmental score starts from the neutral baseline of 50. No positive or negative label evidence found in the current mapping.,https://images.openbeautyfacts.org/images/products/501/469/701/7109/front_de.6.400.jpg
beauty,4006000047195,Deo,Niveau,"Incorrect product type, non-food-products, open-beauty-facts",,[],unknown,50,50,50,50,50.0,15,[],[],[],No usable Eco-Score found; environmental score starts from the neutral baseline of 50. No positive or negative label evidence found in the current mapping.,https://images.openbeautyfacts.org/images/products/400/600/004/7195/front_de.7.400.jpg
beauty,4005900843579,Nivea fresh natural,Nivea,Deodorants,,[],unknown,50,50,50,50,50.0,15,[],[],[],No usable Eco-Score found; environmental score starts from the neutral baseline of 50. No positive or negative label evidence found in the current mapping.,https://images.openbeautyfacts.org/images/products/400/590/084/3579/front_de.7.400.jpg
beauty,8710447484326,Deo Collision,Axe,"Incorrect product type, non-food-products, open-beauty-facts",,[],unknown,50,50,50,50,50.0,15,[],[],[],No usable Eco-Score found; environmental score starts from the neutral baseline of 50. No positive or negative label evidence found in the current mapping.,https://images.openbeautyfacts.org/images/products/871/044/748/4326/front_de.6.400.jpg
beauty,4010355218711,Invisible 48h Deo Roll-On,alverde,Roll-on deodorants,The Vegan Society,"['en:vegetarian', 'en:vegan', 'en:the-vegan-society']",unknown,50,50,50,63,52.6,30,"['Vegan', 'Vegetarian']","['vegan_ethics', 'vegetarian_ethics']","['Indicates products are free from animal-derived ingredients and support animal welfare principles.', 'Indicates reduced reliance on animal products and supports animal welfare considerations, though less strictly than vegan products.']","No usable Eco-Score found; environmental score starts from the neutral baseline of 50. Matched 2 scoring signal(s): Vegan, Vegetarian",https://images.openbeautyfacts.org/images/products/401/035/521/8711/front_de.7.400.jpg
beauty,42419402,Deo Black & White Invisible,Nivea,"Incorrect product type, non-food-products, open-beauty-facts",,[],unknown,50,50,50,50,50.0,15,[],[],[],No usable Eco-Score found; environmental score starts from the neutral baseline of 50. No positive or negative label evidence found in the current mapping.,https://images.openbeautyfacts.org/images/products/000/004/241/9402/front_en.5.400.jpg
beauty,4005900843531,Deo 0% Alluminium,Nivea,"Incorrect product type, non-food-products, open-beauty-facts",,[],unknown,50,50,50,50,50.0,15,[],[],[],No usable Eco-Score found; environmental score starts from the neutral baseline of 50. No positive or negative label evidence found in the current mapping.,https://images.openbeautyfacts.org/images/products/400/590/084/3531/front_de.3.400.jpg
beauty,3616304696602,Ice Dive Deo,Adidas,"Incorrect product type, non-food-products, open-beauty-facts",,[],unknown,50,50,50,50,50.0,15,[],[],[],No usable Eco-Score found; environmental score starts from the neutral baseline of 50. No positive or negative label evidence found in the current mapping.,https://images.openbeautyfacts.org/images/products/361/630/469/6602/front_de.3.400.jpg
beauty,4066447276862,Antitranspirant Deospray extra stark,Seinz,"Incorrect product type, de:Personal Care, non-food-products, open-beauty-facts",de:Deo,['de:Deo'],unknown,50,50,50,50,50.0,15,[],[],[],No usable Eco-Score found; environmental score starts from the neutral baseline of 50. No positive or negative label evidence found in the current mapping.,https://images.openbeautyfacts.org/images/products/406/644/727/6862/front_de.6.400.jpg
beauty,8717163641064,AXE Deo Moschus,AXE,"non-food-products, open-beauty-facts",,[],unknown,50,50,50,50,50.0,15,[],[],[],No usable Eco-Score found; environmental score starts from the neutral baseline of 50. No positive or negative label evidence found in the current mapping.,https://images.openbeautyfacts.org/images/products/871/716/364/1064/front_de.5.400.jpg
products,7610200017192,Regeneriersalz,Handy Matic,non-food-products,,[],unknown,50,50,50,50,50.0,15,[],[],[],No usable Eco-Score found; environmental score starts from the neutral baseline of 50. No positive or negative label evidence found in the current mapping.,https://images.openproductsfacts.org/images/products/761/020/001/7192/front_fr.3.400.jpg
products,8806090886911,S21 Ultra 5G,Samsung,"Mobile Phones, Android smartphones, de:Handy, Communications-devices-and-accessories, Information-technology-broadcasting-and-telecommunications, Personal-communication-devices",Repairability index 8.2 - France,['en:repairability-index-8-2-france'],,50,50,50,50,50.0,15,[],[],[],No usable Eco-Score found; environmental score starts from the neutral baseline of 50. No positive or negative label evidence found in the current mapping.,https://images.openproductsfacts.org/images/products/880/609/088/6911/front_de.4.400.jpg
products,190198450715,iPhone 8 64gb,Apple,"Mobile Phones, iPhone smartphones, Communications-devices-and-accessories, Information-technology-broadcasting-and-telecommunications, Personal-communication-devices, Phones",,[],,50,50,50,50,50.0,15,[],[],[],No usable Eco-Score found; environmental score starts from the neutral baseline of 50. No positive or negative label evidence found in the current mapping.,https://images.openproductsfacts.org/images/products/019/019/845/0715/front_en.4.400.jpg
products,190198292216,"iPhone SE, space gray, 32 GB",Apple,"Mobile Phones, iPhone smartphones, Communications-devices-and-accessories, Information-technology-broadcasting-and-telecommunications, Personal-communication-devices, Phones",,[],,50,50,50,50,50.0,15,[],[],[],No usable Eco-Score found; environmental score starts from the neutral baseline of 50. No positive or negative label evidence found in the current mapping.,https://images.openproductsfacts.org/images/products/019/019/829/2216/front_en.4.400.jpg
products,888462062367,"iPhone 6, space gray, 16GB",Apple,"Mobile Phones, iPhone smartphones, Communications-devices-and-accessories, Information-technology-broadcasting-and-telecommunications, Personal-communication-devices, Phones",,[],,50,50,50,50,50.0,15,[],[],[],No usable Eco-Score found; environmental score starts from the neutral baseline of 50. No positive or negative label evidence found in the current mapping.,https://images.openproductsfacts.org/images/products/088/846/206/2367/front_en.4.400.jpg
products,5000394141230,AAA Batterien,Duracell,"Incorrect product type, Batteries, AAA Batteries, Non-food-products, Open-products-facts",,[],unknown,50,50,50,50,50.0,15,[],[],[],No usable Eco-Score found; environmental score starts from the neutral baseline of 50. No positive or negative label evidence found in the current mapping.,
products,5410853063780,Batterien Aaa,Panasonic,"Batteries, AAA Batteries",,[],unknown,50,50,50,50,50.0,15,[],[],[],No usable Eco-Score found; environmental score starts from the neutral baseline of 50. No positive or negative label evidence found in the current mapping.,https://images.openproductsfacts.org/images/products/541/085/306/3780/front_de.3.400.jpg
products,5000394141117,Batterien Aaa,Duracell,"Batteries, AAA Batteries, uk:Батарейки AAA Duracell",,[],unknown,50,50,50,50,50.0,15,[],[],[],No usable Eco-Score found; environmental score starts from the neutral baseline of 50. No positive or negative label evidence found in the current mapping.,https://images.openproductsfacts.org/images/products/500/039/414/1117/front_de.25.400.jpg
products,4056489259596,Batterien AAA,Areocell,"Batteries, AAA Batteries, Non-food-products, Open-products-facts",,[],unknown,50,50,50,50,50.0,15,[],[],[],No usable Eco-Score found; environmental score starts from the neutral baseline of 50. No positive or negative label evidence found in the current mapping.,
products,4008496978168,AAA 30 Pack,VARTA,"Batteries, AAA Batteries",Green Dot,['en:green-dot'],,50,50,50,50,50.0,15,[],[],[],No usable Eco-Score found; environmental score starts from the neutral baseline of 50. No positive or negative label evidence found in the current mapping.,https://images.openproductsfacts.org/images/products/400/849/697/8168/front_de.4.400.jpg
products,697003831139,AAA Alkaline Batterien,Amazon Basics,"Batteries, AAA Batteries",,[],unknown,50,50,50,50,50.0,15,[],[],[],No usable Eco-Score found; environmental score starts from the neutral baseline of 50. No positive or negative label evidence found in the current mapping.,
products,7638900438284,AAA Batterien,Energizer,"Batteries, AAA Batteries",,[],unknown,50,50,50,50,50.0,15,[],[],[],No usable Eco-Score found; environmental score starts from the neutral baseline of 50. No positive or negative label evidence found in the current mapping.,https://images.openproductsfacts.org/images/products/763/890/043/8284/front_de.7.400.jpg
products,4061462751707,Batterie AAA LR03,Acive Energy,"Batteries, AAA Batteries",,[],unknown,50,50,50,50,50.0,15,[],[],[],No usable Eco-Score found; environmental score starts from the neutral baseline of 50. No positive or negative label evidence found in the current mapping.,https://images.openproductsfacts.org/images/products/406/146/275/1707/front_de.5.400.jpg
products,4008496659203,Longlife Power AAA 8 + 4,Varta,"Batteries, de:AAA-Batterien, de:Alkali-Batterien, AAA Batteries","FSC Mix, Green Dot, Made in Germany, Triman, de:FSC C002400","['en:fsc', 'en:fsc-mix', 'en:green-dot', 'en:made-in-germany', 'fr:triman', 'de:FSC C002400']",unknown,55,50,50,50,52.0,30,['FSC'],['sustainable_forestry'],"['FSC certification promotes responsible forest management, sustainable sourcing of wood and paper products, and protection of biodiversity and ecosystems.']",No usable Eco-Score found; environmental score starts from the neutral baseline of 50. Matched 1 scoring signal(s): FSC,https://images.openproductsfacts.org/images/products/400/849/665/9203/front_de.3.400.jpg
products,4311536147838,Super Energy Lithium Knopfzelle CR2032,"EURES, KOFUR, star","CR2032 batteries, de:Haushalt",de:FSC C118989,['de:FSC C118989'],,55,50,50,50,52.0,30,['FSC'],['sustainable_forestry'],"['FSC certification promotes responsible forest management, sustainable sourcing of wood and paper products, and protection of biodiversity and ecosystems.']",No usable Eco-Score found; environmental score starts from the neutral baseline of 50. Matched 1 scoring signal(s): FSC,https://images.openproductsfacts.org/images/products/431/153/614/7838/front_de.4.400.jpg
products,4056489238270,AAA Batterien,Aerocell,"Batteries, AAA Batteries, Biscuits-and-cakes, Snacks, Sweet-snacks",,[],unknown,50,50,50,50,50.0,15,[],[],[],No usable Eco-Score found; environmental score starts from the neutral baseline of 50. No positive or negative label evidence found in the current mapping.,
products,4008496525072,"Batterien, Longlife, AAA, Alkaline",Varta,"Batteries, AAA Batteries",,[],,50,50,50,50,50.0,15,[],[],[],No usable Eco-Score found; environmental score starts from the neutral baseline of 50. No positive or negative label evidence found in the current mapping.,
products,3662277052884,Batterie externe,KeyOuest,Power banks,,[],,50,50,50,50,50.0,15,[],[],[],No usable Eco-Score found; environmental score starts from the neutral baseline of 50. No positive or negative label evidence found in the current mapping.,https://images.openproductsfacts.org/images/products/366/227/705/2884/front_fr.3.400.jpg
products,4008496083572,Batterien AAA,Varta,"Batteries, AAA Batteries",Made in Germany,['en:made-in-germany'],unknown,50,50,50,50,50.0,15,[],[],[],No usable Eco-Score found; environmental score starts from the neutral baseline of 50. No positive or negative label evidence found in the current mapping.,https://images.openproductsfacts.org/images/products/400/849/608/3572/front_de.3.400.jpg
products,4047247041768,Activ Energy Super Alkaline AAA,H. Essers,"Batteries, AAA Batteries",,[],,50,50,50,50,50.0,15,[],[],[],No usable Eco-Score found; environmental score starts from the neutral baseline of 50. No positive or negative label evidence found in the current mapping.,https://images.openproductsfacts.org/images/products/404/724/704/1768/front_de.4.400.jpg
products,3665257612849,Batterie externe,Qilive,Power banks,,[],,50,50,50,50,50.0,15,[],[],[],No usable Eco-Score found; environmental score starts from the neutral baseline of 50. No positive or negative label evidence found in the current mapping.,https://images.openproductsfacts.org/images/products/366/525/761/2849/front_fr.3.400.jpg
products,4311501585559,"Batterien, LR03 AAA, Alkaline",Gut & Günstig,"Batteries, AAA Batteries",,[],unknown,50,50,50,50,50.0,15,[],[],[],No usable Eco-Score found; environmental score starts from the neutral baseline of 50. No positive or negative label evidence found in the current mapping.,https://images.openproductsfacts.org/images/products/431/150/158/5559/front_de.5.400.jpg
products,4008496083459,"Batterien, AAA, Alkaline",Varta,"Batteries, AAA Batteries",,[],unknown,50,50,50,50,50.0,15,[],[],[],No usable Eco-Score found; environmental score starts from the neutral baseline of 50. No positive or negative label evidence found in the current mapping.,https://images.openproductsfacts.org/images/products/400/849/608/3459/front_de.4.400.jpg
products,4311536231131,Super Energy Alkaline Batterie Mignon AA,Star,"Batteries, Batterien",,[],,50,50,50,50,50.0,15,[],[],[],No usable Eco-Score found; environmental score starts from the neutral baseline of 50. No positive or negative label evidence found in the current mapping.,https://images.openproductsfacts.org/images/products/431/153/623/1131/front_de.6.400.jpg
products,4008496929382,Batterien Micro AAA,Varta,"Batteries, AAA Batteries, Non-food-products, Open-products-facts",Made in Germany,['en:made-in-germany'],unknown,50,50,50,50,50.0,15,[],[],[],No usable Eco-Score found; environmental score starts from the neutral baseline of 50. No positive or negative label evidence found in the current mapping.,https://images.openproductsfacts.org/images/products/400/849/692/9382/front_de.5.400.jpg
products,887930418729,Super Heavy Duty Zinc AA,Kodak,Batteries,,[],,50,50,50,50,50.0,15,[],[],[],No usable Eco-Score found; environmental score starts from the neutral baseline of 50. No positive or negative label evidence found in the current mapping.,https://images.openproductsfacts.org/images/products/088/793/041/8729/front_de.4.400.jpg
products,8001841153605,Ariel Vollwaschmittel,Ariel,Waschmittel,,[],unknown,50,50,50,50,50.0,15,[],[],[],No usable Eco-Score found; environmental score starts from the neutral baseline of 50. No positive or negative label evidence found in the current mapping.,https://images.openproductsfacts.org/images/products/800/184/115/3605/front_ar.4.400.jpg
products,4015000970044,Weiss & Faser Perwoll,"Henkel, Perwoll",Laundry detergents,,[],unknown,50,50,50,50,50.0,15,[],[],[],No usable Eco-Score found; environmental score starts from the neutral baseline of 50. No positive or negative label evidence found in the current mapping.,https://images.openproductsfacts.org/images/products/401/500/097/0044/front_de.8.400.jpg
products,5712873371501,Savin Color Protect,"Mayeri Industries, Savin","Laundry detergents, Liquid detergent, de:Buntwaschmittel",de:Ecolabel EE/006/00001,['de:Ecolabel EE/006/00001'],unknown,58,50,50,50,53.2,30,['EU Ecolabel'],['eu_ecolabel'],[''],No usable Eco-Score found; environmental score starts from the neutral baseline of 50. Matched 1 scoring signal(s): EU Ecolabel,https://images.openproductsfacts.org/images/products/571/287/337/1501/front_de.4.400.jpg
products,8006540484258,Lenor Weichspüler,Lenor,"Fabric Softeners & Dryer Sheets, de:Weichspüler, Waschmittel",,[],unknown,50,50,50,50,50.0,15,[],[],[],No usable Eco-Score found; environmental score starts from the neutral baseline of 50. No positive or negative label evidence found in the current mapping.,
products,4015000971737,Weißer Riese Color Duo-Caps Aromatherapie Orchidee & Sandelholz,Henkel,"Incorrect product type, Laundry detergents, non-food-products, open-products-facts",,[],unknown,50,50,50,50,50.0,15,[],[],[],No usable Eco-Score found; environmental score starts from the neutral baseline of 50. No positive or negative label evidence found in the current mapping.,https://images.openproductsfacts.org/images/products/401/500/097/1737/front_de.4.400.jpg
products,4012400504527,Colorwaschmitttel,Dash,de:Flüssiges Waschmittel,,[],,50,50,50,50,50.0,15,[],[],[],No usable Eco-Score found; environmental score starts from the neutral baseline of 50. No positive or negative label evidence found in the current mapping.,https://images.openproductsfacts.org/images/products/401/240/050/4527/front_de.5.400.jpg
products,4305615358451,domol Black,"Rossmann, domol","Laundry detergents, Liquid detergent",,[],,50,50,50,50,50.0,15,[],[],[],No usable Eco-Score found; environmental score starts from the neutral baseline of 50. No positive or negative label evidence found in the current mapping.,https://images.openproductsfacts.org/images/products/430/561/535/8451/front_de.3.400.jpg
products,4015200035789,Professional Color 4in1 Discs,Persil,Laundry detergents,,[],,50,50,50,50,50.0,15,[],[],[],No usable Eco-Score found; environmental score starts from the neutral baseline of 50. No positive or negative label evidence found in the current mapping.,https://images.openproductsfacts.org/images/products/401/520/003/5789/front_de.3.400.jpg
products,4305615834900,Color-Waschmittel,Eco Freude,Laundry detergents,,[],,50,50,50,50,50.0,15,[],[],[],No usable Eco-Score found; environmental score starts from the neutral baseline of 50. No positive or negative label evidence found in the current mapping.,https://images.openproductsfacts.org/images/products/430/561/583/4900/front_de.3.400.jpg
products,8700216702249,Color + Pulver,Ariel,Laundry detergents,,[],unknown,50,50,50,50,50.0,15,[],[],[],No usable Eco-Score found; environmental score starts from the neutral baseline of 50. No positive or negative label evidence found in the current mapping.,https://images.openproductsfacts.org/images/products/870/021/670/2249/front_de.7.400.jpg
products,5712874993153,Savin Color Protect Colorwaschmittel,"Mayeri, Savin",Laundry detergents,,[],,50,50,50,50,50.0,15,[],[],[],No usable Eco-Score found; environmental score starts from the neutral baseline of 50. No positive or negative label evidence found in the current mapping.,https://images.openproductsfacts.org/images/products/571/287/499/3153/front_de.3.400.jpg
products,4001499960147,Bunt-Waschpulver Granatapfel,Frosch,Laundry detergents,,[],,50,50,50,50,50.0,15,[],[],[],No usable Eco-Score found; environmental score starts from the neutral baseline of 50. No positive or negative label evidence found in the current mapping.,https://images.openproductsfacts.org/images/products/400/149/996/0147/front_de.3.400.jpg
products,8001841698267,Strahlend rein,Ariel,Waschmittel,,[],,50,50,50,50,50.0,15,[],[],[],No usable Eco-Score found; environmental score starts from the neutral baseline of 50. No positive or negative label evidence found in the current mapping.,https://images.openproductsfacts.org/images/products/800/184/169/8267/front_de.3.400.jpg
products,4311501620625,Black Feinwaschmittel,Gut&Günstig,Waschmittel,,[],,50,50,50,50,50.0,15,[],[],[],No usable Eco-Score found; environmental score starts from the neutral baseline of 50. No positive or negative label evidence found in the current mapping.,https://images.openproductsfacts.org/images/products/431/150/162/0625/front_de.4.400.jpg
products,4000196122544,Noir,burti,"Laundry detergents, de:Feinwaschmittel",de:Ohne Mikroplastik,['de:Ohne Mikroplastik'],,50,50,50,50,50.0,15,[],[],[],No usable Eco-Score found; environmental score starts from the neutral baseline of 50. No positive or negative label evidence found in the current mapping.,https://images.openproductsfacts.org/images/products/400/019/612/2544/front_de.4.400.jpg
products,8006540943168,Waschmittel,Lenor,non-food-products,,[],unknown,50,50,50,50,50.0,15,[],[],[],No usable Eco-Score found; environmental score starts from the neutral baseline of 50. No positive or negative label evidence found in the current mapping.,https://images.openproductsfacts.org/images/products/800/654/094/3168/front_de.3.400.jpg
products,4251758410900,Calgon Power Tabs 4 in 1,RB Hygiene Home Deutschland,"Laundry detergents, de:Entkalker, de:Haushaltschemie",,[],,50,50,50,50,50.0,15,[],[],[],No usable Eco-Score found; environmental score starts from the neutral baseline of 50. No positive or negative label evidence found in the current mapping.,https://images.openproductsfacts.org/images/products/425/175/841/0900/front_de.4.400.jpg
products,4316268478489,Bravil ColorPlus,Bravil,Laundry detergents,,[],,50,50,50,50,50.0,15,[],[],[],No usable Eco-Score found; environmental score starts from the neutral baseline of 50. No positive or negative label evidence found in the current mapping.,https://images.openproductsfacts.org/images/products/431/626/847/8489/front_de.4.400.jpg
products,4015000968331,Spee Megaperls Color Multi Aktiv,"Henkel, Spee",Laundry detergents,,[],,50,50,50,50,50.0,15,[],[],[],No usable Eco-Score found; environmental score starts from the neutral baseline of 50. No positive or negative label evidence found in the current mapping.,
products,4066447782035,toothbrush,DM,Toothbrushes,,[],unknown,50,50,50,50,50.0,15,[],[],[],No usable Eco-Score found; environmental score starts from the neutral baseline of 50. No positive or negative label evidence found in the current mapping.,
products,8850006943861,360 Advanced Optic White Toothbrush Soft,Colgate,Toothbrushes,,[],unknown,50,50,50,50,50.0,15,[],[],[],No usable Eco-Score found; environmental score starts from the neutral baseline of 50. No positive or negative label evidence found in the current mapping.,
products,8850006943878,360 Advanced Optic White Toothbrush Medium,Colgate,Toothbrushes,,[],unknown,50,50,50,50,50.0,15,[],[],[],No usable Eco-Score found; environmental score starts from the neutral baseline of 50. No positive or negative label evidence found in the current mapping.,
products,8710103805625,Sonicare C3 Toothbrush heads,Philips,Toothbrushes,,[],unknown,50,50,50,50,50.0,15,[],[],[],No usable Eco-Score found; environmental score starts from the neutral baseline of 50. No positive or negative label evidence found in the current mapping.,https://images.openproductsfacts.org/images/products/871/010/380/5625/front_en.5.400.jpg
products,8850006947296,Gentle Clean Soft Toothbrush,Colgate,Toothbrushes,,[],,50,50,50,50,50.0,15,[],[],[],No usable Eco-Score found; environmental score starts from the neutral baseline of 50. No positive or negative label evidence found in the current mapping.,
products,3014260831523,All Rounder Fresh Clean Soft Toothbrush,Oral-B,Toothbrushes,,[],,50,50,50,50,50.0,15,[],[],[],No usable Eco-Score found; environmental score starts from the neutral baseline of 50. No positive or negative label evidence found in the current mapping.,
products,9300632065547,Zig Zag Medium Toothbrush Value Pack,Colgate,Toothbrushes,,[],,50,50,50,50,50.0,15,[],[],[],No usable Eco-Score found; environmental score starts from the neutral baseline of 50. No positive or negative label evidence found in the current mapping.,
products,8720689050838,Sonicare Electric Toothbrush Series 2100 Black,Philips,Toothbrushes,,[],,50,50,50,50,50.0,15,[],[],[],No usable Eco-Score found; environmental score starts from the neutral baseline of 50. No positive or negative label evidence found in the current mapping.,
products,4987176144256,iO 3 Series Ultimate Clean Electric Toothbrush,Oral-B,Toothbrushes,,[],,50,50,50,50,50.0,15,[],[],[],No usable Eco-Score found; environmental score starts from the neutral baseline of 50. No positive or negative label evidence found in the current mapping.,
products,8850006951057,Gentle Sensitive Expert Ultra Soft Toothbrush,Colgate,Toothbrushes,,[],,50,50,50,50,50.0,15,[],[],[],No usable Eco-Score found; environmental score starts from the neutral baseline of 50. No positive or negative label evidence found in the current mapping.,
products,4902430897204,Cross Action Indicator Toothbrush,Oral-B,Toothbrushes,,[],,50,50,50,50,50.0,15,[],[],[],No usable Eco-Score found; environmental score starts from the neutral baseline of 50. No positive or negative label evidence found in the current mapping.,
products,8720689050166,Sonicare Electric Toothbrush Series 1100 White,Philips,Toothbrushes,,[],,50,50,50,50,50.0,15,[],[],[],No usable Eco-Score found; environmental score starts from the neutral baseline of 50. No positive or negative label evidence found in the current mapping.,
products,8720689050197,Philips Sonicare Electric Toothbrush Series 1100 Marine Blue,Philips,Toothbrushes,,[],,50,50,50,50,50.0,15,[],[],[],No usable Eco-Score found; environmental score starts from the neutral baseline of 50. No positive or negative label evidence found in the current mapping.,
