brands,categories,categories_tags,code,countries,countries_tags,created_t,ecoscore_grade,generic_name,image_url,ingredients_tags,ingredients_text,labels,labels_tags,last_modified_t,manufacturing_places,origins,origins_tags,packaging,packaging_tags,packagings,product_name,stores,source,search_query,ecoscore_score,ecoscore_tags
Storck,Confectioneries,"['en:snacks', 'en:sweet-snacks', 'en:confectioneries']",4014400400007,"Bulgaria, Czech Republic, France, Germany, Hungary, Morocco, Poland, Romania, Russia, Slovakia, Sweden, Switzerland, Turkey, Ukraine","['en:bulgaria', 'en:czech-republic', 'en:france', 'en:germany', 'en:hungary', 'en:morocco', 'en:poland', 'en:romania', 'en:russia', 'en:slovakia', 'en:sweden', 'en:switzerland', 'en:turkey', 'en:ukraine']",1368216921,unknown,Haselnuss (10 %) in Caramel (41 %) mit Nougatcreme (37 %) und Schokolade (12 %),https://images.openfoodfacts.org/images/products/401/440/040/0007/front_en.638.400.jpg,"['en:sugar', 'en:added-sugar', 'en:disaccharide', 'en:vegetable-fat', 'en:oil-and-fat', 'en:vegetable-oil-and-fat', 'en:hazelnut', 'en:nut', 'en:tree-nut', 'en:glucose-syrup', 'en:monosaccharide', 'en:glucose', 'en:skimmed-milk-powder', 'en:dairy', 'en:milk-powder', 'en:e420ii', 'en:e420', 'en:cocoa-paste', 'en:plant', 'en:cocoa', 'en:skimmed-milk', 'en:milk', 'en:sweet-whey', 'en:whey', 'en:lactose', 'en:fat-reduced-cocoa', 'en:cocoa-butter', 'en:butterfat', 'en:fat', 'en:milkfat', 'en:cane-sugar-syrup', 'en:syrup', 'en:whey-product', 'en:emulsifier', 'en:salt', 'en:flavouring', 'en:palm', 'en:palm-oil-and-fat', 'en:palm-oil', 'en:shea-butter', 'en:e322']","Zucker, pflanzliche Fette (Palm, Shea), Haselnüsse, Glukosesirup, Magermilchpulver, Sorbitsirup, Kakaomasse, kondensierte Magermilch, kondensierte Süßmolke, Milchzucker, magerer Kakao, Kakaobutter, Butterreinfett, Rohrzuckersirup, Molkenerzeugnis, Emulgator Lecithine (Soja), Salz, Aromen. Kann auch Mandel, Erdnuss und andere Nüsse enthalten.",,[],1781044468,"berlin, deutschland, nemčija","Germany, de:Njemačka","['en:germany', 'de:Njemačka']","Kunststoff,PET - Polyethylenterephtalat,PP - Polypropylen,Papier,Pappe,Ungewellte Pappe","['en:kunststoff', 'en:pet-polyethylenterephtalat', 'en:pp-polypropylen', 'en:papier', 'en:pappe', 'en:ungewellte-pappe']","[{'food_contact': 0, 'material': 'en:non-corrugated-cardboard', 'number_of_units': 1, 'recycling': 'en:recycle-in-paper-bin', 'shape': 'en:lid'}, {'food_contact': 1, 'material': 'en:pet-colored', 'number_of_units': 1, 'recycling': 'en:recycle-with-plastics', 'shape': 'en:tray'}, {'food_contact': 1, 'material': 'en:pp-5-polypropylene', 'number_of_units': 1, 'recycling': 'en:recycle-with-plastics', 'shape': 'en:film'}, {'food_contact': 0, 'shape': 'en:box'}]",Toffifee 15er,"aldi, coop, delhaize, edeka, irma-dk, kaufland, lidl, netto-md, normal, penny, rewe",food,schokolade,,
fin CARRE,fr:Barres chocolatées à la noix de coco,"['en:snacks', 'en:sweet-snacks', 'en:cocoa-and-its-products', 'en:confectioneries', 'en:chocolate-candies', 'en:bars', 'en:candy-chocolate-bars', 'fr:barres-chocolatees-a-la-noix-de-coco']",20815356,"Belgium, France, Germany, Netherlands, Poland, Spain, Switzerland","['en:belgium', 'en:france', 'en:germany', 'en:netherlands', 'en:poland', 'en:spain', 'en:switzerland']",1523524219,a,,https://images.openfoodfacts.org/images/products/000/002/081/5356/front_en.146.400.jpg,"['en:cocoa-paste', 'en:plant', 'en:cocoa', 'en:sugar', 'en:added-sugar', 'en:disaccharide', 'fr:noisettes-decortiquees', 'en:nut', 'en:tree-nut', 'en:hazelnut', 'en:cocoa-butter', 'en:butterfat', 'en:oil-and-fat', 'en:dairy', 'en:fat', 'en:milkfat', 'en:emulsifier', 'en:e322']","Kakaomasse, Zucker, Haselnusskerne, Kakaobutter, Butterreinfett, Emulgator: Lecithine.","Sustainable farming, Fairtrade cocoa, Made in Germany, Max Havelaar, Triman","['en:fair-trade', 'en:fairtrade-international', 'en:sustainable-farming', 'en:fairtrade-cocoa', 'en:made-in-germany', 'en:max-havelaar', 'fr:triman']",1777581289,,,[],"Plastique,PP 5 - Polypropylène","['en:plastic', 'en:pp-5-polypropylene']","[{'food_contact': 1, 'material': 'en:pp-5-polypropylene', 'number_of_units': 1, 'quantity_per_unit': '100g', 'quantity_per_unit_unit': 'g', 'quantity_per_unit_value': 100, 'recycling': 'en:recycle', 'shape': 'en:film', 'weight_measured': 2.21}]",Dunkle Schokolade mit ganzen Haselnüssen,Lidl,food,schokolade,75.0,
fin CARRE,Milk chocolates with hazelnuts,"['en:snacks', 'en:sweet-snacks', 'en:cocoa-and-its-products', 'en:chocolates', 'en:milk-chocolates', 'en:chocolates-with-hazelnuts', 'en:milk-chocolates-with-hazelnuts']",20029838,"Bulgaria, France, Germany","['en:bulgaria', 'en:france', 'en:germany']",1398862798,c,,https://images.openfoodfacts.org/images/products/000/002/002/9838/front_en.115.400.jpg,"['en:sugar', 'en:added-sugar', 'en:disaccharide', 'en:cocoa-butter', 'en:plant', 'en:cocoa', 'en:hazelnut', 'en:nut', 'en:tree-nut', 'en:skimmed-milk-powder', 'en:dairy', 'en:milk-powder', 'en:cocoa-paste', 'en:whey-powder', 'en:whey', 'en:butterfat', 'en:oil-and-fat', 'en:fat', 'en:milkfat', 'en:hazelnut-paste', 'en:emulsifier', 'en:vanilla-extract', 'en:extract', 'en:vanilla', 'en:vegetable-extract', 'en:e322i', 'en:e322']","sugar, cocoa butter, 12% hazelnuts, skimmed milk powder, cocoa mass, whey powder (milk), concentrated butter (milk), hazelnut paste, emulsifier: lecithin (soy), vanilla extract","Fairtrade cocoa, Green Dot, Max Havelaar, UTZ Certified Cocoa","['en:fair-trade', 'en:fairtrade-international', 'en:sustainable-farming', 'en:fairtrade-cocoa', 'en:green-dot', 'en:max-havelaar', 'en:utz-certified', 'en:utz-certified-cocoa']",1777039699,,Unspecified,['en:unspecified'],"Film,Plastique","['en:plastic', 'en:film']","[{'food_contact': 1, 'material': 'en:plastic', 'number_of_units': 1, 'quantity_per_unit': '100 g', 'quantity_per_unit_unit': 'g', 'quantity_per_unit_value': 100, 'shape': 'en:film'}]",Hazelnut Milk Chocolate,Lidl,food,schokolade,58.0,
"Storck, Storck KG",Bonbons,"['en:snacks', 'en:sweet-snacks', 'en:cocoa-and-its-products', 'en:confectioneries', 'en:chocolate-candies', 'en:bonbons']",4014400932959,"Austria, Bulgaria, Czech Republic, France, Germany, Romania","['en:austria', 'en:bulgaria', 'en:czech-republic', 'en:france', 'en:germany', 'en:romania']",1661098533,unknown,,https://images.openfoodfacts.org/images/products/401/440/093/2959/front_en.111.400.jpg,"['en:sugar', 'en:added-sugar', 'en:disaccharide', 'en:vegetable-fat', 'en:oil-and-fat', 'en:vegetable-oil-and-fat', 'en:hazelnut', 'en:nut', 'en:tree-nut', 'en:glucose-syrup', 'en:monosaccharide', 'en:glucose', 'en:skimmed-milk-powder', 'en:dairy', 'en:milk-powder', 'en:lactose', 'en:humectant', 'en:cocoa-butter', 'en:plant', 'en:cocoa', 'en:skimmed-milk', 'en:milk', 'en:sweet-whey', 'en:whey', 'en:whole-milk-powder', 'en:cream', 'en:cane-sugar-syrup', 'en:syrup', 'en:whey-product', 'en:emulsifier', 'en:flavouring', 'en:buttermilk', 'en:salt', 'en:palm', 'en:palm-oil-and-fat', 'en:palm-oil', 'en:shea-butter', 'en:e420ii', 'en:e420', 'en:e322', 'en:peanut']","Zucker, pflanzliche Fette (Palm, Shea), Haselnüsse (13,1 %), Glukosesirup, Magermilchpulver (8,1%), Milchzucker, Feuchthaltemittel Sorbitsirup, Kakaobutter, kondensierte Magermilch, kondensierte Süßmolke, Vollmilchpulver, Sahnepulver, Rohrzuckersirup, Molkenerzeugnis, Emulgator Lecithine (Soja), Aromen (enthält Erdnuss), Buttermilchpulver, Salz. Kann auch Anteile von Mandel und anderen Nüssen enthalten.","Green Dot, Limited edition","['en:green-dot', 'en:limited-edition']",1780935363,,,[],"Plastic,Cardboard,Box,Film,Paperboard,Tray","['en:plastic', 'en:cardboard', 'en:box', 'en:film', 'en:paperboard', 'en:tray']",[],Toffifee weiße Schokolade,"Aldi, Edeka, Hofer, Lidl, Netto MD, Rewe",food,schokolade,,
"Fin carré, Lidl",Dark chocolates with almonds,"['en:snacks', 'en:sweet-snacks', 'en:cocoa-and-its-products', 'en:chocolates', 'en:dark-chocolates', 'en:chocolates-with-almonds', 'en:dark-chocolates-with-almonds']",20481940,"France, Germany","['en:france', 'en:germany']",1422622884,c,Schokolade mit ganzen Mandeln,https://images.openfoodfacts.org/images/products/000/002/048/1940/front_de.116.400.jpg,"['en:sugar', 'en:added-sugar', 'en:disaccharide', 'en:cocoa-paste', 'en:plant', 'en:cocoa', 'en:almond', 'en:nut', 'en:tree-nut', 'en:cocoa-butter', 'en:butterfat', 'en:oil-and-fat', 'en:dairy', 'en:fat', 'en:milkfat', 'en:emulsifier', 'en:vanilla-extract', 'en:extract', 'en:vanilla', 'en:vegetable-extract', 'en:e322']","Zucker, Kakaomasse, 25% Mandeln, Kakaobutter, Butterreinfett, Emulgator: Lecithine, Vanille-Extrakt.","Fairtrade cocoa, FSC Mix, Green Dot, Max Havelaar, Nutriscore Grade E, pure cocoa butter, UTZ Certified, Triman, Fsc-c-021442, Fsc-c021, fr:Fairtrade Max Havekaar Cacao, fr:Fairtrade-cocoa-programme","['en:fair-trade', 'en:fairtrade-international', 'en:sustainable-farming', 'en:fairtrade-cocoa', 'en:fsc', 'en:fsc-mix', 'en:green-dot', 'en:max-havelaar', 'en:nutriscore', 'en:nutriscore-grade-e', 'en:pure-cocoa-butter', 'en:utz-certified', 'fr:triman', 'en:Fsc-c-021442', 'en:Fsc-c021', 'fr:Fairtrade Max Havekaar Cacao', 'fr:Fairtrade-cocoa-programme']",1773407464,,,[],"Carton, Boite carton de 11g, FSC C021442, FSC Mixte carton, Film papier, Film papier de 3g, Point vert, Triman","['en:cardboard', 'fr:boite-carton-de-11g', 'fr:fsc-c021442', 'fr:fsc-mixte-carton', 'fr:film-papier', 'fr:film-papier-de-3g', 'fr:point-vert', 'fr:triman']","[{'material': 'en:cardboard', 'number_of_units': 1, 'quantity_per_unit': '200 g', 'quantity_per_unit_unit': 'g', 'quantity_per_unit_value': 200, 'shape': 'en:box', 'weight_measured': 11.53}, {'material': 'en:paper', 'number_of_units': 1, 'quantity_per_unit': '200 g', 'quantity_per_unit_unit': 'g', 'quantity_per_unit_value': 200, 'shape': 'en:film', 'weight_measured': 2.7}]",Dunkle Ganze Mandel,Lidl,food,schokolade,58.0,
"Eat Natural, Ferrero","Chocolate cereal bars, Fruits cereal bars","['en:snacks', 'en:sweet-snacks', 'en:bars', 'en:cereal-bars', 'en:chocolate-cereal-bars', 'en:fruits-cereal-bars']",8000500435618,"France, Germany","['en:france', 'en:germany']",1737196497,c,,https://images.openfoodfacts.org/images/products/800/050/043/5618/front_de.37.400.jpg,"['de:bitterschokolade', 'en:peanut', 'en:nut', 'en:rice-syrup', 'en:added-sugar', 'en:disaccharide', 'en:syrup', 'en:dried-apricots', 'en:fruit', 'en:prunus-species-fruit', 'en:apricot', 'en:puffed-rice', 'en:rice', 'en:pumpkin-seed', 'en:vegetable', 'en:fruit-vegetable', 'en:seed', 'en:pumpkin', 'en:coconut', 'en:coconut-chips', 'de:kichererbsen-crispies', 'en:sunflower-seed', 'en:plant', 'en:sunflower', 'en:cocoa-paste', 'en:cocoa', 'en:cane-sugar', 'en:sugar', 'en:cocoa-butter', 'en:rice-flour', 'en:flour']","Bitterschokolade 20 % (Kakaomasse, Rohrzucker, Kakaobutter), ERDNÜSSE (18%), Reissirup, getrocknete Aprikosen (getrocknete Aprikosen 11 %**, Reismehl), Reis-Crispies, Kürbiskerne, Kokosraspel (5 %), Kokoschips (4,5 %), Kokossirup (4,5%), Kichererbsen-Crispies, Sonnenblumenkerne, ** Im Endprodukt 〃 Kann SOJA, MILCH, MANDELN, HASELNÜSSE, WALNÜSSE, KASCHUNÜSSE, PECANNÜSSE, PARANÜSSE, PISTAZIEN und MACADAMIANÜSSE enthalten,","No gluten, Vegan, FSC Mix","['en:vegetarian', 'en:no-gluten', 'en:vegan', 'en:fsc', 'en:fsc-mix']",1774548975,,,,,,[],"Eat Natural Vegan - Erdnüsse, Kokos & dunkle Schokolade",,food,schokolade,48.0,
Ben & Jerry's,Chocolate ice cream tubs,"['en:desserts', 'en:frozen-foods', 'en:frozen-desserts', 'en:ice-creams-and-sorbets', 'en:ice-creams', 'en:ice-cream-tubs', 'en:chocolate-ice-cream-tubs']",8711327370708,"Austria, France, Germany, Netherlands, Spain, Sweden, Switzerland, United Kingdom","['en:austria', 'en:france', 'en:germany', 'en:netherlands', 'en:spain', 'en:sweden', 'en:switzerland', 'en:united-kingdom']",1583531110,b,Schokoladen-Eiscreme mit Schokogebäckstücken (12%),https://images.openfoodfacts.org/images/products/871/132/737/0708/front_en.161.400.jpg,"['en:cream', 'en:dairy', 'en:water', 'en:sugar', 'en:added-sugar', 'en:disaccharide', 'en:skimmed-milk', 'en:milk', 'en:cocoa', 'en:plant', 'en:wheat-flour', 'en:cereal', 'en:flour', 'en:wheat', 'en:cereal-flour', 'en:fat-reduced-cocoa', 'en:soya-oil', 'en:oil-and-fat', 'en:vegetable-oil-and-fat', 'en:vegetable-oil', 'en:egg-yolk', 'en:egg', 'en:invert-sugar', 'en:monosaccharide', 'en:powdered-egg-white', 'en:egg-white', 'en:stabiliser', 'en:salt', 'en:vanilla-extract', 'en:extract', 'en:vanilla', 'en:vegetable-extract', 'en:barley-malt-flour', 'en:barley', 'en:barley-flour', 'en:raising-agent', 'en:e412', 'en:e407', 'en:e500i', 'en:e500']","_RAHM_ 25%, Trinkwasser, Zucker, konzentrierte _MAGERMILCH_, Kakao 4,5%, _WEIZENMEHL_, fettarmer Kakao, Sojaöl, _EIGELB_, Invertzucker, _EIER_, _EIKLARPULVER_, Stabilisatoren (Guarkernmehl, Carrageen), Salz, Vanilleextrakt, _GERSTENMALZMEHL_, Backtriebmittel (Natriumcarbonat)","Vegetarian, Halal, Triman","['en:vegetarian', 'en:halal', 'fr:triman']",1780988509,netherlands,el:free range eggs,['el:free range eggs'],"Card-lid,Card-tub,Green Dot,Couvercle carton,Film plastique,Pot carton","['en:card-lid', 'en:card-tub', 'en:couvercle-carton', 'en:film-plastique', 'en:green-dot', 'en:pot-carton']","[{'food_contact': 0, 'shape': 'en:film'}, {'food_contact': 1, 'shape': 'en:pot'}, {'food_contact': 1, 'material': 'xx:81-c-pap', 'shape': 'en:lid'}]",Chocolate Fudge Brownie,"carrefour-fr, coop, rewe",food,schokolade,68.0,
Milka,"Chocolate candies, Chocolate cakes, de:Kuchen mit Füllung und überzogen mit Schokolade","['en:snacks', 'en:sweet-snacks', 'en:biscuits-and-cakes', 'en:cocoa-and-its-products', 'en:confectioneries', 'en:chocolate-candies', 'en:cakes', 'en:chocolate-cakes', 'de:Kuchen mit Füllung und überzogen mit Schokolade']",7622210396334,"Belgium, France, Germany, Spain","['en:belgium', 'en:france', 'en:germany', 'en:spain']",1440674123,d,"Kuchen mit Füllung (21,6%) mit Alpenmilchschokoladenstückchen (4,4%), überzogen mit Alpenmilchschokolade (32%)",https://images.openfoodfacts.org/images/products/762/221/039/6334/front_en.78.400.jpg,"['en:sugar', 'en:added-sugar', 'en:disaccharide', 'en:wheat-flour', 'en:cereal', 'en:flour', 'en:wheat', 'en:cereal-flour', 'en:glucose-fructose-syrup', 'en:monosaccharide', 'en:fructose', 'en:glucose', 'en:egg', 'en:rapeseed-oil', 'en:oil-and-fat', 'en:vegetable-oil-and-fat', 'en:cocoa-butter', 'en:plant', 'en:cocoa', 'en:skimmed-milk-powder', 'en:dairy', 'en:milk-powder', 'en:cocoa-paste', 'en:stabiliser', 'en:sweet-whey-powder', 'en:whey', 'en:sweet-whey', 'en:potato-starch', 'en:starch', 'en:shea-butter', 'en:vegetable-fat', 'en:butterfat', 'en:fat', 'en:milkfat', 'en:fat-reduced-cocoa-powder', 'en:cocoa-powder', 'en:emulsifier', 'en:whole-milk-powder', 'en:powdered-egg-white', 'en:egg-white', 'en:raising-agent', 'en:salt', 'en:hazelnut-paste', 'en:nut', 'en:tree-nut', 'en:hazelnut', 'en:flavouring', 'en:thickener', 'en:e422', 'en:milk', 'en:soya-lecithin', 'en:e322', 'en:e322i', 'en:e475', 'en:e471', 'en:e476', 'en:sunflower-lecithin', 'en:e450i', 'en:e450', 'en:e500ii', 'en:e500', 'en:e415']","Zucker, _Weizenmehl_, Glukose-Fruktosesirup, _Ei_, Rapsöl, Kakaobutter, _Magermilchpulver_, Kakaomasse, Stabilisator (Glycerin), Süßmolkenpulver (aus _Milch_), Kartoffelstärke, Sheabutter, _Butterreinfett_, fettarmes Kakaopulver 1,6%, Emulgatoren (_Sojalecithin_, E475, E471, E476, Sonnenblumenlecithin), _Vollmilchpulver_, _Eiklarpulver_, Backtriebmittel (Dinatriumdiphosphat, Natriumhydrogencarbonat), Speisesalz, _Haselnussmasse_, Aromen, Verdickungsmittel (Xanthan)",Green Dot,['en:green-dot'],1779885305,,,[],"Plastic,PP 5 - Polypropylene,Bag,Tray","['en:plastic', 'en:pp-5-polypropylene', 'en:bag', 'en:tray']","[{'food_contact': 1, 'material': 'en:pp-5-polypropylene', 'number_of_units': 1, 'shape': 'en:packaging'}]",Milka Choc & Choc,"carrefour-fr, delhaize, magasins-u, noz, rewe",food,schokolade,32.0,
MAGNUM,Vanilla ice cream bars coated with milk chocolate and almonds,"['en:desserts', 'en:frozen-foods', 'en:frozen-desserts', 'en:ice-creams-and-sorbets', 'en:ice-creams', 'en:ice-cream-bars', 'en:ice-cream-bars-coated-with-chocolate', 'en:vanilla-ice-cream-bars-coated-with-milk-chocolate-and-almonds']",8711327611924,"France, Germany","['en:france', 'en:germany']",1706912811,a-plus,"Vanilleeis umhüllt von Milchschokolade (32%) mit Mandeln (4,5%)",https://images.openfoodfacts.org/images/products/871/132/761/1924/front_de.63.400.jpg,"['en:skimmed-milk', 'en:dairy', 'en:milk', 'en:sugar', 'en:added-sugar', 'en:disaccharide', 'en:cocoa-butter', 'en:plant', 'en:cocoa', 'en:water', 'en:skimmed-milk-powder', 'en:milk-powder', 'en:coconut-fat', 'en:oil-and-fat', 'en:vegetable-oil-and-fat', 'en:vegetable-fat', 'en:almond', 'en:nut', 'en:tree-nut', 'en:glucose-syrup', 'en:monosaccharide', 'en:glucose', 'en:butter', 'en:glucose-fructose-syrup', 'en:fructose', 'en:cocoa-paste', 'en:whey-product', 'en:whey', 'en:emulsifier', 'en:stabiliser', 'en:ground-vanilla-beans', 'en:vanilla', 'en:vanilla-pod', 'en:natural-vanilla-flavouring', 'en:flavouring', 'en:natural-flavouring', 'en:vanilla-flavouring', 'en:colour', 'en:e471', 'en:e322', 'en:e412', 'en:carob-seed-flour', 'en:vegetable', 'en:flour', 'en:legume', 'en:pulse', 'en:carob-bean', 'en:e417', 'en:e407', 'en:e160a']","Entrahmte MILCH, Zucker, Kakaobutter', Trinkwasser, MAGERMILCHPULVER, Kokosfett, MANDELN, Glukosesirup, BUTTERFETT, Glukose-Fruktose-Sirup, Kakaomasse', MOLKENERZEUGNIS, Emulgatoren (E471, Lecithine), Stabilisatoren (Guarkernmehl, Johannisbrotkernmehl, Tarakernmehl, Carrageen), vermahlene Vanilleschoten, natürliches Vanillearoma' (mit MILCH), natürliches Vanillearoma, Farbstoff (Carotin). Kann andere Nüsse enthalten. Glutenfrei.","No gluten, Rainforest Alliance Cocoa, Triman","['en:no-gluten', 'en:rainforest-alliance', 'en:rainforest-alliance-cocoa', 'fr:triman']",1780486523,,,[],,,"[{'food_contact': 1, 'shape': 'en:stick'}]",Magnum Mini Almond,rewe,food,schokolade,91.0,
Favorina,"Biscuits, Plain gingerbreads covered with chocolate","['en:snacks', 'en:sweet-snacks', 'en:biscuits-and-cakes', 'en:biscuits-and-crackers', 'en:biscuits', 'en:gingerbreads', 'en:plain-gingerbreads-covered-with-chocolate']",20154653,"France, Germany","['en:france', 'en:germany']",1358347161,b,Lebkuchem umhüllt mit 25% dunkler Schokolade,https://images.openfoodfacts.org/images/products/000/002/015/4653/front_de.131.400.jpg,"['en:wheat-flour', 'en:cereal', 'en:flour', 'en:wheat', 'en:cereal-flour', 'en:glucose-fructose-syrup', 'en:added-sugar', 'en:monosaccharide', 'en:fructose', 'en:glucose', 'en:dark-chocolate', 'en:chocolate', 'en:water', 'en:caramelised-sugar-syrup', 'en:disaccharide', 'en:sugar', 'en:caramel-syrup', 'en:raising-agent', 'en:e500', 'en:spice', 'en:condiment', 'en:cinnamon', 'en:salt', 'en:cocoa-paste', 'en:plant', 'en:cocoa', 'en:cocoa-butter', 'en:emulsifier', 'en:natural-flavouring', 'en:flavouring', 'en:e503', 'en:e322']","Weizenmehl, Glukose-Fruktose-Sirup, 25% Zartbitterschokolade (Zucker, Kakaomasse, Kakaobutter, Emulgator: Lecithine; natürliches Aroma), Wasser, Karamellzuckersirup, Backtriebmittel: Ammoniumcarbonate, Natriumcarbonate; Gewürze, Zimt, Speisesalz. Kann Spuren von Roggen, Gerste, Hafer, Dinkel, Ei, Schalenfrüchten und Milch enthalten.","Vegan, Fairtrade cocoa, Green Dot, Made in Germany","['en:vegetarian', 'en:fair-trade', 'en:vegan', 'en:fairtrade-cocoa', 'en:green-dot', 'en:made-in-germany']",1773441878,,,[],"Plastic, Cardboard, Pp-tub, fr:Point vert, nl:PAP 21","['en:plastic', 'en:cardboard', 'en:pp-tub', 'fr:point-vert', 'nl:pap-21']","[{'material': 'en:non-corrugated-cardboard', 'number_of_units': 1, 'recycling': 'en:recycle', 'shape': 'en:sleeve'}, {'material': 'en:pp-5-polypropylene'}]","Lebkuchen Hearts, Pretzels & Stars Zartbitter",Lidl,food,schokolade,68.0,
dmBio,Mueslis with chocolate,"['en:plant-based-foods-and-beverages', 'en:plant-based-foods', 'en:breakfasts', 'en:cereals-and-potatoes', 'en:cereals-and-their-products', 'en:breakfast-cereals', 'en:chocolate-cereals', 'en:mueslis', 'en:mueslis-with-chocolate']",4067796000306,"France, Germany, Romania","['en:france', 'en:germany', 'en:romania']",1717839468,b,,https://images.openfoodfacts.org/images/products/406/779/600/0306/front_en.30.400.jpg,"['en:oat-flakes', 'en:cereal', 'en:oat', 'en:rice-syrup', 'en:added-sugar', 'en:disaccharide', 'en:syrup', 'en:rapeseed-oil', 'en:oil-and-fat', 'en:vegetable-oil-and-fat', 'en:wheat-flakes', 'en:wheat', 'en:unrefined-cane-sugar', 'en:sugar', 'en:cane-sugar', 'en:unrefined-sugar', 'en:inflated-spelt', 'en:spelt', 'en:cocoa-powder', 'en:plant', 'en:cocoa', 'de:feine-milchschokolade', 'en:chocolate', 'en:milk-chocolate', 'en:honey', 'en:coconut', 'en:fruit', 'en:sea-salt', 'en:salt', 'en:whole-milk-powder', 'en:dairy', 'en:milk-powder', 'en:cocoa-paste', 'en:cocoa-butter', 'de:submolkenpulver', 'en:emulsifier', 'en:e322']","48% HAFERFLOCKEN, Reissirup, Rapsöl, WEIZENFLOCKEN, Rohrohrzucker, DINKEL gepufft, 3% Kakaopulver, 3% VOLLMILCHSCHOKOLADE (Rohrohrzucker, 20% VOLLMILCHPULVER, 16% Kakaomasse, Kakaobutter, 5% SUBMOLKENPULVER, Emulgator: Lecithine), Honig, Kokosraspeln, Meersalz.",Fairtrade International,"['en:fair-trade', 'en:fairtrade-international']",1778937917,,,,,,[],Schoko Crunchy,,food,schokolade,74.0,
"Bon Gelati, Lidl, Lidl Bon Gelati",Vanilla ice cream bars coated with milk chocolate and almonds,"['en:desserts', 'en:frozen-foods', 'en:frozen-desserts', 'en:ice-creams-and-sorbets', 'en:ice-creams', 'en:ice-cream-bars', 'en:ice-cream-bars-coated-with-chocolate', 'en:vanilla-ice-cream-bars-coated-with-milk-chocolate-and-almonds']",4056489223368,"Bulgaria, France, Germany, United Kingdom","['en:bulgaria', 'en:france', 'en:germany', 'en:united-kingdom']",1586308542,a,,https://images.openfoodfacts.org/images/products/405/648/922/3368/front_en.42.400.jpg,"['en:skimmed-milk', 'en:dairy', 'en:milk', 'en:sugar', 'en:added-sugar', 'en:disaccharide', 'en:cocoa-butter', 'en:plant', 'en:cocoa', 'en:almonds-pieces', 'en:nut', 'en:tree-nut', 'en:almond', 'en:whey-product', 'en:whey', 'en:whole-milk-powder', 'en:milk-powder', 'en:coconut-fat', 'en:oil-and-fat', 'en:vegetable-oil-and-fat', 'en:vegetable-fat', 'en:glucose-syrup', 'en:monosaccharide', 'en:glucose', 'en:cocoa-paste', 'en:glucose-fructose-syrup', 'en:fructose', 'en:butterfat', 'en:fat', 'en:milkfat', 'en:emulsifier', 'en:e322', 'en:e476', 'en:stabiliser', 'en:e412', 'en:carrot-concentrate', 'en:vegetable', 'en:root-vegetable', 'en:taproot-vegetable', 'en:carrot', 'en:bourbon-vanilla-natural-flavouring', 'en:flavouring', 'en:natural-flavouring', 'en:vanilla-flavouring', 'en:natural-vanilla-flavouring', 'en:exhausted-ground-vanilla-pod', 'en:vanilla', 'en:vanilla-pod', 'en:exhausted-vanilla-pod', 'en:e471', 'en:carob-seed-flour', 'en:flour', 'en:legume', 'en:pulse', 'en:carob-bean']","Entrahmte Milch, Zucker, Kakaobutter*, Mandelstückchen, Molkenerzeugnis, Vollmilchpulver, Kokosfett, Glukosesirup, Kakaomasse*, Glukose-Fruktose-Sirup, Butterreinfett, Emulgatoren: Mono - und Diglyceride von Speisefettsäuren**, Lecithine, Polyglycerin-Polyricinoleat, Stabilisatoren: Johannisbrotkernmehl, Guarkernmehl, färbendes Karottenkonzentrat, natürliches Bourbon Vanille-Aroma, gemahlene extrahierte Vanilleschoten, Aroma, Kann Spuren von Gluten, Soja, anderen Schalenfrüchten und Erdnüssen enthalten,","Green Dot, Nutriscore Grade E, Rainforest Alliance Cocoa, Triman","['en:green-dot', 'en:nutriscore', 'en:nutriscore-grade-e', 'en:rainforest-alliance', 'en:rainforest-alliance-cocoa', 'fr:triman']",1780920120,Deutschland,Unspecified,['en:unspecified'],"Carton,Carton non ondulé","['en:cardboard', 'en:non-corrugated-cardboard']","[{'material': 'en:non-corrugated-cardboard', 'number_of_units': 1, 'quantity_per_unit': '504g', 'quantity_per_unit_unit': 'g', 'quantity_per_unit_value': 504, 'recycling': 'en:recycle', 'shape': 'en:box'}, {'material': 'en:pp-5-polypropylene', 'number_of_units': 6, 'quantity_per_unit': '84g', 'quantity_per_unit_unit': 'g', 'quantity_per_unit_value': 84, 'recycling': 'en:recycle', 'shape': 'en:wrapper'}, {'material': 'en:wood', 'number_of_units': 6, 'recycling': 'en:recycle', 'shape': 'en:stick'}]",Eis Mandel,Lidl,food,schokolade,83.0,
Kinder,Chocolate confectionery with dairy filling,"['en:snacks', 'en:sweet-snacks', 'en:cocoa-and-its-products', 'en:confectioneries', 'en:chocolate-candies', 'en:bars', 'en:candy-chocolate-bars', 'en:chocolate-confectionery-with-dairy-filling']",8000500111581,"Austria, Belgium, Bulgaria, France, Germany, Italy, Switzerland","['en:austria', 'en:belgium', 'en:bulgaria', 'en:france', 'en:germany', 'en:italy', 'en:switzerland']",1366891630,d,,https://images.openfoodfacts.org/images/products/800/050/011/1581/front_de.119.400.jpg,"['en:milk-chocolate', 'en:chocolate', 'en:sugar', 'en:added-sugar', 'en:disaccharide', 'en:skimmed-milk-powder', 'en:dairy', 'en:milk-powder', 'en:palm-oil', 'en:oil-and-fat', 'en:vegetable-oil-and-fat', 'en:palm-oil-and-fat', 'en:clarified-butter', 'en:fat', 'en:milkfat', 'en:butterfat', 'en:emulsifier', 'en:vanillin', 'en:total-milk-constituents-in-the-product', 'en:total-cocoa-constituents-in-the-product', 'en:whole-milk-powder', 'en:cocoa-butter', 'en:plant', 'en:cocoa', 'en:cocoa-paste', 'en:e322']","milk chocolate 40 % (sugar, whole milk powder, cocoa butter, cocoa mass, emulsifier lecithins ( soy ), vanillin), sugar, skimmed milk powder (18 %), palm oil, clarified butter , emulsifier lecithins ( soy ), vanillin, total milk constituents in the product 33 %, total cocoa constituents in the product 13%,","No gluten, No preservatives, Green Dot, Limited edition","['en:no-gluten', 'en:no-preservatives', 'en:green-dot', 'en:limited-edition']",1779353966,Ferrero S.p.A P.le P. Ferrero 1 - 12051 Alba (CN) Italia,,[],"Metall,Wiederverwertbare Metalle,Aluminium,en:container","['en:metal', 'en:recyclable-metals', 'en:aluminium', 'en:container']","[{'material': 'en:non-corrugated-cardboard', 'number_of_units': 1, 'quantity_per_unit': '1', 'recycling': 'en:discard', 'shape': 'en:packaging'}, {'material': 'xx:82-c-pap', 'number_of_units': 24, 'quantity_per_unit': '1', 'recycling': 'en:discard', 'shape': 'en:film'}]",Kinder Schokolade,"Billa, Carrefour Market, REWE, Spar",food,schokolade,33.0,
m&m's,Chocolate covered peanuts,"['en:plant-based-foods-and-beverages', 'en:plant-based-foods', 'en:snacks', 'en:sweet-snacks', 'en:cocoa-and-its-products', 'en:confectioneries', 'en:nuts-and-their-products', 'en:chocolate-candies', 'en:bonbons', 'en:chocolate-covered-nuts-and-fruits', 'en:nut-confectioneries', 'en:chocolate-covered-nuts', 'en:chocolate-covered-peanuts']",4011100005846,"France, Germany, Italy, Luxembourg, Romania, Switzerland","['en:france', 'en:germany', 'en:italy', 'en:luxembourg', 'en:romania', 'en:switzerland']",1366891102,e,,https://images.openfoodfacts.org/images/products/401/110/000/5846/front_en.93.400.jpg,"['en:sugar', 'en:added-sugar', 'en:disaccharide', 'en:peanut', 'en:nut', 'en:cocoa-paste', 'en:plant', 'en:cocoa', 'en:whole-milk-powder', 'en:dairy', 'en:milk-powder', 'en:cocoa-butter', 'en:starch', 'en:palm-fat', 'en:oil-and-fat', 'en:vegetable-oil-and-fat', 'en:palm-oil-and-fat', 'en:glucose-syrup', 'en:monosaccharide', 'en:glucose', 'en:skimmed-milk-powder', 'en:emulsifier', 'en:lactose', 'en:stabiliser', 'en:shea-butter', 'en:vegetable-fat', 'en:butterfat', 'en:fat', 'en:milkfat', 'en:e1400', 'en:colour', 'en:glazing-agent', 'en:palm-kernel-oil', 'en:palm-kernel-oil-and-fat', 'en:salt', 'en:flavouring', 'en:soya-lecithin', 'en:e322', 'en:e322i', 'en:e414', 'en:e100', 'en:e120', 'en:e133', 'en:e160a', 'en:e160e', 'en:e170', 'en:e903']","Zucker, Erdnüsse, Kakaomasse, Vollmilchpulver, Kakaobutter, Stärke, Palmfett, Glukosesirup, Magermilchpulver, Emulgator (Sojalecithin). Milchzucker, Stabilisator (Gummi arabicum), Sheafett, Butterreinfett (Milch), Dextrin, Farbstoffe (E100, E120, E133, E160a, E160e, E170), Überzugsmittel (Carnaubawachs), Palmkernöl, Salz, Aroma.","Green Dot, Made in France","['en:green-dot', 'en:made-in-france']",1773457454,France,,[],"Plastic,Bag,Pouch flask,07 o","['en:plastic', 'en:other-plastics', 'en:bag', 'en:pouch-flask']","[{'food_contact': 1, 'material': 'en:plastic', 'number_of_units': 1, 'quantity_per_unit': '250 gr', 'shape': 'en:bag'}]",Peanut,"Leclerc, Super U",food,schokolade,15.0,
Ferrero Rocher,White chocolates with hazelnuts,"['en:snacks', 'en:sweet-snacks', 'en:cocoa-and-its-products', 'en:chocolates', 'en:white-chocolates', 'en:chocolates-with-hazelnuts', 'en:white-chocolates-with-hazelnuts']",8000500359884,"France, Germany, Italy, Morocco, United Kingdom","['en:france', 'en:germany', 'en:italy', 'en:morocco', 'en:united-kingdom']",1633032074,f,,https://images.openfoodfacts.org/images/products/800/050/035/9884/front_en.101.400.jpg,"['en:sugar', 'en:added-sugar', 'en:disaccharide', 'en:skimmed-milk-powder', 'en:dairy', 'en:milk-powder', 'en:cocoa-butter', 'en:plant', 'en:cocoa', 'en:hazelnut', 'en:nut', 'en:tree-nut', 'en:palm-oil', 'en:oil-and-fat', 'en:vegetable-oil-and-fat', 'en:palm-oil-and-fat', 'en:whole-milk-powder', 'de:SÜSS', 'en:whey-powder', 'en:whey', 'en:butterfat', 'en:fat', 'en:milkfat', 'en:emulsifier', 'en:flavouring', 'de:Gesamtkakaobestandteile im Produkt', 'en:e322']","Zucker, MAGERMILCHPULVER, Kakaobutter, HASELNÜSSE (13,5 %), Palmöl, VOLLMILCHPULVER, SÜSS - MOLKENPULVER, BUTTERREINFETT, Emulgator Lecithine (SOJA), Aromen, Gesamtkakaobestandteile im Produkt 20 %, Kann MANDELN, WALNÜSSE, KASCHUNÜSSE, PECANNÜSSE, PARANÜSSE, PISTAZIEN und MACADAMIANÜSSE enthalten,",Triman,['fr:triman'],1780859100,,,[],"Métal,Carton,Métaux recyclables,Aluminium,Feuille,Étui","['en:metal', 'en:cardboard', 'en:recyclable-metals', 'en:aluminium', 'en:sheet', 'en:sleeve']","[{'material': 'en:cardboard', 'number_of_units': 1, 'quantity_per_unit': '90 g', 'quantity_per_unit_unit': 'g', 'quantity_per_unit_value': 90, 'recycling': 'en:recycle', 'shape': 'en:sleeve'}, {'food_contact': 1, 'material': 'en:aluminium', 'number_of_units': 1, 'recycling': 'en:recycle', 'shape': 'en:sheet'}, {'material': 'en:cardboard', 'number_of_units': 1, 'shape': 'en:box'}, {'material': 'en:aluminium', 'number_of_units': 1, 'shape': 'en:wrapper'}, {'material': 'en:metal-foil', 'number_of_units': 1, 'shape': 'en:wrapper'}]",Ferrero Rocher Haselnuss white,"Carrefour, Leclerc, carrefour.fr",food,schokolade,11.0,
BON Gelati,Ice cream bars coated with chocolate,"['en:desserts', 'en:frozen-foods', 'en:frozen-desserts', 'en:ice-creams-and-sorbets', 'en:ice-creams', 'en:ice-cream-bars', 'en:ice-cream-bars-coated-with-chocolate']",4056489223351,"France, Germany, Spain, United Kingdom","['en:france', 'en:germany', 'en:spain', 'en:united-kingdom']",1591728547,a,,https://images.openfoodfacts.org/images/products/405/648/922/3351/front_de.44.400.jpg,"['en:skimmed-milk', 'en:dairy', 'en:milk', 'en:sugar', 'en:added-sugar', 'en:disaccharide', 'en:cocoa-butter', 'en:plant', 'en:cocoa', 'en:whey-product', 'en:whey', 'en:cocoa-paste', 'en:coconut-fat', 'en:oil-and-fat', 'en:vegetable-oil-and-fat', 'en:vegetable-fat', 'en:whole-milk-powder', 'en:milk-powder', 'en:glucose-syrup', 'en:monosaccharide', 'en:glucose', 'en:glucose-fructose-syrup', 'en:fructose', 'en:butterfat', 'en:fat', 'en:milkfat', 'en:almonds-pieces', 'en:nut', 'en:tree-nut', 'en:almond', 'en:skimmed-milk-powder', 'en:emulsifier', 'en:e322', 'en:e476', 'en:stabiliser', 'en:e412', 'en:carrot-concentrate', 'en:vegetable', 'en:root-vegetable', 'en:taproot-vegetable', 'en:carrot', 'en:bourbon-vanilla-natural-flavouring', 'en:flavouring', 'en:natural-flavouring', 'en:vanilla-flavouring', 'en:natural-vanilla-flavouring', 'en:exhausted-ground-vanilla-pod', 'en:vanilla', 'en:vanilla-pod', 'en:exhausted-vanilla-pod', 'en:e471', 'en:carob-seed-flour', 'en:flour', 'en:legume', 'en:pulse', 'en:carob-bean']","Entrahmte Milch, Zucker, Kakaobutter', Molkenerzeugnis, Kakaomasse', Kokosfett, Vollmilchpulver, Glukosesirup, Glukose-Fruktose-Sirup, Butterreinfett, Mandelstückchen, Magermilchpulver, Emulgatoren: Mono - und Diglyceride von Speisefettsäuren*, Lecithine, Polyglycerin-Polyricinoleat, Stabilisatoren: Johannisbrotkernmehl, Guarkernmehl, färbendes Karottenkonzentrat, natürliches Bourbon Vanille-Aroma, gemahlene extrahierte Vanilleschoten, Aroma,","Fair trade, Do not freeze again, Rainforest Alliance Cocoa","['en:fair-trade', 'en:do-not-freeze-again', 'en:rainforest-alliance', 'en:rainforest-alliance-cocoa']",1779899007,,,[],"Plastic, Cardboard","['en:plastic', 'en:cardboard']","[{'material': 'en:cardboard'}, {'material': 'en:plastic'}]",Mini Mix Classic,lidl,food,schokolade,81.0,
Lindt,Dark chocolates,"['en:snacks', 'en:sweet-snacks', 'en:cocoa-and-its-products', 'en:chocolates', 'en:dark-chocolates']",3046920022071,"France, Germany, Italy","['en:france', 'en:germany', 'en:italy']",1724068034,e,Feinherbe Schokolade mit karamellisierten Pistazienstückchen (10%) und Fleur de Sel (Meersalz),https://images.openfoodfacts.org/images/products/304/692/002/2071/front_de.36.400.jpg,"['en:sugar', 'en:added-sugar', 'en:disaccharide', 'en:cocoa-paste', 'en:plant', 'en:cocoa', 'en:pistachio-nuts', 'en:nut', 'en:tree-nut', 'en:cocoa-butter', 'en:butterfat', 'en:oil-and-fat', 'en:dairy', 'en:fat', 'en:milkfat', 'en:emulsifier', 'en:natural-flavouring', 'en:flavouring', 'en:fleur-de-sel', 'en:salt', 'en:sea-salt', 'en:soya-lecithin', 'en:e322', 'en:e322i']","Zucker, Kakaomasse, Pistazien (6%), Kakaobutter, Butterreinfett, Emulgator (Sojalecithin), natürliches Aroma, Fleur de Sel (Meersalz) 0,15%, Salz. Kann Haselnüsse, Mandeln, andere Schalenfrüchte und Sesamsamen enthalten.",Green Dot,['en:green-dot'],1774300183,,,[],,,"[{'material': 'en:non-corrugated-cardboard', 'number_of_units': 1, 'quantity_per_unit': '100 g', 'quantity_per_unit_unit': 'g', 'quantity_per_unit_value': 100, 'recycling': 'en:recycle-in-paper-bin', 'shape': 'en:box', 'weight_measured': 10}, {'food_contact': 1, 'material': 'en:aluminium', 'number_of_units': 1, 'quantity_per_unit': '100 g', 'quantity_per_unit_unit': 'g', 'quantity_per_unit_value': 100, 'recycling': 'en:recycle-with-metals', 'shape': 'en:film'}]",Pistazie Feinherb,Kaufland,food,schokolade,26.0,
Corny,"Chocolate candies, Chocolate cereal bars","['en:snacks', 'en:sweet-snacks', 'en:cocoa-and-its-products', 'en:confectioneries', 'en:chocolate-candies', 'en:bars', 'en:cereal-bars', 'en:chocolate-cereal-bars']",4011800571214,"Bulgaria, France, Germany, Italy","['en:bulgaria', 'en:france', 'en:germany', 'en:italy']",1488181901,c,,https://images.openfoodfacts.org/images/products/401/180/057/1214/front_de.184.400.jpg,"['en:sweetener', 'en:wholemeal-cereal', 'en:cereal', 'de:kakaohaltige Vollkornweizen-Crispies', 'de:Vollkornweizen-Crispies', 'de:Vollmilchschokolade mit Süßungsmittel', 'en:roasted-peanut', 'en:nut', 'en:peanut', 'en:corn-flakes', 'en:corn', 'en:coconut-oil', 'en:oil-and-fat', 'en:vegetable-oil-and-fat', 'en:vegetable-oil', 'en:humectant', 'en:salt', 'en:natural-flavouring', 'en:flavouring', 'en:emulsifier', 'en:e965ii', 'en:e965', 'en:oat', 'en:barley', 'en:wheat', 'de:Weizenvollkornmehi', 'en:fat-reduced-cocoa-powder', 'en:plant', 'en:cocoa', 'en:cocoa-powder', 'en:wheat-gluten', 'en:gluten', 'en:whole-wheat-flour', 'en:flour', 'en:cereal-flour', 'en:wholemeal-flour', 'en:wheat-flour', 'en:barley-malt-extract', 'en:malt', 'en:malted-barley', 'en:cocoa-butter', 'en:whole-milk-powder', 'en:dairy', 'en:milk-powder', 'en:cocoa-paste', 'en:e422', 'en:e322', 'en:e476', 'en:e442']","Süßungsmittel Maltitsirup, Vollkorngetreideflocken (Hafer - 9%, Gersten - 8%, Weizen - 5 %), kakaohaltige Vollkornweizen-Crispies (Weizenvollkornmehi 9%, fettarmes Kakaopulver**, Weizengluten), Vollkornweizen-Crispies (Weizenvollkornmehl 9 %, Weizengluten, Gerstenmalzextrakt), Vollmilchschokolade mit Süßungsmittel 9 % (Süßungsmittel Maltit, Kakaobutter**, Vollmilchpulver, Kakaomasse**, Emulgator (E476, E442)), geröstete Erdnüsse, Cornflakes (Mais, Salz, Gerstenmalzextrakt), Kokosöl, Feuchthaltemittel Glycerin, Salz, natürliche Aromen, Emulgator Lecithine. Kann Schalenfrüchte enthalten.","No preservatives, No added sugar, Rainforest Alliance","['en:no-preservatives', 'en:no-added-sugar', 'en:rainforest-alliance']",1780308544,,,[],"Plastic,Cardboard","['en:plastic', 'en:cardboard']",[],Corny Free Schoko,"aldi, edeka, netto, rewe",food,schokolade,47.0,
kosta,"Milk chocolate biscuits, Chocolate covered bars with milk and cereals, Chocolate puffed rice","['en:plant-based-foods-and-beverages', 'en:plant-based-foods', 'en:snacks', 'en:breakfasts', 'en:cereals-and-potatoes', 'en:sweet-snacks', 'en:biscuits-and-cakes', 'en:biscuits-and-crackers', 'en:cereals-and-their-products', 'en:cocoa-and-its-products', 'en:confectioneries', 'en:biscuits', 'en:breakfast-cereals', 'en:chocolate-candies', 'en:puffed-grains', 'en:bars', 'en:chocolate-cereals', 'en:puffed-cereals', 'en:chocolate-biscuits', 'en:candy-chocolate-bars', 'en:milk-chocolate-biscuits', 'en:puffed-rice', 'en:chocolate-covered-bars-with-milk-and-cereals', 'en:chocolate-puffed-rice']",4021700900021,"France, Germany, Italy, Switzerland","['en:france', 'en:germany', 'en:italy', 'en:switzerland']",1448883787,e,Puffreis und Cerealien in Kakaocreme mit Milchschokolade überzogen,https://images.openfoodfacts.org/images/products/402/170/090/0021/front_en.105.400.jpg,"['en:sugar', 'en:added-sugar', 'en:disaccharide', 'en:vegetable-fat', 'en:oil-and-fat', 'en:vegetable-oil-and-fat', 'en:puffed-rice', 'en:rice', 'en:cocoa-butter', 'en:plant', 'en:cocoa', 'en:grape-sugar', 'en:monosaccharide', 'en:glucose', 'en:whole-milk-powder', 'en:dairy', 'en:milk-powder', 'en:cocoa-paste', 'en:sweet-whey-powder', 'en:whey', 'en:sweet-whey', 'en:cornmeal', 'en:cereal', 'en:corn', 'en:lupin-flour', 'en:vegetable', 'en:flour', 'en:legume', 'en:pulse', 'en:lupin-bean', 'en:rice-semolina', 'en:wheat-flour', 'en:wheat', 'en:cereal-flour', 'de:fettarmes Kakaopulver dav 2\xa0% Sheabutter', 'en:lactose', 'en:emulsifier', 'en:e476', 'en:salt', 'en:barley-malt-flour', 'en:barley', 'en:barley-flour', 'en:barley-malt-extract', 'en:malt', 'en:malted-barley', 'en:flavouring', 'en:palm-kernel-oil', 'en:palm-kernel-oil-and-fat', 'en:palm', 'en:palm-oil-and-fat', 'en:palm-oil', 'en:e322']","Zucker, pflanzliche Fette (Palmkern, Palm), Puffreis, Kakaobutter, Traubenzucker, Vollmilchpulver, Kakaomasse, Süßmolkenpulver, Maisgrieß, Süßlupinenmehl, Reisgrieß, Weizenmehl, fettarmes Kakaopulver dav 2% Sheabutter, Milchzucker, Emulgator: Lecithine (Soja), E476; Salz, Gerstenmalzmehl, Gerstenmalzextrakt, Aroma. Kann Spuren von Schalenfrüchten und Erdnüssen enthalten.","Tidy man, Triman","['fr:tidy-man', 'fr:triman']",1780921122,"74597 Stimpfach, Deutschland",Unspecified,['en:unspecified'],"Plastique,Sachet","['en:plastic', 'en:bag']","[{'food_contact': 0, 'material': 'en:pp-5-polypropylene', 'number_of_units': 1, 'quantity_per_unit': '200 g', 'quantity_per_unit_unit': 'g', 'quantity_per_unit_value': 200, 'shape': 'en:bag'}, {'food_contact': 1, 'material': 'en:cardboard', 'number_of_units': 1, 'shape': 'en:tray'}]",Puffreis mit Schokolade,"Action, Lidl",food,schokolade,28.0,
Lindt,"Confectioneries, Milk chocolates, Easter chocolate rabbits","['en:snacks', 'en:sweet-snacks', 'en:cocoa-and-its-products', 'en:confectioneries', 'en:festive-foods', 'en:chocolates', 'en:chocolate-molds', 'en:easter-foods-and-drinks', 'en:milk-chocolates', 'en:easter-chocolates', 'en:easter-chocolate-rabbits']",4000539671104,"Åland Islands, Finland, France, Germany, Sweden, Switzerland, United Kingdom","['en:aland-islands', 'en:finland', 'en:france', 'en:germany', 'en:sweden', 'en:switzerland', 'en:united-kingdom']",1398010538,d,Milk chocoate shpared into a bunny,https://images.openfoodfacts.org/images/products/400/053/967/1104/front_en.113.400.jpg,"['en:sugar', 'en:added-sugar', 'en:disaccharide', 'en:cocoa-butter', 'en:plant', 'en:cocoa', 'en:whole-milk-powder', 'en:dairy', 'en:milk-powder', 'en:cocoa-paste', 'en:lactose', 'en:skimmed-milk-powder', 'en:emulsifier', 'en:barley-malt-extract', 'en:cereal', 'en:malt', 'en:malted-barley', 'en:flavouring', 'en:soya-lecithin', 'en:e322', 'en:e322i']","sugar, cocoa butter, whole milk powder, cocoa mass, lactose, skimmed milk powder, emulsifier (soya lecithin), barley malt extract, flavouring,",Triman,['fr:triman'],1777496008,Switzerland,,[],"Metal,Recyclable Metals,Aluminium,Feuille aluminium,Étiquette papier,Ruban tissu,Clochette métallique","['en:metal', 'en:recyclable-metals', 'en:aluminium', 'fr:clochette-metallique', 'fr:feuille-aluminium', 'fr:ruban-tissu', 'fr:etiquette-papier']","[{'food_contact': 1, 'material': 'en:aluminium', 'number_of_units': 1, 'recycling': 'en:recycle', 'shape': 'en:film'}]",Lindt Schokolade Goldhase,"Carrefour, Morrisons",food,schokolade,32.0,
BE-KIND,Chocolate cereal bars,"['en:snacks', 'en:sweet-snacks', 'en:bars', 'en:cereal-bars', 'en:chocolate-cereal-bars']",5000159532969,"Belgium, France, Germany, Switzerland","['en:belgium', 'en:france', 'en:germany', 'en:switzerland']",1603817353,d,,https://images.openfoodfacts.org/images/products/500/015/953/2969/front_fr.3.400.jpg,"['en:almond', 'en:nut', 'en:tree-nut', 'en:peanut', 'en:dark-chocolate', 'en:chocolate', 'en:chicory-fibre', 'en:vegetable', 'en:fiber', 'en:shoot-vegetable', 'en:vegetable-fiber', 'en:chicory', 'en:honey', 'en:added-sugar', 'en:glucose-syrup', 'en:monosaccharide', 'en:glucose', 'fr:pépites de riz soufflé', 'en:cocoa-paste', 'en:plant', 'en:cocoa', 'en:sea-salt', 'en:salt', 'en:emulsifier', 'en:sugar', 'en:disaccharide', 'en:cocoa-butter', 'en:vanilla-extract', 'en:extract', 'en:vanilla', 'en:vegetable-extract', 'en:rice-flour', 'en:flour', 'en:rice', 'en:soya-lecithin', 'en:e322', 'en:e322i']","Amandes, cacahuètes, chocolat noir (sucre, pâte de cacao, beurre de cacao, émulsifiant lecithine de soja, extrait de vanille), fibre de racine de chicorée, miel, sirop de glucose, pépites de riz soufflé (farine de riz), pâte de cacao, sel marin, émulsifiant lécithine de soja.","No gluten, No colorings","['en:no-gluten', 'en:no-colorings']",1779911021,,,[],,[],[],Notenreep,,food,schokolade,32.0,
Schogetten,Milk chocolates with hazelnuts,"['en:snacks', 'en:sweet-snacks', 'en:cocoa-and-its-products', 'en:chocolates', 'en:milk-chocolates', 'en:chocolates-with-hazelnuts', 'en:milk-chocolates-with-hazelnuts']",4000607851001,"Bulgaria, Denmark, France, Germany, Greece, Israel, Italy, Morocco, Poland, Romania, Spain","['en:bulgaria', 'en:denmark', 'en:france', 'en:germany', 'en:greece', 'en:israel', 'en:italy', 'en:morocco', 'en:poland', 'en:romania', 'en:spain']",1448212084,d,,https://images.openfoodfacts.org/images/products/400/060/785/1001/front_de.97.400.jpg,"['en:sugar', 'en:added-sugar', 'en:disaccharide', 'en:cocoa-butter', 'en:plant', 'en:cocoa', 'en:cream', 'en:dairy', 'en:hazelnut', 'en:nut', 'en:tree-nut', 'en:cocoa-paste', 'en:whole-milk-powder', 'en:milk-powder', 'en:butterfat', 'en:oil-and-fat', 'en:fat', 'en:milkfat', 'en:emulsifier', 'en:e322', 'en:vanilla-extract', 'en:extract', 'en:vanilla', 'en:vegetable-extract', 'de:Alpenvollmilchschokolade']","Zucker, Kakaobutter, Sahnepulver, Haselnüsse (10 %), Kakaomasse, Vollmilchpulver, Butterreinfett, Emulgator (Lecithine (Soja), Vanilleextrakt, Alpenvollmilchschokolade.","Green Dot, New recipe","['en:green-dot', 'en:new-recipe']",1780843962,,,[],"Pappe, en:Container, 21 PAP, 21","['en:cardboard', 'en:container', 'en:non-corrugated-cardboard', 'de:21']","[{'food_contact': 1, 'material': 'en:non-corrugated-cardboard'}]",,Biedronka,food,schokolade,33.0,
"Merci, Storck","Chocolate candies, Milk chocolates, Chocolate filled with praline","['en:snacks', 'en:sweet-snacks', 'en:cocoa-and-its-products', 'en:confectioneries', 'en:chocolate-candies', 'en:chocolates', 'en:milk-chocolates', 'en:filled-chocolates', 'en:chocolate-filled-with-praline']",4014400901405,"Bulgaria, France, Germany, Hungary, Romania, Russia, Switzerland, Tunisia","['en:bulgaria', 'en:france', 'en:germany', 'en:hungary', 'en:romania', 'en:russia', 'en:switzerland', 'en:tunisia']",1486498866,e,"4 erlesene Milch-Schokoladen-Spezialitäten, 20 Stück",https://images.openfoodfacts.org/images/products/401/440/090/1405/front_en.112.400.jpg,"['en:sugar', 'en:added-sugar', 'en:disaccharide', 'en:cocoa-butter', 'en:plant', 'en:cocoa', 'en:whole-milk-powder', 'en:dairy', 'en:milk-powder', 'en:hazelnut', 'en:nut', 'en:tree-nut', 'en:cocoa-paste', 'en:vegetable-fat', 'en:oil-and-fat', 'en:vegetable-oil-and-fat', 'en:lactose', 'en:buttermilk', 'en:skimmed-milk-powder', 'en:butterfat', 'en:fat', 'en:milkfat', 'en:almond', 'en:dextrose', 'en:monosaccharide', 'en:glucose', 'en:emulsifier', 'en:fat-reduced-cocoa', 'en:flavouring', 'en:salt', 'en:palm', 'en:palm-oil-and-fat', 'en:palm-oil', 'en:shea-butter', 'en:e322']","Zucker, Kakaobutter, _Vollmilchpulver_, _Haselnüsse_ (7,6%), Kakaomasse, pflanzliche Fette (Palm, Shea), _Milchzucker_, _Buttermilchpulver_, _Magermilchpulver_, _Butterreinfett_, gehackte _Mandeln_ (1,3 %), Dextrose, Emulgator Lecithine (_Soja_), magerer Kakao, Aromen, Salz","Green Dot, Made in Germany, pure cocoa butter","['en:green-dot', 'en:made-in-germany', 'en:pure-cocoa-butter']",1780725829,Deutschland,Germany,['en:germany'],"Plastic, Cardboard, Paperboard","['en:plastic', 'en:cardboard', 'en:paperboard']","[{'food_contact': 1, 'shape': 'en:pot'}]",Merci Milk Selection,REWE,food,schokolade,22.0,
CORNY,"Chocolate cereal bars, Banana cereal bars","['en:snacks', 'en:sweet-snacks', 'en:bars', 'en:cereal-bars', 'en:chocolate-cereal-bars', 'en:fruits-cereal-bars', 'en:banana-cereal-bars']",4011800523213,"Austria, Germany","['en:austria', 'en:germany']",1492524246,b,,https://images.openfoodfacts.org/images/products/401/180/052/3213/front_de.137.400.jpg,"['en:milk-chocolate', 'en:chocolate', 'de:Getreidecrispies', 'en:glucose-fructose-syrup', 'en:added-sugar', 'en:monosaccharide', 'en:fructose', 'en:glucose', 'en:wholemeal-cereal', 'en:cereal', 'en:glucose-syrup', 'en:sugar', 'en:disaccharide', 'en:coconut-fat', 'en:oil-and-fat', 'en:vegetable-oil-and-fat', 'en:vegetable-fat', 'en:banana', 'en:fruit', 'en:corn-flakes', 'en:corn', 'en:roasted-peanut', 'en:nut', 'en:peanut', 'en:honey', 'en:natural-flavouring', 'en:flavouring', 'en:salt', 'en:emulsifier', 'en:cocoa-paste', 'en:plant', 'en:cocoa', 'en:cocoa-butter', 'en:skimmed-milk-powder', 'en:dairy', 'en:milk-powder', 'en:butterfat', 'en:fat', 'en:milkfat', 'en:wheat-flour', 'en:flour', 'en:wheat', 'en:cereal-flour', 'en:rice-flour', 'en:rice', 'en:corn-flour', 'en:barley-malt-extract', 'en:malt', 'en:malted-barley', 'en:caramelised-sugar-syrup', 'en:caramel-syrup', 'en:oat', 'en:barley', 'en:e322', 'en:e442', 'en:e476']","Milchschokolade 24 % (Zucker, Kakaomasse*, Kakaobutter*, Magermilchpulver, Butterreinfett, Emulgator (E 442, E 476)), Getreidecrispies (Weizenmehl, Zucker, Reismehl, Maismehl, Gerstenmalzextrakt, Salz, Karamellzuckersirup), Glukose-Fruktose-Sirup, Vollkorngetreideflocken 13 % (Hafer-, Weizen-, Gersten-), Glukosesirup, Zucker, Kokosfett, getrocknete Bananen 3 %, Cornflakes (Mais, Salz, Gerstenmalzextrakt), geröstete Erdnüsse, Honig 1%, natürliches Aroma, Salz, Emulgator Lecithine. Kann Schalenfrüchte enthalten. * Rainforest Alliance Certified.","No preservatives, Rainforest Alliance, UTZ Certified Cocoa","['en:no-preservatives', 'en:sustainable-farming', 'en:rainforest-alliance', 'en:utz-certified', 'en:utz-certified-cocoa']",1779882153,,,[],"Paper,Faltschachtel,Kartonage","['en:paper', 'en:faltschachtel', 'en:kartonage']",[],Schokoladenriegel Schoko Banane,netto,food,schokolade,73.0,
"Milka, Mondelez, Oreo","Confectioneries, Filled milk chocolates","['en:snacks', 'en:sweet-snacks', 'en:cocoa-and-its-products', 'en:confectioneries', 'en:chocolates', 'en:milk-chocolates', 'en:filled-chocolates', 'en:filled-milk-chocolates']",7622300617820,"Australia, France, Germany, Hungary","['en:australia', 'en:france', 'en:germany', 'en:hungary']",1473963867,e,Alpenmilch Schokolade mit Kakaokeksstückchen (12%) und einer Milchcremefüllung (42%) mit Vanillegeschmack,https://images.openfoodfacts.org/images/products/762/230/061/7820/front_hu.91.400.jpg,"['en:sugar', 'en:added-sugar', 'en:disaccharide', 'en:vegetable-fat', 'en:oil-and-fat', 'en:vegetable-oil-and-fat', 'en:skimmed-milk-powder', 'en:dairy', 'en:milk-powder', 'en:cocoa-butter', 'en:plant', 'en:cocoa', 'en:wheat-flour', 'en:cereal', 'en:flour', 'en:wheat', 'en:cereal-flour', 'en:cocoa-paste', 'en:whey-powder', 'en:whey', 'en:milkfat', 'en:fat', 'en:fat-reduced-cocoa-powder', 'en:cocoa-powder', 'en:emulsifier', 'en:glucose-fructose-syrup', 'en:monosaccharide', 'en:fructose', 'en:glucose', 'en:wheat-starch', 'en:starch', 'hu:mogyorómassza', 'en:raising-agent', 'en:salt', 'en:flavouring', 'en:acidity-regulator', 'hu:a-tejes-krémtöltelék-7-sovány-tejport-tartalmaz', 'en:palm', 'en:palm-oil-and-fat', 'en:palm-oil', 'en:palm-kernel-oil', 'en:palm-kernel-oil-and-fat', 'en:soya-lecithin', 'en:e322', 'en:e322i', 'en:e503', 'en:e501', 'en:e500', 'en:e524']","Cukor, növényi zsírok (pálma, pálmamag), SOVÁNY TEJPOR, kakaóvaj, BÚZALISZT, kakaómassza, TEJSAVÓPOR, TEJZSÍR, zsírszegény kakaópor (0,7 %), emulgeálószer (SZÓJALECITINEK), glükóz-fruktózszirup, BÚZAKEMÉNYÍTŐ, MOGYORÓMASSZA, térfogatnövelő szerek (E503, E501, E500), étkezési só, aromák, savanyúságot szabályozó anyag (E524), A tejes krémtöltelék 7% sovány tejport tartalmaz, TARTALMAZHAT EGYÉB DIÓFÉLÉKET,","Cocoa Life, Green Dot, Made in Germany, Made in the EU, grüner-punkt","['en:cocoa-life', 'en:green-dot', 'en:made-in-germany', 'en:made-in-the-eu', 'en:grüner-punkt']",1775031681,,,[],"Kunststoff,PP 5 - Polypropylen,Folie","['en:plastic', 'en:pp-5-polypropylene', 'en:film']","[{'food_contact': 1, 'material': 'en:pp-5-polypropylene', 'number_of_units': 1, 'recycling': 'en:discard', 'shape': 'en:film'}]",Milka Oreo,Spa,food,schokolade,19.0,
Ritter Sport,"Filled chocolates, de:Gefüllte-halbbitter-schokolade, de:Marzipanschokolade","['en:snacks', 'en:sweet-snacks', 'en:cocoa-and-its-products', 'en:chocolates', 'en:filled-chocolates', 'de:Gefüllte-halbbitter-schokolade', 'de:Marzipanschokolade']",4000417602510,Germany,['en:germany'],1657012175,unknown,Gefüllte Halbbitter-Schokolade mit Edel-Marzipan (44%),https://images.openfoodfacts.org/images/products/400/041/760/2510/front_en.63.400.jpg,"['en:sugar', 'en:added-sugar', 'en:disaccharide', 'en:cocoa-paste', 'en:plant', 'en:cocoa', 'en:almond', 'en:nut', 'en:tree-nut', 'en:cocoa-butter', 'en:invert-sugar-syrup', 'en:monosaccharide', 'en:syrup', 'en:invert-sugar', 'en:sugar-syrup', 'en:emulsifier', 'en:humectant', 'en:e322', 'en:e1103']","Zucker, Kakaomasse, _MANDELN_ (16 %), Kakaobutter', Invertzuckersirup, Emulgator: Lecithine (SOJA), Feuchthaltemittel: Invertase. Kann Spuren von Erdnüssen, anderen Schalenfrüchten, glutenhaltigem Getreide, Milch und Ei enthalten.","Green Dot, Rainforest Alliance Cocoa","['en:green-dot', 'en:rainforest-alliance', 'en:rainforest-alliance-cocoa']",1778255744,"Deutschland, Waldenbuch",,[],"Kunststoff,Folie","['en:plastic', 'en:film']","[{'food_contact': 1, 'material': 'en:plastic', 'number_of_units': 1, 'quantity_per_unit': '100 g', 'quantity_per_unit_unit': 'g', 'quantity_per_unit_value': 100, 'recycling': 'en:recycle', 'shape': 'en:film', 'weight_measured': 2}]",Marzipan,"EDEKA, Lidl, REWE, Spar, nahkauf",food,schokolade,,
Alnatura,Mueslis with chocolate,"['en:plant-based-foods-and-beverages', 'en:plant-based-foods', 'en:breakfasts', 'en:cereals-and-potatoes', 'en:cereals-and-their-products', 'en:breakfast-cereals', 'en:chocolate-cereals', 'en:mueslis', 'en:mueslis-with-chocolate']",4104420017849,"France, Germany, Luxembourg, Switzerland, world","['en:france', 'en:germany', 'en:luxembourg', 'en:switzerland', 'en:world']",1498111897,a,Bio Müsli mit 73% Getreidevollkornflocken und mit 17% Vollmilchschokolade,https://images.openfoodfacts.org/images/products/410/442/001/7849/front_en.89.400.jpg,"['en:whole-grain-oat-flakes', 'en:cereal', 'en:oat', 'en:oat-flakes', 'en:wholemeal-oat', 'en:whole-wheat-flakes', 'en:wheat', 'en:whole-wheat', 'en:wheat-flakes', 'de:feine-milchschokolade', 'en:chocolate', 'en:milk-chocolate', 'de:reisgrieß-extrudiert-mit-kakao-überzug', 'en:unrefined-cane-sugar', 'en:added-sugar', 'en:disaccharide', 'en:sugar', 'en:cane-sugar', 'en:unrefined-sugar', 'en:milk-powder', 'en:dairy', 'en:cocoa-butter', 'en:plant', 'en:cocoa', 'en:cocoa-paste', 'en:emulsifier', 'en:bourbon-vanilla-beans', 'en:vanilla', 'en:vanilla-pod', 'en:bourbon-vanilla', 'en:rice-semolina', 'en:rice', 'en:corn-malt', 'en:malt', 'en:corn', 'en:malted-barley', 'en:sunflower-oil', 'en:oil-and-fat', 'en:vegetable-oil-and-fat', 'en:vegetable-oil', 'en:sea-salt', 'en:salt', 'en:soya-lecithin', 'en:e322', 'en:e322i']","HAFERVOLLKORNFLOCKEN*, WEIZENVOLLKORNFLOCKEN*, Vollmilchschokolade* (Rohrohrzucker*, MILCHPULVER*, Kakaobutter*, Kakaomasse*, Emulgator: SOJALECITHIN*, Bourbon Vanilleschote* gemahlen), Reisgrieß* extrudiert mit Kakao-Überzug* 10% (Reisgrieß, Rohrohrzucker*, Kakao*, Maismalz, GERSTENMALZ*, Sonnenblumenöl*, Meersalz) *aus biologischer Landwirtschaft. Kann Spuren von Mandel, Nüssen und Sesam enthalten.","non-EU Agriculture, de:Bio 7 Initiative, EG-Öko-Verordnung, DE-ÖKO-001, EU Agriculture, de:agriculture-ue/non-ue, de:bio-européen, de:bio-label-german","['en:organic', 'en:eu-organic', 'en:non-eu-agriculture', 'de:bio-7-initiative', 'de:eg-öko-verordnung', 'en:de-oko-001', 'en:eu-agriculture', 'de:agriculture-ue/non-ue', 'de:bio-européen', 'de:bio-label-german']",1779737655,Deutschland,,[],"Kunststoff, PP - Polypropylen","['en:plastic', 'en:pp-polypropylene']","[{'food_contact': 1, 'material': 'en:pp-5-polypropylene', 'number_of_units': 1, 'shape': 'en:bag', 'weight_measured': 6}]",Schoko Müsli,Alnatura,food,schokolade,86.0,
m&m's,"Chocolate covered nuts, chocolate-coated-peanuts","['en:plant-based-foods-and-beverages', 'en:plant-based-foods', 'en:snacks', 'en:sweet-snacks', 'en:cocoa-and-its-products', 'en:confectioneries', 'en:nuts-and-their-products', 'en:chocolate-candies', 'en:bonbons', 'en:chocolate-covered-nuts-and-fruits', 'en:nut-confectioneries', 'en:chocolate-covered-nuts', 'en:chocolate-coated-peanuts']",5000159454346,"France, Germany, Morocco","['en:france', 'en:germany', 'en:morocco']",1521970758,f,,https://images.openfoodfacts.org/images/products/500/015/945/4346/front_en.13.400.jpg,"['en:sugar', 'en:added-sugar', 'en:disaccharide', 'en:peanut', 'en:nut', 'en:cocoa-paste', 'en:plant', 'en:cocoa', 'en:whole-milk-powder', 'en:dairy', 'en:milk-powder', 'en:cocoa-butter', 'en:starch', 'en:palm-fat', 'en:oil-and-fat', 'en:vegetable-oil-and-fat', 'en:palm-oil-and-fat', 'en:glucose-syrup', 'en:monosaccharide', 'en:glucose', 'en:skimmed-milk-powder', 'en:emulsifier', 'en:stabiliser', 'en:shea-butter', 'en:vegetable-fat', 'en:whey-permeate', 'en:whey', 'en:butterfat', 'en:fat', 'en:milkfat', 'en:e1400', 'en:glazing-agent', 'en:colour', 'en:palm-kernel-oil', 'en:palm-kernel-oil-and-fat', 'en:salt', 'en:flavouring', 'en:soya-lecithin', 'en:e322', 'en:e322i', 'en:e414', 'en:e903', 'en:e100', 'en:e120', 'en:e133', 'en:e160a', 'en:e160e', 'en:e170']","Zucker, Erdnüsse, Kakaomasse, Vollmilchpulver, Kakaobutter, Stärke, Palmfett, Glukosesirup, Magermilchpulver, Emulgator (Sojalecithin), Stabilisator (Gummi arabicum), Sheafett, Molkepermeat (Milch), Butterreinfett (Milch), Dextrin, Überzugsmittel (Carnaubawachs), Farbstoffe (E100, E120, E133, E160a, E160e, E170), Palmkernöl, Salz, Aroma.",,[],1780349578,,,[],,[],[],M&M's Peanut,,food,schokolade,10.0,
Grandino,"Chocolate biscuits, Filled drop cookies","['en:snacks', 'en:sweet-snacks', 'en:biscuits-and-cakes', 'en:biscuits-and-crackers', 'en:biscuits', 'en:chocolate-biscuits', 'en:filled-biscuits', 'en:filled-drop-cookies']",20452735,"Bulgaria, France, Germany, Hungary","['en:bulgaria', 'en:france', 'en:germany', 'en:hungary']",1428709754,c,Mürbegebäck mit 28% Haselnusscremefüllung und 15% Schokolade,https://images.openfoodfacts.org/images/products/000/002/045/2735/front_de.99.400.jpg,"['en:sugar', 'en:added-sugar', 'en:disaccharide', 'en:wheat-flour', 'en:cereal', 'en:flour', 'en:wheat', 'en:cereal-flour', 'en:vegetable-oil', 'en:oil-and-fat', 'en:vegetable-oil-and-fat', 'en:cocoa-paste', 'en:plant', 'en:cocoa', 'en:oat-flour', 'en:oat', 'en:butter', 'en:dairy', 'en:nibbed-and-ground-hazelnuts', 'en:nut', 'en:tree-nut', 'en:hazelnut', 'fr:eclats-de-noisettes', 'en:ground-hazelnuts', 'en:skimmed-milk-powder', 'en:milk-powder', 'en:fat-reduced-cocoa-powder', 'en:cocoa-powder', 'en:emulsifier', 'en:lactose', 'en:whole-powdered-chicken-egg', 'en:egg', 'en:whole-egg', 'en:whole-powdered-egg', 'en:glucose-syrup', 'en:monosaccharide', 'en:glucose', 'en:cocoa-butter', 'en:raising-agent', 'en:e500', 'en:salt', 'en:natural-flavouring', 'en:flavouring', 'en:palm-oil', 'en:palm-oil-and-fat', 'en:sunflower', 'en:soya-lecithin', 'en:e322', 'en:e322i', 'en:e450']","Zucker, Weizenmehl, pflanzliche Öle (Ölpalme, Sonnenblume), Kakaomasse**, Hafermehl, Butter, 4% gemahlene Haselnüsse, Magermilchpulver, fettarmes Kakaopulver**, Emulgatoren: Sojalecithine, Laktose, Hühnervolleipulver*, Glukosesirup, Kakaobutter**, Backtriebmittel: Diphosphate, Natriumcarbonate; Speisesalz, natürliches Aroma. Kann Spuren von anderen Schalenfrüchten enthalten.","Nutriscore Grade E, Roundtable on Sustainable Palm Oil, UTZ Certified","['en:sustainable', 'en:sustainable-farming', 'en:sustainable-palm-oil', 'en:nutriscore', 'en:nutriscore-grade-e', 'en:roundtable-on-sustainable-palm-oil', 'en:utz-certified']",1774541383,,,[],"Kunststoff, Tüte, PP - Polypropylen, en:mixed plastic-packet, en:pp-tray","['en:plastic', 'en:bag', 'en:pp-polypropylene', 'en:mixed-plastic-packet', 'en:pp-tray']","[{'food_contact': 0, 'material': 'en:pp-5-polypropylene', 'shape': 'en:packet'}, {'food_contact': 1, 'material': 'en:pp-5-polypropylene', 'shape': 'en:tray'}, {'food_contact': 0, 'material': 'en:plastic', 'shape': 'en:packet'}]",Cookies Haselnusscreme & Schokolade,Lidl,food,schokolade,48.0,
Dm,Mueslis with chocolate,"['en:plant-based-foods-and-beverages', 'en:plant-based-foods', 'en:breakfasts', 'en:cereals-and-potatoes', 'en:cereals-and-their-products', 'en:breakfast-cereals', 'en:chocolate-cereals', 'en:mueslis', 'en:mueslis-with-chocolate']",4066447524413,"France, Germany, Hungary","['en:france', 'en:germany', 'en:hungary']",1693391730,a-plus,,https://images.openfoodfacts.org/images/products/406/644/752/4413/front_en.22.400.jpg,"['en:whole-grain-oat-flakes', 'en:cereal', 'en:oat', 'en:oat-flakes', 'en:wholemeal-oat', 'en:whole-wheat-flakes', 'en:wheat', 'en:whole-wheat', 'en:wheat-flakes', 'de:feine-milchschokolade', 'en:chocolate', 'en:milk-chocolate', 'de:reisextrudat-mit-kakao', 'en:unrefined-cane-sugar', 'en:added-sugar', 'en:disaccharide', 'en:sugar', 'en:cane-sugar', 'en:unrefined-sugar', 'en:whole-milk-powder', 'en:dairy', 'en:milk-powder', 'en:cocoa-butter', 'en:plant', 'en:cocoa', 'en:cocoa-paste', 'en:emulsifier', 'en:bourbon-vanilla-powder', 'en:vanilla', 'en:bourbon-vanilla', 'en:vanilla-powder', 'en:rice', 'en:fat-reduced-cocoa-powder', 'en:cocoa-powder', 'en:barley-malt-flour', 'en:flour', 'en:cereal-flour', 'en:barley', 'en:barley-flour', 'en:sunflower-oil', 'en:oil-and-fat', 'en:vegetable-oil-and-fat', 'en:vegetable-oil', 'en:sea-salt', 'en:salt', 'en:soya-lecithin', 'en:e322', 'en:e322i']","HAFERVOLLKORNFLOCKEN*, WEIZENVOLLKORNFLOCKEN*, 17% Vollmilchschokolade* (Rohrohrzucker*, VOLLMILCHPULVER*, Kakaobutter*, Kakaomasse*, Emulgator: SOJALECITHINE*, Bourbon-Vanillepulver*), 10% Reisextrudat* mit Kakao* (Reis*, Rohrzucker*, fettarmes Kakaopulver*, GERSTENMALZMEHL*, Sonnenblumenöl*, Meersalz). *aus biologischer Landwirtschaft. Kann Spuren von Haselnüssen, Cashewkernen, Mandeln und Sesam enthalten.","Fairtrade International, DE-ÖKO-001, HU-ÖKO-01, Made in Germany","['en:fair-trade', 'en:organic', 'en:eu-organic', 'en:fairtrade-international', 'en:de-oko-001', 'en:hu-oko-01', 'en:made-in-germany']",1773054277,Németország,Germany,['en:germany'],,,"[{'food_contact': 1, 'material': 'en:pp-5-polypropylene', 'number_of_units': 1, 'shape': 'en:bag'}]",Bio Schokomüsli ohne Rosinen,dm,food,schokolade,91.0,
Ritter Sport,Dark chocolates,"['en:snacks', 'en:sweet-snacks', 'en:cocoa-and-its-products', 'en:chocolates', 'en:dark-chocolates']",4000417602015,"Germany, Morocco","['en:germany', 'en:morocco']",1657455393,e,,https://images.openfoodfacts.org/images/products/400/041/760/2015/front_de.9.400.jpg,"['en:sugar', 'en:added-sugar', 'en:disaccharide', 'en:cocoa-paste', 'en:plant', 'en:cocoa', 'en:cocoa-butter', 'en:emulsifier', 'de:Erfahren Sie mehr unter ra.org |||||', 'en:e322']","Zucker, Kakaomasse¹, Kakaobutter¹, Emulgator: Lecithine (SOJA). Kann Spuren von Erdnüssen, Schalenfrüchten, glutenhaltigem Getreide, Milch und Ei enthalten. ¹Rainforest Alliance Certified. Erfahren Sie mehr unter ra.org |||||",Rainforest Alliance,['en:rainforest-alliance'],1780847446,,,[],,[],[],Schokolade Halbbitter,Rewe,food,schokolade,27.0,
"Lindt, Lindt & Sprüngli",Milk chocolates with hazelnuts,"['en:snacks', 'en:sweet-snacks', 'en:cocoa-and-its-products', 'en:chocolates', 'en:milk-chocolates', 'en:chocolates-with-hazelnuts', 'en:milk-chocolates-with-hazelnuts']",7610400013864,"Australia, France, Germany, Italy, Morocco, Spain, Switzerland","['en:australia', 'en:france', 'en:germany', 'en:italy', 'en:morocco', 'en:spain', 'en:switzerland']",1486494945,e,,https://images.openfoodfacts.org/images/products/761/040/001/3864/front_en.21.400.jpg,"['en:sugar', 'en:added-sugar', 'en:disaccharide', 'en:cocoa-butter', 'en:plant', 'en:cocoa', 'en:hazelnut', 'en:nut', 'en:tree-nut', 'en:whole-milk-powder', 'en:dairy', 'en:milk-powder', 'en:cocoa-paste', 'en:lactose', 'en:skimmed-milk-powder', 'en:emulsifier', 'en:barley-malt-extract', 'en:cereal', 'en:malt', 'en:malted-barley', 'en:flavouring', 'en:soya-lecithin', 'en:e322', 'en:e322i']","Zucker, Kakaobutter, Haselnüsse (15%), Vollmilchpulver, Kakaomasse, Milchzucker, Magermilchpulver, Emulgator (Sojalecithin), Gerstenmalzextrakt, Aroma,",Made in Swiss,['en:made-in-swiss'],1780999718,,,[],Stück,['fr:stuck'],[],SWISS PREMIUM CHOCOLATE Alpenvollmilch Nuss,Woolworths,food,schokolade,19.0,
"dmBio, Dm",Cocoa and hazelnuts spreads,"['en:breakfasts', 'en:spreads', 'en:sweet-spreads', 'fr:pates-a-tartiner', 'en:hazelnut-spreads', 'en:chocolate-spreads', 'en:cocoa-and-hazelnuts-spreads']",4066447576221,Germany,['en:germany'],1706713841,c,Biologischer Brotaufstrich mit 50% Haselnüssen und 7% Schokolade,https://images.openfoodfacts.org/images/products/406/644/757/6221/front_de.52.400.jpg,"['fr:noisettes-decortiquees', 'en:nut', 'en:tree-nut', 'en:hazelnut', 'en:cane-sugar', 'en:added-sugar', 'en:disaccharide', 'en:sugar', 'en:chocolate', 'en:sunflower-oil', 'en:oil-and-fat', 'en:vegetable-oil-and-fat', 'en:vegetable-oil', 'en:unrefined-cane-sugar', 'en:unrefined-sugar', 'en:cocoa-butter', 'en:plant', 'en:cocoa', 'en:emulsifier', 'en:bourbon-vanilla-powder', 'en:vanilla', 'en:bourbon-vanilla', 'en:vanilla-powder', 'en:fat-reduced-cocoa-powder', 'en:cocoa-powder', 'en:e322']","50% HASELNUSSKERNE*, Rohrzucker*, 7% Schokolade* (Rohrzucker*, Kakaopulver* stark entölt, Kakaobutter*), Sonnenblumenöl*, Rohrohrzucker*, 4,1% Kakaobutter*, Emulgator: Lecithine*, Bourbon-Vanillepulver*.
*aus biologischer Landwirtschaft.","Fairtrade International, Vegan, EG-Öko-Verordnung, NL-BIO-01, No palm oil, V-Label International","['en:vegetarian', 'en:fair-trade', 'en:organic', 'en:eu-organic', 'en:fairtrade-international', 'en:vegan', 'de:eg-öko-verordnung', 'en:nl-bio-01', 'en:no-palm-oil', 'en:v-label-international']",1776187591,,"Netherlands, European Union and Non European Union, Non European Union, de:Haselnüsse aus Nicht-Europäische Union, de:Hergestellt in den Niederlanden, de:Stark entöltes Kakaopulver aus Nicht-Europäische Union","['en:netherlands', 'en:european-union-and-non-european-union', 'en:non-european-union', 'de:Haselnüsse aus Nicht-Europäische Union', 'de:Hergestellt in den Niederlanden', 'de:Stark entöltes Kakaopulver aus Nicht-Europäische Union']",,,"[{'food_contact': 1, 'material': 'en:clear-glass', 'number_of_units': 1, 'quantity_per_unit': '400 g', 'quantity_per_unit_unit': 'g', 'quantity_per_unit_value': 400, 'recycling': 'en:recycle', 'shape': 'en:pot', 'weight_measured': 200}, {'food_contact': 0, 'material': 'en:pp-5-polypropylene', 'number_of_units': 1, 'quantity_per_unit': '400 g', 'quantity_per_unit_unit': 'g', 'quantity_per_unit_value': 400, 'recycling': 'en:recycle', 'shape': 'en:lid'}, {'food_contact': 1, 'number_of_units': 1, 'quantity_per_unit': '400 g', 'quantity_per_unit_unit': 'g', 'quantity_per_unit_value': 400, 'recycling': 'en:recycle', 'shape': 'en:seal'}, {'food_contact': 0, 'number_of_units': 1, 'quantity_per_unit': '400 g', 'quantity_per_unit_unit': 'g', 'quantity_per_unit_value': 400, 'recycling': 'en:recycle', 'shape': 'en:label'}]",Schokocreme Haselnuss,dm,food,schokolade,57.0,
REWE Bio,Dark chocolates,"['en:snacks', 'en:sweet-snacks', 'en:cocoa-and-its-products', 'en:chocolates', 'en:dark-chocolates']",4388844216297,Germany,['en:germany'],1519576669,c,Bitterschokolade 85%,https://images.openfoodfacts.org/images/products/438/884/421/6297/front_de.89.400.jpg,"['en:cocoa-paste', 'en:plant', 'en:cocoa', 'en:cocoa-butter', 'en:cane-sugar', 'en:added-sugar', 'en:disaccharide', 'en:sugar', 'en:ground-vanilla-beans', 'en:vanilla', 'en:vanilla-pod']","Kakaomasse, Kakaobutter, Rohrzucker, gemahlene Vanilleschoten","Fairtrade International, EG-Öko-Verordnung, de:Pro Planet, CH-BIO-006, Climate Neutral product, European Vegetarian Union Vegan, FSC Mix, Made in Swiss, Naturland, Nutriscore Grade D","['en:vegetarian', 'en:fair-trade', 'en:organic', 'en:eu-organic', 'en:fairtrade-international', 'en:vegan', 'de:eg-öko-verordnung', 'de:pro-planet', 'en:ch-bio-006', 'en:climate-neutral-product', 'en:european-vegetarian-union', 'en:european-vegetarian-union-vegan', 'en:fsc', 'en:fsc-mix', 'en:made-in-swiss', 'en:naturland', 'en:nutriscore', 'en:nutriscore-grade-d']",1779100649,"Pratteln, Schweiz","Dominican Republic, Peru","['en:dominican-republic', 'en:peru']","Cardboard,Paperboard,de:Aluminiumfolie","['en:cardboard', 'en:paperboard', 'de:aluminiumfolie']","[{'material': 'en:fsc-cardboard', 'number_of_units': 1, 'recycling': 'en:recycle', 'shape': 'en:packaging', 'weight_measured': 11.8}, {'material': 'en:aluminium', 'number_of_units': 1, 'recycling': 'en:recycle', 'shape': 'en:packaging', 'weight_measured': 1.7}]",Edel-Bitter Schokolade Kakao 85 %,Rewe,food,schokolade,49.0,
CORNY,Chocolate cereal bars,"['en:snacks', 'en:sweet-snacks', 'en:bars', 'en:cereal-bars', 'en:chocolate-cereal-bars']",4011800523220,"Austria, France, Germany, Luxembourg","['en:austria', 'en:france', 'en:germany', 'en:luxembourg']",1500653481,c,,https://images.openfoodfacts.org/images/products/401/180/052/3220/front_de.57.400.jpg,"['en:milk-chocolate', 'en:chocolate', 'de:Getreidecrispies', 'en:glucose-fructose-syrup', 'en:added-sugar', 'en:monosaccharide', 'en:fructose', 'en:glucose', 'en:wholemeal-cereal', 'en:cereal', 'en:glucose-syrup', 'en:sugar', 'en:disaccharide', 'en:coconut-fat', 'en:oil-and-fat', 'en:vegetable-oil-and-fat', 'en:vegetable-fat', 'en:banana', 'en:fruit', 'en:corn-flakes', 'en:corn', 'en:roasted-peanut', 'en:nut', 'en:peanut', 'en:honey', 'en:natural-flavouring', 'en:flavouring', 'en:salt', 'en:emulsifier', 'en:cocoa-paste', 'en:plant', 'en:cocoa', 'en:cocoa-butter', 'en:skimmed-milk-powder', 'en:dairy', 'en:milk-powder', 'en:butterfat', 'en:fat', 'en:milkfat', 'en:wheat-flour', 'en:flour', 'en:wheat', 'en:cereal-flour', 'en:rice-flour', 'en:rice', 'en:corn-flour', 'en:barley-malt-extract', 'en:malt', 'en:malted-barley', 'en:caramelised-sugar-syrup', 'en:caramel-syrup', 'en:oat', 'en:barley', 'en:e322', 'en:e442', 'en:e476']","_Milchschokolade_ 24 % (Zucker, Kakaomasse, Kakaobutter, _Magermilchpulver_, _Butterreinfett_, Emulgator (E 442, E 476)), Getreidecrispies (_Weizenmehl_, Zucker, Reismehl, Maismehl, _Gerstenmalzextrakt_, Salz, Karamellzuckersirup), Glukose-Fruktose-Sirup, Vollkorngetreideflocken 13% (_Hafer-_, _Weizen-_, _Gersten-_), Glukosesirup, Zucker, Kokosfett, getrocknete Bananen 3 %, Cornflakes (Mais, Salz, _Gerstenmalzextrakt_), geröstete _Erdnüsse_, Honig 1 %, natürliches Aroma, Salz, Emulgator Lecithine",Rainforest Alliance Cocoa,"['en:rainforest-alliance', 'en:rainforest-alliance-cocoa']",1780391653,,,[],"Plastic,Film","['en:plastic', 'en:film']",[],Corny - Schoko-Banane,,food,schokolade,47.0,
Corny,"Chocolate cereal bars, Getreideriegel, Imbiss, Müsliriegel mit Schokolade, Riegel, Süßer Snack","['en:snacks', 'en:sweet-snacks', 'en:bars', 'en:cereal-bars', 'en:chocolate-cereal-bars', 'en:Getreideriegel', 'en:Imbiss', 'en:Müsliriegel mit Schokolade', 'en:Riegel', 'en:Süßer Snack']",4011800521219,Germany,['en:germany'],1434359915,c,Müsliriegel Milchschokolade,https://images.openfoodfacts.org/images/products/401/180/052/1219/front_de.40.400.jpg,"['en:milk-chocolate', 'en:chocolate', 'de:getreidecrispies', 'en:glucose-syrup', 'en:added-sugar', 'en:monosaccharide', 'en:glucose', 'de:vollkorngetrei', 'de:deflocken', 'de:glu', 'de:kose-fruktose-sirup', 'en:sugar', 'en:disaccharide', 'en:roasted-peanut', 'en:nut', 'en:peanut', 'en:coconut', 'en:fruit', 'en:fat', 'en:oil-and-fat', 'en:corn-flakes', 'en:cereal', 'en:corn', 'en:honey', 'en:salt', 'en:natural-flavouring', 'en:flavouring', 'en:caramelised-sugar-syrup', 'en:caramel-syrup', 'en:emulsifier', 'en:cocoa-paste', 'en:plant', 'en:cocoa', 'en:cocoa-butter', 'en:skimmed-milk-powder', 'en:dairy', 'en:milk-powder', 'en:butterfat', 'en:milkfat', 'en:wheat-flour', 'en:flour', 'en:wheat', 'en:cereal-flour', 'en:corn-flour', 'en:rice-flour', 'en:rice', 'en:barley-malt-extract', 'en:malt', 'en:malted-barley', 'en:oat', 'en:barley', 'en:e322', 'de:mehr-infos-unter-ra-org', 'en:e442', 'en:e476']","Milchschokolade 24 % (Zucker, Kakaomasse**, Kakaobutter**, Magermilchpulver, Butterreinfett, Emulgator (E 442, E 476)), Getreidecrispies (Weizenmehl, Zucker, Maismehl, Reismehl, Gerstenmalzextrakt, Salz, Karamellzuckersirup), Glukosesirup, Vollkorngetrei - deflocken 11 % (Hafer-, Weizen-, Gersten-), Glu - kose-Fruktose-Sirup, Zucker, geröstete Erdnüsse, Kokos - fett, Cornflakes (Mais, Salz, Gerstenmalzextrakt), Honig 1 %, Salz, natürliches Aroma, Karamellzuckersirup, Emulgator Lecithine. Kann Schalenfrüchte enthalten. ** Rainforest Alliance Certified. Mehr Infos unter ra.org","No preservatives, Sustainable farming, Rainforest Alliance Cocoa","['en:no-preservatives', 'en:sustainable-farming', 'en:rainforest-alliance', 'en:rainforest-alliance-cocoa']",1778600448,,,[],"Cardboard,Paperboard","['en:cardboard', 'en:paperboard']",[],CORNY Schoko,,food,schokolade,47.0,
Milka,"Chocolate candies, Easter eggs, Easter chocolate rabbits, Hollow chocolate eggs, de:Hohlkörper aus Schokolade","['en:snacks', 'en:sweet-snacks', 'en:cocoa-and-its-products', 'en:confectioneries', 'en:festive-foods', 'en:chocolate-candies', 'en:chocolates', 'en:chocolate-molds', 'en:easter-foods-and-drinks', 'en:easter-chocolates', 'en:easter-eggs', 'en:chocolate-eggs', 'en:easter-chocolate-rabbits', 'en:hollow-chocolate-eggs', 'de:Hohlkörper aus Schokolade']",4008400521824,"France, Germany","['en:france', 'en:germany']",1524821046,unknown,,https://images.openfoodfacts.org/images/products/400/840/052/1824/front_fr.49.400.jpg,"['de:feine-milchschokolade', 'en:chocolate', 'en:milk-chocolate', 'en:skimmed-milk-powder', 'en:dairy', 'en:milk-powder', 'en:sugar', 'en:added-sugar', 'en:disaccharide', 'en:vegetable-fat', 'en:oil-and-fat', 'en:vegetable-oil-and-fat', 'en:butterfat', 'en:fat', 'en:milkfat', 'en:emulsifier', 'en:vanillin', 'en:cocoa-butter', 'en:plant', 'en:cocoa', 'en:cocoa-paste', 'en:palm-oil', 'en:palm-oil-and-fat', 'en:shea-butter', 'en:e322', 'en:soya-lecithin', 'en:e322i']","Chocolat supérieur au LAIT 45% (sucre, LAIT en poudre, beurre de cacao, pâte de cacao, émulsifiants: lécithines [SOJA]; vanilline), LAIT écrémé en poudre, sucre, graisses végétales (palme, karité), BEURRE concentré, émulsifiants: lecithines (SOJA); vanilline.",Made in the EU,['en:made-in-the-eu'],1780800308,,,[],"Metall,Wiederverwertbare Metalle,Aluminium","['en:metal', 'en:recyclable-metals', 'en:aluminium']","[{'food_contact': 1, 'material': 'en:aluminium', 'shape': 'en:film'}, {'material': 'en:plastic', 'shape': 'en:label'}]",Kinder,Intermarché,food,schokolade,,
"alpro, Danone","Vegan chocolate puddings, Chocolate soy desserts","['en:plant-based-foods-and-beverages', 'en:dairy-substitutes', 'en:desserts', 'en:vegan-products', 'en:non-dairy-desserts', 'en:chocolate-desserts', 'en:soy-desserts', 'en:vegan-creamy-puddings', 'en:flavoured-soy-dessert', 'en:vegan-chocolate-puddings', 'en:chocolate-soy-desserts']",5411188091622,"Austria, Belgium, Finland, Germany, Spain, Switzerland","['en:austria', 'en:belgium', 'en:finland', 'en:germany', 'en:spain', 'en:switzerland']",1455222603,a,"Sojadessert, Schokolade, angereichert mit Calcium & Vitaminen.",https://images.openfoodfacts.org/images/products/541/118/809/1622/front_de.157.400.jpg,"['en:soy-base', 'en:sugar', 'en:added-sugar', 'en:disaccharide', 'en:cocoa', 'en:plant', 'en:modified-starch', 'en:starch', 'en:chocolate', 'en:calcium', 'en:minerals', 'en:flavouring', 'en:thickener', 'en:sea-salt', 'en:salt', 'en:vitamins', 'en:e101', 'en:ergocalciferol', 'en:vitamin-d', 'en:water', 'en:soya-bean', 'en:vegetable', 'en:legume', 'en:pulse', 'en:soya', 'en:e341iii', 'en:e341', 'en:e407']","Sojabasis (80,8%) (Wasser, geschälte Sojabohnen (6,4%)), Zucker, Kakao* (3%), modifizierte Stärke, Schokolade (1%), Calcium (Tricalciumphosphat), Aroma, Verdickungsmittel (Carrageen), Meersalz, Vitamine B2, D2.","No gluten, European Vegetarian Union Vegan, No colorings, No lactose","['en:vegetarian', 'en:no-gluten', 'en:vegan', 'en:european-vegetarian-union', 'en:european-vegetarian-union-vegan', 'en:no-colorings', 'en:no-lactose']",1780562651,,,[],"Plastic,Cardboard,Refrigerated,Envasado en atmósfera protectora,Produkt","['en:plastic', 'en:cardboard', 'en:refrigerated', 'en:envasado-en-atmosfera-protectora', 'en:produkt']","[{'food_contact': 1, 'material': 'en:cardboard'}]",Dessert Dark Chocolate,"Caprabo, Carrefour, Edeka, El Corte Inglés, Eroski, Hipercor, Kaufland, Rewe",food,schokolade,88.0,
"Milka, Mondelez","Chocolate candies, Bars, Milk chocolate biscuits, Filled milk chocolates","['en:snacks', 'en:sweet-snacks', 'en:biscuits-and-cakes', 'en:biscuits-and-crackers', 'en:cocoa-and-its-products', 'en:confectioneries', 'en:biscuits', 'en:chocolate-candies', 'en:bars', 'en:chocolates', 'en:chocolate-biscuits', 'en:milk-chocolates', 'en:filled-chocolates', 'en:milk-chocolate-biscuits', 'en:filled-milk-chocolates']",7622200009084,"Austria, France, Germany, Italy","['en:austria', 'en:france', 'en:germany', 'en:italy']",1451863488,f,"Alpenmilch Schokolade mit Kakaocreme-Füllung, Sahnecreme-Füllung und feinem Keks",https://images.openfoodfacts.org/images/products/762/220/000/9084/front_de.58.400.jpg,"['en:sugar', 'en:added-sugar', 'en:disaccharide', 'en:palm-oil', 'en:oil-and-fat', 'en:vegetable-oil-and-fat', 'en:palm-oil-and-fat', 'en:wheat-flour', 'en:cereal', 'en:flour', 'en:wheat', 'en:cereal-flour', 'en:cocoa-paste', 'en:plant', 'en:cocoa', 'en:cocoa-butter', 'en:skimmed-milk-powder', 'en:dairy', 'en:milk-powder', 'en:sweet-whey-powder', 'en:whey', 'en:sweet-whey', 'en:butterfat', 'en:fat', 'en:milkfat', 'en:cocoa-powder', 'en:emulsifier', 'en:glucose-syrup', 'en:monosaccharide', 'en:glucose', 'en:hazelnut-paste', 'en:nut', 'en:tree-nut', 'en:hazelnut', 'en:salt', 'en:raising-agent', 'en:flavouring', 'de:magermilchpulver-in-der-milchcrèmefüllung', 'en:milk', 'en:soya-lecithin', 'en:e322', 'en:e322i', 'en:e500', 'en:e503']","Zucker, Palmöl, WEIZENMEHL, Kakaomasse, Kakaobutter, MAGERMILCHPULVER, Süssmolkenpulver (aus MILCH), BUTTERREINFETT, Kakaopulver (1%), Emulgator (SOJALECITHINE), Glukosesirup, HASELNUSSMASSE, Speisesalz, Backtriebmittel (E500, E503), Aromen (enthalten MILCH), 7% Magermilchpulver in der Milchcrèmefüllung,","Cocoa Life, Green Dot, de:Nationalpark Hohe Tauern Offizieller Förderer","['en:cocoa-life', 'en:green-dot', 'de:Nationalpark Hohe Tauern Offizieller Förderer']",1771620123,Österreich,,[],"Kunststoff,en:pp-polypropylene","['en:plastic', 'en:pp-5-polypropylene']","[{'material': 'de:PP - Polypropylen,05', 'shape': 'en:film'}, {'material': 'en:pp-5-polypropylene'}]",Milka Schoko & Keks,"EDEKA, Hofer, Norma",food,schokolade,11.0,
"Lidl, Merba, Sondey","Chocolate biscuits, Drop cookies","['en:snacks', 'en:sweet-snacks', 'en:biscuits-and-cakes', 'en:biscuits-and-crackers', 'en:biscuits', 'en:chocolate-biscuits', 'en:drop-cookies']",20452728,"Bulgaria, France, Germany, Spain","['en:bulgaria', 'en:france', 'en:germany', 'en:spain']",1428683744,d,Mürbegebäck mit 20% Weißer Schokolade und 8% Cranberries,https://images.openfoodfacts.org/images/products/000/002/045/2728/front_en.44.400.jpg,"['en:sugar', 'en:added-sugar', 'en:disaccharide', 'en:wheat-flour', 'en:cereal', 'en:flour', 'en:wheat', 'en:cereal-flour', 'en:vegetable-oil', 'en:oil-and-fat', 'en:vegetable-oil-and-fat', 'en:raisin', 'en:fruit', 'en:berries', 'en:grape', 'de:gesüßte', 'en:cranberry', 'en:oat-flour', 'en:oat', 'en:whole-milk-powder', 'en:dairy', 'en:milk-powder', 'en:cocoa-butter', 'en:plant', 'en:cocoa', 'en:apple', 'en:malaceous-fruit', 'en:raising-agent', 'en:e500', 'en:glucose-fructose-syrup', 'en:monosaccharide', 'en:fructose', 'en:glucose', 'en:skimmed-milk-powder', 'en:salt', 'en:corinthian-raisins', 'en:modified-starch', 'en:starch', 'en:emulsifier', 'en:lemon-powder', 'en:juice', 'en:fruit-juice', 'en:lemon-juice', 'en:caramelised-sugar', 'en:natural-flavouring', 'en:flavouring', 'en:palm-oil', 'en:palm-oil-and-fat', 'en:sunflower', 'en:sunflower-oil', 'en:e450', 'en:e322']","Zucker, Weizenmehl, pflanzliche Öle (Ölpalme, Sonnenblume), 9% Rosinen, 8% gesüßte, getrocknete Cranberries (4.8% Cranberries, Zucker, Sonnenblumenöl), Hafermehl, Vollmilchpulver, Kakaobutter*, getrockneter Apfel, Backtriebmittel: Diphosphate, Natriumcarbonate; Glukose-Fruktose-Sirup, Magermilchpulver, Speisesalz, Korinthen, modifizierte Stärke, Emulgator: Lecithine (Soja); Zitronensaftpulver, karamellisierter Zucker, natürliches Aroma. Kann Spuren von Schalenfrüchten und Ei enthalten.","Green Dot, Nutriscore Grade E, UTZ Certified Cocoa","['en:sustainable-farming', 'en:green-dot', 'en:nutriscore', 'en:nutriscore-grade-e', 'en:utz-certified', 'en:utz-certified-cocoa']",1775901133,Pays-Bas,,[],"MixedPlasticFilm-film, Pp-tray","['en:mixedplasticfilm-film', 'en:pp-tray']","[{'food_contact': 1, 'material': 'en:plastic', 'number_of_units': 1, 'quantity_per_unit': '200g', 'quantity_per_unit_unit': 'g', 'quantity_per_unit_value': 200, 'shape': 'en:film', 'weight_measured': 4.94}, {'food_contact': 1, 'material': 'en:pp-5-polypropylene', 'number_of_units': 1, 'quantity_per_unit': '200g', 'quantity_per_unit_unit': 'g', 'quantity_per_unit_value': 200, 'shape': 'en:tray', 'weight_measured': 7.77}]",Grandino White Choc & Cranberry Cookies,Lidl,food,schokolade,44.0,
Keksen Dk,Assortments of biscuits,"['en:snacks', 'en:sweet-snacks', 'en:biscuits-and-cakes', 'en:biscuits-and-crackers', 'en:biscuits', 'en:assortments-of-biscuits']",5701051302147,"Bulgaria, Germany, Ireland, Romania","['en:bulgaria', 'en:germany', 'en:ireland', 'en:romania']",1585212238,d,,https://images.openfoodfacts.org/images/products/570/105/130/2147/front_de.35.400.jpg,"['en:wheat-flour', 'en:cereal', 'en:flour', 'en:wheat', 'en:cereal-flour', 'en:butter', 'en:dairy', 'en:sugar', 'en:added-sugar', 'en:disaccharide', 'en:nib-sugar', 'en:salt', 'en:invert-sugar-syrup', 'en:monosaccharide', 'en:syrup', 'en:invert-sugar', 'en:sugar-syrup', 'en:coconut', 'en:fruit', 'en:raising-agent', 'en:natural-flavouring', 'en:flavouring', 'de:schokolade-mürbegebäck', 'en:vegetable-fat', 'en:oil-and-fat', 'en:vegetable-oil-and-fat', 'en:chocolate-chunk', 'en:chocolate', 'en:fat-reduced-cocoa-powder', 'en:plant', 'en:cocoa', 'en:cocoa-powder', 'en:sweet-whey-powder', 'en:whey', 'en:sweet-whey', 'en:sucrose', 'en:water', 'en:glucose', 'en:fructose', 'en:e503ii', 'en:e503', 'de:zutaten', 'en:palm-fat', 'en:palm-oil-and-fat', 'en:cocoa-paste', 'en:cocoa-butter', 'en:emulsifier', 'en:e500ii', 'en:e500', 'en:sunflower-lecithin', 'en:e322', 'en:e322i']","Weizenmehl, Butter (25%), Zucker, Hagelzucker, Speisesalz, Invertzuckersirup [Saccharose, Wasser, Glukose, Fruchtzucker], Kokosraspeln, Backtriebmittel (Ammoniumhydrogencarbonat), natürliches Aroma. Schokolade Mürbegebäck (40%): Zutaten: Weizenmehl, Zucker, Pflanzenfett (Palm), Schokoladenstückchen (9%) [Zucker, Kakaomasse, Kakaobutter, Emulgator (Sonnenblumenlecithin)], fettarmes Kakaopulver,Speisesalz, Süßmolkenpulver (Milch), Backtriebmittel (Ammoniumhydrogencarbonat), Kokosraspeln, Backtriebmittel (Natriumhydrogencarbonat), natürliches Aroma.",Green Dot,['en:green-dot'],1771596188,,,[],Blechdose,['de:blechdose'],[],Buttergebäck & Schokolade Mürbegebäck,,food,schokolade,31.0,
"Knoppers, Storck","Confectioneries, Stuffed wafers","['en:snacks', 'en:sweet-snacks', 'en:biscuits-and-cakes', 'en:biscuits-and-crackers', 'en:confectioneries', 'en:biscuits', 'en:wafers', 'en:stuffed-wafers']",4014400934045,Germany,['en:germany'],1705174829,c,Waffelgebäck mit Milchcreme und Schokolade,https://images.openfoodfacts.org/images/products/401/440/093/4045/front_en.92.400.jpg,"['en:sugar', 'en:added-sugar', 'en:disaccharide', 'en:whole-milk-powder', 'en:dairy', 'en:milk-powder', 'en:cocoa-butter', 'en:plant', 'en:cocoa', 'en:vegetable-fat', 'en:oil-and-fat', 'en:vegetable-oil-and-fat', 'en:wheat-flour', 'en:cereal', 'en:flour', 'en:wheat', 'en:cereal-flour', 'en:cocoa-paste', 'en:skimmed-milk-powder', 'en:hazelnut', 'en:nut', 'en:tree-nut', 'en:buttermilk', 'en:lactose', 'en:butterfat', 'en:fat', 'en:milkfat', 'en:emulsifier', 'en:salt', 'en:flavouring', 'en:fat-reduced-cocoa', 'en:caramelised-sugar-syrup', 'en:caramel-syrup', 'en:raising-agent', 'en:peanut', 'en:palm', 'en:palm-oil-and-fat', 'en:palm-oil', 'en:shea-butter', 'en:e322', 'en:e500ii', 'en:e500']","Zucker, _Vollmilchpulver_ (12%), Kakaobutter, pflanzliche Fette (Palm, Shea), _Weizenmehl_, Kakaomasse, _Magermilchpulver_ (6,1%), _Haselnüsse_ (3,8%), _Buttermilchpulver_, _Milchzucker_, _Butterreinfett_, Kakao, Emulgator Lecithine (_Soja_), Salz, Aromen, magerer Kakao, Karamellzuckersirup, Backtriebmittel Natriumhydrogencarbonat, gemahlene _Erdnüsse_",,[],1777716148,,,[],,,[],Knoppers Goodies,"Edeka, Penny, Rewe",food,schokolade,54.0,
Mister Choc,"Candy chocolate bars, süßer-snack, süßwaren","['en:snacks', 'en:sweet-snacks', 'en:cocoa-and-its-products', 'en:confectioneries', 'en:chocolate-candies', 'en:bars', 'en:candy-chocolate-bars', 'en:süßer-snack', 'en:süßwaren']",20343613,"France, Germany","['en:france', 'en:germany']",1454101435,unknown,"Waffel mit 54% Milch-Haselnussfüllung, überzogen mit 28% Milchschokolade, dekoriert mit 2% Schokolade",https://images.openfoodfacts.org/images/products/000/002/034/3613/front_en.146.400.jpg,"['en:sugar', 'en:added-sugar', 'en:disaccharide', 'en:wheat-flour', 'en:cereal', 'en:flour', 'en:wheat', 'en:cereal-flour', 'en:whole-milk-powder', 'en:dairy', 'en:milk-powder', 'en:palm-oil', 'en:oil-and-fat', 'en:vegetable-oil-and-fat', 'en:palm-oil-and-fat', 'en:hazelnut', 'en:nut', 'en:tree-nut', 'en:cocoa-butter', 'en:plant', 'en:cocoa', 'en:skimmed-milk-powder', 'en:cocoa-paste', 'en:vegetable-fat', 'en:fat-reduced-cocoa-powder', 'en:cocoa-powder', 'en:starch', 'en:emulsifier', 'es:suero-lacteo-dulce-en-polvo', 'en:lactose', 'en:butterfat', 'en:fat', 'en:milkfat', 'es:aroma-de-vainillina', 'en:salt', 'en:raising-agent', 'es:coberta-com-28-chocolate-de-leite', 'es:decorada-com-2-chocolate', 'es:ingredientes', 'es:farinha-de-trigo', 'es:leite-em-po-gordo', 'es:gordura-de-palma-sustentavel-certificada', 'es:avela', 'es:manteiga-de-cacau', 'es:leite-em-po-magro', 'es:pasta-de-cacau', 'es:gorduras-vegetais', 'es:cacau-magro-em-po', 'es:amido-de-milho', 'es:soro-doce-de-leite-em-po', 'es:lactose', 'es:manteiga-concentrada', 'es:aroma-de-vanilina', 'es:levedante', 'es:170362039', 'es:dl-44941-lor-energetico', 'es:ene-rasas', 'es:lipidos-de-las-cuales', 'es:satura-dos-quais-saturados-hidratos-de-carbono-de-los-cuales', 'es:azuca-dos-quais-acucares-proteinas', 'es:proteinas-sal', 'es:sal-ri', 'es:medio', 'es:8400-kj', 'es:2000-adulto-medio', 'es:8400-k', 'es:palmiste-sostenible-certificada', 'en:coconut-fat', 'en:e322', 'en:e500', 'es:certificado-rainforest-alliance', 'es:ra-org', 'es:puede-contener-trazas-de-otros-frutos-de-casse-conservar-en-un-lugar-seco-y-protegido-delat-pt-bolacha-wafer-recheada-com-54-creme-com-leite-y-avela', 'es:acucar', 'es:palmiste-sustentavel-certificado', 'en:coconut', 'en:fruit', 'en:soya-lecithin', 'en:e322i', 'es:reference-intake']","Azúcar, harina de trigo, 12% leche entera en polvo, aceite de palma sostenible certificado, 11% avellanas, manteca de cacao*, leche desnatada en polvo, pasta de cacao*, grasas vegetales (palmiste sostenible certificada, coco), cacao desgrasado en polvo*, almidón, emulgente: lecitinas (soja); suero lácteo dulce en polvo, lactosa, mantequilla concentrada, aroma de vainillina, sal, gasificante: carbonatos de sodio. Certificado Rainforest Alliance. ra.org. Puede contener trazas de otros frutos de casse Conservar en un lugar seco y protegido delat PT Bolacha wafer recheada com 54% creme com leite e avelã, coberta com 28% chocolate de leite, decorada com 2% chocolate. Ingredientes: açúcar, farinha de trigo, 12% leite em pó gordo, gordura de palma sustentável certificada, 11% avelã, manteiga de cacau*, leite em pó magro, pasta de cacau*, gorduras vegetais (palmiste sustentável certificado, coco), cacau magro em pó*, amido de milho, emulsionante: lecitinas de soja; soro doce de leite em pó, lactose, manteiga concentrada, aroma de vanilina, sal, levedante: - 170362039 - DL 44941 lor energético/Ene rasas/Lipidos de las cuales, satura dos quais saturados Hidratos de carbono de los cuales, azúca dos quais açúcares Proteínas/Proteínas Sal/Sal RI (reference intake) medio (8400 kJ/2000 adulto médio (8400 k","Rainforest Alliance Cocoa, Roundtable on Sustainable Palm Oil","['en:sustainable', 'en:sustainable-palm-oil', 'en:rainforest-alliance', 'en:rainforest-alliance-cocoa', 'en:roundtable-on-sustainable-palm-oil']",1778852336,Österreich,,[],"Kunststoff,Tüte,Pappe,Einzeltüten,Ungewellte Pappe,PP - Polypropylen,Tablettverpackung","['en:plastic', 'en:pp-polypropylene', 'en:bag', 'en:cardboard', 'en:individual-bag', 'en:non-corrugated-cardboard', 'en:tray']","[{'food_contact': 0, 'material': 'en:pp-5-polypropylene', 'number_of_units': 1, 'quantity_per_unit': '150 g', 'quantity_per_unit_unit': 'g', 'quantity_per_unit_value': 150, 'recycling': 'en:discard', 'shape': 'en:bag'}, {'food_contact': 1, 'material': 'en:non-corrugated-cardboard', 'number_of_units': 1, 'quantity_per_unit': '150 g', 'quantity_per_unit_unit': 'g', 'quantity_per_unit_value': 150, 'recycling': 'en:discard', 'shape': 'en:tray'}, {'food_contact': 0, 'material': 'en:pp-5-polypropylene', 'number_of_units': 7, 'quantity_per_unit': '21.43 g', 'quantity_per_unit_unit': 'g', 'quantity_per_unit_value': 21.43, 'recycling': 'en:discard', 'shape': 'en:individual-bag'}]",bellona,Lidl,food,schokolade,,
Lidl,"Frühstücke, Frühstückscerealien, Getreide und Kartoffeln, Getreideprodukte, Müslis, Müslis mit Schokolade, Pflanzliche Lebensmittel, Pflanzliche Lebensmittel und Getränke, Schokoflocken","['en:Frühstücke', 'en:Frühstückscerealien', 'en:Getreide und Kartoffeln', 'en:Getreideprodukte', 'en:Müslis', 'en:Müslis mit Schokolade', 'en:Pflanzliche Lebensmittel', 'en:Pflanzliche Lebensmittel und Getränke', 'en:Schokoflocken']",20419813,"France, Germany, Switzerland","['en:france', 'en:germany', 'en:switzerland']",1487398122,unknown,Müsli,https://images.openfoodfacts.org/images/products/000/002/041/9813/front_en.85.400.jpg,"['en:whole-grain-oat-flakes', 'en:cereal', 'en:oat', 'en:oat-flakes', 'en:wholemeal-oat', 'en:sugar', 'en:added-sugar', 'en:disaccharide', 'en:sunflower-oil', 'en:oil-and-fat', 'en:vegetable-oil-and-fat', 'en:vegetable-oil', 'de:reisextrudat', 'en:rice-flour', 'en:flour', 'en:rice', 'en:wheat-gluten', 'en:gluten', 'en:malt-flour', 'en:cereal-flour', 'en:salt', 'en:glucose-syrup', 'en:monosaccharide', 'en:glucose', 'en:whole-milk', 'en:dairy', 'en:milk', 'en:chocolate-chunk', 'en:chocolate', 'en:corn-flakes', 'en:corn', 'en:cocoa-powder', 'en:plant', 'en:cocoa', 'en:antioxidant', 'de:zertifiziert', 'de:Mehr unter ra.org', 'en:barley', 'en:wheat', 'en:cocoa-paste', 'en:whole-milk-powder', 'en:milk-powder', 'en:cocoa-butter', 'en:emulsifier', 'en:barley-malt-extract', 'en:malt', 'en:malted-barley', 'en:e306', 'en:e322']","Hafervollkornflocken, Zucker, Sonnenblumenöl, Reisextrudat [Reismehl, Zucker, Weizenkleber, Malzmehl (Gerste, Weizen), Speisesalz), Glukosesirup, Vollmilch - schokoladenstückchen (Zucker, Kakaomasse*, Vollmilchpulver, Kakaobutter*, Emulgator: Lecithine), Cornflakes (Mais, Speisesalz, Gerstenmalzextrakt), Kakaopulver*, Speisesalz, Antioxidations mittel: stark tocopherolhaltige Extrakte. *Rainforest Alliance - zertifiziert. Mehr unter ra.org. Kann Spuren von Erdnüssen, Schalenfrüchten, Soja, Sesam, Senf und Lupinen enthalten.","Nutriscore, Rainforest Alliance, Roundtable on Sustainable Palm Oil, UTZ Certified, whole grain","['en:sustainable', 'en:sustainable-farming', 'en:sustainable-palm-oil', 'en:nutriscore', 'en:rainforest-alliance', 'en:roundtable-on-sustainable-palm-oil', 'en:utz-certified', 'en:whole-grain']",1780621382,,,[],Box,['en:box'],[],Crunchy muesli,Lidl,food,schokolade,,
Alnatura,"Pastries, Puffed rice cakes with black chocolate, Puffed rice cakes with white chocolate, de:Reis/Getr waffel süß","['en:plant-based-foods-and-beverages', 'en:plant-based-foods', 'en:snacks', 'en:cereals-and-potatoes', 'en:sweet-snacks', 'en:biscuits-and-cakes', 'en:cereals-and-their-products', 'en:pastries', 'en:puffed-cereal-cakes', 'en:puffed-rice-cakes', 'en:puffed-rice-cakes-with-black-chocolate', 'en:puffed-rice-cakes-with-white-chocolate', 'de:Reis/Getr waffel süß']",4104420222878,"France, Germany, Switzerland, world","['en:france', 'en:germany', 'en:switzerland', 'en:world']",1582966365,a-plus,,https://images.openfoodfacts.org/images/products/410/442/022/2878/front_en.28.400.jpg,"['en:dark-chocolate', 'en:chocolate', 'en:whole-grain-rice', 'en:rice', 'en:cocoa-paste', 'en:plant', 'en:cocoa', 'en:cane-sugar', 'en:added-sugar', 'en:disaccharide', 'en:sugar', 'en:cocoa-butter']","Zartbitterschokolade* 60 % (Kakaomasse*, Rohrzucker*, Kakaobutter*), Vollkornreis* 40 % *aus biologischer Landwirtschaft. Kann Spuren von Soja enthalten.","Crossed Grain Trademark, de:Bio 7 Initiative, EG-Öko-Verordnung, CZ-BIO-001, EU/non-EU Agriculture, The Vegan Society, Triman, de:Bio européen, de:Bio-label-german, de:Dgz-gluten-free, de:VEGAN SOCIETY VEGAN LOGO","['en:vegetarian', 'en:no-gluten', 'en:organic', 'en:crossed-grain-trademark', 'en:eu-organic', 'en:non-eu-agriculture', 'en:vegan', 'de:bio-7-initiative', 'de:eg-öko-verordnung', 'en:cz-bio-001', 'en:eu-agriculture', 'en:eu-non-eu-agriculture', 'en:the-vegan-society', 'fr:triman', 'de:Bio européen', 'de:Bio-label-german', 'de:Dgz-gluten-free', 'de:VEGAN SOCIETY VEGAN LOGO']",1779993215,,,[],Plastique,['en:plastic'],"[{'food_contact': 1, 'material': 'en:plastic'}]",Zartbitter Schoko Reiswaffeln Bio,alnatura,food,schokolade,95.0,
ja!,"Dark chocolates, de:Zartbitterschokolade","['en:snacks', 'en:sweet-snacks', 'en:cocoa-and-its-products', 'en:chocolates', 'en:dark-chocolates', 'de:Zartbitterschokolade']",4337256012232,"Germany, Morocco","['en:germany', 'en:morocco']",1604742827,e,Zartbitterschokolade,https://images.openfoodfacts.org/images/products/433/725/601/2232/front_de.57.400.jpg,"['en:cocoa-paste', 'en:plant', 'en:cocoa', 'en:sugar', 'en:added-sugar', 'en:disaccharide', 'en:cocoa-butter', 'en:emulsifier', 'en:bourbon-vanilla-extract', 'en:extract', 'en:vanilla', 'en:bourbon-vanilla', 'en:vegetable-extract', 'en:vanilla-extract', 'en:e322']","Kakaomasse, Zucker, Kakaobutter, Emulgator Lecithine (_Soja_), Bourbon-Vanilleextrakt","de:Pro Planet, Fairtrade cocoa, Nutriscore","['en:fair-trade', 'de:pro-planet', 'en:fairtrade-cocoa', 'en:nutriscore']",1775053143,Norderstedt,,[],Kunststoff,['en:plastic'],"[{'food_contact': 1, 'material': 'en:plastic'}]",Zartbitter Schokolade,REWE,food,schokolade,17.0,
"Netto MD, Schokoliebe",Dark chocolate bar with more than 70% cocoa,"['en:snacks', 'en:sweet-snacks', 'en:cocoa-and-its-products', 'en:chocolates', 'en:dark-chocolates', 'en:dark-chocolate-bar-with-more-than-70-cocoa']",4316268666763,Germany,['en:germany'],1658504555,d,,https://images.openfoodfacts.org/images/products/431/626/866/6763/front_de.27.400.jpg,"['en:cocoa-paste', 'en:plant', 'en:cocoa', 'en:cocoa-butter', 'en:sugar', 'en:added-sugar', 'en:disaccharide', 'en:cocoa-powder', 'en:natural-flavouring', 'en:flavouring']","Kakaomasse, Kakaobutter, Zucker, Kakaopulver, natürliches Aroma","Vegan, FSC Mix, Rainforest Alliance","['en:vegetarian', 'en:vegan', 'en:fsc', 'en:fsc-mix', 'en:rainforest-alliance']",1774522156,,,[],"Metal,Paper,Recyclable Metals,Aluminium,Box,Film,FSC paper","['en:metal', 'en:paper', 'en:recyclable-metals', 'en:aluminium', 'en:box', 'en:film', 'en:fsc-paper']","[{'material': 'en:paper', 'number_of_units': 1, 'recycling': 'en:discard', 'shape': 'en:box'}, {'food_contact': 1, 'material': 'en:aluminium', 'number_of_units': 1, 'recycling': 'en:discard', 'shape': 'en:film'}]",Schweizer Edel-Zartbitter Schokolade,Netto Marken-Discount,food,schokolade,41.0,
"Aldi, Gut Bio, Halba",Dark chocolates,"['en:snacks', 'en:sweet-snacks', 'en:cocoa-and-its-products', 'en:chocolates', 'en:dark-chocolates']",4061459208078,Germany,['en:germany'],1698583698,d,,https://images.openfoodfacts.org/images/products/406/145/920/8078/front_en.32.400.jpg,"['en:cocoa-paste', 'en:plant', 'en:cocoa', 'en:cane-sugar', 'en:added-sugar', 'en:disaccharide', 'en:sugar', 'en:cocoa-butter', 'de:aus-erzeugung']","Kakaomasse¹, Rohrzucker¹, Kakaobutter¹. ¹aus kontrolliert biologischer Erzeugung.","Fairtrade International, EG-Öko-Verordnung, CH-BIO-006, European Vegetarian Union Vegan, Nutriscore Grade D","['en:vegetarian', 'en:fair-trade', 'en:organic', 'en:eu-organic', 'en:fairtrade-international', 'en:vegan', 'de:eg-öko-verordnung', 'en:ch-bio-006', 'en:european-vegetarian-union', 'en:european-vegetarian-union-vegan', 'en:nutriscore', 'en:nutriscore-grade-d']",1774538307,,,[],,,[],Edelbitter- Schokolade,ALDI Süd,food,schokolade,37.0,
Corny BIG,"Chocolate candies, Chocolate cereal bars","['en:snacks', 'en:sweet-snacks', 'en:cocoa-and-its-products', 'en:confectioneries', 'en:chocolate-candies', 'en:bars', 'en:cereal-bars', 'en:chocolate-cereal-bars']",4011800520052,"Germany, Morocco, Switzerland","['en:germany', 'en:morocco', 'en:switzerland']",1464020999,c,,https://images.openfoodfacts.org/images/products/401/180/052/0052/front_de.64.400.jpg,"['en:milk-chocolate', 'en:chocolate', 'de:Getreidecrispies', 'en:glucose-syrup', 'en:added-sugar', 'en:monosaccharide', 'en:glucose', 'en:glucose-fructose-syrup', 'en:fructose', 'en:wholemeal-cereal', 'en:cereal', 'en:sugar', 'en:disaccharide', 'en:roasted-peanut', 'en:nut', 'en:peanut', 'en:coconut-fat', 'en:oil-and-fat', 'en:vegetable-oil-and-fat', 'en:vegetable-fat', 'en:corn-flakes', 'en:corn', 'en:honey', 'en:salt', 'en:natural-flavouring', 'en:flavouring', 'en:caramelised-sugar-syrup', 'en:caramel-syrup', 'en:emulsifier', 'en:cocoa-paste', 'en:plant', 'en:cocoa', 'en:cocoa-butter', 'en:skimmed-milk-powder', 'en:dairy', 'en:milk-powder', 'en:butterfat', 'en:fat', 'en:milkfat', 'en:wheat-flour', 'en:flour', 'en:wheat', 'en:cereal-flour', 'en:corn-flour', 'en:rice-flour', 'en:rice', 'en:barley-malt-extract', 'en:malt', 'en:malted-barley', 'en:oat', 'en:barley', 'en:e322', 'en:e442', 'en:e476']","Milchschokolade 20 % (Zucker, Kakaomasse*, Kakaobutter*, Magermilchpulver, Butterreinfett, Emulgator (E442, E 476)), Getreidecrispies (Weizenmehl, Zucker, Maismehl, Reismehl, Gerstenmalzextrakt, Salz, Karamellzuckersirup), Glukosesirup, Glukose-Fruktose-Sirup, Vollkorngetreideflocken 11% (Hafer-, Weizen-, Gersten-), Zucker, geröstete Erdnüsse, Kokosfett, Cornflakes (Mais, Salz, Gerstenmalzextrakt), Honig, Salz, natürliches Aroma, Karamellzuckersirup, Emulgator Lecithine. Kann Schalenfrüchte enthalten.","Made in Germany, natural flavors, UTZ Certified Cocoa","['en:sustainable-farming', 'en:made-in-germany', 'en:natural-flavors', 'en:utz-certified', 'en:utz-certified-cocoa']",1780323521,schwartau,,[],Plastic,['en:plastic'],[],Big Schoko,,food,schokolade,47.0,
"Bahlsen, Leibniz",Biscuit with a dark chocolate bar covering,"['en:snacks', 'en:sweet-snacks', 'en:biscuits-and-cakes', 'en:biscuits-and-crackers', 'en:biscuits', 'en:chocolate-biscuits', 'en:dark-chocolate-biscuits', 'en:biscuit-with-a-chocolate-bar-covering', 'en:biscuit-with-a-dark-chocolate-bar-covering']",4017100291005,"Germany, Italy, Morocco","['en:germany', 'en:italy', 'en:morocco']",1452151530,b,Butterkeks mit edelherber Schokolade (63%),https://images.openfoodfacts.org/images/products/401/710/029/1005/front_de.174.400.jpg,"['en:sugar', 'en:added-sugar', 'en:disaccharide', 'en:cocoa-paste', 'en:plant', 'en:cocoa', 'en:wheat-flour', 'en:cereal', 'en:flour', 'en:wheat', 'en:cereal-flour', 'en:cocoa-butter', 'en:butter', 'en:dairy', 'en:glucose-syrup', 'en:monosaccharide', 'en:glucose', 'en:whey-product', 'en:whey', 'en:butterfat', 'en:oil-and-fat', 'en:fat', 'en:milkfat', 'en:whole-milk-powder', 'en:milk-powder', 'en:raising-agent', 'en:e450', 'en:salt', 'en:emulsifier', 'en:flavouring', 'en:chicken-egg-yolk-powder', 'en:egg', 'en:egg-yolk', 'en:chicken-egg-yolk', 'en:acid', 'en:e500', 'en:e322', 'en:e330']","Zucker, Kakaomasse¹, WEIZENMEHL (26 %), Kakaobutter', BUTTER (3,7 %), Glukosesirup, Molkenerzeugnis (MILCH), BUTTERREINFETT, VOLLMILCHPULVER, Backtriebmittel: Natriumcarbonate, Diphosphate; Salz, Emulgator: Lecithine; Aromen, HÜHNEREIGELBPULVER, Säuerungsmittel: Citronensäure.","Green Dot, Nutriscore Grade E, Rainforest Alliance Cocoa, UTZ Certified Cocoa","['en:sustainable-farming', 'en:green-dot', 'en:nutriscore', 'en:nutriscore-grade-e', 'en:rainforest-alliance', 'en:rainforest-alliance-cocoa', 'en:utz-certified', 'en:utz-certified-cocoa']",1772355293,Deutschland,,[],"Plastic,Box,Cardboard,Film,Paperboard,Tray,21 pap,05 pp","['en:plastic', 'en:pp-polypropylene', 'en:box', 'en:cardboard', 'en:film', 'en:non-corrugated-cardboard', 'en:paperboard', 'en:tray']","[{'food_contact': 1, 'shape': 'en:film'}]",CHOCO LEIBNIZ EDELHERB,"Delhaize, Rewe, sky",food,schokolade,69.0,
RITTER SPORT,Dark chocolates,"['en:snacks', 'en:sweet-snacks', 'en:cocoa-and-its-products', 'en:chocolates', 'en:dark-chocolates']",4000417020000,"Austria, France, Germany, Italy, Switzerland, Thailand","['en:austria', 'en:france', 'en:germany', 'en:italy', 'en:switzerland', 'en:thailand']",1422607269,d,"Halbbitter, zart-herbe, dunkle Schokolade",https://images.openfoodfacts.org/images/products/400/041/702/0000/front_en.107.400.jpg,"['en:sugar', 'en:added-sugar', 'en:disaccharide', 'en:cocoa-paste', 'en:plant', 'en:cocoa', 'en:cocoa-butter', 'en:emulsifier', 'de:davon 25\xa0% Edel-Kakao', 'en:e322']","Zucker, Kakaomasse (davon 25 % Edel-Kakao), Kakaobutter, Emulgator: Lecithine (_SOJA_)","Green Dot, Rainforest Alliance, it:Cacao certificato RA","['en:green-dot', 'en:rainforest-alliance', 'it:Cacao certificato RA']",1780132810,deutschland,"Papua New Guinea, papua-nuova-guinea","['en:papua-new-guinea', 'en:papua-nuova-guinea']","Kunststoff,Folie","['en:plastic', 'en:film']","[{'food_contact': 1, 'material': 'en:plastic', 'number_of_units': 1, 'recycling': 'en:recycle-with-plastics', 'shape': 'en:film'}]",Halbbitter,,food,schokolade,41.0,
Ritter Sport,Chocolates with hazelnuts,"['en:snacks', 'en:sweet-snacks', 'en:cocoa-and-its-products', 'en:chocolates', 'en:chocolates-with-hazelnuts']",4000417670014,Germany,['en:germany'],1658045364,unknown,,https://images.openfoodfacts.org/images/products/400/041/767/0014/front_de.12.400.jpg,"['en:sugar', 'en:added-sugar', 'en:disaccharide', 'en:hazelnut', 'en:nut', 'en:tree-nut', 'en:cocoa-paste', 'en:plant', 'en:cocoa', 'en:cocoa-butter', 'en:whole-milk-powder', 'en:dairy', 'en:milk-powder', 'en:lactose', 'en:skimmed-milk-powder', 'en:butterfat', 'en:oil-and-fat', 'en:fat', 'en:milkfat', 'en:e322']","Zucker, HASELNÜSSE 25%, Kakaomasse, Kakaobutter, VollMILCHpulver, LAKTOSE, MagerMILCHpulver, BUTTERreinfett, Lecithine (SOJA).",Rainforest Alliance,['en:rainforest-alliance'],1773819176,,,[],"Kunststoff,Folie","['en:folie', 'en:kunststoff']","[{'food_contact': 1, 'material': 'en:plastic', 'recycling': 'en:recycle', 'shape': 'en:film'}]",Nussklasse Voll-Nuss,Edeka,food,schokolade,,
dm,Dark chocolates,"['en:snacks', 'en:sweet-snacks', 'en:cocoa-and-its-products', 'en:chocolates', 'en:dark-chocolates']",4067796194548,Germany,['en:germany'],1748623097,d,,https://images.openfoodfacts.org/images/products/406/779/619/4548/front_de.6.400.jpg,"['en:cocoa-paste', 'en:plant', 'en:cocoa', 'en:unrefined-cane-sugar', 'en:added-sugar', 'en:disaccharide', 'en:sugar', 'en:cane-sugar', 'en:unrefined-sugar', 'en:cocoa-butter']","Kakaomasse*, Rohrohrzucker*, Kakaobutter*. *aus biologischer Landwirtschaft Kakao: 70%","Vegan, DE-ÖKO-013, Made in Germany","['en:vegetarian', 'en:organic', 'en:eu-organic', 'en:vegan', 'en:de-oko-013', 'en:made-in-germany']",1774555942,,Non European Union,['en:non-european-union'],,,[],Schokolade feine Bitter,,food,schokolade,32.0,
Crownfield,Mueslis with chocolate,"['en:plant-based-foods-and-beverages', 'en:plant-based-foods', 'en:breakfasts', 'en:cereals-and-potatoes', 'en:cereals-and-their-products', 'en:breakfast-cereals', 'en:chocolate-cereals', 'en:mueslis', 'en:mueslis-with-chocolate']",20774998,"Croatia, Germany, Slovenia, Switzerland","['en:croatia', 'en:germany', 'en:slovenia', 'en:switzerland']",1489057593,a-plus,,https://images.openfoodfacts.org/images/products/000/002/077/4998/front_de.62.400.jpg,"['en:whole-grain-oat-flakes', 'en:cereal', 'en:oat', 'en:oat-flakes', 'en:wholemeal-oat', 'de:Reis-Kakao-Extrudat', 'de:Zartbitterschokoladen', 'de:plättchen', 'de:Vollmilchschokoladenplättchen', 'en:rice-flour', 'en:flour', 'en:rice', 'en:sugar', 'en:added-sugar', 'en:disaccharide', 'en:fat-reduced-cocoa-powder', 'en:plant', 'en:cocoa', 'en:cocoa-powder', 'de:feine-milchschokolade', 'en:chocolate', 'en:milk-chocolate', 'en:glucose-syrup', 'en:monosaccharide', 'en:glucose', 'en:barley-malt-extract', 'en:malt', 'en:malted-barley', 'en:sunflower-oil', 'en:oil-and-fat', 'en:vegetable-oil-and-fat', 'en:vegetable-oil', 'en:salt', 'de:natürliches Kakao-Aroma', 'en:cocoa-paste', 'en:cocoa-butter', 'en:emulsifier', 'en:whole-milk-powder', 'en:dairy', 'en:milk-powder', 'en:e322']","78 % Hafervollkornflocken, Reis-Kakao-Extrudat [Reismehl, Zucker, fettarmes Kakaopulver, Vollmilchschokolade (Zucker, Kakaobutter, Vollmilchpulver, Kakaomasse, Emulgator: Lecithine), Glukosesirup, Gerstenmalzextrakt, Sonnenblumenöl, Speisesalz, natürliches Kakao-Aroma], 5 % Zartbitterschokoladen - plättchen (Kakaomasse, Zucker, Kakaobutter, Emulgator: Lecithine), 5 % Vollmilchschokoladenplättchen (Zucker, Kakaomasse, Vollmilchpulver, Kakaobutter, Emulgator: Lecithine).","Reduced sugar, FSC Mix, Natural product, Nutriscore Grade A, Rainforest Alliance Cocoa, UTZ Certified Cocoa","['en:low-or-no-sugar', 'en:low-sugar', 'en:reduced-sugar', 'en:sustainable-farming', 'en:fsc', 'en:fsc-mix', 'en:natural-product', 'en:nutriscore', 'en:nutriscore-grade-a', 'en:rainforest-alliance', 'en:rainforest-alliance-cocoa', 'en:utz-certified', 'en:utz-certified-cocoa']",1780287853,deutschland,,[],"Pappe,Karton","['en:cardboard', 'en:paperboard']","[{'material': 'en:hdpe-2-high-density-polyethylene', 'number_of_units': 1, 'shape': 'en:bag', 'weight_measured': 8}, {'material': 'en:non-corrugated-cardboard', 'number_of_units': 1, 'shape': 'en:brick', 'weight_measured': 56}]",Schoko Hafer-Müsli,lidl,food,schokolade,90.0,
Kölln,Mueslis with chocolate,"['en:plant-based-foods-and-beverages', 'en:plant-based-foods', 'en:breakfasts', 'en:cereals-and-potatoes', 'en:cereals-and-their-products', 'en:breakfast-cereals', 'en:chocolate-cereals', 'en:mueslis', 'en:mueslis-with-chocolate']",4000540003222,"Germany, Italy","['en:germany', 'en:italy']",1438198313,a,Knuspriges Vollkorn-Getreideerzeugnis mit Vollmilchschokolade und Butterkeksen,https://images.openfoodfacts.org/images/products/400/054/000/3222/front_de.56.400.jpg,"['en:whole-grain-oat-flakes', 'en:cereal', 'en:oat', 'en:oat-flakes', 'en:wholemeal-oat', 'en:sugar', 'en:added-sugar', 'en:disaccharide', 'en:wheat-flour', 'en:flour', 'en:wheat', 'en:cereal-flour', 'en:palm-oil', 'en:oil-and-fat', 'en:vegetable-oil-and-fat', 'en:palm-oil-and-fat', 'en:whole-wheat-flakes', 'en:whole-wheat', 'en:wheat-flakes', 'en:glucose-fructose-syrup', 'en:monosaccharide', 'en:fructose', 'en:glucose', 'en:whole-milk-powder', 'en:dairy', 'en:milk-powder', 'en:wholemeal-oat-flour', 'en:wholemeal-flour', 'en:oat-flour', 'en:cocoa-paste', 'en:plant', 'en:cocoa', 'en:cocoa-butter', 'en:sweet-whey-powder', 'en:whey', 'en:sweet-whey', 'en:butter', 'en:wheat-starch', 'en:starch', 'en:barley-malt-extract', 'en:malt', 'en:malted-barley', 'en:raising-agent', 'en:acidity-regulator', 'en:salt', 'en:acid', 'en:emulsifier', 'en:flavouring', 'en:e503ii', 'en:e503', 'en:e500ii', 'en:e500', 'en:e170i', 'en:e170', 'en:e330', 'en:e322']","Vollkorn-Haferflocken (48 %), Zucker, Weizenmehl, Palmöl, Vollkorn-Weizenflocken (6 %), Glukose-Fruktose-Sirup, Vollmilchpulver, Vollkorn-Hafermehl (2 %), Kakaomasse, Kakaobutter, Süßmolkenpulver, Butter, Weizenstärke, Gerstenmalzextrakt, Backtriebmittel (Ammoniumhydrogencarbonat, Natriumhydrogencarbonat), Säureregulator Calciumcarbonat, Speisesalz, Säuerungsmittel Citronensäure, Emulgator Lecithine, Aroma","Sustainable Palm Oil, Rainforest Alliance Cocoa, UTZ Certified, de:RSPO-1106176","['en:sustainable', 'en:sustainable-farming', 'en:sustainable-palm-oil', 'en:rainforest-alliance', 'en:rainforest-alliance-cocoa', 'en:utz-certified', 'de:RSPO-1106176']",1774479941,Elmshorn,,[],"Kunststoff, Pappe, Karton","['en:plastic', 'en:cardboard', 'en:paperboard']","[{'material': 'en:plastic', 'number_of_units': 1, 'recycling': 'en:recycle', 'shape': 'en:Tüte'}, {'material': 'en:paperboard', 'number_of_units': 1, 'recycling': 'en:recycle', 'shape': 'en:box'}]","Kellogs, Hafer-Müsli, Schoko und Keks","EDEKA, Lidl, NETTO, REWE",food,schokolade,78.0,
Milka,Milk chocolates with hazelnuts,"['en:snacks', 'en:sweet-snacks', 'en:cocoa-and-its-products', 'en:chocolates', 'en:milk-chocolates', 'en:chocolates-with-hazelnuts', 'en:milk-chocolates-with-hazelnuts']",4025700001023,"Austria, Bulgaria, France, Germany, Italy, Morocco, Netherlands, Poland, Romania, Thailand, Tunisia, United Kingdom","['en:austria', 'en:bulgaria', 'en:france', 'en:germany', 'en:italy', 'en:morocco', 'en:netherlands', 'en:poland', 'en:romania', 'en:thailand', 'en:tunisia', 'en:united-kingdom']",1362189077,e,,https://images.openfoodfacts.org/images/products/402/570/000/1023/front_en.160.400.jpg,"['en:sugar', 'en:added-sugar', 'en:disaccharide', 'en:cocoa-butter', 'en:plant', 'en:cocoa', 'en:cocoa-paste', 'en:skimmed-milk-powder', 'en:dairy', 'en:milk-powder', 'en:hazelnut', 'en:nut', 'en:tree-nut', 'en:whey-powder', 'en:whey', 'en:milkfat', 'en:oil-and-fat', 'en:fat', 'en:emulsifier', 'en:hazelnut-paste', 'en:flavouring', 'en:soya-lecithin', 'en:e322', 'en:e322i']","Sugar, cocoa butter, cocoa mass, skimmed MILK powder, HAZELNUT pieces (9%), whey powder (from MILK), MILK fat, emulsifier (SOYA lecithins), HAZELNUT paste, flavouring. MAY CONTAIN OTHER NUTS AND WHEAT.","Cocoa Life, Green Dot, Made in the EU, pure cocoa butter, Cacao life","['en:cocoa-life', 'en:green-dot', 'en:made-in-the-eu', 'en:pure-cocoa-butter', 'en:Cacao life']",1773884762,"Deutschland, Germany",,[],"Plastic,Pp-polypropylene,de:Packung(en),Pp-wrapper,Produkt,Stück","['en:plastic', 'en:pp-5-polypropylene', 'de:packung-en', 'en:pp-wrapper', 'en:produkt', 'en:stuck']","[{'material': 'en:pp-5-polypropylene', 'shape': 'en:packet'}, {'shape': 'en:packet'}]",Milka chocolate Hazelnuts,"HIT, Żabka",food,schokolade,19.0,
Ritter Sport,"Dark chocolate bar with less than 70% cocoa, Dark chocolates with hazelnuts","['en:snacks', 'en:sweet-snacks', 'en:cocoa-and-its-products', 'en:chocolates', 'en:dark-chocolates', 'en:chocolates-with-hazelnuts', 'en:dark-chocolate-bar-with-less-than-70-cocoa', 'en:dark-chocolates-with-hazelnuts']",4000417670212,Germany,['en:germany'],1655811198,d,,https://images.openfoodfacts.org/images/products/400/041/767/0212/front_de.10.400.jpg,"['en:sugar', 'en:added-sugar', 'en:disaccharide', 'en:cocoa-paste', 'en:plant', 'en:cocoa', 'en:hazelnut', 'en:nut', 'en:tree-nut', 'en:cocoa-butter', 'en:butterfat', 'en:oil-and-fat', 'en:dairy', 'en:fat', 'en:milkfat', 'en:emulsifier', 'en:e322']","Zucker, Kakaomasse, _Haselnüsse_ 25%, Kakaobutter, _Butterreinfett_, Emulgator: Lecithine (_Soja_)","Sustainable farming, Green Dot, Rainforest Alliance Cocoa","['en:sustainable-farming', 'en:green-dot', 'en:rainforest-alliance', 'en:rainforest-alliance-cocoa']",1774520929,,,[],"Kunststoff,Folie","['en:plastic', 'en:film']","[{'food_contact': 1, 'shape': 'en:film'}]",Schokolade Dunkle Voll-Nuss,,food,schokolade,41.0,
RITTER SPORT,"Chocolate candies, Filled dark chocolates","['en:snacks', 'en:sweet-snacks', 'en:cocoa-and-its-products', 'en:confectioneries', 'en:chocolate-candies', 'en:chocolates', 'en:dark-chocolates', 'en:filled-chocolates', 'en:filled-dark-chocolates']",4000417028006,"Austria, France, Germany, Morocco, United Kingdom","['en:austria', 'en:france', 'en:germany', 'en:morocco', 'en:united-kingdom']",1460796572,e,"Gefüllte, dunkle Halbbitter-Schokolade mit Pfefferminz-Füllung (40%)",https://images.openfoodfacts.org/images/products/400/041/702/8006/front_en.68.400.jpg,"['en:sugar', 'en:added-sugar', 'en:disaccharide', 'en:cocoa-paste', 'en:plant', 'en:cocoa', 'en:vegetable-fat', 'en:oil-and-fat', 'en:vegetable-oil-and-fat', 'en:cocoa-butter', 'en:glucose-syrup', 'en:monosaccharide', 'en:glucose', 'en:stabiliser', 'en:butterfat', 'en:dairy', 'en:fat', 'en:milkfat', 'en:emulsifier', 'en:peppermint-oil', 'en:herb', 'en:mint', 'en:peppermint', 'en:palm', 'en:palm-oil-and-fat', 'en:palm-oil', 'en:coconut', 'en:fruit', 'en:e420ii', 'en:e420', 'en:soya-lecithin', 'en:e322', 'en:e322i']","Zucker, Kakaomasse, Pflanzliche Fette (Palm, Kokos), Kakaobutter, Glukosesirup, Stabilisator (E420ii), Butterreinfett, Emulgator (Sojalecithin), Pfefferminzöl","Green Dot, Rainforest Alliance Cocoa","['en:green-dot', 'en:rainforest-alliance', 'en:rainforest-alliance-cocoa']",1779977826,"deutschland, waldenbuch",,[],Plastic,['en:plastic'],"[{'food_contact': 1, 'material': 'en:pp-5-polypropylene', 'number_of_units': 1, 'shape': 'it: Incarto'}]",Pfefferminze,lidl,food,schokolade,24.0,
Corny,"Cereals and their products, Chocolate cereal bars","['en:plant-based-foods-and-beverages', 'en:plant-based-foods', 'en:snacks', 'en:cereals-and-potatoes', 'en:sweet-snacks', 'en:cereals-and-their-products', 'en:bars', 'en:cereal-bars', 'en:chocolate-cereal-bars']",4011800571221,Germany,['en:germany'],1474983956,c,,https://images.openfoodfacts.org/images/products/401/180/057/1221/front_de.76.400.jpg,"['en:sweetener', 'en:wholemeal-cereal', 'en:cereal', 'de:Vollkornweizen-Crispies', 'de:kakaohaltige Vollkornweizen-Crispies', 'en:whole-milk-powder', 'en:dairy', 'en:milk-powder', 'de:Vollmilchschokolade mit Süßungsmittel', 'en:corn-flakes', 'en:corn', 'en:roasted-peanut', 'en:nut', 'en:peanut', 'en:coconut-fat', 'en:oil-and-fat', 'en:vegetable-oil-and-fat', 'en:vegetable-fat', 'en:stabiliser', 'en:salt', 'de:natürliches Kakao-Aroma* mit anderen natürlichen Aromen', 'en:emulsifier', 'en:e965ii', 'en:e965', 'en:barley', 'en:wheat', 'en:whole-wheat-flour', 'en:flour', 'en:cereal-flour', 'en:wholemeal-flour', 'en:wheat-flour', 'en:wheat-gluten', 'en:gluten', 'en:barley-malt-extract', 'en:malt', 'en:malted-barley', 'en:fat-reduced-cocoa-powder', 'en:plant', 'en:cocoa', 'en:cocoa-powder', 'en:fat-reduced-cocoa', 'en:cocoa-butter', 'en:cocoa-paste', 'en:e422', 'en:e322', 'de:Kann bei übermäßigem Verzehr abführend wirken', 'de:Mehr Infos unter ra.org', 'en:e442', 'en:e476']","Süßungsmittel Maltitsirup, Vollkorngetreideflocken 18% (Gersten-, Weizen-), Vollkornweizen-Crispies (Weizenvollkornmehl 9 %, Weizengluten, Gerstenmalzextrakt), kakaohaltige Vollkornweizen-Crispies (Weizenvollkornmehl 9%, fettarmes Kakaopulver, Weizengluten), Vollmilchpulver, Vollmilchschokolade mit Süßungsmittel 9 % (Süßungsmittel Maltit, Kakaobutter, Vollmilchpulver, Kakaomasse, Emulgator (E 442, E 476)), Cornflakes (Mais, Salz, Gerstenmalzextrakt), geröstete Erdnüsse, Kokosfett, Stabilisator Glycerin, Salz, natürliches Kakao-Aroma* mit anderen natürlichen Aromen, Emulgator Lecithine. Kann bei übermäßigem Verzehr abführend wirken. Kann Schalenfrüchte enthalten. *Rainforest Alliance Certified. Mehr Infos unter ra.org","Made in Germany, Rainforest Alliance","['en:made-in-germany', 'en:rainforest-alliance']",1780948336,,,[],Kunststoff,['en:kunststoff'],"[{'food_contact': 1, 'material': 'en:plastic'}]",Corny Free - Schoko,"Edeka, Rewe",food,schokolade,52.0,
Milka,Filled milk chocolates,"['en:snacks', 'en:sweet-snacks', 'en:cocoa-and-its-products', 'en:chocolates', 'en:milk-chocolates', 'en:filled-chocolates', 'en:filled-milk-chocolates']",4025700001450,"Austria, Germany, Morocco, Poland","['en:austria', 'en:germany', 'en:morocco', 'en:poland']",1466083221,e,Alpenmilch Schokolade gefüllt mit Magermilchjoghurt-Crème,https://images.openfoodfacts.org/images/products/402/570/000/1450/front_en.47.400.jpg,"['en:sugar', 'en:added-sugar', 'en:disaccharide', 'en:palm-oil', 'en:oil-and-fat', 'en:vegetable-oil-and-fat', 'en:palm-oil-and-fat', 'en:cocoa-butter', 'en:plant', 'en:cocoa', 'en:cocoa-paste', 'en:skimmed-milk-powder', 'en:dairy', 'en:milk-powder', 'en:sweet-whey-powder', 'en:whey', 'en:sweet-whey', 'en:skimmed-milk-yogurt-powder', 'en:yogurt', 'en:yogurt-powder', 'en:butterfat', 'en:fat', 'en:milkfat', 'en:emulsifier', 'en:hazelnut-paste', 'en:nut', 'en:tree-nut', 'en:hazelnut', 'en:acid', 'en:flavouring', 'en:milk', 'en:soya-lecithin', 'en:e322', 'en:e322i', 'en:e330']","zucker, palmöl, kakaobutter, kakaomasse, magermilchpulver, süssmolkenpulver (aus milch), magermilchjoghurtpulver 2,5%, butterreinfett, emulgator (sojalecithine), haselnussmasse, säuerungsmittel (citronensäure), aromen. Kann enthalten: andere nüsse und weizen,","Cocoa Life, Green Dot, de:Offizieller Förderer Nationalpark Hohe Tauern","['en:cocoa-life', 'en:green-dot', 'de:Offizieller Förderer Nationalpark Hohe Tauern']",1775766943,,,[],"Kunststoff,en:pp-polypropylene,Stück","['en:plastic', 'en:pp-5-polypropylene', 'de:stück']","[{'food_contact': 1, 'material': 'en:pp-5-polypropylene', 'number_of_units': 1, 'quantity_per_unit': '100 g', 'quantity_per_unit_unit': 'g', 'quantity_per_unit_value': 100, 'recycling': 'en:discard', 'shape': 'en:film', 'weight_measured': 2}]",Schokolade Joghurt,"Rewe, Żabka",food,schokolade,19.0,
Alnatura,"Dark chocolate bar with more than 70% cocoa, de:Schokotafeln Dunkel","['en:snacks', 'en:sweet-snacks', 'en:cocoa-and-its-products', 'en:chocolates', 'en:dark-chocolates', 'en:dark-chocolate-bar-with-more-than-70-cocoa', 'de:Schokotafeln Dunkel']",4104420222472,"Czech Republic, France, Germany, Switzerland, world","['en:czech-republic', 'en:france', 'en:germany', 'en:switzerland', 'en:world']",1584741725,d,,https://images.openfoodfacts.org/images/products/410/442/022/2472/front_en.46.400.jpg,"['en:cocoa-paste', 'en:plant', 'en:cocoa', 'en:unrefined-cane-sugar', 'en:added-sugar', 'en:disaccharide', 'en:sugar', 'en:cane-sugar', 'en:unrefined-sugar', 'de:pecannuss-und-pistazie-enthalten']","Kakaomasse*, Rohrohrzucker*, Kakaobutter* * aus biologischer Landwirtschaft
Kann Spuren von Gluten, Milch, Mandel, Haselnuss, Pecannuss und Pistazie enthalten.","de:Bio 7 Initiative, DE-ÖKO-013, Made in Germany, The Vegan Society, Triman, de:Agriculture non UE, de:Bio européen, de:Fabriqué en Allemagne, de:VEGAN SOCIETY VEGAN LOGO, de:Végétalien, de:Végétarien","['en:vegetarian', 'en:organic', 'en:eu-organic', 'en:vegan', 'de:bio-7-initiative', 'en:de-oko-013', 'en:made-in-germany', 'en:the-vegan-society', 'fr:triman', 'de:Agriculture non UE', 'de:Bio européen', 'de:Fabriqué en Allemagne', 'de:VEGAN SOCIETY VEGAN LOGO', 'de:Végétalien', 'de:Végétarien']",1773382511,,,[],"en:Plastic,22 PAP","['en:plastic', 'en:paper']","[{'material': 'en:plastic'}, {'material': 'en:paper', 'number_of_units': '1', 'shape': 'en:sheet'}, {'food_contact': 1, 'material': 'en:aluminium', 'number_of_units': '1', 'shape': 'en:sheet'}]",Feine Bitter Schokolade,"Alnatura, Globus",food,schokolade,36.0,
REWE Bio,Dark chocolates,"['en:snacks', 'en:sweet-snacks', 'en:cocoa-and-its-products', 'en:chocolates', 'en:dark-chocolates']",4337256032193,Germany,['en:germany'],1614320373,d,,https://images.openfoodfacts.org/images/products/433/725/603/2193/front_de.45.400.jpg,"['en:cocoa-paste', 'en:plant', 'en:cocoa', 'en:cane-sugar', 'en:added-sugar', 'en:disaccharide', 'en:sugar', 'en:cocoa-butter']","Kakaomasse¹, Rohrzucker¹, Kakaobutter¹, ¹aus kontrolliert biologischer Landwirtschaft, Kann Spuren von Milch, Haselnüssen, Mandeln und Soja enthalten,","Fairtrade International, EG-Öko-Verordnung, CH-BIO-006, European Vegetarian Union Vegan, FSC Mix, Naturland","['en:vegetarian', 'en:fair-trade', 'en:organic', 'en:eu-organic', 'en:fairtrade-international', 'en:vegan', 'de:eg-öko-verordnung', 'en:ch-bio-006', 'en:european-vegetarian-union', 'en:european-vegetarian-union-vegan', 'en:fsc', 'en:fsc-mix', 'en:naturland']",1774277079,,,[],,[],[],Edel-Bitter Kakao 70% Schokolade,REWE,food,schokolade,37.0,
"EDEKA, Edeka Herzstücke","Dark chocolate bar with more than 70% cocoa, Swiss chocolates","['en:snacks', 'en:sweet-snacks', 'en:cocoa-and-its-products', 'en:chocolates', 'en:dark-chocolates', 'en:dark-chocolate-bar-with-more-than-70-cocoa', 'en:swiss-chocolates']",4311501480113,Germany,['en:germany'],1652985006,d,,https://images.openfoodfacts.org/images/products/431/150/148/0113/front_de.28.400.jpg,"['en:cocoa-paste', 'en:plant', 'en:cocoa', 'en:cocoa-butter', 'en:sugar', 'en:added-sugar', 'en:disaccharide', 'en:cocoa-powder', 'en:natural-flavouring', 'en:flavouring']","Kakaomasse, Kakaobutter, Zucker, Kakaopulver, natürliches Aroma.",Rainforest Alliance Cocoa,"['en:rainforest-alliance', 'en:rainforest-alliance-cocoa']",1776963505,,,[],"Plastic,Cardboard,Box,Film,Paperboard","['en:plastic', 'en:cardboard', 'en:box', 'en:film', 'en:paperboard']","[{'food_contact': 1, 'material': 'en:plastic', 'number_of_units': 1, 'shape': 'en:film'}, {'material': 'en:cardboard', 'number_of_units': 1, 'shape': 'en:box'}]","Edel-Zartbitter Schokolade, 81 % Kakao",Edeka,food,schokolade,40.0,
"Milka, Mondelez Milka","Chocolate candies, Milk chocolate bar","['en:snacks', 'en:sweet-snacks', 'en:cocoa-and-its-products', 'en:confectioneries', 'en:chocolate-candies', 'en:chocolates', 'en:milk-chocolates', 'en:milk-chocolate-bar']",7622202257803,"Germany, Slovakia","['en:germany', 'en:slovakia']",1739821088,e,,https://images.openfoodfacts.org/images/products/762/220/225/7803/front_de.4.400.jpg,"['en:sugar', 'en:added-sugar', 'en:disaccharide', 'en:cocoa-butter', 'en:plant', 'en:cocoa', 'en:skimmed-milk-powder', 'en:dairy', 'en:milk-powder', 'en:cocoa-paste', 'en:sweet-whey-powder', 'en:whey', 'en:sweet-whey', 'en:butterfat', 'en:oil-and-fat', 'en:fat', 'en:milkfat', 'en:emulsifier', 'en:hazelnut-paste', 'en:nut', 'en:tree-nut', 'en:hazelnut', 'en:flavouring', 'en:milk', 'en:soya-lecithin', 'en:e322', 'en:e322i']","Zucker, Kakaobutter, MAGERMILCHPULVER, Kakaomasse, Süssmolkenpulver (aus MILCH), BUTTERREINFETT, Emulgator (SOJALECITHINE), HASELNUSSMASSE, Aromen, Kakao: 33%","Cocoa Life, Made in the EU","['en:cocoa-life', 'en:made-in-the-eu']",1778609769,,,,,,[],Milka Schokolade,,food,schokolade,18.0,
Crownfield,"Extruded flakes, Mueslis with chocolate","['en:plant-based-foods-and-beverages', 'en:plant-based-foods', 'en:breakfasts', 'en:cereals-and-potatoes', 'en:cereals-and-their-products', 'en:breakfast-cereals', 'en:chocolate-cereals', 'en:flakes', 'en:mueslis', 'en:extruded-flakes', 'en:mueslis-with-chocolate']",20708405,"Belgium, France, Germany","['en:belgium', 'en:france', 'en:germany']",1474553820,a,,https://images.openfoodfacts.org/images/products/000/002/070/8405/front_de.135.400.jpg,"['en:oat-flakes', 'en:cereal', 'en:oat', 'en:dark-chocolate', 'en:chocolate', 'en:cocoa-paste', 'en:plant', 'en:cocoa', 'en:cane-sugar', 'en:added-sugar', 'en:disaccharide', 'en:sugar', 'en:cocoa-butter', 'en:emulsifier', 'en:whole-wheat', 'en:wheat', 'en:sunflower-oil', 'en:oil-and-fat', 'en:vegetable-oil-and-fat', 'en:vegetable-oil', 'en:wheat-extrudate', 'en:spelt', 'en:fat-reduced-cocoa-powder', 'en:cocoa-powder', 'en:coconut', 'en:fruit', 'en:honey', 'en:milk-chocolate', 'en:whole-milk-powder', 'en:dairy', 'en:milk-powder', 'en:sea-salt', 'en:salt', 'en:e322', 'en:wheat-flour', 'en:flour', 'en:cereal-flour', 'en:cocoa-powder-strongly-defatted', 'en:malted-barley', 'en:malt', 'en:sunflower']","42 % oats flakes , 13 % pieces dark chocolate (cocoa paste, cane sugar, cocoa butter, emulsifier : lecithins (sunflower), sugar, rolled whole wheat, sunflower oil, cocoa and wheat extrudate (wheat flour , sugar, cocoa powder strongly defatted, extract of malted barley , sunflower oil, sea salt), flour of spelt , lean cocoa powder, shredded coconut, honey, 2 % pieces of milk chocolate (sugar,  cocoa paste, whole milk powder, cocoa butter, emulsifier : lecithins (sunflower), sea salt,","Sustainable farming, DE-ÖKO-005, DE-ÖKO-024, EU/non-EU Agriculture, Green Dot, Nutriscore, AB Agriculture Biologique, Verified","['en:organic', 'en:eu-organic', 'en:non-eu-agriculture', 'en:sustainable-farming', 'en:de-oko-005', 'en:de-oko-024', 'en:eu-agriculture', 'en:eu-non-eu-agriculture', 'en:green-dot', 'en:nutriscore', 'fr:ab-agriculture-biologique', 'en:Verified']",1773050434,,,[],"Plastic, Bag","['en:plastic', 'en:bag']","[{'food_contact': 1, 'material': 'en:plastic', 'shape': 'en:bag'}]",Bio Knusper Müsli Schoko,LIDL,food,schokolade,84.0,
"Fin Carré, Lidl","Milk chocolates, White chocolates with hazelnuts","['en:snacks', 'en:sweet-snacks', 'en:cocoa-and-its-products', 'en:chocolates', 'en:milk-chocolates', 'en:white-chocolates', 'en:chocolates-with-hazelnuts', 'en:white-chocolates-with-hazelnuts']",20884611,"France, Germany","['en:france', 'en:germany']",1488227602,c,,https://images.openfoodfacts.org/images/products/000/002/088/4611/front_de.59.400.jpg,"['en:sugar', 'en:added-sugar', 'en:disaccharide', 'en:hazelnut', 'en:nut', 'en:tree-nut', 'en:cocoa-butter', 'en:plant', 'en:cocoa', 'en:whole-milk-powder', 'en:dairy', 'en:milk-powder', 'en:cream', 'en:whey-product', 'en:whey', 'en:emulsifier', 'en:salt', 'en:vanilla-extract', 'en:extract', 'en:vanilla', 'en:vegetable-extract', 'en:e322']","Zucker, 27% Haselnüsse, Kakaobutter, Vollmilchpulver, Sahnepulver, Molkenerzeugnis, Emulgator: Lecithine, Speisesalz, Vanille-Extrakt. Kann Spuren von anderen Schalenfrüchten, Gluten und Ei enthalten.","Fairtrade International, Fairtrade cocoa, FSC Mix, Fairer Handel","['en:fair-trade', 'en:fairtrade-international', 'en:fairtrade-cocoa', 'en:fsc', 'en:fsc-mix', 'en:Fairer Handel']",1773783589,,,[],"Metall,Wiederverwertbare Metalle,Aluminium,Pappe,Karton,PAP21,","['en:metal', 'en:recyclable-metals', 'en:aluminium', 'en:cardboard', 'en:non-corrugated-cardboard', 'en:karton', 'en:metall', 'en:pappe', 'en:wiederverwertbare-metalle']","[{'material': 'en:aluminium'}, {'material': 'en:paperboard'}, {'material': 'en:non-corrugated-cardboard'}]",Weiße Nussschokolade,lidl,food,schokolade,47.0,
"Crownfield, Ceralia Getreideprodukte, Lidl",Bircher-style mueslis with chocolate,"['en:plant-based-foods-and-beverages', 'en:plant-based-foods', 'en:breakfasts', 'en:cereals-and-potatoes', 'en:cereals-and-their-products', 'en:breakfast-cereals', 'en:chocolate-cereals', 'en:mueslis', 'en:bircher-style-mueslis', 'en:mueslis-with-chocolate', 'en:bircher-style-mueslis-with-chocolate']",4335619012035,Germany,['en:germany'],1719083086,a,,https://images.openfoodfacts.org/images/products/433/561/901/2035/front_de.21.400.jpg,"['de:dinkelweizenvollkornflocken', 'en:whole-grain-oat-flakes', 'en:cereal', 'en:oat', 'en:oat-flakes', 'en:wholemeal-oat', 'de:zartbitterschokoladenblättchen', 'de:vollmilchschokoladenblättchen', 'en:cane-sugar', 'en:added-sugar', 'en:disaccharide', 'en:sugar', 'en:cocoa-butter', 'en:plant', 'en:cocoa', 'en:whole-milk-powder', 'en:dairy', 'en:milk-powder', 'de:kakaomasse-kakao-hafercrispies', 'en:whole-grain-rye-flakes', 'en:rye', 'en:rye-flakes', 'en:roasted-almonds', 'en:nut', 'en:tree-nut', 'en:almond', 'en:hazelnut', 'en:cocoa-paste', 'en:wheat-flour', 'en:flour', 'en:wheat', 'en:cereal-flour', 'en:oat-flour', 'en:fat-reduced-cocoa-powder', 'en:cocoa-powder', 'en:barley-malt-flour', 'en:barley', 'en:barley-flour', 'en:sea-salt', 'en:salt']","37% Dinkelweizenvollkornflocken', Hafervollkornflocken', 8% Zartbitterschokoladenblättchen (Kakaomasse, Rohrzucker', Kakaobutter), 8% Vollmilchschokoladenblättchen (Rohrzucker', Kakaobutter', Vollmilchpulver', Kakaomasse Kakao-Hafercrispies (Weizenmehl, Hafermehl', Zucker', fettarmes Kakaopulver, Gerstenmalzmehl', Meersalz), Roggenvollkornflocken', Mandeln' geröstet gehackt, Haselnüsse' geröstet. 'aus kontrolliert ökologischem Anbau. Kann Spuren von anderen Schalenfrüchten, Soja, Sesam und Lupinen enthalten.","Bioland, DE-ÖKO-001, Nutriscore Grade B","['en:organic', 'en:eu-organic', 'en:bioland', 'en:de-oko-001', 'en:nutriscore', 'en:nutriscore-grade-b']",1774545650,,,[],,,[],Dinkel Hafer Müsli - Schoko,,food,schokolade,79.0,
Milka,"Chocolate candies, Milk chocolates, milk-chocolate-with-dried-grapes-and-hazelnut-pieces, susser-snack","['en:snacks', 'en:sweet-snacks', 'en:cocoa-and-its-products', 'en:confectioneries', 'en:chocolate-candies', 'en:chocolates', 'en:milk-chocolates', 'en:milk-chocolate-with-dried-grapes-and-hazelnut-pieces', 'en:susser-snack']",3045140280902,"Austria, Bulgaria, Canada, France, Germany, Morocco, Romania","['en:austria', 'en:bulgaria', 'en:canada', 'en:france', 'en:germany', 'en:morocco', 'en:romania']",1441020143,e,Alpenmilch Schokolade mit getrockneten Weintrauben und Haselnussstückchen,https://images.openfoodfacts.org/images/products/304/514/028/0902/front_en.78.400.jpg,"['en:sugar', 'en:added-sugar', 'en:disaccharide', 'de:getrocknete-weintrauben', 'en:cocoa-butter', 'en:plant', 'en:cocoa', 'en:skimmed-milk-powder', 'en:dairy', 'en:milk-powder', 'en:cocoa-paste', 'en:sweet-whey-powder', 'en:whey', 'en:sweet-whey', 'en:hazelnut', 'en:nut', 'en:tree-nut', 'en:butterfat', 'en:oil-and-fat', 'en:fat', 'en:milkfat', 'en:emulsifier', 'en:hazelnut-paste', 'en:flavouring', 'en:soya-lecithin', 'en:e322', 'en:e322i']","Zucker, getrocknete Weintrauben (19%), Kakaobutter, Magermilchpulver, Kakaomasse, Süßmolkenpulver (Milch), Haselnussstückchen (5%), Butterreinfett, Emulgator (Sojalecithin), Haselnussmasse, Aroma.","Cocoa Life, Green Dot, Made in Germany, Made in the EU","['en:cocoa-life', 'en:green-dot', 'en:made-in-germany', 'en:made-in-the-eu']",1773359659,"Allemagne, D-28078 Bremen",,[],"Plastic,PP - Polypropylene,Stück,Tafel","['en:plastic', 'en:pp-polypropylene', 'en:stuck', 'en:tafel']","[{'food_contact': 1, 'material': 'en:pp-5-polypropylene'}]",Trauben-Nuss,Lidl,food,schokolade,25.0,
müller,Yogurts,"['en:dairies', 'en:fermented-foods', 'en:fermented-milk-products', 'en:desserts', 'en:dairy-desserts', 'en:fermented-dairy-desserts', 'en:yogurts']",40255729,Germany,['en:germany'],1517514879,a,"Joghurt mit Zubereitung Vanille-Geschmack und 8% schokolierten Getreidekugeln (mit 48% Milchschokolade, 30% weiße Schokolade), 3,8% Fett im Milchanteil.",https://images.openfoodfacts.org/images/products/000/004/025/5729/front_de.99.400.jpg,"['en:yogurt', 'en:dairy', 'de:schokolierte Getreidekugeln', 'en:water', 'en:sugar', 'en:added-sugar', 'en:disaccharide', 'en:modified-starch', 'en:starch', 'en:thickener', 'en:acidity-regulator', 'en:acid', 'en:concentrated-plant-colour', 'en:colour', 'en:exhausted-ground-vanilla-pod', 'en:plant', 'en:vanilla', 'en:vanilla-pod', 'en:exhausted-vanilla-pod', 'en:flavouring', 'de:KANN SPUREN VON ANDEREM GLUTENHALTIGEN GETREIDE', 'en:peanut', 'en:nut', 'en:egg', 'en:lupin-bean', 'en:vegetable', 'en:legume', 'en:pulse', 'en:mustard', 'en:sesame', 'en:seed', 'en:whole-milk-powder', 'en:milk-powder', 'en:cocoa-butter', 'en:cocoa', 'en:rice-flour', 'en:flour', 'en:rice', 'en:cocoa-paste', 'en:whole-wheat-flour', 'en:cereal', 'en:wheat', 'en:cereal-flour', 'en:wholemeal-flour', 'en:wheat-flour', 'en:milk-proteins', 'en:protein', 'en:animal-protein', 'en:lactose', 'en:emulsifier', 'en:malted-barley', 'en:malt', 'en:salt', 'en:glucose-syrup', 'en:monosaccharide', 'en:glucose', 'en:glazing-agent', 'en:e440a', 'en:e331', 'en:e330', 'en:carrot', 'en:root-vegetable', 'en:taproot-vegetable', 'en:e322', 'en:e414']","JOGHURT, schokolierte Getreidekugeln (Zucker, VOLLMILCHPULVER, Kakaobutter, Reismehl, Kakaomasse, WEIZENVOLLKORNMEHL, MILCHEIWEIß, LAKTOSE, Emulgator Lecithine (enthält SOJA), GERSTENMALZ, Speisesalz, Aroma, Glukosesirup, Überzugsmittel Gummi arabicum), Wasser, Zucker, modifizierte Stärke, Verdickungsmittel Pektine, Säureregulator Natriumcitrate, Säuerungsmittel Citronensäure, färbendes Pflanzenkonzentrat (Karotte), extrahierte gemahlene Vanilleschoten, Aroma. KANN SPUREN VON ANDEREM GLUTENHALTIGEN GETREIDE, ERDNÜSSEN, EI, LUPINEN, SENF, SESAM UND NÜSSEN/SCHALENFRÜCHTEN ENTHALTEN.",Made in Germany,['en:made-in-germany'],1780246306,,,[],"Plastic,PS - Polystyrene","['en:plastic', 'en:ps-polystyrene']","[{'food_contact': 1, 'material': 'en:ps-6-polystyrene'}]",Joghurt mit der Ecke - Schoko Balls,"hit, netto",food,schokolade,76.0,
Milka,"Chocolate confectionery with dairy filling, Getreideriegel, Imbiss, Kakao und Kakaoprodukte, Müsliriegel mit Schokolade, Riegel, Schokoladenkonfekt, Schokoriegel, Süßer Snack, Süßwaren","['en:snacks', 'en:sweet-snacks', 'en:cocoa-and-its-products', 'en:confectioneries', 'en:chocolate-candies', 'en:bars', 'en:candy-chocolate-bars', 'en:chocolate-confectionery-with-dairy-filling', 'en:Getreideriegel', 'en:Imbiss', 'en:Kakao und Kakaoprodukte', 'en:Müsliriegel mit Schokolade', 'en:Riegel', 'en:Schokoladenkonfekt', 'en:Schokoriegel', 'en:Süßer Snack', 'en:Süßwaren']",7622200003938,"France, Germany","['en:france', 'en:germany']",1426000751,d,,https://images.openfoodfacts.org/images/products/762/220/000/3938/front_fr.64.400.jpg,"['en:sugar', 'en:added-sugar', 'en:disaccharide', 'en:palm-oil', 'en:oil-and-fat', 'en:vegetable-oil-and-fat', 'en:palm-oil-and-fat', 'en:sweet-whey-powder', 'en:dairy', 'en:whey', 'en:sweet-whey', 'en:skimmed-milk-powder', 'en:milk-powder', 'en:cocoa-butter', 'en:plant', 'en:cocoa', 'de:kakaomasse-butterreinfett', 'en:emulsifier', 'en:flavouring', 'en:hazelnut-paste', 'en:nut', 'en:tree-nut', 'en:hazelnut', 'de:magermilchpulver-in-der-milchcrèmefüllung', 'en:milk', 'en:soya-lecithin', 'en:e322', 'en:e322i']","Zucker, Palmöl, Süssmolkenpulver (aus MILCH), MAGERMILCHPULVER, Kakaobutter, Kakaomasse BUTTERREINFETT, Emulgator (SOJALECITHINE), Aromen, HASELNUSSMASSE. 7% Magermilchpulver in der Milchcrèmefüllung.",Triman,['fr:triman'],1774523722,Union européenne,Unspecified,['en:unspecified'],"Métal,Métaux recyclables,Aluminium,Carton,Aluminium léger,Carton non ondulé,Feuille","['en:metal', 'en:recyclable-metals', 'en:aluminium', 'en:cardboard', 'en:light-aluminium', 'en:non-corrugated-cardboard', 'en:sheet']","[{'material': 'en:metal', 'number_of_units': 8, 'quantity_per_unit': '10.94 g', 'quantity_per_unit_unit': 'g', 'quantity_per_unit_value': 10.94, 'recycling': 'en:recycle', 'shape': 'en:sheet'}, {'material': 'en:non-corrugated-cardboard', 'number_of_units': 1, 'quantity_per_unit': '87.5 g', 'quantity_per_unit_unit': 'g', 'quantity_per_unit_value': 87.5, 'shape': 'en:sleeve'}]",Milkinis,"Carrefour, Carrefour Market, Edeka, Géant, Leclerc",food,schokolade,33.0,
Kinder,"Chocolate biscuity bars, Chocolate nuts cookie bars","['en:snacks', 'en:sweet-snacks', 'en:cocoa-and-its-products', 'en:confectioneries', 'en:chocolate-candies', 'en:bars', 'en:candy-chocolate-bars', 'en:chocolate-biscuity-bars', 'en:chocolate-nuts-cookie-bars']",8000500273470,Germany,['en:germany'],1559417333,e,"Waffel mit feiner Milchhaselnusscreme-Füllung, überzogen mit Weißer Schokolade.",https://images.openfoodfacts.org/images/products/800/050/027/3470/front_de.61.400.jpg,"['en:white-chocolate', 'en:chocolate', 'en:sugar', 'en:added-sugar', 'en:disaccharide', 'en:palm-oil', 'en:oil-and-fat', 'en:vegetable-oil-and-fat', 'en:palm-oil-and-fat', 'en:wheat-flour', 'en:cereal', 'en:flour', 'en:wheat', 'en:cereal-flour', 'en:skimmed-milk-powder', 'en:dairy', 'en:milk-powder', 'en:whole-milk-powder', 'en:hazelnut', 'en:nut', 'en:tree-nut', 'en:sweet-whey-powder', 'en:whey', 'en:sweet-whey', 'en:wheat-starch', 'en:starch', 'en:fat-reduced-cocoa', 'en:plant', 'en:cocoa', 'en:sunflower-oil', 'en:vegetable-oil', 'en:milk-proteins', 'en:protein', 'en:animal-protein', 'en:emulsifier', 'en:raising-agent', 'de:bonat', 'en:e500ii', 'en:e500', 'en:flavouring', 'en:salt', 'de:gesamtmilchbestandteile-im-produkt', 'en:cocoa-butter', 'de:butterrein', 'en:fat', 'de:émulgator-lecithine', 'en:vanillin', 'en:e322', 'de:ammoniumhydrogencar']","Weiße Schokolade 28 % (Kakaobutter, Zucker, MAGERMILCHPULVER, BUTTERREIN - FETT, Émulgator Lecithine (SOJA), Vanillin), Zucker, Palmöl, WEIZENMEHL, MAGERMILCH - PULVER (8,5 %), VOLLMILCHPULVER (5,5 %), HASELNÜSSE (5 %), SÜSSMOLKENPULVER, WEIZENSTÄRKE, fettarmer Kakao, Sonnenblumenöl, MILCHEIWEISS, Emulgator Lecithine (SOJA), Backtriebmittel: Ammoniumhydrogencar - bonat, Natriumhydrogencarbonat; Aromen, Salz. Gesamtmilchbestandteile im Produkt 21,5 %.","Green Dot, No dyes or preservatives","['en:no-preservatives', 'en:green-dot', 'en:no-colorings', 'en:no-dyes-or-preservatives']",1778069873,,,[],"Pappe, Karton, Packung(en), Riegel","['en:cardboard', 'en:paperboard', 'de:packung-en', 'de:riegel']","[{'material': 'en:paperboard', 'shape': 'en:packet'}, {'shape': 'en:packet'}]",kinder bueno white,,food,schokolade,24.0,
Ritter Sport,"Milk chocolates, süßer-snack","['en:snacks', 'en:sweet-snacks', 'en:cocoa-and-its-products', 'en:chocolates', 'en:milk-chocolates', 'en:süßer-snack']",4000417601216,Germany,['en:germany'],1655743213,d,,https://images.openfoodfacts.org/images/products/400/041/760/1216/front_en.57.400.jpg,"['en:sugar', 'en:added-sugar', 'en:disaccharide', 'en:cocoa-butter', 'en:plant', 'en:cocoa', 'en:sultana', 'en:fruit', 'en:berries', 'en:grape', 'en:cocoa-paste', 'en:whole-milk-powder', 'en:dairy', 'en:milk-powder', 'en:hazelnut', 'en:nut', 'en:tree-nut', 'en:lactose', 'en:skimmed-milk-powder', 'en:butterfat', 'en:oil-and-fat', 'en:fat', 'en:milkfat', 'en:rum', 'en:alcohol', 'en:emulsifier', 'en:e322']","Zucker, Kakaobutter, Sultaninen, Kakaomasse', _Vollmilchpulver_, _Haselnüsse_, _Laktose_, _Magermilchpulver, _Butterreinfett_, Rum, Emulgator: Lecithine (_Soja_), Kann Spuren von Erdnüssen, anderen Schalenfrüchten, glutenhaltigem Getreide und Ei enthalten,",Rainforest Alliance,['en:rainforest-alliance'],1776603264,,,[],,[],"[{'food_contact': 1, 'material': 'en:plastic', 'number_of_units': 1, 'shape': 'en:bag'}]",Rum Trauben Nuss Schokolade,Rewe,food,schokolade,38.0,
dmBio,Dark chocolates,"['en:snacks', 'en:sweet-snacks', 'en:cocoa-and-its-products', 'en:chocolates', 'en:dark-chocolates']",4066447704105,Germany,['en:germany'],1712340354,c,,https://images.openfoodfacts.org/images/products/406/644/770/4105/front_de.27.400.jpg,"['en:cocoa-paste', 'en:plant', 'en:cocoa', 'en:unrefined-cane-sugar', 'en:added-sugar', 'en:disaccharide', 'en:sugar', 'en:cane-sugar', 'en:unrefined-sugar', 'en:cocoa-butter']","Kakaomasse*, Rohrohrzucker*, Kakaobutter*, *aus biologischer Landwirtschaft
Kakao: 70% mindestens 

Kann Spuren von Schalenfrüchten, Milch und Gluten enthalten.","European Vegetarian Union Vegan, FSC Mix, IT-BIO-013, Made in Germany, Naturland","['en:vegetarian', 'en:organic', 'en:eu-organic', 'en:vegan', 'en:european-vegetarian-union', 'en:european-vegetarian-union-vegan', 'en:fsc', 'en:fsc-mix', 'en:it-bio-013', 'en:made-in-germany', 'en:naturland']",1774542890,,"Germany, Dominican Republic","['en:germany', 'en:dominican-republic']",,,"[{'food_contact': 1, 'material': 'en:paper', 'number_of_units': 1, 'recycling': 'en:recycle'}]",Feine Bitter Schokolade 70% Kakao,,food,schokolade,46.0,
Alyan,"Chocolate candies, Chocolates","['en:snacks', 'en:sweet-snacks', 'en:cocoa-and-its-products', 'en:confectioneries', 'en:chocolate-candies', 'en:chocolates']",8682354006147,"Austria, Germany, Spain","['en:austria', 'en:germany', 'en:spain']",1734179256,unknown,,https://images.openfoodfacts.org/images/products/868/235/400/6147/front_en.27.400.jpg,"['en:pistachio-paste', 'en:nut', 'en:tree-nut', 'en:pistachio-nuts', 'en:sugar', 'en:added-sugar', 'en:disaccharide', 'de:pflanzliches-ol', 'en:skimmed-milk', 'en:dairy', 'en:milk', 'en:emulsifier', 'en:artificial-flavouring', 'en:flavouring', 'en:milk-chocolate', 'en:chocolate', 'en:cocoa-butter', 'en:plant', 'en:cocoa', 'en:whole-milk-powder', 'en:milk-powder', 'en:cocoa-paste', 'en:skimmed-milk-powder', 'en:whey-powder', 'en:whey', 'de:kunafa', 'en:wheat', 'en:cereal', 'en:water', 'en:preservative', 'en:palm', 'en:oil-and-fat', 'en:vegetable-oil-and-fat', 'en:palm-oil-and-fat', 'en:palm-oil', 'de:baumwoll', 'en:sunflower-oil', 'en:vegetable-oil', 'de:sonnenblumenlecithin-e322', 'en:vanillin', 'de:ammoniumphosphatid-e442', 'en:e476', 'en:e202', 'en:e282']","Pistazienpaste (45%) (Zucker, Pistazien (30%), pflanzliches Ol (voll gehärtetes Palm-, Baumwoll - und Sonnenblumenöl), Magermilch, Emulgator (Sonnenblumenlecithin E322), künstliches Aroma (Milch, Vanillin). Milchschokolade 45% (Zucker, Kakaobutter, Vollmilchpulver, Kakaomasse, Magermilchpulver, Molkenpulver, Emulgator (Ammoniumphosphatid E442, Polyglycerin-Polyricinoleat E476, Sonnenblumenlecithin E322), künstliches Aroma (Vanillin), Kunafa 10% (Weizen (enthält Gluten), Wasser, Konservierungsmittel (Kaliumsorbat E202, Calciumpropionat E282). Enthält Milch, Weizen und Pistazien. Kann Spuren von Schalenfrüchten, Erdnüssen und Eiern enthalten.",Halal,['en:halal'],1774551509,,Turkey,['en:turkey'],,,[],Dubai Schokolade,"Aldi, Alteza",food,schokolade,,
CORNY,Chocolate cereal bars,"['en:snacks', 'en:sweet-snacks', 'en:bars', 'en:cereal-bars', 'en:chocolate-cereal-bars']",4011800521226,"France, Germany","['en:france', 'en:germany']",1497422429,c,Müsliriegel Milchschokolade,https://images.openfoodfacts.org/images/products/401/180/052/1226/front_de.41.400.jpg,"['en:milk-chocolate', 'en:chocolate', 'de:getreidecrispies', 'en:glucose-syrup', 'en:added-sugar', 'en:monosaccharide', 'en:glucose', 'en:glucose-fructose-syrup', 'en:fructose', 'en:wholemeal-cereal', 'en:cereal', 'en:roasted-peanut', 'en:nut', 'en:peanut', 'en:sugar', 'en:disaccharide', 'en:coconut-fat', 'en:oil-and-fat', 'en:vegetable-oil-and-fat', 'en:vegetable-fat', 'en:corn-flakes', 'en:corn', 'en:honey', 'en:natural-flavouring', 'en:flavouring', 'en:salt', 'en:caramelised-sugar-syrup', 'en:caramel-syrup', 'en:emulsifier', 'en:cocoa-paste', 'en:plant', 'en:cocoa', 'en:cocoa-butter', 'en:skimmed-milk-powder', 'en:dairy', 'en:milk-powder', 'en:butter', 'en:wheat-flour', 'en:flour', 'en:wheat', 'en:cereal-flour', 'en:rice-flour', 'en:rice', 'en:corn-flour', 'en:barley-malt-extract', 'en:malt', 'en:malted-barley', 'en:oat', 'en:barley', 'en:e322']","Milchschokolade* 24 % (Zucker, Kakaomasse, Kakaobutter, Magermilchpulver, Butterfett, Emulgator Lecithine), Getreidecrispies (Weizenmehl, Zucker, Reismehl, Maismehl, Gerstenmalzextrakt, Salz, Karamellzuckersirup), Glukosesirup, Glukose-Fruktose-Sirup, Vollkorngetreideflocken 10 % (Hafer-, Weizen-, Gersten-), geröstete Erdnüsse, Zucker, Kokosfett, Cornflakes (Mais, Salz, Gerstenmalzextrakt), Honig 1 %, natürliches Aroma, Salz, Karamellzuckersirup, Emulgator Lecithine.","Rainforest Alliance, UTZ Certified Cocoa","['en:sustainable-farming', 'en:rainforest-alliance', 'en:utz-certified', 'en:utz-certified-cocoa']",1778845448,,,[],Plastic,['en:plastic'],[],Corny Schoko,Netto,food,schokolade,57.0,
Ferrero,"Chocolates with hazelnuts, Milk chocolate candies","['en:snacks', 'en:sweet-snacks', 'en:cocoa-and-its-products', 'en:confectioneries', 'en:chocolate-candies', 'en:bonbons', 'en:chocolates', 'en:chocolates-with-hazelnuts', 'en:milk-chocolate-candies']",4008400159027,"Austria, Germany, Morocco","['en:austria', 'en:germany', 'en:morocco']",1404038727,unknown,Nusspralinen-Spezialität mit feiner Milch-Halbbitter-Schokolade,https://images.openfoodfacts.org/images/products/400/840/015/9027/front_en.45.400.jpg,"['en:milk-chocolate', 'en:chocolate', 'en:hazelnut', 'en:nut', 'en:tree-nut', 'de:halbbitterschokolade', 'en:palm-oil', 'en:oil-and-fat', 'en:vegetable-oil-and-fat', 'en:palm-oil-and-fat', 'en:sugar', 'en:added-sugar', 'en:disaccharide', 'en:skimmed-milk-powder', 'en:dairy', 'en:milk-powder', 'en:fat-reduced-cocoa', 'en:plant', 'en:cocoa', 'en:vanillin', 'en:cocoa-paste', 'en:cocoa-butter', 'en:whole-milk-powder', 'en:butterfat', 'en:fat', 'en:milkfat', 'en:emulsifier', 'en:e322']","Milchschokolade 31% (Zucker, Kakaomasse, Kakaobutter, Vollmilchpulver, Butterreinfett, Emulgator Lecithine (Soja), Vanillin), Haselnüsse (26,5%), Halbbitterschokolade (Zucker, Kakaomasse, Kakaobutter, Emulgator Lecithine (Soja), Vanillin), Palmöl, Zucker, Magermilchpulver, fettarmer Kakao, Vanillin.","Green Dot, Made in Germany, Verified","['en:green-dot', 'en:made-in-germany', 'en:Verified']",1775326963,,,[],"Plastic,Cardboard,Paperboard,Packung(en)","['en:plastic', 'en:cardboard', 'en:paperboard', 'en:packung-en']","[{'material': 'en:paperboard'}, {'material': 'en:plastic'}]",Ferrero Küsschen,"Billa, Billa Plus, Eurospar, Interspar, Spar",food,schokolade,,
"Lidl, Merba, Sondey",Chocolate chip cookies,"['en:snacks', 'en:sweet-snacks', 'en:biscuits-and-cakes', 'en:biscuits-and-crackers', 'en:biscuits', 'en:chocolate-biscuits', 'en:drop-cookies', 'en:chocolate-chip-cookies']",20301804,"France, Germany, Spain","['en:france', 'en:germany', 'en:spain']",1545398913,b,,https://images.openfoodfacts.org/images/products/000/002/030/1804/front_de.55.400.jpg,"['en:wheat-flour', 'en:cereal', 'en:flour', 'en:wheat', 'en:cereal-flour', 'en:sugar', 'en:added-sugar', 'en:disaccharide', 'en:vegetable-oil', 'en:oil-and-fat', 'en:vegetable-oil-and-fat', 'en:glucose-fructose-syrup', 'en:monosaccharide', 'en:fructose', 'en:glucose', 'en:whole-milk-powder', 'en:dairy', 'en:milk-powder', 'en:cocoa-butter', 'en:plant', 'en:cocoa', 'en:stabiliser', 'en:e420', 'en:oat-flour', 'en:oat', 'en:raisin', 'en:fruit', 'en:berries', 'en:grape', 'en:skimmed-milk-powder', 'en:lemon-oil', 'en:citrus-fruit', 'en:lemon', 'en:citrus-oil', 'en:raising-agent', 'en:e450', 'en:emulsifier', 'en:salt', 'en:natural-flavouring', 'en:flavouring', 'en:colour', 'en:palm-oil', 'en:palm-oil-and-fat', 'en:sunflower', 'en:e422', 'en:e500', 'en:e322', 'en:e160a']","Weizenmehl, Zucker, pflanzliche Öle (Ölpalme, Sonnenblume), Glukose-Fruktose-Sirup, Vollmilchpulver, Kakaobutter*, Stabilisatoren: Glycerin, Sorbit; Hafermehl, Rosinen, Magermilchpulver, Zitronenöl, Backtriebmittel: Natriumcarbonate, Diphosphate; Emulgator: Lecithine (Soja); Speisesalz, natürliches Aroma, Farbstoff: Carotin. Kann Spuren von Schalenfrüchten und Ei enthalten.","Nutriscore Grade E, Rainforest Alliance, UTZ Certified Cocoa","['en:sustainable-farming', 'en:nutriscore', 'en:nutriscore-grade-e', 'en:rainforest-alliance', 'en:utz-certified', 'en:utz-certified-cocoa']",1773462674,,,[],Papier,['en:paper'],"[{'food_contact': 1, 'material': 'en:paper'}]",Soft baked cookies Weiße Schokolade & Zitrone,lidl,food,schokolade,68.0,
"Aldi, Choceur, WIHA","Nuts and their products, Milk chocolates, Dark chocolates with hazelnuts","['en:plant-based-foods-and-beverages', 'en:plant-based-foods', 'en:snacks', 'en:sweet-snacks', 'en:cocoa-and-its-products', 'en:nuts-and-their-products', 'en:chocolates', 'en:dark-chocolates', 'en:milk-chocolates', 'en:chocolates-with-hazelnuts', 'en:dark-chocolates-with-hazelnuts']",4061458022002,Germany,['en:germany'],1564077114,d,,https://images.openfoodfacts.org/images/products/406/145/802/2002/front_de.43.400.jpg,"['en:sugar', 'en:added-sugar', 'en:disaccharide', 'en:cocoa-paste', 'en:plant', 'en:cocoa', 'en:hazelnut', 'en:nut', 'en:tree-nut', 'en:cocoa-butter', 'en:butterfat', 'en:oil-and-fat', 'en:dairy', 'en:fat', 'en:milkfat', 'en:emulsifier', 'en:vanilla-extract', 'en:extract', 'en:vanilla', 'en:vegetable-extract', 'en:e322']","Zucker, Kakaomasse, Haselnüsse, Kakaobutter, Butterreinfett, Emulgator Lecithine (Soja), Vanilleextrakt.","Sustainable farming, Made in Germany, Nutriscore Grade E, PEFC, Rainforest Alliance Cocoa","['en:sustainable-farming', 'en:made-in-germany', 'en:nutriscore', 'en:nutriscore-grade-e', 'en:pefc', 'en:rainforest-alliance', 'en:rainforest-alliance-cocoa']",1774647193,,,[],"Kunststoff, Pappe","['en:plastic', 'en:cardboard']","[{'material': 'en:plastic'}, {'material': 'en:cardboard'}]",Nussknacker - Zartbitterschokolade,Aldi,food,schokolade,38.0,
Milsani,Refrigerated milk-based chocolate mousses,"['en:desserts', 'en:chocolate-desserts', 'en:sweet-mousses', 'en:chocolate-mousses', 'en:refrigerated-milk-based-chocolate-mousses']",4061463915030,"Austria, Germany","['en:austria', 'en:germany']",1678364527,c,,https://images.openfoodfacts.org/images/products/406/146/391/5030/front_en.92.400.jpg,"['en:skimmed-milk', 'en:dairy', 'en:milk', 'en:milk-proteins', 'en:protein', 'en:animal-protein', 'en:cocoa', 'en:plant', 'en:modified-starch', 'en:starch', 'en:e428', 'en:fat-reduced-cocoa', 'en:thickener', 'en:e407', 'en:stabiliser', 'en:sweetener', 'en:e950', 'en:lactase', 'en:enzyme', 'de:Aufgeschlagen mit Luft', 'en:e412', 'en:e500', 'en:e955']","Fettarme Milch, Milcheiweiß (31%), Kakao (3,5 %), modifizierte Stärke, Speisegelatine, fettarmer Kakao³ (0,5 %), Verdickungsmittel Guarkernmehl, Carrageen; Stabilisator Natriumcarbonate, Süßungsmittel Sucralose, Acesulfam K; Laktase. Aufgeschlagen mit Luft","Low fat, No added sugar, No lactose, Nutriscore, Rainforest Alliance Cocoa","['en:low-or-no-fat', 'en:low-fat', 'en:no-added-sugar', 'en:no-lactose', 'en:nutriscore', 'en:rainforest-alliance', 'en:rainforest-alliance-cocoa']",1781001083,,Germany,['en:germany'],,,"[{'food_contact': 1, 'material': 'en:pp-5-polypropylene', 'shape': 'en:pot'}, {'food_contact': 1, 'material': 'en:aluminium', 'shape': 'en:lid'}]",High-Protein-Mousse - Schokolade,"Aldi, Hofer",food,schokolade,50.0,
kölln kölln,Mueslis with chocolate,"['en:plant-based-foods-and-beverages', 'en:plant-based-foods', 'en:breakfasts', 'en:cereals-and-potatoes', 'en:cereals-and-their-products', 'en:breakfast-cereals', 'en:chocolate-cereals', 'en:mueslis', 'en:mueslis-with-chocolate']",4000540053869,Germany,['en:germany'],1725972935,b,,https://images.openfoodfacts.org/images/products/400/054/005/3869/front_de.3.400.jpg,"['en:whole-grain-oat-flakes', 'en:cereal', 'en:oat', 'en:oat-flakes', 'en:wholemeal-oat', 'en:sugar', 'en:added-sugar', 'en:disaccharide', 'en:cocoa-paste', 'en:plant', 'en:cocoa', 'en:wholemeal-oat-flour', 'en:flour', 'en:cereal-flour', 'en:wholemeal-flour', 'en:oat-flour', 'en:wheat-flour', 'en:wheat', 'en:caramel-syrup', 'en:whole-milk-powder', 'en:dairy', 'en:milk-powder', 'en:cocoa-butter', 'en:fat-reduced-cocoa-powder', 'en:cocoa-powder', 'en:skimmed-milk-powder', 'en:corn-starch', 'en:starch', 'en:barley-malt-extract', 'en:malt', 'en:malted-barley', 'en:salt', 'en:emulsifier', 'en:e322']","Vollkorn-Haferflocken (67%), Zucker, Kakaomasse^, Vollkorn-Hafermehl (4%), Weizenmehl, Karamellsirup, Vollmilchpulver, Kakaobutter^, fettarmes Kakaopulver^, Magermilchpulver, Maisstärke, Gerstenmalzextrakt, Speisesalz, Emulgator Lecithine. ^Rainforest Alliance-zertifiziert",Rainforest Alliance,['en:rainforest-alliance'],1774548443,,,,,,[],Schoko Müsli,,food,schokolade,74.0,
Kölln,Mueslis with chocolate,"['en:plant-based-foods-and-beverages', 'en:plant-based-foods', 'en:breakfasts', 'en:cereals-and-potatoes', 'en:cereals-and-their-products', 'en:breakfast-cereals', 'en:chocolate-cereals', 'en:mueslis', 'en:mueslis-with-chocolate']",4000540003246,"Germany, Italy","['en:germany', 'en:italy']",1440360016,b,Knuspriges Vollkorn-Getreideerzeugnis mit 7% weißer Schokolade und 5% Kakaokeksen,https://images.openfoodfacts.org/images/products/400/054/000/3246/front_de.49.400.jpg,"['en:whole-grain-oat-flakes', 'en:cereal', 'en:oat', 'en:oat-flakes', 'en:wholemeal-oat', 'en:sugar', 'en:added-sugar', 'en:disaccharide', 'en:palm-oil', 'en:oil-and-fat', 'en:vegetable-oil-and-fat', 'en:palm-oil-and-fat', 'en:wheat-flour', 'en:flour', 'en:wheat', 'en:cereal-flour', 'en:glucose-fructose-syrup', 'en:monosaccharide', 'en:fructose', 'en:glucose', 'en:whole-wheat-flakes', 'en:whole-wheat', 'en:wheat-flakes', 'en:fat-reduced-cocoa-powder', 'en:plant', 'en:cocoa', 'en:cocoa-powder', 'en:wholemeal-oat-flour', 'en:wholemeal-flour', 'en:oat-flour', 'en:cocoa-butter', 'en:whole-milk-powder', 'en:dairy', 'en:milk-powder', 'en:skimmed-milk-powder', 'en:sweet-whey-powder', 'en:whey', 'en:sweet-whey', 'en:butter', 'en:wheat-starch', 'en:starch', 'en:barley-malt-extract', 'en:malt', 'en:malted-barley', 'en:raising-agent', 'en:acidity-regulator', 'en:salt', 'en:emulsifier', 'en:e500ii', 'en:e500', 'en:e170i', 'en:e170', 'en:e322']","Vollkorn-Haferflocken (47 %), Zucker, Palmöl, Weizenmehl, Glukose-Fruktose-Sirup, Vollkorn-Weizenflocken (4%), fettarmes Kakaopulver* (3%), Vollkorn-Hafermehl (2%), Kakaobutter*, Vollmilchpulver, Magermilchpulver, Süßmolkenpulver, Butter, Weizenstärke, Gerstenmalzextrakt, Backtriebmittel Natriumhydrogencarbonat, Säureregulator Calciumcarbonat, Speisesalz, Emulgator Lecithine. Kann Schalenfrüchte enthalten.",UTZ Certified,"['en:sustainable-farming', 'en:utz-certified']",1774474466,,,[],Cardboard,['en:cardboard'],[],Knusper Schoko & Keks Müsli,,food,schokolade,64.0,
M&M'S,Chocolate covered peanuts,"['en:plant-based-foods-and-beverages', 'en:plant-based-foods', 'en:snacks', 'en:sweet-snacks', 'en:cocoa-and-its-products', 'en:confectioneries', 'en:nuts-and-their-products', 'en:chocolate-candies', 'en:bonbons', 'en:chocolate-covered-nuts-and-fruits', 'en:nut-confectioneries', 'en:chocolate-covered-nuts', 'en:chocolate-covered-peanuts']",5000159471510,"France, Germany, Spain","['en:france', 'en:germany', 'en:spain']",1491852170,e,Schokolinsen mit Erdnüssen,https://images.openfoodfacts.org/images/products/500/015/947/1510/front_en.11.400.jpg,"['en:sugar', 'en:added-sugar', 'en:disaccharide', 'en:peanut', 'en:nut', 'en:cocoa-paste', 'en:plant', 'en:cocoa', 'en:whole-milk-powder', 'en:dairy', 'en:milk-powder', 'en:cocoa-butter', 'en:starch', 'en:palm-fat', 'en:oil-and-fat', 'en:vegetable-oil-and-fat', 'en:palm-oil-and-fat', 'en:glucose-syrup', 'en:monosaccharide', 'en:glucose', 'en:skimmed-milk-powder', 'en:emulsifier', 'en:lactose', 'en:stabiliser', 'en:shea-butter', 'en:vegetable-fat', 'en:butterfat', 'en:fat', 'en:milkfat', 'en:e1400', 'en:glazing-agent', 'en:colour', 'en:palm-kernel-oil', 'en:palm-kernel-oil-and-fat', 'en:flavouring', 'en:salt', 'en:soya-lecithin', 'en:e322', 'en:e322i', 'en:e414', 'en:milk', 'en:e903', 'en:e100', 'en:e120', 'en:e133', 'en:e160a', 'en:e160e', 'en:e170']","Zucker, Erdnüsse, Kakaomasse, Vollmilchpulver, Kakaobutter, Stärke, Palmfett, Glukosesirup, Magermilchpulver, Emulgator (Sojalecithin), Milchzucker, Stabilisator (Gummi arabicum), Sheafett, Butterreinfett (aus Milch), Dextrin, Überzugsmittel (Carnaubawachs), Farbstoffe (E100, E120, E133, E160a, E160e, E170), Palmkernöl. Aromen, Salz. (Kann enthalten: Haselnuss, Mandel).",Green Dot,['en:green-dot'],1771846784,,,[],Kunststoff,['en:plastic'],"[{'food_contact': 1, 'material': 'en:plastic'}]",M&M's Erdnuss,NETTO,food,schokolade,15.0,
Glico,"Desserts, Milk chocolate biscuits, Stick biscuits covered with chocolate, Imbiss, Kekse, Kekse mit Milchschokolade, Kekse und Kuchen, Schokoladenkekse, Süßer Snack","['en:snacks', 'en:desserts', 'en:sweet-snacks', 'en:biscuits-and-cakes', 'en:biscuits-and-crackers', 'en:biscuits', 'en:chocolate-biscuits', 'en:milk-chocolate-biscuits', 'en:stick-biscuits-covered-with-chocolate', 'en:Imbiss', 'en:Kekse', 'en:Kekse mit Milchschokolade', 'en:Kekse und Kuchen', 'en:Schokoladenkekse', 'en:Süßer Snack']",7622300476144,"Austria, Belgium, France, Germany, Switzerland","['en:austria', 'en:belgium', 'en:france', 'en:germany', 'en:switzerland']",1444559137,d,Kekse überzogen mit Milchschokolade (49%),https://images.openfoodfacts.org/images/products/762/230/047/6144/front_de.55.400.jpg,"['en:wheat-flour', 'en:cereal', 'en:flour', 'en:wheat', 'en:cereal-flour', 'en:sugar', 'en:added-sugar', 'en:disaccharide', 'en:cocoa-butter', 'en:plant', 'en:cocoa', 'en:cocoa-paste', 'en:skimmed-milk-powder', 'en:dairy', 'en:milk-powder', 'en:whey-powder', 'en:whey', 'en:vegetable-fat', 'en:oil-and-fat', 'en:vegetable-oil-and-fat', 'en:butterfat', 'en:fat', 'en:milkfat', 'en:salt', 'en:emulsifier', 'en:raising-agent', 'en:yeast', 'en:flavouring', 'en:milk', 'en:palm', 'en:palm-oil-and-fat', 'en:palm-oil', 'en:coconut', 'en:fruit', 'en:soya-lecithin', 'en:e322', 'en:e322i', 'en:e476', 'en:e503']","Weizenmehl, Zucker, Kakaobutter, Kakaomasse, Magermilchpulver, Molkenpulver (aus Milch), pflanzliche Fette (Palm, Kokos), Butterreinfett, Speisesalz, Emulgatoren (Sojalecithine, E476), Backtriebmittel (E503), Hefe, Aroma. Kann Nüsse enthalten.","Green Dot, Made in France, fr:Eco Emballages","['en:green-dot', 'en:made-in-france', 'fr:Eco Emballages']",1777715464,France,,[],"Papier, en:Container, Stück","['en:container', 'en:papier', 'en:stuck']","[{'food_contact': 1, 'material': 'en:paper', 'shape': 'en:container'}]",Mikado Milch Schokolade,"Cora, HIT",food,schokolade,37.0,
"Milka, Schokolade",Dark chocolates,"['en:snacks', 'en:sweet-snacks', 'en:cocoa-and-its-products', 'en:chocolates', 'en:dark-chocolates']",7622201813598,"Germany, Switzerland","['en:germany', 'en:switzerland']",1632642466,e,Dunkle Schokolade mit Alpenmilch,https://images.openfoodfacts.org/images/products/762/220/181/3598/front_en.24.400.jpg,"['en:sugar', 'en:added-sugar', 'en:disaccharide', 'en:cocoa-paste', 'en:plant', 'en:cocoa', 'en:skimmed-milk-powder', 'en:dairy', 'en:milk-powder', 'en:cocoa-butter', 'en:butterfat', 'en:oil-and-fat', 'en:fat', 'en:milkfat', 'en:emulsifier', 'en:natural-vanilla-flavouring', 'en:flavouring', 'en:natural-flavouring', 'en:vanilla-flavouring', 'en:soya-lecithin', 'en:e322', 'en:e322i']","Zucker, Kakaomasse, _Magermilchpulver_ (11%), Kakaobutter, _Butterreinfett_ (6%), Emulgator (_Sojalecithine_), natürliches Vanillearoma","Green Dot, de:Cacao Life","['en:green-dot', 'de:Cacao Life']",1775226130,,,[],Kunststoff,['en:plastic'],"[{'food_contact': 1, 'shape': 'en:unknown'}]",darkmilk,,food,schokolade,17.0,
alpro,"Unsweetened beverages, Chocolate soy-based drinks","['en:beverages-and-beverages-preparations', 'en:plant-based-foods-and-beverages', 'en:beverages', 'en:plant-based-foods', 'en:legumes-and-their-products', 'en:dairy-substitutes', 'en:milk-substitutes', 'en:plant-based-beverages', 'en:plant-based-milk-alternatives', 'en:legume-based-drinks', 'en:unsweetened-beverages', 'en:soy-based-drinks', 'en:chocolate-soy-based-drinks']",5411188138464,"Austria, Germany, Switzerland","['en:austria', 'en:germany', 'en:switzerland']",1683396148,a-plus,"Sojadrink, Schokoladengeschmack, angereichert mit Calcium und Vitaminen.",https://images.openfoodfacts.org/images/products/541/118/813/8464/front_de.30.400.jpg,"['en:soy-base', 'en:sugar', 'en:added-sugar', 'en:disaccharide', 'en:sunflower-oil', 'en:oil-and-fat', 'en:vegetable-oil-and-fat', 'en:vegetable-oil', 'en:cocoa', 'en:plant', 'en:calcium', 'en:minerals', 'en:stabiliser', 'en:acidity-regulator', 'en:sea-salt', 'en:salt', 'en:flavouring', 'en:vitamins', 'en:e101', 'en:ergocalciferol', 'en:vitamin-d', 'en:water', 'en:soya-bean', 'en:vegetable', 'en:legume', 'en:pulse', 'en:soya', 'en:e170i', 'en:e170', 'en:e412', 'en:e418', 'en:e340']","SOJABASIS (88,6%) (Wasser, geschälte SOJABOHNEN (7%)), Zucker, Sonnenblumenöl, Magerkakao* (1,7%), Calcium (Calciumcarbonat), Stabilisatoren (Guarkernmehl, Gellan), Säureregulator (Kaliumphosphate), Meersalz, Aromen, Vitamine (B2, D2).","No gluten, European Vegetarian Union Vegan, FSC Mix, No lactose, Nutriscore Grade A, Rainforest Alliance Cocoa","['en:vegetarian', 'en:no-gluten', 'en:vegan', 'en:european-vegetarian-union', 'en:european-vegetarian-union-vegan', 'en:fsc', 'en:fsc-mix', 'en:no-lactose', 'en:nutriscore', 'en:nutriscore-grade-a', 'en:rainforest-alliance', 'en:rainforest-alliance-cocoa']",1777790681,,,[],,,"[{'number_of_units': '1', 'shape': 'en:lid'}, {'material': 'en:fsc-cardboard', 'number_of_units': '1', 'shape': 'en:packet'}]",Danone ALPRO® Trink Soja Schokolade 1L,Rewe,food,schokolade,100.0,
alpro,"Plant-based foods, Puddings, Vegan chocolate puddings, Chocolate soy desserts","['en:plant-based-foods-and-beverages', 'en:plant-based-foods', 'en:dairy-substitutes', 'en:desserts', 'en:vegan-products', 'en:non-dairy-desserts', 'en:puddings', 'en:chocolate-desserts', 'en:soy-desserts', 'en:vegan-creamy-puddings', 'en:flavoured-soy-dessert', 'en:vegan-chocolate-puddings', 'en:chocolate-soy-desserts']",5411188137863,"Austria, Germany, Luxembourg","['en:austria', 'en:germany', 'en:luxembourg']",1684219313,a-plus,"Sojadessert, Schokolade, angereichert mit Calcium und Vitaminen.",https://images.openfoodfacts.org/images/products/541/118/813/7863/front_de.25.400.jpg,"['en:soy-base', 'en:soy-protein', 'en:protein', 'en:plant-protein', 'en:sugar', 'en:added-sugar', 'en:disaccharide', 'en:modified-starch', 'en:starch', 'en:chocolate', 'en:cocoa', 'en:plant', 'en:flavouring', 'en:calcium', 'en:minerals', 'en:sea-salt', 'en:salt', 'en:vitamins', 'en:e101', 'en:ergocalciferol', 'en:vitamin-d', 'de:enthalten', 'en:water', 'en:soya-bean', 'en:vegetable', 'en:legume', 'en:pulse', 'en:soya', 'en:e170i', 'en:e170', 'de:keine Erdnüsse']","SOJABASIS (82,9%) (Wasser, geschälte SOJABOHNEN (10%)), SOJAPROTEIN, Zucker, modifizierte Stärke, Schokolade (1,5%), Magerkakao* (1,5%), Aromen, Calcium (Calciumcarbonat), Meersalz, Vitamine B2, D2. Kann Spuren von SCHALENFRÜCHTEN (keine Erdnüsse) enthalten.","European Vegetarian Union Vegan, Nutriscore Grade A, Rainforest Alliance","['en:vegetarian', 'en:vegan', 'en:european-vegetarian-union', 'en:european-vegetarian-union-vegan', 'en:nutriscore', 'en:nutriscore-grade-a', 'en:rainforest-alliance']",1780170711,,,[],,,"[{'material': 'en:pp-5-polypropylene', 'number_of_units': '1', 'shape': 'en:bowl'}, {'material': 'en:aluminium', 'number_of_units': '1', 'shape': 'en:film'}]",Danone ALPRO® Dessert Soja Schokolade High Protein 200g,rewe,food,schokolade,95.0,
"Halba, Rewe, Rewe Beste Wahl",Dark chocolates,"['en:snacks', 'en:sweet-snacks', 'en:cocoa-and-its-products', 'en:chocolates', 'en:dark-chocolates']",4337256745260,Germany,['en:germany'],1722702146,e,,https://images.openfoodfacts.org/images/products/433/725/674/5260/front_de.5.400.jpg,"['en:cocoa-paste', 'en:plant', 'en:cocoa', 'en:cocoa-butter', 'en:sugar', 'en:added-sugar', 'en:disaccharide', 'en:fat-reduced-cocoa-powder', 'en:cocoa-powder', 'en:natural-flavouring', 'en:flavouring']","Kakaomasse, Kakaobutter, Zucker, fettarmes Kakaopulver, natürliches Aroma. Kann Spuren von Milch, Haselnüssen, Mandeln und Soja enthalten.","Fairtrade International, Nutriscore Grade D","['en:fair-trade', 'en:fairtrade-international', 'en:nutriscore', 'en:nutriscore-grade-d']",1774547265,,,[],,,[],Edel-Bitter Schokolade 80%,REWE,food,schokolade,27.0,
"Krüger, Ludwig Schokolade, Mister Choc","Chocolate biscuits, Candy chocolate bars, Caramels","['en:snacks', 'en:sweet-snacks', 'en:biscuits-and-cakes', 'en:biscuits-and-crackers', 'en:cocoa-and-its-products', 'en:confectioneries', 'en:biscuits', 'en:chocolate-candies', 'en:bars', 'en:chocolate-biscuits', 'en:candy-chocolate-bars', 'en:caramels']",20272760,"Denmark, Finland, France, Germany, Greece, Italy, Poland, Sweden","['en:denmark', 'en:finland', 'en:france', 'en:germany', 'en:greece', 'en:italy', 'en:poland', 'en:sweden']",1458067053,d,,https://images.openfoodfacts.org/images/products/000/002/027/2760/front_en.97.400.jpg,"['en:sugar', 'en:added-sugar', 'en:disaccharide', 'en:wheat-flour', 'en:cereal', 'en:flour', 'en:wheat', 'en:cereal-flour', 'en:palm-fat', 'en:oil-and-fat', 'en:vegetable-oil-and-fat', 'en:palm-oil-and-fat', 'en:glucose-syrup', 'en:monosaccharide', 'en:glucose', 'en:cocoa-butter', 'en:plant', 'en:cocoa', 'en:skimmed-milk', 'en:dairy', 'en:milk', 'en:whole-milk-powder', 'en:milk-powder', 'en:cocoa-paste', 'en:humectant', 'en:lactose', 'en:whey-powder', 'en:whey', 'en:caramelised-sugar-sy-salt', 'en:cream-powder', 'en:cream', 'en:emulsifier', 'en:fat-reduced-cocoa-powder', 'en:cocoa-powder', 'en:barley-malt-extract', 'en:malt', 'en:malted-barley', 'en:rass-agent-sodium-bicarbonate', 'en:vanilla-extract', 'en:extract', 'en:vanilla', 'en:vegetable-extract', 'en:milk-chocolate', 'en:chocolate', 'en:milk-sales', 'en:preservative', 'en:e420ii', 'en:e420', 'en:soya-lecithin', 'en:e322', 'en:e322i', 'en:cocoa-solids', 'en:colour']","Sugar, Wheat Flour, Palm Fat, Glucose Syrup, Cocoa Butter, Condensed Skimmed Milk, Whole Milk Powder, Cocoa Mass. Humectant: Sorbitol Syrup; Lactose (Milk), Whey Powder (Milk), Caramelised Sugar Sy Salt, Cream Powder (Milk), Emulsifier: Soya Lecithins, Fat Reduced Cocoa Powder, Barley Malt Extract, Rass Agent Sodium Bicarbonate; Vanilla Extract. Milk chocolate contains: Cocoa Solids 27% minimum, Milk Sales 14% minimum. Allergy advice: May contain traces of Peanuts, Nuts and Egg. Suitable for vegetarians. No artificial flavourings, preservatives or colours.","Vegetarian, No artificial flavors, Fairtrade cocoa, Triman","['en:vegetarian', 'en:fair-trade', 'en:no-artificial-flavors', 'en:fairtrade-cocoa', 'fr:triman']",1773694304,Germany,,[],"Plastique,PP 5 - Polypropylène","['en:plastic', 'en:pp-5-polypropylene']","[{'food_contact': 1, 'material': 'en:pp-5-polypropylene'}]",Caramel et biscuit,Lidl,food,schokolade,30.0,
Rapunzel,Dark chocolates,"['en:snacks', 'en:sweet-snacks', 'en:cocoa-and-its-products', 'en:chocolates', 'en:dark-chocolates']",4006040013464,"Austria, Germany","['en:austria', 'en:germany']",1471771581,c,Bitterschokolade,https://images.openfoodfacts.org/images/products/400/604/001/3464/front_en.60.400.jpg,"['en:cocoa-butter', 'en:plant', 'en:cocoa', 'en:cocoa-paste', 'en:cocoa-powder', 'en:cane-sugar', 'en:added-sugar', 'en:disaccharide', 'en:sugar']","Kakaobutter, Kakaomasse, Kakaopulver, Rohrzucker.","Fair trade, non-EU Agriculture, Vegan, EG-Öko-Verordnung, CH-BIO-004, Green Dot, de:Fairtrade-Rapunzel","['en:vegetarian', 'en:fair-trade', 'en:organic', 'en:eu-organic', 'en:non-eu-agriculture', 'en:vegan', 'de:eg-öko-verordnung', 'en:ch-bio-004', 'en:green-dot', 'de:Fairtrade-Rapunzel']",1774423440,Schweiz,Bolivia,['en:bolivia'],"Kunststoff, Pappe, Folie, Karton","['en:plastic', 'en:cardboard', 'en:film', 'en:paperboard']","[{'food_contact': 1, 'material': 'en:plastic', 'shape': 'en:film'}, {'material': 'en:paperboard'}]",Schokolade 85% Kakao,Alnatura,food,schokolade,45.0,
"Das Exquisite, Rossmann",Dark chocolates,"['en:snacks', 'en:sweet-snacks', 'en:cocoa-and-its-products', 'en:chocolates', 'en:dark-chocolates']",4305615838847,Germany,['en:germany'],1619532070,e,,https://images.openfoodfacts.org/images/products/430/561/583/8847/front_de.21.400.jpg,"['en:cocoa-paste', 'en:plant', 'en:cocoa', 'en:sugar', 'en:added-sugar', 'en:disaccharide', 'en:cocoa-powder', 'en:fat-reduced-cocoa-powder']","Kakaomasse, Zucker, Kakaopulver (stark entölt).","Fair trade, FSC, Made in Germany","['en:fair-trade', 'en:fsc', 'en:made-in-germany']",1779669294,Deutschland,,[],Pappe,['en:cardboard'],"[{'material': 'en:paperboard', 'number_of_units': 1, 'shape': 'en:sleeve'}, {'food_contact': 1, 'material': 'en:aluminium', 'number_of_units': 1, 'shape': 'en:sheet'}]",Schokolade Noir 78%,,food,schokolade,26.0,
ja,"Milk chocolates, de:Alpen-Vollmilch","['en:snacks', 'en:sweet-snacks', 'en:cocoa-and-its-products', 'en:chocolates', 'en:milk-chocolates', 'de:Alpen-Vollmilch']",4337256613460,"Germany, Morocco","['en:germany', 'en:morocco']",1693048397,e,,https://images.openfoodfacts.org/images/products/433/725/661/3460/front_de.7.400.jpg,"['en:sugar', 'en:added-sugar', 'en:disaccharide', 'en:cocoa-butter', 'en:plant', 'en:cocoa', 'en:whole-milk-powder', 'en:dairy', 'en:milk-powder', 'en:sweet-whey-powder', 'en:whey', 'en:sweet-whey', 'en:cocoa-paste', 'en:hazelnut-paste', 'en:nut', 'en:tree-nut', 'en:hazelnut', 'en:butterfat', 'en:oil-and-fat', 'en:fat', 'en:milkfat', 'en:emulsifier', 'en:bourbon-vanilla-extract', 'en:extract', 'en:vanilla', 'en:bourbon-vanilla', 'en:vegetable-extract', 'en:vanilla-extract', 'en:e322']","Zucker, Kakaobutter, Vollmilchpulver 16%, Süßmolkenpulver, Kakaomasse, Haselnusspaste, Butterreinfett, Emulgator (Lecithine (Soja)), Bourbon-Vanilleextrakt. Kann Spuren von anderen Schalenfrüchten und Gluten enthalten.","Fairtrade cocoa, Nutriscore Grade E","['en:fair-trade', 'en:fairtrade-cocoa', 'en:nutriscore', 'en:nutriscore-grade-e']",1778534146,,de:Stollwerk GmbH 22844 Norderstedt,['de:Stollwerk GmbH 22844 Norderstedt'],,,[],Alpen-Vollmilch Schokolade,Rewe,food,schokolade,18.0,
"Glico, LU, Mondelez","Dark chocolate biscuits, Stick biscuits covered with chocolate","['en:snacks', 'en:sweet-snacks', 'en:biscuits-and-cakes', 'en:biscuits-and-crackers', 'en:biscuits', 'en:chocolate-biscuits', 'en:dark-chocolate-biscuits', 'en:stick-biscuits-covered-with-chocolate']",7622300479008,"Austria, France, Germany, Switzerland","['en:austria', 'en:france', 'en:germany', 'en:switzerland']",1485963907,e,Kekse überzogen mit dunkler Schokolade (49%),https://images.openfoodfacts.org/images/products/762/230/047/9008/front_de.51.400.jpg,"['en:wheat-flour', 'en:cereal', 'en:flour', 'en:wheat', 'en:cereal-flour', 'en:sugar', 'en:added-sugar', 'en:disaccharide', 'en:cocoa-paste', 'en:plant', 'en:cocoa', 'en:vegetable-fat', 'en:oil-and-fat', 'en:vegetable-oil-and-fat', 'en:cocoa-butter', 'en:sweet-whey-powder', 'en:dairy', 'en:whey', 'en:sweet-whey', 'en:clarified-butter', 'en:fat', 'en:milkfat', 'en:butterfat', 'en:salt', 'en:emulsifier', 'en:raising-agent', 'en:yeast', 'en:flavouring', 'en:palm', 'en:palm-oil-and-fat', 'en:palm-oil', 'en:coconut', 'en:fruit', 'en:milk', 'en:soya-lecithin', 'en:e322', 'en:e322i', 'en:e476', 'en:e503']","wheat flour, sugar, cocoa mass, vegetable fats (palm, coconut), cocoa butter, sweet whey powder (from milk), clarified butter, salt, emulsifiers (soy lecithins, e476), raising agent (e503), yeast, flavouring,","Charte LU Harmony, Green Dot, Made in France","['en:distributor-labels', 'en:charte-lu-harmony', 'en:green-dot', 'en:made-in-france']",1777715562,Frankreich,,[],"Plastic,Cardboard,Paperboard","['en:plastic', 'en:cardboard', 'en:paperboard']",[],Mikado Zartherbe Schokolade,"HIT, REWE",food,schokolade,23.0,
Kölln,Mueslis with chocolate,"['en:plant-based-foods-and-beverages', 'en:plant-based-foods', 'en:breakfasts', 'en:cereals-and-potatoes', 'en:cereals-and-their-products', 'en:breakfast-cereals', 'en:chocolate-cereals', 'en:mueslis', 'en:mueslis-with-chocolate']",4000540063868,Germany,['en:germany'],1753465598,c,,https://images.openfoodfacts.org/images/products/400/054/006/3868/front_de.7.400.jpg,"['en:whole-grain-oat-flakes', 'en:cereal', 'en:oat', 'en:oat-flakes', 'en:wholemeal-oat', 'en:sugar', 'en:added-sugar', 'en:disaccharide', 'en:cocoa-paste', 'en:plant', 'en:cocoa', 'en:wholemeal-oat-flour', 'en:flour', 'en:cereal-flour', 'en:wholemeal-flour', 'en:oat-flour', 'en:wheat-flour', 'en:wheat', 'en:caramel-syrup', 'en:whole-milk-powder', 'en:dairy', 'en:milk-powder', 'en:cocoa-butter', 'en:fat-reduced-cocoa-powder', 'en:cocoa-powder', 'en:skimmed-milk-powder', 'en:corn-starch', 'en:starch', 'en:barley-malt-extract', 'en:malt', 'en:malted-barley', 'en:salt', 'en:emulsifier', 'en:e322']","Vollkorn-Haferflocken (67%), Zucker, Kakaomasse, Vollkorn-Hafermehl (4%), Weizenmehl, Karamellsirup, Vollmilchpulver, Kakaobutter, fettarmes Kakaopulver, Magermilchpulver, Maisstärke, Gerstenmalzextrakt, Speisesalz, Emulgator Lecithine. Kann Mandeln, Haselnüsse, Cashewkerne und Pekannüsse enthalten.",,,1778866385,,,,,,[],Schoko Hafer-Müsli,,food,schokolade,59.0,
Quaker,"Mueslis, Cereal clusters with nuts","['en:plant-based-foods-and-beverages', 'en:plant-based-foods', 'en:breakfasts', 'en:cereals-and-potatoes', 'en:cereals-and-their-products', 'en:breakfast-cereals', 'en:mueslis', 'en:cereals-with-nuts', 'en:crunchy-cereal-clusters', 'en:cereal-clusters-with-nuts']",3168930010265,"Belgium, France, French Polynesia, Germany, Guadeloupe, Italy, Luxembourg, Martinique, Netherlands, Réunion, Slovenia, Spain, Switzerland, United Kingdom","['en:belgium', 'en:france', 'en:french-polynesia', 'en:germany', 'en:guadeloupe', 'en:italy', 'en:luxembourg', 'en:martinique', 'en:netherlands', 'en:reunion', 'en:slovenia', 'en:spain', 'en:switzerland', 'en:united-kingdom']",1495353417,b,Pépites de céréales croustillantes avec Mélange de Noix,https://images.openfoodfacts.org/images/products/316/893/001/0265/front_en.297.400.jpg,"['en:wholemeal-oat', 'en:cereal', 'en:oat', 'en:whole-wheat', 'en:wheat', 'en:glucose-syrup', 'en:added-sugar', 'en:monosaccharide', 'en:glucose', 'en:sunflower-oil', 'en:oil-and-fat', 'en:vegetable-oil-and-fat', 'en:vegetable-oil', 'en:sugar', 'en:disaccharide', 'en:roasted-almonds', 'en:nut', 'en:tree-nut', 'en:almond', 'en:hazelnut', 'en:oligofructose', 'en:pecan-nut', 'en:wheat-flour', 'en:flour', 'en:cereal-flour', 'en:rice-flour', 'en:rice', 'en:brazil-nut', 'en:honey', 'en:natural-flavouring', 'en:flavouring', 'en:antioxidant', 'en:vitamin-e', 'en:vitamins']","_avoine_ complète (32%), _blé_ complet (18%), sirop de glucose, huile de tournesol, sucre, _amandes_ grillées (4,2%), _noisettes_ (4%), oligofructose, _noix de Pécan_ (1,5%), farine de _blé_, farine de riz, _noix du Brésil_ (1%), miel, arômes naturels, antioxydant (tocophérol).","No artificial flavors, No preservatives, Green Dot, No colorings, No palm oil, Nutriscore Grade A, Triman","['en:no-artificial-flavors', 'en:no-preservatives', 'en:green-dot', 'en:no-colorings', 'en:no-palm-oil', 'en:nutriscore', 'en:nutriscore-grade-a', 'fr:triman']",1779419015,,,[],"Sachet,Boîte","['en:bag', 'en:box']","[{'material': 'en:cardboard', 'number_of_units': 1, 'recycling': 'en:recycle-in-sorting-bin', 'shape': 'en:sleeve', 'weight_measured': 52}, {'material': 'en:plastic', 'number_of_units': 1, 'quantity_per_unit': '450 g', 'quantity_per_unit_unit': 'g', 'quantity_per_unit_value': 450, 'recycling': 'en:recycle-in-sorting-bin', 'shape': 'en:bag', 'weight_measured': 6.9}]",cruesly mélange de noix,"Intermarché, Magasins U",food,muesli,63.0,
Jordans,Mueslis with fruits,"['en:plant-based-foods-and-beverages', 'en:plant-based-foods', 'en:breakfasts', 'en:cereals-and-potatoes', 'en:cereals-and-their-products', 'en:breakfast-cereals', 'en:cereals-with-fruits', 'en:mueslis', 'en:mueslis-with-fruits']",5010477348678,"Belgium, France, French Polynesia, Germany, Italy, Martinique, Monaco, Réunion, Spain, Switzerland","['en:belgium', 'en:france', 'en:french-polynesia', 'en:germany', 'en:italy', 'en:martinique', 'en:monaco', 'en:reunion', 'en:spain', 'en:switzerland']",1427620086,b,Flocons de 3 céréales avec 30% de fruits séchés et de noix,https://images.openfoodfacts.org/images/products/501/047/734/8678/front_fr.226.400.jpg,"['en:wholemeal-cereal', 'en:cereal', 'en:dried-fruits', 'en:fruit', 'en:barley-flakes', 'en:barley', 'en:sunflower-seed', 'en:plant', 'en:seed', 'en:sunflower', 'en:oat-flakes', 'en:oat', 'en:wheat-flakes', 'en:wheat', 'en:raisin', 'en:berries', 'en:grape', 'fr:raisins-de-sultanine', 'en:dried-apricots', 'en:prunus-species-fruit', 'en:apricot', 'en:dried-apple', 'en:malaceous-fruit', 'en:apple', 'en:coconut', 'fr:noix-noisettes-hachees-grillees', 'en:flaked-almonds', 'en:nut', 'en:tree-nut', 'en:almond']","Céréales complètes (59%) (flocons d'_avoine_, flocons de _blé_, flocons de _blé_ grillés), fruits secs (30%)  (raisins secs, raisins de sultanine, abricots secs hachés, tranches de pommes séchées, éclats de noix de coco grillés, noix_noisettes_ hachées grillées, _amandes_ effilées), flocons d'_orge_, graines de tournesol.","Vegetarian, No artificial flavors, No preservatives, High fibres, iron source, magnesium source, No added salt, No added sugar, No colorings, No palm oil, Nutriscore Grade A, Phosphore source, Rich in vitamin B1, Triman, fr:Source-de-potassium","['en:low-or-no-salt', 'en:vegetarian', 'en:no-artificial-flavors', 'en:no-preservatives', 'en:source-of-fibre', 'en:high-fibres', 'en:iron-source', 'en:magnesium-source', 'en:no-added-salt', 'en:no-added-sugar', 'en:no-colorings', 'en:no-palm-oil', 'en:nutriscore', 'en:nutriscore-grade-a', 'en:phosphore-source', 'en:rich-in-vitamin-b1', 'fr:triman', 'fr:Source-de-potassium']",1779554300,Royaume-Uni,Belgium,['en:belgium'],"Etui en carton,Sachet en plastique,Sachet en plastique à jeter,Étui en carton à recycler","['fr:etui-en-carton', 'fr:sachet-en-plastique', 'fr:sachet-en-plastique-a-jeter', 'fr:etui-en-carton-a-recycler']","[{'material': 'en:cardboard', 'number_of_units': 1, 'quantity_per_unit': '750 g', 'quantity_per_unit_unit': 'g', 'quantity_per_unit_value': 750, 'recycling': 'en:recycle-in-sorting-bin', 'shape': 'en:box', 'weight_measured': 65.15}, {'material': 'en:plastic', 'number_of_units': 1, 'quantity_per_unit': '750 g', 'quantity_per_unit_unit': 'g', 'quantity_per_unit_value': 750, 'recycling': 'en:recycle-in-sorting-bin', 'shape': 'en:bag', 'weight_measured': 9.19}]",Special Muesli 30% fruits & noix,"Auchan, Carrefour, Colruyt, Leclerc, Magasins U, Marché U, U, carrefour.fr",food,muesli,70.0,
Crownfield,Mueslis with chocolate,"['en:plant-based-foods-and-beverages', 'en:plant-based-foods', 'en:breakfasts', 'en:cereals-and-potatoes', 'en:cereals-and-their-products', 'en:breakfast-cereals', 'en:chocolate-cereals', 'en:mueslis', 'en:mueslis-with-chocolate']",4056489300786,"Belgium, Croatia, Cyprus, France, Germany, Greece, Hungary, Italy, Lithuania, Serbia, Switzerland","['en:belgium', 'en:croatia', 'en:cyprus', 'en:france', 'en:germany', 'en:greece', 'en:hungary', 'en:italy', 'en:lithuania', 'en:serbia', 'en:switzerland']",1606030760,a-plus,,https://images.openfoodfacts.org/images/products/405/648/930/0786/front_de.158.400.jpg,"['en:whole-grain-oat-flakes', 'en:cereal', 'en:oat', 'en:oat-flakes', 'en:wholemeal-oat', 'en:dark-chocolate', 'en:chocolate', 'en:glucose-syrup', 'en:added-sugar', 'en:monosaccharide', 'en:glucose', 'en:whole-wheat-flakes', 'en:wheat', 'en:whole-wheat', 'en:wheat-flakes', 'en:sunflower-oil', 'en:oil-and-fat', 'en:vegetable-oil-and-fat', 'en:vegetable-oil', 'en:fat-reduced-cocoa-powder', 'en:plant', 'en:cocoa', 'en:cocoa-powder', 'en:wheat-flour', 'en:flour', 'en:cereal-flour', 'en:cane-sugar', 'en:disaccharide', 'en:sugar', 'en:spelt-flour', 'en:coconut', 'en:fruit', 'en:honey', 'fr:pepites-de-chocolat-au-lait', 'en:milk-chocolate', 'en:sea-salt', 'en:salt', 'en:barley-malt-extract', 'en:malt', 'en:malted-barley', 'en:cocoa-paste', 'en:cocoa-butter', 'en:emulsifier', 'en:whole-milk-powder', 'en:dairy', 'en:milk-powder', 'en:sunflower-lecithin', 'en:e322', 'en:e322i']","_Hafervollkornflocken_, Zartbitterschokolade (Kakaomasse, Rohrzucker, Kakaobutter, Emulgator: Sonnenblumenlecithin), Glukosesirup, _Weizenvollkornflocken_, Sonnenblumenöl, fettarmes Kakaopulver, _Weizenmehl_, Rohrzucker, _Dinkelweizenmehl_, Kokosraspel, Honig, Vollmilchschokoladenstückchen (Zucker, Kakaomasse, _Vollmilchpulver_, Kakaobutter, Emulgator: Lecithine), Meersalz, _Gerstenmalzextrakt_","EG-Öko-Verordnung, DE-ÖKO-005, EU/non-EU Agriculture, High fibres, No palm oil, Nutriscore Grade C, Rainforest Alliance Cocoa, UTZ Certified Cocoa, AB Agriculture Biologique","['en:organic', 'en:eu-organic', 'en:non-eu-agriculture', 'en:source-of-fibre', 'en:sustainable-farming', 'de:eg-öko-verordnung', 'en:de-oko-005', 'en:eu-agriculture', 'en:eu-non-eu-agriculture', 'en:high-fibres', 'en:no-palm-oil', 'en:nutriscore', 'en:nutriscore-grade-c', 'en:rainforest-alliance', 'en:rainforest-alliance-cocoa', 'en:utz-certified', 'en:utz-certified-cocoa', 'fr:ab-agriculture-biologique']",1779556441,,,[],"Plástico,Saco,Cartão,Pacote,Papel cartonado,en:PP/PE","['en:plastic', 'en:bag', 'en:cardboard', 'en:packet', 'en:paperboard', 'en:pp-pe']","[{'material': 'en:pp-5-polypropylene', 'shape': 'en:bag'}, {'material': 'en:non-corrugated-cardboard', 'number_of_units': 1, 'recycling': 'en:recycle', 'shape': 'en:box'}]",Knusper Müsli Schoko,Lidl,food,muesli,90.0,
"Crownfield, Lidl","Berries, Crunchy mueslis with fruits","['en:plant-based-foods-and-beverages', 'en:plant-based-foods', 'en:fruits-and-vegetables-based-foods', 'en:breakfasts', 'en:cereals-and-potatoes', 'en:cereals-and-their-products', 'en:fruits-based-foods', 'en:breakfast-cereals', 'en:fruits', 'en:cereals-with-fruits', 'en:mueslis', 'en:berries', 'en:crunchy-mueslis', 'en:mueslis-with-fruits', 'en:crunchy-mueslis-with-fruits']",4056489296805,"Belgium, Croatia, Cyprus, France, Germany, Greece, Hungary, Italy, Latvia","['en:belgium', 'en:croatia', 'en:cyprus', 'en:france', 'en:germany', 'en:greece', 'en:hungary', 'en:italy', 'en:latvia']",1604900834,a,,https://images.openfoodfacts.org/images/products/405/648/929/6805/front_en.130.400.jpg,"['en:whole-grain-oat-flakes', 'en:cereal', 'en:oat', 'en:oat-flakes', 'en:wholemeal-oat', 'en:whole-wheat-flakes', 'en:wheat', 'en:whole-wheat', 'en:wheat-flakes', 'en:cane-sugar', 'en:added-sugar', 'en:disaccharide', 'en:sugar', 'en:glucose-syrup', 'en:monosaccharide', 'en:glucose', 'en:sunflower-oil', 'en:oil-and-fat', 'en:vegetable-oil-and-fat', 'en:vegetable-oil', 'en:coconut', 'en:fruit', 'en:wholemeal-oat-flour', 'en:flour', 'en:cereal-flour', 'en:wholemeal-flour', 'en:oat-flour', 'en:honey', 'en:blackberry', 'en:berries', 'en:raspberry', 'en:strawberry-pieces', 'en:strawberry', 'en:sea-salt', 'en:salt', 'en:antioxidant', 'en:e306']","46% Hafervollkornflocken, 14% Weizenvollkornflocken, Rohrzucker, Glukosesirup, Sonnenblumenöl, Kokosraspel, Hafervollkornmehl, Honig, 1,5% gefriergetrocknete Brombeeren, 0,5% gefriergetrocknete Himbeere, 0,5% gefriergetrocknete Erdbeerstücke, Meersalz, Antioxidationsmittel: stark tocopherolhaltige Extrakte","USDA Organic, EG-Öko-Verordnung, DE-ÖKO-005, EU/non-EU Agriculture, No palm oil, Nutriscore Grade C, AB Agriculture Biologique, Triman","['en:organic', 'en:eu-organic', 'en:non-eu-agriculture', 'en:usda-organic', 'de:eg-öko-verordnung', 'en:de-oko-005', 'en:eu-agriculture', 'en:eu-non-eu-agriculture', 'en:no-palm-oil', 'en:nutriscore', 'en:nutriscore-grade-c', 'fr:ab-agriculture-biologique', 'fr:triman']",1773049940,,,[],"Carton,Papier cartonné","['en:cardboard', 'en:paperboard']","[{'material': 'en:paperboard', 'shape': 'en:sleeve'}, {'material': 'de:PP/LDPE', 'shape': 'en:bag'}]",Bio Knusper Müsli Früchte,Lidl,food,muesli,78.0,
Crownfield,Mueslis with nuts,"['en:plant-based-foods-and-beverages', 'en:plant-based-foods', 'en:breakfasts', 'en:cereals-and-potatoes', 'en:cereals-and-their-products', 'en:breakfast-cereals', 'en:mueslis', 'en:cereals-with-nuts', 'en:mueslis-with-nuts']",20775025,"France, Germany","['en:france', 'en:germany']",1525452395,b,,https://images.openfoodfacts.org/images/products/000/002/077/5025/front_en.67.400.jpg,"['en:whole-grain-oat-flakes', 'en:cereal', 'en:oat', 'en:oat-flakes', 'en:wholemeal-oat', 'en:sugar', 'en:added-sugar', 'en:disaccharide', 'en:wheat-grain', 'en:wheat', 'en:sunflower-oil', 'en:oil-and-fat', 'en:vegetable-oil-and-fat', 'en:vegetable-oil', 'en:wheat-flour', 'en:flour', 'en:cereal-flour', 'en:whole-wheat-flakes', 'en:whole-wheat', 'en:wheat-flakes', 'en:pecan-nut', 'en:nut', 'en:tree-nut', 'en:peanut', 'en:honey', 'en:cashew-nuts', 'en:hazelnut', 'en:flaked-almonds', 'en:almond', 'en:salt', 'en:barley-malt-extract', 'en:malt', 'en:malted-barley', 'en:antioxidant', 'en:e306']","45 % flocons d'avoine complète, sucre, grains de froment (blé), huile de tournesol, farine de blé, flocons de blé complet, 4% noix de pécan hachée, 4% cacahuètes (arachides), 1,5% miel, 1% noix de cajou, 1% noisettes, 1% amandes effilées, sel, extrait de malt d'orge, antioxydant : extrait riche en tocophérols.",Triman,['fr:triman'],1772012021,,,[],Plastique,['en:plastic'],"[{'food_contact': 1, 'material': 'en:plastic', 'number_of_units': 1, 'quantity_per_unit': '500 g', 'quantity_per_unit_unit': 'g', 'quantity_per_unit_value': 500, 'shape': 'en:bag', 'weight_measured': 7.9}]",Muesli croustillant Noix et Miel,Lidl,food,muesli,64.0,
Charles Vignon,Mueslis with chocolate,"['en:plant-based-foods-and-beverages', 'en:plant-based-foods', 'en:breakfasts', 'en:cereals-and-potatoes', 'en:cereals-and-their-products', 'en:breakfast-cereals', 'en:chocolate-cereals', 'en:mueslis', 'en:mueslis-with-chocolate']",3111902100020,"France, Germany","['en:france', 'en:germany']",1427990445,a,,https://images.openfoodfacts.org/images/products/311/190/210/0020/front_fr.90.400.jpg,"['en:wholemeal-cereal', 'en:cereal', 'en:unrefined-cane-sugar', 'en:added-sugar', 'en:disaccharide', 'en:sugar', 'en:cane-sugar', 'en:unrefined-sugar', 'en:chocolate', 'en:oil', 'en:oil-and-fat', 'fr:rapee', 'en:fat-reduced-cocoa-powder', 'en:plant', 'en:cocoa', 'en:cocoa-powder', 'en:oat-flakes', 'en:oat', 'en:rice', 'en:dark-chocolate', 'en:white-chocolate', 'en:milk-chocolate', 'en:sunflower-oil', 'en:vegetable-oil-and-fat', 'en:vegetable-oil', 'en:coconut-oil', 'en:cocoa-paste', 'en:cocoa-butter', 'en:whole-milk-powder', 'en:dairy', 'en:milk-powder']","Céréales* complètes 63% (flocons d'*avoine* 51,9%, riz*), sucre de canne* non raffiné, chocolat* 10% [chocolat noir* 4% (pâte de cacao*, sucre de canne*, beurre de cacao), chocolat* blanc 3.5% (sucre de canne*, beurre de cacao*, lait* entier en poudre), chocolat au lait 2,5% (sucre de canne*, beurre de cacao*, lait* entier en poudre, pâte de cacao*)], huile de tournesol*, noix de coco* râpée, cacao* maigre en poudre.

*Ingrédients issus de l'agriculture biologique. 
Peut contenir des traces de graines de sésame, soja et fruits à coque. Contient du gluten.","Fair trade, EU Agriculture, FR-BIO-01, No palm oil, AB Agriculture Biologique","['en:fair-trade', 'en:organic', 'en:eu-organic', 'en:eu-agriculture', 'en:fr-bio-01', 'en:no-palm-oil', 'fr:ab-agriculture-biologique']",1773051775,saint symphorien,"France, Europe, fr:Avoine d'Europe, fr:Avoine de France, fr:Fabriquée en France, fr:Hors Europe","['en:france', 'en:europe', ""fr:Avoine d'Europe"", 'fr:Avoine de France', 'fr:Fabriquée en France', 'fr:Hors Europe']",Plastique,['en:plastic'],"[{'food_contact': 1, 'material': 'en:recyclable-plastic', 'number_of_units': 1, 'recycling': 'en:recycle-in-sorting-bin', 'shape': 'en:bag'}]",Muesli bio croustillant 3 chocolats,"carrefour.fr, monoprix",food,muesli,84.0,
Crownfield,"Crunchy cereal clusters, Crunchy mueslis with fruits","['en:plant-based-foods-and-beverages', 'en:plant-based-foods', 'en:breakfasts', 'en:cereals-and-potatoes', 'en:cereals-and-their-products', 'en:breakfast-cereals', 'en:cereals-with-fruits', 'en:mueslis', 'en:crunchy-mueslis', 'en:mueslis-with-fruits', 'en:crunchy-cereal-clusters', 'en:crunchy-mueslis-with-fruits']",4056489209980,"Belgium, France, Germany, Italy, Portugal, Slovenia, Spain","['en:belgium', 'en:france', 'en:germany', 'en:italy', 'en:portugal', 'en:slovenia', 'en:spain']",1581443687,b,,https://images.openfoodfacts.org/images/products/405/648/920/9980/front_en.93.400.jpg,"['en:whole-grain-oat-flakes', 'en:cereal', 'en:oat', 'en:oat-flakes', 'en:wholemeal-oat', 'en:sultana-raisin', 'en:fruit', 'en:berries', 'en:grape', 'en:raisin', 'en:sultana', 'en:sugar', 'en:added-sugar', 'en:disaccharide', 'en:palm-oil', 'en:oil-and-fat', 'en:vegetable-oil-and-fat', 'en:palm-oil-and-fat', 'en:corn-flakes', 'en:corn', 'en:cornmeal', 'en:salt', 'en:barley-malt-extract', 'en:malt', 'en:malted-barley', 'en:emulsifier', 'en:banana', 'en:coconut', 'fr:billes-de-cereales', 'en:wheat-flour', 'en:flour', 'en:wheat', 'en:cereal-flour', 'en:glucose-syrup', 'en:monosaccharide', 'en:glucose', 'en:dried-apple-pieces', 'en:malaceous-fruit', 'en:apple', 'en:dried-apple', 'en:apple-pieces', 'en:oligofructose', 'en:honey', 'en:caramelised-sugar', 'en:cinnamon', 'en:condiment', 'en:spice', 'en:natural-flavouring', 'en:flavouring', 'fr:traces-eventuelles-d-autres-cereales-contenant-du-gluten', 'en:soya', 'en:milk', 'en:dairy', 'fr:de-fruits-a-coque', 'en:peanut', 'en:nut', 'en:sunflower-oil', 'en:vegetable-oil', 'en:e322', 'en:coconut-fat', 'en:vegetable-fat', 'en:natural-banana-flavouring', 'en:rice-flour', 'en:rice', 'en:antioxidant', 'en:e300', 'en:sunflower-lecithin', 'en:e322i', 'en:e330']","44% flocons d'avoine complète, 16% raisins secs sultanines (raisins secs sultanines, huile de tournesol), sucre, huile de palme, 5% cornflakes (4,8% semoule de maïs, sel, extrait de malt d'orge, émulsifiant: lécithines (tournesol), 4,5 % chips de banane (3,37% banane, graisse de coco, sucre, arôme naturel de banane), 4,5 % chips de noix de coco grillés, 4% billes de céréales (morceaux de maïs, farine de blé, sucre, farine de riz, sel), farine de blé, sirop de glucose, 2% morceaux de pommes déshydratées (1,98% morceaux de pommes, antioxydants: acide citrique, acide ascorbique), oligofructose, miel, extrait de malt d'orge, sel, sucre caramélisé, cannelle, arôme naturel, Traces éventuelles d'autres céréales contenant du gluten, de soja, de lait, de fruits à coque et d'arachides,","Green Dot, No colorings, Nutriscore","['en:green-dot', 'en:no-colorings', 'en:nutriscore']",1775627751,,Germany,['en:germany'],"Karton,21 PAP","['en:cardboard', 'en:non-corrugated-cardboard']","[{'material': 'en:cardboard', 'number_of_units': 1, 'shape': 'en:box', 'weight_measured': 57}, {'material': 'en:plastic', 'number_of_units': 1, 'shape': 'en:bag', 'weight_measured': 7.3}]",Crunchy Muesli Multi Fruit,Lidl,food,muesli,62.0,
"Weetabix, Alpen","Bircher-style mueslis with fruits, Mueslis with nuts","['en:plant-based-foods-and-beverages', 'en:plant-based-foods', 'en:breakfasts', 'en:cereals-and-potatoes', 'en:cereals-and-their-products', 'en:breakfast-cereals', 'en:cereals-with-fruits', 'en:mueslis', 'en:bircher-style-mueslis', 'en:mueslis-with-fruits', 'en:bircher-style-mueslis-with-fruits', 'en:cereals-with-nuts', 'en:mueslis-with-nuts']",5010029201246,"Belgium, France, Germany, Italy, Luxembourg, Morocco, Portugal, Spain, Switzerland, United Kingdom","['en:belgium', 'en:france', 'en:germany', 'en:italy', 'en:luxembourg', 'en:morocco', 'en:portugal', 'en:spain', 'en:switzerland', 'en:united-kingdom']",1398103757,b,,https://images.openfoodfacts.org/images/products/501/002/920/1246/front_en.193.400.jpg,"['en:whole-wheat', 'en:cereal', 'en:wheat', 'en:whole-grain-oat-flakes', 'en:oat', 'en:oat-flakes', 'en:wholemeal-oat', 'en:raisin', 'en:fruit', 'en:berries', 'en:grape', 'en:milk', 'en:dairy', 'de:süß-molken-pulver', 'en:nut', 'en:salt', 'en:hazelnut', 'en:tree-nut', 'en:almond']","_Vollkornweizen_ (43%), _Vollkornhaferflocken_ (37%), Rosinen (15%), Mager_milch_pulver, Süß_molken_pulver, Geröstete gehackte _Nüsse_ (2%) (_Haselnüsse_, _Mandeln_), Salz.","Low or no sugar, Vegetarian, Low salt, Green Dot, High fibres, No added sugar, No palm oil, Nutriscore Grade A, Triman, 100% natural","['en:low-or-no-salt', 'en:low-or-no-sugar', 'en:vegetarian', 'en:low-salt', 'en:source-of-fibre', 'en:green-dot', 'en:high-fibres', 'en:no-added-sugar', 'en:no-palm-oil', 'en:nutriscore', 'en:nutriscore-grade-a', 'fr:triman', 'es:100\xa0% natural']",1775978101,,,[],"Plástico,Papel","['en:plastic', 'en:paper']","[{'material': 'en:cardboard', 'number_of_units': 1, 'shape': 'en:box'}, {'material': 'en:plastic', 'number_of_units': 1, 'shape': 'en:bag'}]",Swiss Style Muesli,"Auchan, E.Leclerc, Pingo Doce, Rewe",food,muesli,63.0,
"Danone, Activia, Activia yoghurt cereals/fibres",Bifidus yogurts,"['en:dairies', 'en:fermented-foods', 'en:fermented-milk-products', 'en:desserts', 'en:dairy-desserts', 'en:fermented-dairy-desserts', 'en:bifidus-yogurts']",3033491235375,"France, Germany","['en:france', 'en:germany']",1496834783,unknown,"Spécialité laitière sucrée, au bifidus, au müesli",https://images.openfoodfacts.org/images/products/303/349/123/5375/front_fr.145.400.jpg,"['en:whole-milk', 'en:dairy', 'en:milk', 'en:skimmed-milk', 'en:water', 'en:sugar', 'en:added-sugar', 'en:disaccharide', 'en:muesli', 'en:cream', 'en:fructooligosaccharide', 'en:sweetener', 'en:prebiotics', 'en:thickener', 'es:bifidobacterias-y-otros-fermentos-lacticos', 'en:ferment', 'en:microbial-culture', 'en:lactic-ferments', 'en:bifidus', 'en:acidity-regulator', 'en:flavouring', 'en:raisin', 'en:fruit', 'en:berries', 'en:grape', 'en:wheat', 'en:cereal', 'en:oat', 'en:hazelnut', 'en:nut', 'en:tree-nut', 'en:almond', 'en:walnut', 'en:e407', 'en:modified-starch', 'en:starch', 'en:bifidus-actiregularis', 'en:e330', 'en:sodium-citrate', 'en:minerals', 'en:sodium', 'en:e1422', 'en:e331']","LAIT entier (67%), LAIT écrémé concentré, eau, sucre (6,7%), müesli (3,5%) (raisins secs, BLÉ, AVOINE, NOISETTE, AMANDE, NOIX), crème (LAIT), fructo-oligosaccharide, épaississants (carraghénanes: E407, amidon transformé: E1422), ferments lactiques dont bifidobacterium (Bifidus ActiRegularis) (LAIT), correcteurs d'acidité (acide citrique: E330, citrate de sodium: E331), arômes","Green Dot, High fibres, Nutriscore Grade B, Triman","['en:source-of-fibre', 'en:green-dot', 'en:high-fibres', 'en:nutriscore', 'en:nutriscore-grade-b', 'fr:triman']",1773686630,Allemagne,,[],"Plastique,Pot,Carton,Frais,en:ps-polystyrene,4 X 120g,6,Etui carton à recycler,Etui en carton,Pensez au tri!,Point vert,Pot en plastique,Pot plastique et opercule à jeter","['en:plastic', 'en:cardboard', 'en:pot', 'en:ps-6-polystyrene', 'en:fresh', 'fr:4-x-120g', 'fr:6', 'fr:etui-carton-a-recycler', 'fr:etui-en-carton', 'fr:pensez-au-tri', 'fr:point-vert', 'fr:pot-en-plastique', 'fr:pot-plastique-et-opercule-a-jeter']","[{'food_contact': 1, 'material': 'en:ps-6-polystyrene', 'recycling': 'en:discard', 'shape': 'en:seal'}, {'food_contact': 0, 'material': 'en:cardboard', 'recycling': 'en:recycle', 'shape': 'en:sleeve'}, {'food_contact': 1, 'material': 'en:plastic', 'shape': 'en:pot'}, {'food_contact': 0, 'material': 'en:unknown', 'shape': 'en:unknown'}]",Activia bifidus cereales 120 g x 4 muesli,"Auchan, Intermarché, Magasins U, carrefour.fr",food,muesli,,
Crownfield,Mueslis with fruits,"['en:plant-based-foods-and-beverages', 'en:plant-based-foods', 'en:breakfasts', 'en:cereals-and-potatoes', 'en:cereals-and-their-products', 'en:breakfast-cereals', 'en:cereals-with-fruits', 'en:mueslis', 'en:mueslis-with-fruits']",20202859,"Belgium, France, Germany, Netherlands, Poland, Spain","['en:belgium', 'en:france', 'en:germany', 'en:netherlands', 'en:poland', 'en:spain']",1464504970,b,,https://images.openfoodfacts.org/images/products/000/002/020/2859/front_en.180.400.jpg,"['pt:mistura de frutos', 'en:barley', 'en:cereal', 'en:hazelnut', 'en:nut', 'en:tree-nut', 'pt:maltados', 'en:pumpkin-seed', 'en:vegetable', 'en:fruit-vegetable', 'en:seed', 'en:pumpkin', 'en:almond', 'pt:miolo de noz-peca', 'fr:noisettes-decortiquees', 'pt:Pode conter vestígios de outros frutos de casca rija', 'en:soy-milk', 'en:preparation', 'en:soy-preparation', 'pt:Conservar em local seco', 'en:sultana', 'en:fruit', 'en:berries', 'en:grape', 'pt:uva-passa', 'en:banana', 'pt:tâmaras secas', 'en:pineapple', 'pt:rodelas de coco tostadas', 'en:papaya', 'en:sugar', 'en:added-sugar', 'en:disaccharide', 'en:wheat', 'en:malted-barley', 'en:malt', 'en:emulsifier', 'en:vegetable-oil', 'en:oil-and-fat', 'en:vegetable-oil-and-fat', 'en:sunflower-oil', 'en:coconut-fat', 'en:vegetable-fat', 'pt:tâmara', 'en:rice-flour', 'en:flour', 'en:rice', 'en:acidity-regulator', 'en:antioxidant', 'en:sunflower-lecithin', 'en:e322', 'en:e322i', 'pt:algodão', 'en:e330']","45% mistura de frutos [14,5% sultanas (sultanas, óleos vegetais (girassol, algodão)), 6% uva-passa (uva-passa, óleo de girassol), 5,8% rodelas de banana seca (banana, gordura de coco, açúcar). 5,2% tâmaras secas (tâmara, farinha de arroz), 5% pedaços de ananás cristalizados (ananás, açúcar, regulador de acidez: ácido citrico; antioxidante: dióxido de enxofre); 5% rodelas de coco tostadas, 3,5% papaia cristalizada [papaia, açúcar], 34,5% flocos de cevada, 10,5% flocos de avela, flocos de cereais torrados e maltados (trigo, malte de cevada, emulsificante: lecitina de girassol), 2,3% sementes de abóbora, 1% amêndoa, 1% miolo de noz-peca, 0,75% miolo de avelã. Pode conter vestígios de outros frutos de casca rija, leite e soja. Conservar em local seco","High fibres, Nutriscore","['en:source-of-fibre', 'en:high-fibres', 'en:nutriscore']",1780872223,Belgium,,[],en:07 inne,['en:07-inne'],"[{'food_contact': 1, 'shape': 'en:bag'}]",,Lidl,food,muesli,64.0,
alpro,Almond-based drinks,"['en:beverages-and-beverages-preparations', 'en:plant-based-foods-and-beverages', 'en:beverages', 'en:plant-based-foods', 'en:dairy-substitutes', 'en:milk-substitutes', 'en:nuts-and-their-products', 'en:plant-based-beverages', 'en:plant-based-milk-alternatives', 'en:nut-based-drinks', 'en:almond-based-drinks']",5411188112709,"Albania, Austria, Belgium, Bulgaria, Croatia, Cyprus, Estonia, Finland, France, Germany, Greece, Hungary, Ireland, Israel, Latvia, Luxembourg, Morocco, Netherlands, Norway, Poland, Portugal, Réunion, Romania, Spain, Sweden, Switzerland, United Kingdom","['en:albania', 'en:austria', 'en:belgium', 'en:bulgaria', 'en:croatia', 'en:cyprus', 'en:estonia', 'en:finland', 'en:france', 'en:germany', 'en:greece', 'en:hungary', 'en:ireland', 'en:israel', 'en:latvia', 'en:luxembourg', 'en:morocco', 'en:netherlands', 'en:norway', 'en:poland', 'en:portugal', 'en:reunion', 'en:romania', 'en:spain', 'en:sweden', 'en:switzerland', 'en:united-kingdom']",1427561633,b,"Mandeldrink, angereichert mit Calcium und Vitaminen",https://images.openfoodfacts.org/images/products/541/118/811/2709/front_en.927.400.jpg,"['en:water', 'en:almond', 'en:nut', 'en:tree-nut', 'en:calcium', 'en:minerals', 'en:sea-salt', 'en:salt', 'en:stabiliser', 'en:emulsifier', 'en:natural-flavouring', 'en:flavouring', 'en:vitamins', 'en:vitamin-b12', 'en:ergocalciferol', 'en:vitamin-d', 'en:vitamin-e', 'en:e170i', 'en:e170', 'en:e412', 'en:e418', 'en:e322']","Wasser, _Mandeln_ (2,3%), Calcium (Calciumcarbonat), Meersalz, Stabilisatoren (Guarkernmehl, Gellan), Emulgator (Lecithine), natürliches Aroma, Vitamine B12, D2, E.","Low fat, No gluten, No milk, Calcium source, Certified B Corporation, European Vegetarian Union Vegan, FSC Mix, low saturated fat, No dyes or preservatives, No sugar, Nutriscore Grade B, plant-based, The Vegan Society, Without sweeteners, Triman","['en:low-or-no-fat', 'en:low-or-no-sugar', 'en:vegetarian', 'en:low-fat', 'en:no-gluten', 'en:no-milk', 'en:no-preservatives', 'en:vegan', 'en:calcium-source', 'en:certified-b-corporation', 'en:european-vegetarian-union', 'en:european-vegetarian-union-vegan', 'en:fsc', 'en:fsc-mix', 'en:low-saturated-fat', 'en:no-colorings', 'en:no-dyes-or-preservatives', 'en:no-sugar', 'en:nutriscore', 'en:nutriscore-grade-b', 'en:plant-based', 'en:the-vegan-society', 'en:without-sweeteners', 'fr:triman']",1780956429,,,[],"Kunststoff, Verbundstoff, Tetra Pak, Ziegel, Packung, Tetra Brik, Tetra Brik Aseptic, en:composite-carton","['en:composite-material', 'en:tetra-pak', 'en:tetra-brik', 'en:tetra-brik-aseptic', 'en:kunststoff', 'en:packung', 'en:verbundstoff', 'en:ziegel', 'en:composite-carton']","[{'food_contact': 1, 'material': 'en:tetra-brik-aseptic', 'number_of_units': 1, 'recycling': 'en:recycle-in-sorting-bin', 'shape': 'en:bottle', 'weight_measured': 32.5}, {'food_contact': 1, 'material': 'en:plastic', 'number_of_units': 1, 'recycling': 'en:recycle-in-sorting-bin', 'shape': 'en:bottle-cap', 'weight_measured': 1.4}]",Geröstete Mandel Ohne Zucker,"carrefour, edeka, eroski, k-supermarket, konsum, netto, pingo-doce, rema-1000, spar",food,milch,71.0,
alpro,"Oat-based drinks, haverdrink, plantaardige-drinks, plantaardige-zuivel-alternatieven, vegan-en-plantaardig, vegetarisch","['en:beverages-and-beverages-preparations', 'en:plant-based-foods-and-beverages', 'en:beverages', 'en:plant-based-foods', 'en:cereals-and-potatoes', 'en:dairy-substitutes', 'en:cereals-and-their-products', 'en:milk-substitutes', 'en:plant-based-beverages', 'en:plant-based-milk-alternatives', 'en:cereal-based-drinks', 'en:oat-based-drinks', 'en:haverdrink', 'en:plantaardige-drinks', 'en:plantaardige-zuivel-alternatieven', 'en:vegan-en-plantaardig', 'en:vegetarisch']",5411188124689,"Belgium, Germany","['en:belgium', 'en:germany']",1543741138,b,Von Natur aus fettarm Haferdrink angereichert mit Calcium und Vitaminen,https://images.openfoodfacts.org/images/products/541/118/812/4689/front_en.455.400.jpg,"['en:water', 'en:oat', 'en:cereal', 'de:löslicher Mais-Ballast', 'de:stoff', 'en:sunflower-oil', 'en:oil-and-fat', 'en:vegetable-oil-and-fat', 'en:vegetable-oil', 'en:calcium', 'en:minerals', 'en:sea-salt', 'en:salt', 'en:stabiliser', 'en:vitamins', 'en:e101', 'en:ergocalciferol', 'en:vitamin-d', 'de:Kann andere glutenhaltige Getreidesorten enthalten', 'de:Von Natur aus laktosefrei', 'en:e170i', 'en:e170', 'en:e418']","Wasser, Hafer [8,3%), löslicher Mais-Ballast - stoff, Sonnenblumenöl, Calcium (Calciumcarbonat), Meersalz, Stabilisator [Gellan), Vitamine B2, D2. Kann andere glutenhaltige Getreidesorten enthalten. Von Natur aus laktosefrei.","No artificial sweeteners, No milk, Calcium source, Certified B Corporation, European Vegetarian Union Vegan, FSC Mix, Green Dot, High fibres, No dyes or preservatives, No sugar, Nutriscore Grade A, Vitamin B2 source, es:recicla-amarillo, es:recicla-marron, pt:fonte-de-vitamina-d2","['en:low-or-no-sugar', 'en:vegetarian', 'en:no-artificial-sweeteners', 'en:no-milk', 'en:no-preservatives', 'en:source-of-fibre', 'en:vegan', 'en:calcium-source', 'en:certified-b-corporation', 'en:european-vegetarian-union', 'en:european-vegetarian-union-vegan', 'en:fsc', 'en:fsc-mix', 'en:green-dot', 'en:high-fibres', 'en:no-colorings', 'en:no-dyes-or-preservatives', 'en:no-sugar', 'en:nutriscore', 'en:nutriscore-grade-a', 'en:vitamin-b2-source', 'es:recicla-amarillo', 'es:recicla-marron', 'pt:fonte-de-vitamina-d2']",1780471155,,fr:Européenne,['fr:Européenne'],"Tetra Pak,Composite-carton,Tetra Brik Aseptic,hu:Produkt","['en:tetra-pak', 'en:composite-carton', 'en:tetra-brik-aseptic', 'hu:produkt']","[{'material': 'en:tetra-brik-aseptic', 'number_of_units': 1, 'recycling': 'en:recycle', 'shape': 'en:brick'}, {'material': 'en:plastic', 'number_of_units': 1, 'recycling': 'en:recycle', 'shape': 'en:bottle-cap'}]",Hafer Milch,Albert Heijn,food,milch,62.0,
alpro,"Almond-based drinks, amandel, cashewdrink, plantaardige-drinks, plantaardige-zuivel-alternatieven, vegan-en-plantaardig, vegetarisch","['en:beverages-and-beverages-preparations', 'en:plant-based-foods-and-beverages', 'en:beverages', 'en:plant-based-foods', 'en:dairy-substitutes', 'en:milk-substitutes', 'en:nuts-and-their-products', 'en:plant-based-beverages', 'en:plant-based-milk-alternatives', 'en:nut-based-drinks', 'en:almond-based-drinks', 'en:amandel', 'en:cashewdrink', 'en:plantaardige-drinks', 'en:plantaardige-zuivel-alternatieven', 'en:vegan-en-plantaardig', 'en:vegetarisch']",5411188110835,"Belgium, Bulgaria, Croatia, France, Germany, Greece, Hungary, Italy, Luxembourg, Morocco, Netherlands, Poland, Portugal, Réunion, Romania, Slovakia, Spain, Sweden, Ukraine, United Kingdom","['en:belgium', 'en:bulgaria', 'en:croatia', 'en:france', 'en:germany', 'en:greece', 'en:hungary', 'en:italy', 'en:luxembourg', 'en:morocco', 'en:netherlands', 'en:poland', 'en:portugal', 'en:reunion', 'en:romania', 'en:slovakia', 'en:spain', 'en:sweden', 'en:ukraine', 'en:united-kingdom']",1529996603,b,"Mandeldrink, angereichert mit Calcium und Vitaminen.",https://images.openfoodfacts.org/images/products/541/118/811/0835/front_en.669.400.jpg,"['en:water', 'en:almond', 'en:nut', 'en:tree-nut', 'en:sugar', 'en:added-sugar', 'en:disaccharide', 'en:calcium', 'en:minerals', 'en:sea-salt', 'en:salt', 'en:stabiliser', 'en:emulsifier', 'en:natural-flavouring', 'en:flavouring', 'en:vitamins', 'en:e101', 'en:vitamin-b12', 'en:vitamin-e', 'en:ergocalciferol', 'en:vitamin-d', 'de:enthalten', 'en:e341iii', 'en:e341', 'en:carob-seed-flour', 'en:vegetable', 'en:flour', 'en:legume', 'en:pulse', 'en:carob-bean', 'en:e418', 'en:e322', 'de:keine Erdnüsse']","Wasser, MANDELN (2,3%), Zucker, Calcium (Tricalciumphosphat), Meersalz, Stabilisatoren (Johannisbrotkernmehl, Gellan), Emulgator (Lecithine), natürliches Aroma, Vitamine (B2, B12, E, D2). Mandeln aus Spanien. Kann Spuren von Schalenfrüchten (keine Erdnüsse) enthalten.","No milk, Vegan, Calcium source, FSC Mix, No lactose, Nutriscore Grade B, Without addition of dairy products, Triman","['en:vegetarian', 'en:no-milk', 'en:vegan', 'en:calcium-source', 'en:fsc', 'en:fsc-mix', 'en:no-lactose', 'en:nutriscore', 'en:nutriscore-grade-b', 'en:without-addition-of-dairy-products', 'fr:triman']",1780663335,france,fr:Amande d'Espagne,"[""fr:Amande d'Espagne""]","Composites multicouches,Tetra Pak,Sec,Brique,Carton,Bouchon de bouteille","['en:bottle-cap', 'en:multilayer-composite', 'en:tetra-pak', 'en:wine-cork', 'en:brick', 'en:cardboard', 'en:dry']","[{'material': 'en:tetra-pak', 'number_of_units': 1, 'recycling': 'en:recycle', 'shape': 'en:brick'}, {'material': 'en:pet-1-polyethylene-terephthalate', 'number_of_units': 1, 'recycling': 'en:recycle', 'shape': 'en:bottle-cap'}]","Alpro Mandeldrink, Original 1L",albert-heijn,food,milch,71.0,
alpro,Soy milk yogurts,"['en:plant-based-foods-and-beverages', 'en:fermented-foods', 'en:dairy-substitutes', 'en:desserts', 'en:vegan-products', 'en:non-dairy-desserts', 'en:non-dairy-fermented-foods', 'en:non-dairy-yogurts', 'en:soy-milk-yogurts']",5411188119098,"Andorra, Austria, Belgium, Finland, France, Germany, Italy, Portugal, Spain, Switzerland, United Kingdom","['en:andorra', 'en:austria', 'en:belgium', 'en:finland', 'en:france', 'en:germany', 'en:italy', 'en:portugal', 'en:spain', 'en:switzerland', 'en:united-kingdom']",1425250918,a,"Fermentiertes Sojaprodukt mit Kokosnuss, angereichert mit Calcium & Vitaminen",https://images.openfoodfacts.org/images/products/541/118/811/9098/front_en.393.400.jpg,"['en:soy-base', 'en:water', 'en:soya-bean', 'en:vegetable', 'en:legume', 'en:pulse', 'en:soya', 'en:coconut-milk', 'en:fruit', 'en:coconut', 'en:sugar', 'en:added-sugar', 'en:disaccharide', 'en:e333iii', 'en:e333', 'en:acidity-regulator', 'en:stabiliser', 'en:natural-flavouring', 'en:flavouring', 'en:sea-salt', 'en:salt', 'de:Antioxidationsmitel', 'en:vitamins', 'en:vitamin-b12', 'en:ergocalciferol', 'en:vitamin-d', 'en:lactic-ferments', 'en:ferment', 'en:microbial-culture', 'de:Kokosceme', 'en:e331', 'en:e330', 'en:e440a', 'de:stark tocopherol-tatige Extract', 'en:e304', 'de:Str', 'de:thermophilus', 'de:L', 'de:bulgaricus']","_Sojabasis_ (Wasser, geschälte _Sojabohnen_ (10,4%)], Kokosmilch (4,3%) (Kokosceme, Wasser), Zucker, Tricalciumcitrat, Säureregulatoren (Natriumcitrate, Citronensäure), Stabilisator (Pektine), natürliches Aroma, Meersalz, Antioxidationsmitel (stark tocopherol-tatige Extract, Fettsäureester der Ascorbinsäure), Vitamine (B12, D2), Joghurtkulturen (Str,thermophilus, L, bulgaricus).","Low fat, Low sugar, No gluten, No milk, 100% vegetable, Calcium source, European Vegetarian Union Vegan, Green Dot, No lactose, Nutriscore Grade B, ProTerra, Rich in vegetable protein, The Vegan Society, Triman","['en:low-or-no-fat', 'en:low-or-no-sugar', 'en:vegetarian', 'en:low-fat', 'en:low-sugar', 'en:no-gluten', 'en:no-milk', 'en:source-of-proteins', 'en:vegan', 'en:100-vegetable', 'en:calcium-source', 'en:european-vegetarian-union', 'en:european-vegetarian-union-vegan', 'en:green-dot', 'en:high-proteins', 'en:no-lactose', 'en:nutriscore', 'en:nutriscore-grade-b', 'en:proterra', 'en:rich-in-vegetable-protein', 'en:the-vegan-society', 'fr:triman']",1780916686,,,[],"Plastic,Pp-polypropylene,Cardboard,Paperboard,de:1 Becher aus Plastik,de:1 Deckel aus Kunststoff,de:1 Folie aus Aluminium,de:1 Hülle  aus Pappe","['en:plastic', 'en:cardboard', 'en:pp-5-polypropylene', 'en:paperboard', 'de:1-becher-aus-plastik', 'de:1-deckel-aus-kunststoff', 'de:1-folie-aus-aluminium', 'de:1-hülle-aus-pappe']","[{'food_contact': 1, 'material': 'en:pp-5-polypropylene', 'number_of_units': 1, 'recycling': 'en:recycle', 'shape': 'en:lid'}, {'food_contact': 0, 'material': 'en:aluminium', 'number_of_units': 1, 'recycling': 'en:recycle', 'shape': 'en:film'}, {'food_contact': 1, 'material': 'en:plastic', 'number_of_units': 1, 'recycling': 'en:recycle', 'shape': 'en:pot'}, {'food_contact': 0, 'material': 'en:cardboard', 'number_of_units': 1, 'recycling': 'en:recycle', 'shape': 'en:sleeve'}]",Natur mit Kokosnuss,"asda, franprix",food,milch,78.0,
alpro,Tropical fruits soy yogurts,"['en:plant-based-foods-and-beverages', 'en:fermented-foods', 'en:dairy-substitutes', 'en:desserts', 'en:vegan-products', 'en:non-dairy-desserts', 'en:non-dairy-fermented-foods', 'en:non-dairy-yogurts', 'en:soy-milk-yogurts', 'en:fruit-soy-yogurts', 'en:mixed-fruit-soy-yogurts', 'en:tropical-fruits-soy-yogurts']",5411188125808,"Austria, Belgium, Finland, France, Germany, Luxembourg, Netherlands, Portugal, Spain, Switzerland","['en:austria', 'en:belgium', 'en:finland', 'en:france', 'en:germany', 'en:luxembourg', 'en:netherlands', 'en:portugal', 'en:spain', 'en:switzerland']",1518986851,a,"Fermentiertes Sojaprodukt, Mango, angereichert mit Calcium und Vitaminen",https://images.openfoodfacts.org/images/products/541/118/812/5808/front_de.547.400.jpg,"['en:water', 'de:Mangomischung', 'en:soya-bean', 'en:vegetable', 'en:legume', 'en:pulse', 'en:soya', 'en:calcium', 'en:minerals', 'en:stabiliser', 'de:Pektine Säureregulatoren', 'en:natural-flavouring', 'en:flavouring', 'en:modified-starch', 'en:starch', 'en:sea-salt', 'en:salt', 'en:antioxidant', 'de:färbendes Karotten', 'en:pumpkin', 'en:fruit-vegetable', 'en:vitamins', 'en:e101', 'en:vitamin-b12', 'en:ergocalciferol', 'en:vitamin-d', 'en:lactic-ferments', 'en:ferment', 'en:microbial-culture', 'en:fruit', 'en:juice', 'en:e333iii', 'en:e333', 'en:e331', 'en:e330', 'en:e306', 'en:e304', 'en:streptococcus-thermophilus', 'en:lactobacillus-bulgaricus', 'en:lactobacillus']","Wasser, Mangomischung (16,8%) (Frucht (9,6%), Saftkonzentrat (7,2%)), geschälte Sojabohnen (9,7%), Calcium (Tricalciumcitrat), Stabilisator (Pektine Säureregulatoren (Natriumcitrate, Citronensäure), natürliches Aroma, modifizierte Stärke, Meersalz, Antioxidationsmittel (stark tocopherolhaltige Extrakte, Fettsäureester der Ascorbinsäure), färbendes Karotten - und Kürbiskonzentrat, Vitamine B2, B12, D2, Joghurtkulturen (S. thermophilus, L. bulgaricus).","No gluten, No GMOs, No milk, Calcium source, Certified B Corporation, European Vegetarian Union Vegan, No added sugar, Nutriscore Grade A, Rich in vegetable protein, Rich in vitamin B, Rich in vitamin B12, Rich in vitamin D, too good to go, Vitamin B12 source, Without sweeteners, Triman","['en:vegetarian', 'en:no-gluten', 'en:no-gmos', 'en:no-milk', 'en:source-of-proteins', 'en:vegan', 'en:calcium-source', 'en:certified-b-corporation', 'en:european-vegetarian-union', 'en:european-vegetarian-union-vegan', 'en:high-proteins', 'en:no-added-sugar', 'en:nutriscore', 'en:nutriscore-grade-a', 'en:rich-in-vegetable-protein', 'en:rich-in-vitamin-b', 'en:rich-in-vitamin-b12', 'en:rich-in-vitamin-d', 'en:too-good-to-go', 'en:vitamin-b12-source', 'en:without-sweeteners', 'fr:triman']",1781073402,,,[],"fr:couvercle en R-PET,fr:etui en carton,fr:opercule en aluminium,fr:pot en PP","['fr:couvercle-en-r-pet', 'fr:etui-en-carton', 'fr:opercule-en-aluminium', 'fr:pot-en-pp']","[{'food_contact': 1, 'material': 'en:pp-5-polypropylene', 'number_of_units': 1, 'recycling': 'en:recycle-with-plastics-metal-and-bricks', 'shape': 'en:pot', 'weight_measured': 7.89}, {'food_contact': 1, 'material': 'en:aluminium', 'number_of_units': 1, 'recycling': 'en:recycle-with-plastics-metal-and-bricks', 'shape': 'en:seal', 'weight_measured': 0.83}, {'food_contact': 0, 'material': 'en:cardboard', 'number_of_units': 1, 'recycling': 'en:recycle-in-paper-bin', 'shape': 'en:sleeve', 'weight_measured': 6.4}, {'food_contact': 0, 'material': 'en:rpet-transparent', 'number_of_units': 1, 'recycling': 'en:recycle-with-plastics-metal-and-bricks', 'shape': 'en:lid', 'weight_measured': 3.21}]",Mango ohne Zuckerzusatz,"edeka, kaufland, rewe",food,milch,78.0,
Kiri,"Cow cheeses, Cheeses for kids, Cheeses (perishable), Käse","['en:dairies', 'en:fermented-foods', 'en:fermented-milk-products', 'en:cheeses', 'en:cow-cheeses', 'en:cheeses-for-kids', 'en:cheeses-perishable', 'en:Käse']",3073781131888,"Belgium, France, Germany, Luxembourg, Switzerland","['en:belgium', 'en:france', 'en:germany', 'en:luxembourg', 'en:switzerland']",1582446251,c,,https://images.openfoodfacts.org/images/products/307/378/113/1888/front_en.39.400.jpg,"['en:milk', 'en:dairy', 'en:cream', 'en:water', 'en:milk-proteins', 'en:protein', 'en:animal-protein', 'en:milk-mineral-concentrate', 'en:milk-minerals', 'en:lactic-ferments', 'en:ferment', 'en:microbial-culture', 'en:salt']","pasteurized fresh milk 53% (origin: france), cream 32% (origin: france), water, milk proteins, milk mineral concentrate, lactic ferments, salt,","No preservatives, FSC Mix, Triman","['en:no-preservatives', 'en:fsc', 'en:fsc-mix', 'fr:triman']",1780453722,"france, sable-sur-sarthe",,[],"Pappe,FSC Karton, Boîte","['en:boite', 'en:fsc-karton', 'en:pappe']","[{'material': 'en:cardboard', 'number_of_units': 1, 'recycling': 'en:recycle', 'shape': 'en:box'}, {'material': 'en:metal', 'number_of_units': 24, 'recycling': 'en:recycle', 'shape': 'en:sheet'}]",Frische Milch & Rahm / Lait frais & Crème,"carrefour-fr, leclerc, monoprix",food,milch,55.0,
alpro,Fruit soy yogurts,"['en:plant-based-foods-and-beverages', 'en:fermented-foods', 'en:dairy-substitutes', 'en:desserts', 'en:vegan-products', 'en:non-dairy-desserts', 'en:non-dairy-fermented-foods', 'en:non-dairy-yogurts', 'en:soy-milk-yogurts', 'en:fruit-soy-yogurts']",5411188137993,"Andorra, France, Germany, Poland, Portugal, Spain, Switzerland","['en:andorra', 'en:france', 'en:germany', 'en:poland', 'en:portugal', 'en:spain', 'en:switzerland']",1680982439,a,"Fermentiertes Sojaprodukt, Heidelbeere, angereichert mit Calcium und Vitaminen.",https://images.openfoodfacts.org/images/products/541/118/813/7993/front_de.172.400.jpg,"['en:water', 'en:soya-bean', 'en:vegetable', 'en:legume', 'en:pulse', 'en:soya', 'en:sugar', 'en:added-sugar', 'en:disaccharide', 'en:blueberry', 'en:fruit', 'en:berries', 'en:calcium', 'en:minerals', 'en:stabiliser', 'de:färbendes Schwarzes Karottenkonzentrat', 'en:carrot', 'en:root-vegetable', 'en:taproot-vegetable', 'en:natural-flavouring', 'en:flavouring', 'en:acidity-regulator', 'en:sea-salt', 'en:salt', 'en:antioxidant', 'en:vitamins', 'en:e101', 'en:vitamin-b12', 'en:ergocalciferol', 'en:vitamin-d', 'en:lactic-ferments', 'en:ferment', 'en:microbial-culture', 'en:e333iii', 'en:e333', 'en:e440a', 'en:e330', 'en:e331', 'en:e306', 'en:e304', 'en:streptococcus-thermophilus', 'en:lactobacillus-bulgaricus', 'en:lactobacillus']","Wasser, geschälte SOJABOHNEN (9,8%), Zucker, Heidelbeere (5,7%), Calcium (Tricalciumcitrat), Stabilisator (Pektine), färbendes Schwarzes Karottenkonzentrat, Karotten und Heidelbeerkonzentrat, natürliches Aroma, Säureregulatoren (Citronensäure, Natriumcitrate), Meersalz, Antioxidationsmittel (stark tocopherolhaltige Extrakte, Fettsäureester der Ascorbinsäure), Vitamine (B2, B12, D2), Joghurtkulturen (S. thermophilus, L. bulgaricus). Kann SPUREN VON SCHALENFRÜCHTEN enthalten.","Low fat, No gluten, Certified B Corporation, European Vegetarian Union Vegan, High proteins, No lactose, Without addition of dairy products","['en:low-or-no-fat', 'en:vegetarian', 'en:low-fat', 'en:no-gluten', 'en:source-of-proteins', 'en:vegan', 'en:certified-b-corporation', 'en:european-vegetarian-union', 'en:european-vegetarian-union-vegan', 'en:high-proteins', 'en:no-lactose', 'en:without-addition-of-dairy-products']",1780562575,,,[],,,"[{'food_contact': 1, 'material': 'en:plastic', 'number_of_units': 1, 'shape': 'en:pot'}, {'food_contact': 1, 'number_of_units': 1, 'shape': 'en:seal'}, {'food_contact': 0, 'material': 'en:paper', 'number_of_units': 1, 'shape': 'en:label'}]",Danone ALPRO® Joghurt Soja Heidelbeere 400g,"carrefour, consum, mercadona, rewe",food,milch,78.0,
alpro,"Milk substitutes, Plantaardige drinks, Plantaardige zuivel alternatieven, Sojadrink, Vegan en plantaardig, Vegetarisch","['en:plant-based-foods-and-beverages', 'en:dairy-substitutes', 'en:milk-substitutes', 'en:Plantaardige drinks', 'en:Plantaardige zuivel alternatieven', 'en:Sojadrink', 'en:Vegan en plantaardig', 'en:Vegetarisch']",5411188115496,"Belgium, Germany","['en:belgium', 'en:germany']",1491665063,unknown,"Sojadrink, angereichert mit Calcium und Vitaminen.",https://images.openfoodfacts.org/images/products/541/118/811/5496/front_en.163.400.jpg,"['en:soy-base', 'en:acidity-regulator', 'en:calcium', 'en:minerals', 'en:flavouring', 'en:sea-salt', 'en:salt', 'en:stabiliser', 'en:vitamins', 'en:e101', 'en:vitamin-b12', 'en:ergocalciferol', 'en:vitamin-d', 'en:water', 'en:soya-bean', 'en:vegetable', 'en:legume', 'en:pulse', 'en:soya', 'en:e340', 'en:e170i', 'en:e170', 'en:e418']","SOJABASIS (98,8%) (Wasser, geschälte SOJABOHNEN (8,7%)), Säureregulator (Kaliumphosphate), Calcium (Calciumcarbonat), Aromen, Meersalz, Stabilisator (Gellan), Vitamine (B2, B12, D2)","No gluten, Vegan, No lactose, Nutriscore Grade A","['en:vegetarian', 'en:no-gluten', 'en:vegan', 'en:no-lactose', 'en:nutriscore', 'en:nutriscore-grade-a']",1780256254,,France,['en:france'],"Tetra Pak,Brick,Lid,Plastic","['en:composite-material', 'en:lid-or-cap', 'en:plastic', 'en:tetra-pak', 'en:brick', 'en:lid']","[{'material': 'xx:84-c-pap', 'number_of_units': 1, 'quantity_per_unit': '1l', 'quantity_per_unit_unit': 'l', 'quantity_per_unit_value': 1, 'recycling': 'en:recycle-in-paper-bin', 'shape': 'en:brick'}, {'material': 'en:hdpe-2-high-density-polyethylene', 'number_of_units': 1, 'quantity_per_unit': '1l', 'quantity_per_unit_unit': 'l', 'quantity_per_unit_value': 1, 'recycling': 'en:recycle-with-plastics', 'shape': 'en:lid-or-cap'}]",Soja Milch,albert-heijn,food,milch,,
müller,Kefir,"['en:beverages-and-beverages-preparations', 'en:beverages', 'en:dairies', 'en:fermented-foods', 'en:fermented-milk-products', 'en:dairy-drinks', 'en:fermented-drinks', 'en:fermented-milk-drinks', 'en:kefir']",4025500287955,Germany,['en:germany'],1704385794,unknown,,https://images.openfoodfacts.org/images/products/402/550/028/7955/front_en.25.400.jpg,['de:Fettarmer Kefir'],Fettarmer Kefir,,[],1779869421,,,[],,,"[{'food_contact': 1, 'material': 'en:pet-1-polyethylene-terephthalate'}]",Kefir,norma,food,milch,,
Oatly,"Oat-based drinks, haverdrink, plantaardige-drinks, plantaardige-zuivel-alternatieven, vegan-en-plantaardig, vegetarisch","['en:beverages-and-beverages-preparations', 'en:plant-based-foods-and-beverages', 'en:beverages', 'en:plant-based-foods', 'en:cereals-and-potatoes', 'en:dairy-substitutes', 'en:cereals-and-their-products', 'en:milk-substitutes', 'en:plant-based-beverages', 'en:plant-based-milk-alternatives', 'en:cereal-based-drinks', 'en:oat-based-drinks', 'en:haverdrink', 'en:plantaardige-drinks', 'en:plantaardige-zuivel-alternatieven', 'en:vegan-en-plantaardig', 'en:vegetarisch']",7394376616501,"Belgium, Germany","['en:belgium', 'en:germany']",1517077643,b,Haferdrink,https://images.openfoodfacts.org/images/products/739/437/661/6501/front_en.190.400.jpg,"['en:water', 'en:oat', 'en:cereal', 'en:rapeseed-oil', 'en:oil-and-fat', 'en:vegetable-oil-and-fat', 'en:acidity-regulator', 'en:minerals', 'en:salt', 'en:vitamins', 'en:e340ii', 'en:e340', 'en:e170i', 'en:e170', 'en:potassium-iodide', 'en:iodine', 'en:ergocalciferol', 'en:vitamin-d', 'en:e101', 'en:vitamin-b12']","Wasser, Hafer 10%, Rapsöl, Säureregulator (Dikaliumphosphat), Mineralien (Calciumcarbonat, Kaliumiodid), Salz, Vitamine (Vitamin D2, Riboflavin, Vitamin B12)","No milk, Vegan, Carbon footprint, FSC Mix, Green Dot, No soy","['en:vegetarian', 'en:no-milk', 'en:vegan', 'en:carbon-footprint', 'en:fsc', 'en:fsc-mix', 'en:green-dot', 'en:no-soy', 'en:carbon-footprint']",1780845897,EU,,[],"en:multilayer-composite,Tetra Pak,Tetra Brik,en:Getränkekarton","['en:composite-material', 'en:tetra-pak', 'en:tetra-brik', 'en:getrankekarton']","[{'food_contact': 1, 'material': 'en:tetra-brik-aseptic', 'number_of_units': 1, 'recycling': 'en:recycle', 'shape': 'en:brick', 'weight_measured': 40.4}]",Hafer Barista Edition,Albert Heijn,food,milch,63.0,
alpro,"Coconutmilk yogurts, pflanzliche-lebensmittel-und-getränke","['en:plant-based-foods-and-beverages', 'en:fermented-foods', 'en:dairy-substitutes', 'en:desserts', 'en:vegan-products', 'en:non-dairy-desserts', 'en:non-dairy-fermented-foods', 'en:non-dairy-yogurts', 'en:coconutmilk-yogurts', 'en:pflanzliche-lebensmittel-und-getränke']",5411188131380,"Belgium, France, Germany, Portugal, Spain","['en:belgium', 'en:france', 'en:germany', 'en:portugal', 'en:spain']",1585991337,unknown,Fermentiertes Kokosnussprodukt.,https://images.openfoodfacts.org/images/products/541/118/813/1380/front_en.178.400.jpg,"['en:coconut-milk', 'en:fruit', 'en:coconut', 'en:coconut-water', 'en:water', 'en:modified-starch', 'en:starch', 'en:microbial-culture', 'en:ferment', 'en:coconut-cream', 'de:Str', 'de:Thermophilus', 'de:Von l', 'de:Bulgaricus']","Kokosmilch (Kokoscreme, Wasser), Kokosnusswasser, Wasser, Modifizierte Stärke, Kulturen (Str, Thermophilus, Von l, Bulgaricus)","No gluten, European Vegetarian Union Vegan, No lactose, Nutriscore","['en:vegetarian', 'en:no-gluten', 'en:vegan', 'en:european-vegetarian-union', 'en:european-vegetarian-union-vegan', 'en:no-lactose', 'en:nutriscore']",1780327111,,,[],"Plástico,en:Metal,PP,en:Recyclable Metals,41 ALU,en:Cardboard,23 PBD,fr:couvercle plastique,fr:pot plastique,fr:étiquette en carton","['en:plastic', 'en:metal', 'en:pp-polypropylene', 'en:recyclable-metals', 'en:aluminium', 'en:cardboard', 'en:paperboard', 'fr:couvercle-plastique', 'fr:pot-plastique', 'fr:etiquette-en-carton']","[{'food_contact': 1, 'material': 'en:pp-5-polypropylene', 'shape': 'en:lid'}, {'food_contact': 0, 'material': 'en:cardboard', 'shape': 'en:label'}, {'food_contact': 1, 'material': 'en:plastic', 'shape': 'en:pot'}, {'food_contact': 0, 'material': 'en:aluminium'}]","Alpro Fermentiertes Kokosnussprodukt, Natur, Absolutely 350g","franprix, prisma",food,milch,,
alpro,"Plain soy yogurts, fr:A","['en:plant-based-foods-and-beverages', 'en:fermented-foods', 'en:dairy-substitutes', 'en:desserts', 'en:vegan-products', 'en:non-dairy-desserts', 'en:non-dairy-fermented-foods', 'en:non-dairy-yogurts', 'en:soy-milk-yogurts', 'en:plain-soy-yogurts', 'fr:A']",5411188124269,"Belgium, France, Germany, Luxembourg, Netherlands, Spain","['en:belgium', 'en:france', 'en:germany', 'en:luxembourg', 'en:netherlands', 'en:spain']",1489238343,a,"Fermentiertes Sojaprodukt mit Hafer, angereichert mit Calcium und Vitaminen.",https://images.openfoodfacts.org/images/products/541/118/812/4269/front_en.100.400.jpg,"['en:soy-base', 'en:oat', 'en:cereal', 'en:chicory-root', 'en:vegetable', 'en:shoot-vegetable', 'en:chicory', 'de:fasern', 'en:sugar', 'en:added-sugar', 'en:disaccharide', 'en:e333iii', 'en:e333', 'en:acidity-regulator', 'en:stabiliser', 'en:natural-flavouring', 'en:flavouring', 'en:sea-salt', 'en:salt', 'en:antioxidant', 'en:vitamins', 'en:vitamin-b12', 'en:ergocalciferol', 'en:vitamin-d', 'en:lactic-ferments', 'en:ferment', 'en:microbial-culture', 'de:enthalten', 'en:water', 'en:soya-bean', 'en:legume', 'en:pulse', 'en:soya', 'en:e331', 'en:e330', 'en:e440a', 'en:e306', 'en:e304', 'de:str', 'de:thermophilus', 'en:lactobacillus-bulgaricus', 'en:lactobacillus', 'de:keine-erdnüsse']","Sojabasis (Wasser, geschälte Sojabohnen (9,7%)), Hafer (3%), Zichorienwurzel - fasern, Zucker, Tricalciumcitrat, Säureregulatoren (Natriumcitrate, Citronensäure), Stabilisator (Pektine), natürliches Aroma, Meersalz, Antioxidationsmittel (stark tocopherolhaltige Extrakte, Fettsäureester der Ascorbinsäure), Vitamine (B12, D2), Joghurtkulturen (Str. thermophilus, L. bulgaricus). PO00 Kann Spuren von Schalenfrüchten (keine Erdnüsse) enthalten.","Low fat, Low sugar, 100% vegetable, Calcium source, European Vegetarian Union Vegan, Green Dot, High fibres, No lactose, No palm oil, Nutriscore Grade A, Triman, fr:Rico-en-proteinas-vegetales","['en:low-or-no-fat', 'en:low-or-no-sugar', 'en:vegetarian', 'en:low-fat', 'en:low-sugar', 'en:source-of-fibre', 'en:vegan', 'en:100-vegetable', 'en:calcium-source', 'en:european-vegetarian-union', 'en:european-vegetarian-union-vegan', 'en:green-dot', 'en:high-fibres', 'en:no-lactose', 'en:no-palm-oil', 'en:nutriscore', 'en:nutriscore-grade-a', 'fr:triman', 'fr:Rico-en-proteinas-vegetales']",1772881937,"8560, Alpro CVA, Belgium, Vlamingstraat 28, Wevelgem",,[],"Plastic,en:Fresh,en:Produkt,fr:Etiquette carton à recycler,fr:Pensez au tri!,fr:Point vert,fr:Pot et couvercle plastique - opercule aluminium à jeter dans le BAC DE TRI,fr:Triman","['en:plastic', 'en:fresh', 'en:produkt', 'fr:etiquette-carton-a-recycler', 'fr:pensez-au-tri', 'fr:point-vert', 'fr:pot-et-couvercle-plastique-opercule-aluminium-a-jeter-dans-le-bac-de-tri', 'fr:triman']","[{'material': 'en:aluminium', 'recycling': 'en:discard', 'shape': 'en:lid'}, {'material': 'en:cardboard', 'recycling': 'en:recycle', 'shape': 'en:label'}, {'material': 'en:plastic', 'recycling': 'en:discard', 'shape': 'en:lid'}]","Alpro Joghurtalternative auf Sojabasis, Natur mit Hafer, 500 g","Ahorramás, Alcampo, Auchan, Carrefour, Delhaize, El Corte Inglés, Eroski, Hipercor, Magasins U, Secours Populaire, carrefour.fr",food,milch,88.0,
"Mondelez, Philadelphia","Fresh cheeses, Cream cheeses, de:Frischkäsezubereitungen","['en:dairies', 'en:fermented-foods', 'en:fermented-milk-products', 'en:cheeses', 'en:fresh-cheeses', 'en:cream-cheeses', 'de:Frischkäsezubereitungen']",7622300315733,"Austria, Czech Republic, France, Germany, Ukraine","['en:austria', 'en:czech-republic', 'en:france', 'en:germany', 'en:ukraine']",1447920364,d,Frischkäsezubereitung der Doppelrahmstufe,https://images.openfoodfacts.org/images/products/762/230/031/5733/front_de.232.400.jpg,"['en:soft-white-cheese', 'en:dairy', 'en:cheese', 'de:Molkenerzeugnisse', 'en:salt', 'en:thickener', 'en:acid', 'en:milk', 'en:e412', 'en:e330']","_FRISCHKÄSE_, Molkenerzeugnisse (aus _MILCH_), Speisesalz, Verdickungsmittel (Guarkernmehl), Säuerungsmittel (Citronensäure)","Pasteurized, Green Dot, de:Für Vegetarier geeignet","['en:pasteurized', 'en:green-dot', 'de:Für Vegetarier geeignet']",1780213584,,,[],"Kunststoff,en:Dish,PP 5 - Polypropylen,Schüssel","['en:plastic', 'en:dish', 'en:pp-5-polypropylene', 'en:bowl']","[{'food_contact': 1, 'material': 'en:pp-5-polypropylene', 'number_of_units': 1, 'recycling': 'en:recycle', 'shape': 'en:bowl'}]",Philadelphia Original,"aldi, edeka, kaufland, lidl, netto-md, rewe",food,milch,41.0,
alpro,"Soy desserts, Strawberry soy yogurts, comida-no-láctea-fermentada","['en:plant-based-foods-and-beverages', 'en:fermented-foods', 'en:dairy-substitutes', 'en:desserts', 'en:vegan-products', 'en:non-dairy-desserts', 'en:non-dairy-fermented-foods', 'en:non-dairy-yogurts', 'en:soy-milk-yogurts', 'en:fruit-soy-yogurts', 'en:soy-desserts', 'en:strawberry-soy-yogurts', 'en:comida-no-láctea-fermentada']",5411188128649,"France, Germany, Netherlands, Portugal, Spain","['en:france', 'en:germany', 'en:netherlands', 'en:portugal', 'en:spain']",1558452393,a,"Fermentiertes Sojaprodukt, Erdbeere, angereichert mit Calcium und Vitaminen.",https://images.openfoodfacts.org/images/products/541/118/812/8649/front_en.324.400.jpg,"['en:soy-base', 'en:water', 'en:soya-bean', 'en:vegetable', 'en:legume', 'en:pulse', 'en:soya', 'en:strawberry', 'en:fruit', 'en:berries', 'en:fruit-juice', 'en:juice', 'en:sugar', 'en:added-sugar', 'en:disaccharide', 'en:stabiliser', 'en:acidity-regulator', 'en:e341iii', 'en:e341', 'en:natural-flavouring', 'en:flavouring', 'en:red-beetroot', 'en:root-vegetable', 'en:taproot-vegetable', 'en:beetroot', 'en:carrot-extract', 'en:carrot', 'en:sea-salt', 'en:salt', 'en:antioxidant', 'en:vitamins', 'en:e101', 'en:vitamin-b12', 'en:ergocalciferol', 'en:vitamin-d', 'en:lactic-ferments', 'en:ferment', 'en:microbial-culture', 'de:enthalten', 'en:e440a', 'en:e330', 'en:e331', 'en:e296', 'en:e306', 'en:e304', 'de:Str', 'de:thermophilus', 'de:L', 'de:bulgaricus', 'de:keine Erdnüsse']","Sojabasis (Wasser, geschälte Sojabohnen (13,9%), Erdbeere (9%) (Frucht (5%), Saft aus Fruchtsaftkonzentrat (4%), Zucker, Stabilisator (Pektine), Säureregulatoren (Citronensäure, Natriumcitrate, Apfelsäure), Tricalciumphosphat, natürliches Aroma, Rote-Bete-Extrakt, Karottenextrakt, Meersalz, Antioxidationsmittel (stark tocopherolhaltige Extrakte, Fettsäureester der Ascorbinsäure), Vitamine (B2, B12, D2), Joghurtkulturen (Str, thermophilus, L, bulgaricus), Kann Spuren von Schalenfrüchten (keine Erdnüsse) enthalten,","No gluten, European Vegetarian Union Vegan, No lactose, Nutriscore Grade A","['en:vegetarian', 'en:no-gluten', 'en:vegan', 'en:european-vegetarian-union', 'en:european-vegetarian-union-vegan', 'en:no-lactose', 'en:nutriscore', 'en:nutriscore-grade-a']",1780734002,,,[],"Plastic,PET - Polyethylene terephthalate,PP - Polypropylene,Cardboard,Paperboard","['en:plastic', 'en:pet-polyethylene-terephthalate', 'en:pp-polypropylene', 'en:cardboard', 'en:paperboard']","[{'material': 'en:pet-1-polyethylene-terephthalate'}, {'material': 'en:pp-5-polypropylene'}, {'material': 'en:paperboard'}]","Alpro Fermentiertes Sojaprodukt, Erdbeere, Skyr style 400g",prisma,food,milch,76.0,
"Kerrygold, Ornua Deutschland",Butters,"['en:dairies', 'en:fats', 'en:spreads', 'en:spreadable-fats', 'en:animal-fats', 'en:dairy-spreads', 'en:milkfat', 'en:butters']",4001954161010,Germany,['en:germany'],1457090558,d,Mildgesäuerte Butter aus Irland,https://images.openfoodfacts.org/images/products/400/195/416/1010/front_de.310.400.jpg,"['en:butter', 'en:dairy']",Butter,Green Dot,['en:green-dot'],1779677030,Deutschland,Ireland,['en:ireland'],"Verbundwerkstoff,Folie,Papier und Pappe/Kunststoff/Aluminium,Beschichtete Folie","['en:composite-material', 'en:film', 'en:paper-and-cardboard-plastic-aluminium', 'de:beschichtete-folie']","[{'food_contact': 1, 'material': 'en:paper-and-fibreboard-aluminium', 'number_of_units': 1, 'quantity_per_unit': '250 g', 'quantity_per_unit_unit': 'g', 'quantity_per_unit_value': 250, 'recycling': 'de:Gelbe Tonne', 'shape': 'en:film', 'weight_measured': 4}]",Original Irische Butter,"Aldi Nord, Aldi Süd, Auchan, CAP Markt, Cactus, Edeka, HIT, Lidl, Match, Netto MD, Rewe",food,milch,40.0,
alpro,Plain soy yogurts,"['en:plant-based-foods-and-beverages', 'en:fermented-foods', 'en:dairy-substitutes', 'en:desserts', 'en:vegan-products', 'en:non-dairy-desserts', 'en:non-dairy-fermented-foods', 'en:non-dairy-yogurts', 'en:soy-milk-yogurts', 'en:plain-soy-yogurts']",5411188138099,"Finland, France, Germany, Portugal, Slovenia, Switzerland","['en:finland', 'en:france', 'en:germany', 'en:portugal', 'en:slovenia', 'en:switzerland']",1681158153,a,"Fermentiertes Sojaprodukt, angereichert mit Calcium und Vitaminen.",https://images.openfoodfacts.org/images/products/541/118/813/8099/front_de.153.400.jpg,"['en:water', 'en:soya-bean', 'en:vegetable', 'en:legume', 'en:pulse', 'en:soya', 'en:calcium', 'en:minerals', 'en:stabiliser', 'en:acidity-regulator', 'en:natural-flavouring', 'en:flavouring', 'en:sea-salt', 'en:salt', 'en:antioxidant', 'en:vitamins', 'en:vitamin-b12', 'en:vitamin-b6', 'en:ergocalciferol', 'en:vitamin-d', 'en:lactic-ferments', 'en:ferment', 'en:microbial-culture', 'en:e333iii', 'en:e333', 'en:e440a', 'en:e331', 'en:e330', 'en:e306', 'en:e304', 'en:streptococcus-thermophilus', 'en:lactobacillus-bulgaricus', 'en:lactobacillus']","Wasser, geschälte SOJABOHNEN (10,7%), Calcium (Tricalciumcitrat), Stabilisator (Pektine), Säureregulatoren (Natriumcitrate, Citronensäure), natürliches Aroma, Meersalz, Antioxidationsmittel (stark tocopherolhaltige Extrakte, Fettsäureester der Ascorbinsäure), Vitamine (B12, B6, D2), Joghurtkulturen (S. thermophilus, L. bulgaricus). Kann SPUREN VON SCHALENFRÜCHTEN enthalten.","No gluten, Certified B Corporation, European Vegetarian Union Vegan, No lactose","['en:vegetarian', 'en:no-gluten', 'en:vegan', 'en:certified-b-corporation', 'en:european-vegetarian-union', 'en:european-vegetarian-union-vegan', 'en:no-lactose']",1780641742,,,[],,,"[{'food_contact': 1, 'material': 'en:pp-5-polypropylene', 'number_of_units': 1, 'quantity_per_unit': '400 g', 'quantity_per_unit_unit': 'g', 'quantity_per_unit_value': 400, 'recycling': 'en:recycle', 'shape': 'en:pot'}, {'food_contact': 1, 'material': 'en:light-aluminium', 'number_of_units': 1, 'quantity_per_unit': '400 g', 'quantity_per_unit_unit': 'g', 'quantity_per_unit_value': 400, 'recycling': 'en:recycle', 'shape': 'en:lid'}, {'food_contact': 0, 'material': 'en:non-corrugated-cardboard', 'number_of_units': 1, 'quantity_per_unit': '400 g', 'quantity_per_unit_unit': 'g', 'quantity_per_unit_value': 400, 'recycling': 'en:recycle'}]",Danone ALPRO® Joghurt Soja Natur ungesüßt,"interspar, rewe, spar",food,milch,81.0,
Lätta,Light margarines,"['en:plant-based-foods-and-beverages', 'en:plant-based-foods', 'en:fats', 'en:spreads', 'en:plant-based-spreads', 'en:vegetable-fats', 'en:spreadable-fats', 'en:margarines', 'en:light-margarines']",8719200282612,"Germany, Switzerland","['en:germany', 'en:switzerland']",1718340614,b,,https://images.openfoodfacts.org/images/products/871/920/028/2612/front_de.45.400.jpg,"['en:water', 'en:vegetable-oil', 'en:oil-and-fat', 'en:vegetable-oil-and-fat', 'en:coconut-fat', 'en:vegetable-fat', 'en:buttermilk', 'en:dairy', 'en:modified-starch', 'en:starch', 'en:salt', 'en:emulsifier', 'en:preservative', 'en:acid', 'en:natural-flavouring', 'en:flavouring', 'en:vitamin-d', 'en:vitamins', 'en:colour', 'en:rapeseed-oil', 'en:sunflower-fat', 'de:mono- und Diglyceride P von Speisefettsäuren', 'en:e322', 'en:e202', 'en:e270', 'en:e160a']","Trinkwasser, pflanzliche Öle (Raps, Sonnenblumen, in veränderlichen Gewichtsanteilen), Kokosfett, 5% BUTTERMILCH, modifizierte Stärke, Speisesalz (0,5%), Emulgatoren (Mono - und Diglyceride P von Speisefettsäuren, Lecithine), Konservierungsstoff (Kaliumsorbat), Säuerungsmittel (Milchsäure), natürliche Aromen, Vitamin D, Farbstoff (Carotin)",No palm oil,['en:no-palm-oil'],1779962410,,,,,,"[{'food_contact': 1, 'shape': 'en:lid'}]",Lätta,deutschland,food,milch,74.0,
Giovanni Ferrari,"Parmigiano-Reggiano, Fermentierte Lebensmittel, Fermentierte Milch, Italienischer Käse, Kuhmilchkäse, Käse, Milchprodukte","['en:dairies', 'en:fermented-foods', 'en:fermented-milk-products', 'en:cheeses', 'en:italian-cheeses', 'en:parmigiano-reggiano', 'en:Fermentierte Lebensmittel', 'en:Fermentierte Milch', 'en:Italienischer Käse', 'en:Kuhmilchkäse', 'en:Käse', 'en:Milchprodukte']",8001230000787,"Belgium, France, Germany, Switzerland","['en:belgium', 'en:france', 'en:germany', 'en:switzerland']",1475409555,d,"Parmigiano Reggiano, italienischer Hartkäse, gerieben, mit Rohmilch hergestellt",https://images.openfoodfacts.org/images/products/800/123/000/0787/front_de.79.400.jpg,"['en:rennet', 'en:enzyme', 'en:coagulating-enzyme', 'en:salt', 'en:milk', 'en:dairy']","Lab, Salz, Rohmilch","No lactose, PDO, Triman, fr:Autorizzazione-consorzio-parmigiano-reggiano-n-05-2012","['en:no-lactose', 'en:pdo', 'fr:triman', 'fr:Autorizzazione-consorzio-parmigiano-reggiano-n-05-2012']",1776608438,"Ferrari Giovanni, Ferrari Giovanni Industria Casearia S.p.a., Fontevivo, Industria Casearia SpA, Italy, Via Vienna 3",Italy,['en:italy'],"Sachet,Frais,de:Packung(en),en:Green dot,en:Plastic bag","['en:bag', 'en:fresh', 'de:packung-en', 'en:green-dot', 'en:plastic-bag']","[{'food_contact': 1, 'material': 'en:plastic', 'number_of_units': 1, 'quantity_per_unit': '60 g', 'quantity_per_unit_unit': 'g', 'quantity_per_unit_value': 60, 'recycling': 'en:recycle', 'shape': 'en:bag'}]",Parmigiano reggiano,"Carrefour, Super U, carrefour.fr",food,milch,39.0,
alpro,Plain soy yogurts,"['en:plant-based-foods-and-beverages', 'en:fermented-foods', 'en:dairy-substitutes', 'en:desserts', 'en:vegan-products', 'en:non-dairy-desserts', 'en:non-dairy-fermented-foods', 'en:non-dairy-yogurts', 'en:soy-milk-yogurts', 'en:plain-soy-yogurts']",5411188128588,"Austria, Belgium, Finland, France, Germany, Switzerland","['en:austria', 'en:belgium', 'en:finland', 'en:france', 'en:germany', 'en:switzerland']",1555141888,a,"Fermentiertes Sojaprodukt, angereichert mit Calcium und Vitaminen.",https://images.openfoodfacts.org/images/products/541/118/812/8588/front_en.220.400.jpg,"['en:soy-base', 'en:stabiliser', 'en:e333iii', 'en:e333', 'en:acidity-regulator', 'en:natural-flavouring', 'en:flavouring', 'en:antioxidant', 'en:sea-salt', 'en:salt', 'en:vitamins', 'en:vitamin-b12', 'en:ergocalciferol', 'en:vitamin-d', 'en:lactic-ferments', 'en:ferment', 'en:microbial-culture', 'de:Kann Spüren von Schalenfrüchten', 'de:enthalten', 'en:gluten', 'de:von Natur aus laktosefrei', 'en:water', 'en:soya-bean', 'en:vegetable', 'en:legume', 'en:pulse', 'en:soya', 'en:e440a', 'en:e331', 'en:e330', 'en:e306', 'en:e304', 'de:Str', 'de:thermophilus', 'en:lactobacillus-bulgaricus', 'en:lactobacillus', 'de:keine Erdnüsse']","SOJABASIS (Wasser, geschälte SOJABOHNEN (15,7%)), Stabilisator (Pektine), Tricalciumcitrat, Säureregulatoren (Natriumcitrate, Citronensäure), natürliches Aroma, Antioxidationsmittel (stark tocopherolhaltige Extrakte, Fettsäureester der Ascorbinsäure), Meersalz, Vitamine (B12, D2), Joghurtkulturen (Str. thermophilus, L. bulgaricus). Kann Spüren von Schalenfrüchten (keine Erdnüsse) enthalten. Gluten -- und von Natur aus laktosefrei.","No gluten, Certified B Corporation, European Vegetarian Union Vegan, Green Dot, High proteins, No lactose, No sugar, Nutriscore Grade A, fr:Entrepreneurs + Engagés, Triman, de:proterra-certifié","['en:low-or-no-sugar', 'en:vegetarian', 'en:no-gluten', 'en:source-of-proteins', 'en:vegan', 'en:certified-b-corporation', 'en:european-vegetarian-union', 'en:european-vegetarian-union-vegan', 'en:green-dot', 'en:high-proteins', 'en:no-lactose', 'en:no-sugar', 'en:nutriscore', 'en:nutriscore-grade-a', 'fr:entrepreneurs-engages', 'fr:triman', 'de:proterra-certifié']",1781080998,,,[],"fr:Etiquette carton,fr:Opercule métal À RECYCLER Pot et couvercle plastique À JETER,fr:Triman","['fr:etiquette-carton', 'fr:opercule-metal-a-recycler-pot-et-couvercle-plastique-a-jeter', 'fr:triman']","[{'food_contact': 1, 'material': 'en:aluminium', 'number_of_units': '1', 'recycling': 'en:discard', 'shape': 'en:lid'}, {'food_contact': 1, 'material': 'en:plastic', 'number_of_units': '1', 'recycling': 'en:discard', 'shape': 'en:pot'}, {'food_contact': 0, 'material': 'en:cardboard', 'number_of_units': '1', 'recycling': 'en:recycle', 'shape': 'en:label'}]","Alpro Fermentiertes Sojaprodukt, Ungesüßt, Skyr style 400g","Leclerc, Rewe, Secours Populaire, carrefour.fr",food,milch,80.0,
alpro,"Soy-based drinks, Lactose-free milk, Getranke, Hulsenfruchte-und-hulsenfruchtprodukte, Hulsenfruchtmilch, Pflanzliche-getranke, Pflanzliche-lebensmittel-und-getranke, Protein-drinks, Tiefkuhlprodukte","['en:beverages-and-beverages-preparations', 'en:plant-based-foods-and-beverages', 'en:beverages', 'en:dairies', 'en:plant-based-foods', 'en:legumes-and-their-products', 'en:dairy-substitutes', 'en:milk-substitutes', 'en:milks-liquid-and-powder', 'en:plant-based-beverages', 'en:milks', 'en:plant-based-milk-alternatives', 'en:legume-based-drinks', 'en:soy-based-drinks', 'en:lactose-free-milk', 'en:Getranke', 'en:Hulsenfruchte-und-hulsenfruchtprodukte', 'en:Hulsenfruchtmilch', 'en:Pflanzliche-getranke', 'en:Pflanzliche-lebensmittel-und-getranke', 'en:Protein-drinks', 'en:Tiefkuhlprodukte']",5411188130031,"France, Germany, Réunion, Romania, United Kingdom","['en:france', 'en:germany', 'en:reunion', 'en:romania', 'en:united-kingdom']",1580333483,a,"Sojadrink, angereichert mit Calcium und Vitaminen.",https://images.openfoodfacts.org/images/products/541/118/813/0031/front_en.179.400.jpg,"['en:soy-base', 'en:sugar', 'en:added-sugar', 'en:disaccharide', 'en:acidity-regulator', 'en:calcium', 'en:minerals', 'en:flavouring', 'en:sea-salt', 'en:salt', 'en:stabiliser', 'en:vitamins', 'en:e101', 'en:vitamin-b12', 'en:ergocalciferol', 'en:vitamin-d', 'en:water', 'en:soya-bean', 'en:vegetable', 'en:legume', 'en:pulse', 'en:soya', 'en:e340', 'en:e170i', 'en:e170', 'en:e418']","Sojabasis (96,9%) (Wasser, geschälte Sojabohnen (13,1%)), Zucker, Säureregulatoren (Kaliumphosphate), Calcium (Calciumcarbonat), Aroma, Meersalz, Stabilisator (Gellan), Vitamine B2, B12, D2.","No gluten, Ohne Gentechnik, Nutriscore Grade A, Rich in vegetable protein, The Vegan Society","['en:vegetarian', 'en:no-gluten', 'en:no-gmos', 'en:source-of-proteins', 'en:vegan', 'de:ohne-gentechnik', 'en:high-proteins', 'en:nutriscore', 'en:nutriscore-grade-a', 'en:rich-in-vegetable-protein', 'en:the-vegan-society']",1780814210,,,[],"Tetra Pak, de:Produkt, Composite-carton, Tetra Brik Aseptic","['en:tetra-pak', 'de:produkt', 'en:composite-carton', 'en:tetra-brik-aseptic']","[{'material': 'en:tetra-brik-aseptic', 'shape': 'en:brick'}, {'material': 'en:cardboard'}, {'material': 'en:plastic', 'number_of_units': 1, 'recycling': 'fr:Trier', 'shape': 'en:bottle-cap'}]",High Protein Soja Drink,"carrefour-fr, k-supermarket, rewe, tesco-extra",food,milch,82.0,
Vemondo,"Almond-based drinks, getränke, pflanzliche-getränke","['en:beverages-and-beverages-preparations', 'en:plant-based-foods-and-beverages', 'en:beverages', 'en:plant-based-foods', 'en:dairy-substitutes', 'en:milk-substitutes', 'en:nuts-and-their-products', 'en:plant-based-beverages', 'en:plant-based-milk-alternatives', 'en:nut-based-drinks', 'en:almond-based-drinks', 'en:getränke', 'en:pflanzliche-getränke']",4056489687641,"Denmark, Germany, Netherlands, United Kingdom","['en:denmark', 'en:germany', 'en:netherlands', 'en:united-kingdom']",1661931832,a,,https://images.openfoodfacts.org/images/products/405/648/968/7641/front_en.123.400.jpg,"['en:water', 'en:almond', 'en:nut', 'en:tree-nut', 'en:salt', 'en:stabiliser', 'en:e418', 'en:emulsifier', 'en:carob-seed-flour', 'en:vegetable', 'en:flour', 'en:legume', 'en:pulse', 'en:carob-bean', 'en:e322']","Wasser,
2.3% Mandeln,
Speisesalz,
Stabilisator (Johannisbrotkernmehl),
Gellan,
Emulgator (Lecithine)","EG-Öko-Verordnung, DK-ØKO-100, EU/non-EU Agriculture, European Vegetarian Union Vegan, FSC Mix, No added sugar, Nutriscore Grade B","['en:vegetarian', 'en:organic', 'en:eu-organic', 'en:non-eu-agriculture', 'en:vegan', 'de:eg-öko-verordnung', 'en:dk-øko-100', 'en:eu-agriculture', 'en:eu-non-eu-agriculture', 'en:european-vegetarian-union', 'en:european-vegetarian-union-vegan', 'en:fsc', 'en:fsc-mix', 'en:no-added-sugar', 'en:nutriscore', 'en:nutriscore-grade-b']",1780748486,,Almonds from EU,['en:Almonds from EU'],,[],"[{'food_contact': 1, 'material': 'xx:84-c-pap', 'number_of_units': 1}]",Milch Mandel ohne Zucker,lidl,food,milch,86.0,
Lidl,Greek-style yogurts,"['en:dairies', 'en:fermented-foods', 'en:fermented-milk-products', 'en:desserts', 'en:dairy-desserts', 'en:fermented-dairy-desserts', 'en:yogurts', 'en:greek-style-yogurts']",4056489258346,"Bulgaria, Croatia, France, Germany, Lithuania, Portugal, Romania, Slovenia, Spain, Switzerland, United Kingdom","['en:bulgaria', 'en:croatia', 'en:france', 'en:germany', 'en:lithuania', 'en:portugal', 'en:romania', 'en:slovenia', 'en:spain', 'en:switzerland', 'en:united-kingdom']",1592891523,a,,https://images.openfoodfacts.org/images/products/405/648/925/8346/front_en.250.400.jpg,"['en:pasteurized-skimmed-milk', 'en:dairy', 'en:milk', 'en:skimmed-milk', 'en:milk-proteins', 'en:protein', 'en:animal-protein', 'en:blueberry', 'en:fruit', 'en:berries', 'en:corn-starch', 'en:starch', 'bg:оцветяващ концентрат от морков', 'en:sweetener', 'en:e955', 'en:e950', 'en:ferment', 'en:lactase', 'en:enzyme', 'en:natural-flavouring', 'en:flavouring', 'en:e968']","79% пастьоризирано обезмаслено мляко, млечен белтък, 5% боровинки, 1,5% сок от боровинка от концентрат, царевично нишесте, оцветяващ концентрат от морков, подсладители: еритритол, сукралоза, ацесулфам К; млечнокисели култури, лактаза, естествен ароматизант.","Low fat, Green Dot, High proteins, No added sugar, No lactose, Nutriscore Grade A, With sweeteners","['en:low-or-no-fat', 'en:low-fat', 'en:source-of-proteins', 'en:green-dot', 'en:high-proteins', 'en:no-added-sugar', 'en:no-lactose', 'en:nutriscore', 'en:nutriscore-grade-a', 'en:with-sweeteners']",1780987393,deutschland,Germany,['en:germany'],Plastic,['en:plastic'],"[{'food_contact': 1, 'material': 'en:pp-5-polypropylene', 'number_of_units': 1, 'shape': 'en:pot'}, {'food_contact': 1, 'material': 'en:aluminium', 'shape': 'en:lid'}]",High Protein Joghurterzeugnis - Heidelbeere,lidl,food,milch,87.0,
alpro,Lemon soy yogurts,"['en:plant-based-foods-and-beverages', 'en:fermented-foods', 'en:dairy-substitutes', 'en:desserts', 'en:vegan-products', 'en:non-dairy-desserts', 'en:non-dairy-fermented-foods', 'en:non-dairy-yogurts', 'en:soy-milk-yogurts', 'en:fruit-soy-yogurts', 'en:lemon-soy-yogurts']",5411188138013,"Austria, Germany, Spain","['en:austria', 'en:germany', 'en:spain']",1688125028,b,"Fermentiertes Sojaprodukt, Zitrone-Limette, angereichert mit Calcium und Vitaminen.",https://images.openfoodfacts.org/images/products/541/118/813/8013/front_de.56.400.jpg,"['en:water', 'en:soya-bean', 'en:vegetable', 'en:legume', 'en:pulse', 'en:soya', 'en:sugar', 'en:added-sugar', 'en:disaccharide', 'en:glucose-fructose-syrup', 'en:monosaccharide', 'en:fructose', 'en:glucose', 'de:Zitronenmischung', 'en:acidity-regulator', 'en:stabiliser', 'en:calcium', 'en:minerals', 'en:sea-salt', 'en:salt', 'en:colouring-carrot-extract', 'en:root-vegetable', 'en:taproot-vegetable', 'en:carrot', 'en:carrot-extract', 'de:färbendes Kürbisextrakt', 'en:antioxidant', 'en:flavouring', 'de:natürliches Zitronenaroma mit anderen natürlichen Aromen', 'en:vitamins', 'en:e101', 'en:vitamin-b12', 'en:ergocalciferol', 'en:vitamin-d', 'en:lactic-ferments', 'en:ferment', 'en:microbial-culture', 'de:Zitronsaft aus Zitronensaftkonzentrat', 'en:lemon', 'en:fruit', 'en:citrus-fruit', 'en:reconstituted-lime-juice', 'en:juice', 'en:fruit-juice', 'en:lime', 'en:lime-juice', 'en:e330', 'en:e331', 'en:e440a', 'en:e341iii', 'en:e341', 'en:e306', 'en:e304', 'en:streptococcus-thermophilus', 'en:lactobacillus-bulgaricus', 'en:lactobacillus']","Wasser, geschälte SOJABOHNEN (9,7%), Zucker, Glukose-Fruktose-Sirup, Zitronenmischung (3,4%) (Zitronsaft aus Zitronensaftkonzentrat (1,7%), Zitrone (1,1%), Limettensaft aus Limettensaftkonzentrat (0,6%)), Säureregulatoren (Citronensäure, Natriumcitrate), Stabilisator (Pektine), Calcium (Tricalciumphosphat), Meersalz, färbendes Karottenextrakt, färbendes Kürbisextrakt, Antioxidationsmittel (stark tocopherolhaltige Extrakte, Fettsäureester der Ascorbinsäure), Aroma, natürliches Zitronenaroma mit anderen natürlichen Aromen, Vitamine (B2, B12, D2), Joghurtkulturen (S. thermophilus, L. bulgaricus).","No gluten, European Vegetarian Union Vegan, No lactose, Nutriscore Grade B","['en:vegetarian', 'en:no-gluten', 'en:vegan', 'en:european-vegetarian-union', 'en:european-vegetarian-union-vegan', 'en:no-lactose', 'en:nutriscore', 'en:nutriscore-grade-b']",1780724066,,,[],,,[],Zitrone Limette aus Soja,edeka,food,milch,74.0,
"EDEKA Meggle, Meggle",sweet cream butters,"['en:dairies', 'en:fats', 'en:spreads', 'en:spreadable-fats', 'en:animal-fats', 'en:dairy-spreads', 'en:milkfat', 'en:butters', 'en:sweet-cream-butters']",40349558,"Germany, Ukraine","['en:germany', 'en:ukraine']",1435785154,d,,https://images.openfoodfacts.org/images/products/000/004/034/9558/front_de.147.400.jpg,"['en:sweet-cream-butter', 'en:dairy', 'en:butter']",Süẞrahmbutter.,,[],1781014711,deutschland,Germany,['en:germany'],"Metall,Papier,Wiederverwertbare Metalle,Aluminium","['en:metal', 'en:paper', 'en:recyclable-metals', 'en:aluminium']","[{'material': 'en:aluminium', 'number_of_units': 1, 'quantity_per_unit': '250 g', 'quantity_per_unit_unit': 'g', 'quantity_per_unit_value': 250, 'shape': 'en:film', 'weight_measured': 1}, {'material': 'en:plastic', 'number_of_units': 1, 'shape': 'en:film', 'weight_measured': 1}, {'material': 'en:paper', 'number_of_units': 1, 'shape': 'en:film', 'weight_measured': 2}]",EDEKA BUTTER Meggle Butter - Meggle Feine Süßrahmbutter 250g 2.29€ 1kg 9.16€,"aldi, cap-markt, edeka, lidl, netto-md, penny, rewe",food,milch,40.0,
alpro,Fruit soy yogurts,"['en:plant-based-foods-and-beverages', 'en:fermented-foods', 'en:dairy-substitutes', 'en:desserts', 'en:vegan-products', 'en:non-dairy-desserts', 'en:non-dairy-fermented-foods', 'en:non-dairy-yogurts', 'en:soy-milk-yogurts', 'en:fruit-soy-yogurts']",5411188136347,"Belgium, France, Germany, Spain","['en:belgium', 'en:france', 'en:germany', 'en:spain']",1643707283,a,"Fermentiertes Sojaprodukt, Erdbeere-Kirsche-Dattel, angereichert mit Calcium und Vitaminen.",https://images.openfoodfacts.org/images/products/541/118/813/6347/front_de.109.400.jpg,"['en:soy-base', 'en:water', 'en:soya-bean', 'en:vegetable', 'en:legume', 'en:pulse', 'en:soya', 'de:Rote-Früchte-Dattel-Mix', 'en:cherry', 'en:fruit', 'en:prunus-species-fruit', 'en:date', 'en:strawberry', 'en:berries', 'en:cherry-juice', 'en:strawberry-juice-concentrate', 'en:juice', 'en:concentrate', 'en:fruit-juice', 'en:strawberry-juice', 'en:acidity-regulator', 'en:stabiliser', 'en:calcium', 'en:minerals', 'de:färbendes schwarzes Karottenkonzentrat', 'en:sea-salt', 'en:salt', 'en:antioxidant', 'en:flavouring', 'en:vitamins', 'en:e101', 'en:vitamin-b12', 'en:ergocalciferol', 'en:vitamin-d', 'en:lactic-ferments', 'en:ferment', 'en:microbial-culture', 'en:e330', 'en:e331', 'en:e440a', 'en:e341iii', 'en:e341', 'en:e306', 'en:e304', 'en:streptococcus-thermophilus', 'en:lactobacillus-bulgaricus', 'en:lactobacillus']","Sojabasis (81,8%) (Wasser, geschälte Sojabohnen (9,5%), Rote-Früchte-Dattel-Mix (16,8%) (Kirsche (3,4%), Dattel (3,2%), Erdbeere (3,2%), Dattelsaftkonzentrat (3,1%), Kirschsaftkonzentrat (2,7%), Erdbeersaftkonzentrat (1,2%), Säureregulatoren (Citronensäure, Natriumcitrate), Stabilisator (Pektine), Calcium (Tricalciumphosphat), färbendes schwarzes Karottenkonzentrat, Meersalz, Antioxidationsmittel (stark tocopherolhaltige Extrakte, Fettsäureester der Ascorbinsäure), Aromen, Vitamine B2, B12, D2, Joghurtkulturen (S. thermophilus, L. bulgaricus). Kann Spuren von Schalenfrüchten enthalten.","Low fat, No gluten, Calcium source, Certified B Corporation, Contains soy, European Vegetarian Union Vegan, Green Dot, No added sugar, No lactose, Nutriscore Grade A, Rich in vegetable protein, Without addition of dairy products","['en:low-or-no-fat', 'en:vegetarian', 'en:low-fat', 'en:no-gluten', 'en:source-of-proteins', 'en:vegan', 'en:calcium-source', 'en:certified-b-corporation', 'en:contains-soy', 'en:european-vegetarian-union', 'en:european-vegetarian-union-vegan', 'en:green-dot', 'en:high-proteins', 'en:no-added-sugar', 'en:no-lactose', 'en:nutriscore', 'en:nutriscore-grade-a', 'en:rich-in-vegetable-protein', 'en:without-addition-of-dairy-products']",1780562537,,,[],"1 plastic container to recycle, 1 paper label to recycle","['en:1-paper-label-to-recycle', 'en:1-plastic-container-to-recycle']","[{'material': 'en:plastic', 'number_of_units': 1, 'recycling': 'en:recycle', 'shape': 'en:Container'}, {'material': 'en:paper', 'number_of_units': 1, 'recycling': 'en:recycle', 'shape': 'en:sleeve'}, {'number_of_units': 1, 'shape': 'en:seal'}]","Alpro Fermentiertes Sojaprodukt, rote Früchte mit Datteln, ohne Zuckerzusatz 400g","Mercadona, Tegut",food,milch,77.0,
"Becel, Upfield",Margarines,"['en:plant-based-foods-and-beverages', 'en:plant-based-foods', 'en:fats', 'en:spreads', 'en:plant-based-spreads', 'en:vegetable-fats', 'en:spreadable-fats', 'en:margarines']",8719200262140,"Austria, Germany","['en:austria', 'en:germany']",1695063957,b,,https://images.openfoodfacts.org/images/products/871/920/026/2140/front_de.17.400.jpg,"['en:water', 'en:vegetable-oil', 'en:oil-and-fat', 'en:vegetable-oil-and-fat', 'en:flax-seed', 'en:seed', 'en:flax', 'en:coconut-fat', 'en:vegetable-fat', 'en:emulsifier', 'en:salt', 'en:acid', 'en:flavouring', 'en:vitamins', 'en:vitamin-a', 'en:vitamin-d', 'en:colour', 'en:sunflower-fat', 'en:rapeseed-oil', 'en:e471', 'en:e330', 'en:e160a']","Trinkwasser, pflanzliche Öle (Sonnenblumen, Raps, Leinsamen), Kokosfett, Emulgator (Mono - und Diglyceride von Speisefettsäuren), Speisesalz (0,2%), Säuerungsmittel (Citronensäure), Aromen, Vitamine (A, D), Farbstoff (Carotin).","No preservatives, Vegan","['en:vegetarian', 'en:no-preservatives', 'en:vegan']",1774537000,,,[],,,[],Becel Vital,"Edeka, Penny, Rewe",food,milch,61.0,
Naturgut Penny,"Noodles, Durum wheat penne, Durum wheat spaghetti, Penne rigate","['en:plant-based-foods-and-beverages', 'en:plant-based-foods', 'en:cereals-and-potatoes', 'en:cereals-and-their-products', 'en:pastas', 'en:cereal-pastas', 'en:noodles', 'en:durum-wheat-pasta', 'en:spaghetti', 'en:durum-wheat-penne', 'en:durum-wheat-spaghetti', 'en:penne', 'en:penne-rigate']",20681937,"France, Germany","['en:france', 'en:germany']",1487426669,unknown,Lait demi-écrémé stérilisé UHT.,https://images.openfoodfacts.org/images/products/000/002/068/1937/front_en.117.400.jpg,"['de:Vollkorn-Hart', 'en:wheat-semolina', 'en:cereal', 'en:wheat', 'en:semolina']",Vollkorn-Hart - weizengrieẞ*. *aus kontrolliert biologischem Anbau Kann Spuren von Soja und Senf enthalten.,"French milk, FSC Mix, Nutriscore Grade A, Triman","['en:french-milk', 'en:fsc', 'en:fsc-mix', 'en:nutriscore', 'en:nutriscore-grade-a', 'fr:triman']",1780532547,france,France,['en:france'],"en:E CartonFSC Mixt,en:Elopak Roll Fed,en:Garantie IPLC,Bouchon en plastique,Brique en carton","['en:e-cartonfsc-mixt', 'en:elopak-roll-fed', 'en:garantie-iplc', 'fr:bouchon-en-plastique', 'fr:brique-en-carton']","[{'food_contact': 1, 'material': 'en:elopak', 'shape': 'en:roll'}]",Bio Vollkorn Penne Rigante,lidl,food,milch,,
Oatly,"Haverdrink, Plantaardige drinks, Plantaardige zuivel alternatieven, Vegetarisch, vegan en plantaardig","['en:Haverdrink', 'en:Plantaardige drinks', 'en:Plantaardige zuivel alternatieven', 'en:Vegetarisch', 'en:vegan en plantaardig']",7394376621932,"Belgium, Germany","['en:belgium', 'en:germany']",1718902124,unknown,,https://images.openfoodfacts.org/images/products/739/437/662/1932/front_en.62.400.jpg,"['en:water', 'en:oat', 'en:cereal', 'en:rapeseed-oil', 'en:oil-and-fat', 'en:vegetable-oil-and-fat', 'en:acidity-regulator', 'en:minerals', 'en:salt', 'en:vitamins', 'en:ergocalciferol', 'en:vitamin-d', 'en:e101', 'en:vitamin-b12', 'en:soya', 'en:Best Before', 'en:e340ii', 'en:e340', 'en:e170i', 'en:e170', 'en:potassium-iodide', 'en:iodine', 'en:See the top of the pack', 'en:Storage']","Water, OATS 10%, rapeseed oil, acidity regulator (dipotassium phosphate), minerals (calcium carbonate, potassium iodide), salt, vitamins (D2, riboflavin, B12). Free from milk and soya. Best Before: See the top of the pack. Storage:","No milk, Vegan, FSC Mix","['en:vegetarian', 'en:no-milk', 'en:vegan', 'en:fsc', 'en:fsc-mix']",1780233695,,,,,,"[{'food_contact': 1, 'material': 'en:composite-material', 'number_of_units': 1, 'shape': 'en:brick'}]",Barista Edition Haferdrink,albert-heijn,food,milch,,
Rama,Margarines,"['en:plant-based-foods-and-beverages', 'en:plant-based-foods', 'en:fats', 'en:spreads', 'en:plant-based-spreads', 'en:vegetable-fats', 'en:spreadable-fats', 'en:margarines']",8719200233041,Germany,['en:germany'],1658289205,b,Rama,https://images.openfoodfacts.org/images/products/871/920/023/3041/front_de.58.400.jpg,"['en:vegetable-oil-and-fat', 'en:oil-and-fat', 'en:water', 'en:salt', 'en:emulsifier', 'en:natural-flavouring', 'en:flavouring', 'en:acid', 'en:vitamins', 'en:vitamin-a', 'en:vitamin-d', 'en:vitamin-e', 'en:colour', 'en:rapeseed-oil', 'en:vegetable-oil', 'de:Fette Palm Sonnenblumen', 'en:e322', 'en:e471', 'en:e330', 'en:e160a']","Pflanzliche Öle und Fette (Raps, Palm Sonnenblumen), Trinkwasser, Speisesalz, Emulgatoren (Lecithine, Mono - Und Diglyceride von Speisefettsäuren), Natürliche Aromen, Säuerungsmittel (Citronensäure), Vitamine (A, D, E), Farbstoff (Carotin)","100% vegetable, European Vegetarian Union Vegan, Natural ingredients","['en:vegetarian', 'en:vegan', 'en:100-vegetable', 'en:european-vegetarian-union', 'en:european-vegetarian-union-vegan', 'en:natural-ingredients']",1781063832,,Hamburg,"['en:germany', 'en:hamburg']",,[],[],Margarine,,food,milch,69.0,
"Arla, Arla BUKO","Fresh cheeses, Cream cheeses","['en:dairies', 'en:fermented-foods', 'en:fermented-milk-products', 'en:cheeses', 'en:fresh-cheeses', 'en:cream-cheeses']",5711953103766,Germany,['en:germany'],1578220561,c,,https://images.openfoodfacts.org/images/products/571/195/310/3766/front_de.63.400.jpg,"['en:soft-white-cheese', 'en:dairy', 'en:cheese', 'en:salt', 'en:cream', 'en:skimmed-milk', 'en:milk', 'en:lactic-ferments', 'en:ferment', 'en:microbial-culture']","Frischkäse (Sahne, Magermilch, Milchsäurekulturen), Speisesalz.","No preservatives, Ohne Gentechnik, No flavour enhancer, No thickening agent","['en:no-gmos', 'en:no-preservatives', 'de:ohne-gentechnik', 'en:no-flavour-enhancer', 'en:no-thickening-agent']",1781028519,,Germany,['en:germany'],Kunststoff,['en:plastic'],"[{'material': 'en:plastic', 'number_of_units': 1, 'quantity_per_unit': '200 g', 'quantity_per_unit_unit': 'g', 'quantity_per_unit_value': 200, 'recycling': 'en:recycle', 'shape': 'en:packaging'}, {'material': 'en:plastic', 'number_of_units': 1, 'quantity_per_unit': '200 g', 'quantity_per_unit_unit': 'g', 'quantity_per_unit_value': 200, 'recycling': 'en:recycle', 'shape': 'en:lid'}]",Frischkäse Buko Frischkäse,Markant,food,milch,47.0,
Milbona,"Fresh cheeses, Skyrs, Cream cheeses","['en:dairies', 'en:fermented-foods', 'en:fermented-milk-products', 'en:cheeses', 'en:desserts', 'en:dairy-desserts', 'en:fermented-dairy-desserts', 'en:fromages-blancs-petit-suisses-and-skyr', 'en:fresh-cheeses', 'en:skyrs', 'en:cream-cheeses']",4056489012788,"Austria, Germany","['en:austria', 'en:germany']",1564668087,a,"Frischkäse, Magerstufe. Wassergehalt mehr als 82%.",https://images.openfoodfacts.org/images/products/405/648/901/2788/front_en.33.400.jpg,"['en:skimmed-milk', 'en:dairy', 'en:milk', 'en:lactic-ferments', 'en:ferment', 'en:microbial-culture', 'en:microbial-rennet', 'en:enzyme', 'en:coagulating-enzyme', 'en:rennet', 'en:vegetarian-rennet']","Entrahmte Milch, Starterkulturen (enthält Milch), mikrobielles Lab","Ohne Gentechnik, Made in Germany, Nutriscore Grade A","['en:no-gmos', 'de:ohne-gentechnik', 'en:made-in-germany', 'en:nutriscore', 'en:nutriscore-grade-a']",1776680211,Deutschland,Germany,['en:germany'],"Metall,Kunststoff,Wiederverwertbare Metalle,Aluminium,PP - Polypropylen","['en:metal', 'en:plastic', 'en:recyclable-metals', 'en:aluminium', 'en:pp-polypropylene']","[{'food_contact': 1, 'material': 'en:pp-5-polypropylene', 'number_of_units': 1, 'quantity_per_unit': '500 g', 'quantity_per_unit_unit': 'g', 'quantity_per_unit_value': 500, 'recycling': 'en:discard', 'shape': 'en:pot'}, {'food_contact': 0, 'material': 'en:aluminium', 'number_of_units': 1, 'recycling': 'en:discard', 'shape': 'en:film'}]",Skyr,Lidl,food,milch,86.0,
"Becel, Flora Food Germany",Margarines,"['en:plant-based-foods-and-beverages', 'en:plant-based-foods', 'en:fats', 'en:spreads', 'en:plant-based-spreads', 'en:vegetable-fats', 'en:spreadable-fats', 'en:margarines']",8719200261464,"Germany, Switzerland","['en:germany', 'en:switzerland']",1696248583,b,"Streichfett, 35 % Fett",https://images.openfoodfacts.org/images/products/871/920/026/1464/front_de.22.400.jpg,"['en:water', 'en:vegetable-oil', 'en:oil-and-fat', 'en:vegetable-oil-and-fat', 'en:flax-seed', 'en:seed', 'en:flax', 'en:coconut-fat', 'en:vegetable-fat', 'en:salt', 'en:emulsifier', 'en:acid', 'en:natural-flavouring', 'en:flavouring', 'en:colour', 'de:vitamine-d', 'en:rapeseed-oil', 'en:sunflower-fat', 'en:e471', 'en:e322i', 'en:e322', 'en:e330', 'en:e160a']","Trinkwasser, pflanzliche Öle (Raps, Sonnenblumen, Leinsamen), Kokosfett, Speisesalz (0,2 %), Emulgatoren (Mono - und Diglyceride von Speisefettsäuren, Lecithin), Säuerungsmittel (Citronensäure), natürliche Aromen, Farbstoff (Carotin), Vitamine D.","No preservatives, 100% vegetable, No palm oil, V-Label International Vegan, de:V","['en:vegetarian', 'en:no-preservatives', 'en:vegan', 'en:100-vegetable', 'en:no-palm-oil', 'en:v-label-international', 'en:v-label-international-vegan', 'de:V']",1774537403,,,[],,,"[{'food_contact': 1, 'material': 'en:plastic', 'shape': 'en:pot'}, {'food_contact': 0, 'material': 'en:aluminium', 'shape': 'en:film'}, {'food_contact': 1, 'material': 'en:plastic', 'shape': 'en:lid'}]",Becel Classic,"Edeka, Netto MD, Penny, Rewe",food,milch,63.0,
Kinder,Hollow chocolate eggs,"['en:snacks', 'en:sweet-snacks', 'en:cocoa-and-its-products', 'en:chocolates', 'en:chocolate-molds', 'en:chocolate-eggs', 'en:hollow-chocolate-eggs']",40084107,"Bulgaria, Germany, Moldova, Poland, Portugal, Romania, Spain","['en:bulgaria', 'en:germany', 'en:moldova', 'en:poland', 'en:portugal', 'en:romania', 'en:spain']",1420034300,unknown,Vollmilchschokoladenhohlkörper mit Milchcreme (53 %),https://images.openfoodfacts.org/images/products/000/004/008/4107/front_de.239.400.jpg,"['de:feine-milchschokolade', 'en:chocolate', 'en:milk-chocolate', 'en:skimmed-milk-powder', 'en:dairy', 'en:milk-powder', 'en:sugar', 'en:added-sugar', 'en:disaccharide', 'en:vegetable-fat', 'en:oil-and-fat', 'en:vegetable-oil-and-fat', 'en:butterfat', 'en:fat', 'en:milkfat', 'de:Emulgatos Lecithine', 'en:vanillin', 'en:whole-milk-powder', 'de:Kakaobuiter', 'en:cocoa-paste', 'en:plant', 'en:cocoa', 'en:emulsifier', 'en:palm', 'en:palm-oil-and-fat', 'en:palm-oil', 'en:shea-butter', 'en:e322']","VOLLMILCHSCHOKOLADE 47 % (Zucker, VOLLMILCHPULVER, Kakaobuiter, Kakaomasse, Emulgator Lecithine (SOJA), Vanillin), MAGERMILCHPULVER (17 %), Zucker, Pflanzliche Fette (Palm, Shea), BUTTERREINFETT, Emulgatos Lecithine (SOJA), Vanillin.","Contains milk, Not recommended for children under 3 years, Tidy man","['en:not-advised-for-specific-people', 'en:contains-milk', 'en:not-recommended-for-children-under-3-years', 'fr:tidy-man']",1781014607,,,[],"Aluminiumfolie,Stück(e)","['en:aluminiumfolie', 'en:stuck-e']","[{'food_contact': 1, 'material': 'en:aluminium', 'number_of_units': 1, 'recycling': 'en:recycle-with-plastics-metal-and-bricks', 'shape': 'en:sheet'}]",Überraschung,,food,milch,,
Kerrygold,"Butters, de:Streichfette","['en:plant-based-foods-and-beverages', 'en:dairies', 'en:plant-based-foods', 'en:fats', 'en:spreads', 'en:plant-based-spreads', 'en:spreadable-fats', 'en:animal-fats', 'en:dairy-spreads', 'en:milkfat', 'en:butters', 'de:streichfette']",4001954165018,Germany,['en:germany'],1423503771,d,,https://images.openfoodfacts.org/images/products/400/195/416/5018/front_de.131.400.jpg,"['en:butter', 'en:dairy', 'en:water', 'en:rapeseed-oil', 'en:oil-and-fat', 'en:vegetable-oil-and-fat']","Butter (63%), Wasser, Rapsöl (13%)",Green Dot,['en:green-dot'],1778412560,,Ireland,['en:ireland'],Kunststoff,['en:plastic'],"[{'food_contact': 1, 'material': 'en:pp-5-polypropylene', 'number_of_units': 1, 'recycling': 'en:recycle', 'shape': 'en:pot'}, {'food_contact': 0, 'material': 'en:aluminium', 'number_of_units': 1, 'recycling': 'en:recycle', 'shape': 'en:film'}]",Butter Kerrygold extra Butter & Rapsöl - ungesalzen,"Edeka, HIT, Lidl, NETTO",food,milch,32.0,
"Butter, EDEKA BUTTER Weihenstephan, Unternehmensgruppe Theo Müller S.e.c.s., Weihenstephan","mildly soured butters, de:Deutsche Markenbutter","['en:dairies', 'en:fats', 'en:spreads', 'en:spreadable-fats', 'en:animal-fats', 'en:dairy-spreads', 'en:milkfat', 'en:butters', 'en:mildly-soured-butters', 'de:Deutsche Markenbutter']",4008452010222,Germany,['en:germany'],1438582060,d,"Deutsche Markenbutter, mildgesäuerte Butter, 82 % Fett",https://images.openfoodfacts.org/images/products/400/845/201/0222/front_en.78.400.jpg,"['en:butter', 'en:dairy']",Butter,Ohne Gentechnik,"['en:no-gmos', 'de:ohne-gentechnik']",1780249566,deutschland,Bayern,"['en:germany', 'en:bayern']","Metall, Wiederverwertbare Metalle, Aluminium","['en:metal', 'en:recyclable-metals', 'en:aluminium']","[{'food_contact': 1, 'material': 'en:plastic-aluminium', 'number_of_units': 1, 'quantity_per_unit': '250g', 'quantity_per_unit_unit': 'g', 'quantity_per_unit_value': 250, 'recycling': 'en:discard', 'shape': 'en:film', 'weight_measured': 4}]",BUTTER,"aldi, edeka, kaufland, lidl, netto-md, rewe",food,milch,42.0,
"Vita d'Or, VitaD'or","Salted spreads, Margarines","['en:plant-based-foods-and-beverages', 'en:plant-based-foods', 'en:fats', 'en:spreads', 'en:plant-based-spreads', 'en:salted-spreads', 'en:vegetable-fats', 'en:spreadable-fats', 'en:margarines']",4056489135760,"Bulgaria, Germany, Spain, Switzerland","['en:bulgaria', 'en:germany', 'en:spain', 'en:switzerland']",1566723789,b,,https://images.openfoodfacts.org/images/products/405/648/913/5760/front_en.72.400.jpg,"['en:sunflower-oil', 'en:oil-and-fat', 'en:vegetable-oil-and-fat', 'en:vegetable-oil', 'en:water', 'en:fully-hydrogenated-sunflower-oil', 'en:coconut-fat', 'en:vegetable-fat', 'en:emulsifier', 'en:monoglycerides-and-digests-of-fatty-acids', 'en:salt', 'en:natural-flavouring', 'en:flavouring', 'en:acid', 'en:e322', 'en:e330']","61% sunflower oil, water, 14% fully hydrogenated sunflower oil, coconut fat, emulsifiers: lecithins, monoglycerides and digests of fatty acids, 0,2% salt, natural aroma, acidulant: citric acid","European Vegetarian Union Vegan, Nutriscore Grade D, With Sunflower oil","['en:vegetarian', 'en:vegan', 'en:european-vegetarian-union', 'en:european-vegetarian-union-vegan', 'en:nutriscore', 'en:nutriscore-grade-d', 'en:with-sunflower-oil']",1776411803,,,[],"Plastic,Produkt,","['en:plastic', 'en:produkt']","[{'material': 'en:pp-5-polypropylene'}, {'material': 'en:plastic-aluminium'}]",Sonnenblumenmargarine,Lidl,food,milch,61.0,
Milsani,Fresh cheeses,"['en:dairies', 'en:fermented-foods', 'en:fermented-milk-products', 'en:cheeses', 'en:fresh-cheeses']",4061458047685,Germany,['en:germany'],1559465101,c,,https://images.openfoodfacts.org/images/products/406/145/804/7685/front_de.108.400.jpg,"['en:cream', 'en:dairy', 'en:skimmed-milk', 'en:milk', 'en:salt', 'en:lactic-ferments', 'en:ferment', 'en:microbial-culture']","Rahm, Magermilch, Salz, Käsereikulturen (enthalten Milch).","Ohne Gentechnik, 2019 Gold medal of the German Agricultural Society, 2021 Gold medal of the German Agricultural Society, 2023 Gold medal of the German Agricultural Society, Nutriscore Grade D, V-Label International Vegetarian","['en:vegetarian', 'en:german-agricultural-society', 'en:gold-medal-of-the-german-agricultural-society', 'en:no-gmos', 'de:ohne-gentechnik', 'en:2019-gold-medal-of-the-german-agricultural-society', 'en:2021-gold-medal-of-the-german-agricultural-society', 'en:2023-gold-medal-of-the-german-agricultural-society', 'en:nutriscore', 'en:nutriscore-grade-d', 'en:v-label-international', 'en:v-label-international-vegetarian']",1780429784,Dänemark,Germany,['en:germany'],"Kunststoff,l,139,PP,5,AL,Aluminium","['en:metal', 'en:plastic', 'en:recyclable-metals', 'en:aluminium', 'en:pp-polypropylene', 'de:139', 'de:5', 'de:al', 'de:l']","[{'material': 'en:pp-5-polypropylene'}, {'material': 'en:aluminium'}]",Frischkäse,"Aldi, Aldi Nord, Aldi Süd",food,milch,47.0,
"Lactalis, President","de:Streichfette, Salted butters","['en:plant-based-foods-and-beverages', 'en:dairies', 'en:plant-based-foods', 'en:fats', 'en:spreads', 'en:plant-based-spreads', 'en:spreadable-fats', 'en:animal-fats', 'en:dairy-spreads', 'en:milkfat', 'en:butters', 'de:streichfette', 'en:salted-butters']",3228021000084,"Austria, Belgium, Germany, Portugal, Spain","['en:austria', 'en:belgium', 'en:germany', 'en:portugal', 'en:spain']",1357036559,d,Französische Butter mit Meersalzkörnern,https://images.openfoodfacts.org/images/products/322/802/100/0084/front_de.128.400.jpg,"['en:butter', 'en:dairy', 'en:salt']","Butter, Salz (2,5 %).","Green Dot, Made in France","['en:green-dot', 'en:made-in-france']",1780841243,Frankreich,France,['en:france'],"Kunststoff,Verbundstoff,Kanne,PP - Polypropylen,Folie,Deckel,Papier und Pappe/Kunststoff,en:Motte,en:Produkt,en:Ravier","['en:plastic', 'en:multilayer-composite', 'en:pot', 'en:pp-polypropylene', 'en:film', 'en:lid', 'en:paper-and-plastic', 'en:motte', 'en:produkt', 'en:ravier']","[{'food_contact': 1, 'material': 'en:pp-5-polypropylene', 'number_of_units': 1, 'shape': 'en:lid'}, {'food_contact': 1, 'material': 'en:pp-5-polypropylene', 'number_of_units': 1, 'shape': 'en:pot'}, {'food_contact': 0, 'material': 'en:paper-and-plastic', 'number_of_units': 2, 'shape': 'en:film'}]",Meersalz-Butter,"Aldi, Billa, Combi, Delhaize, Edeka, Globus, Hit, Irma, Kaufland, Lidl, Netto MD, Rewe",food,milch,33.0,
Gervais,"Cream cheeses, Plain cottage cheeses","['en:dairies', 'en:fermented-foods', 'en:fermented-milk-products', 'en:cheeses', 'en:desserts', 'en:dairy-desserts', 'en:fermented-dairy-desserts', 'en:plain-fermented-dairy-desserts', 'en:fresh-cheeses', 'en:cottage-cheeses', 'en:cream-cheeses', 'en:plain-cottage-cheeses']",4002671157751,Germany,['en:germany'],1631120437,c,,https://images.openfoodfacts.org/images/products/400/267/115/7751/front_de.95.400.jpg,"['de:frischkase', 'en:skimmed-yogurt', 'en:dairy', 'en:yogurt', 'de:schlagrahm', 'de:speisesalz-bei-maximal-8-c']","FRISCHKASE, MAGERMILCH - JOGHURT, SCHLAGRAHM, Speisesalz Bei maximal +8 °C","Low or no sugar, Low fat, No gluten, Ohne Gentechnik, No palm oil, No soy","['en:low-or-no-fat', 'en:low-or-no-sugar', 'en:low-fat', 'en:no-gluten', 'en:no-gmos', 'de:ohne-gentechnik', 'en:no-palm-oil', 'en:no-soy']",1778930985,Deutschland,Germany,['en:germany'],Plastic,['en:plastic'],"[{'food_contact': 1, 'material': 'en:plastic', 'number_of_units': 1, 'recycling': 'en:recycle', 'shape': 'en:can'}, {'food_contact': 0, 'material': 'en:aluminium', 'number_of_units': 1, 'recycling': 'en:recycle', 'shape': 'en:lid'}]",Hüttenkäse Original,"Edeka, Rewe, tegut",food,milch,47.0,
ANDECHSER NATUR,"Cheeses, Skyrs, fr:Fromages blancs natures","['en:dairies', 'en:fermented-foods', 'en:fermented-milk-products', 'en:cheeses', 'en:desserts', 'en:dairy-desserts', 'en:fermented-dairy-desserts', 'en:fromages-blancs-petit-suisses-and-skyr', 'en:plain-fermented-dairy-desserts', 'en:skyrs', 'fr:fromages-blancs', 'fr:fromages-blancs-natures']",4104060030772,"Belgium, France, Germany","['en:belgium', 'en:france', 'en:germany']",1567882621,a-plus,,https://images.openfoodfacts.org/images/products/410/406/003/0772/front_de.61.400.jpg,"['en:skimmed-milk', 'en:dairy', 'en:milk', 'en:lactic-ferments', 'en:ferment', 'en:microbial-culture']","_Lait_ écrémé*, ferments lactiques (_lait_). 

*issu de l'agriculture biologique","Bioland, DE-ÖKO-001, High proteins, fr:Agriculture Allemagne","['en:organic', 'en:eu-organic', 'en:source-of-proteins', 'en:bioland', 'en:de-oko-001', 'en:high-proteins', 'fr:Agriculture Allemagne']",1777096148,Allemagne,Germany,['en:germany'],"Carton, Frais, Opercule aluminium","['en:cardboard', 'en:fresh', 'fr:opercule-aluminium']","[{'material': 'en:aluminium', 'shape': 'en:seal'}, {'material': 'en:cardboard'}]",Bio-Skyr Natur,"Colibri, Eau vive",food,milch,102.0,
Vemondo,Plain soy yogurts,"['en:plant-based-foods-and-beverages', 'en:fermented-foods', 'en:dairy-substitutes', 'en:desserts', 'en:vegan-products', 'en:non-dairy-desserts', 'en:non-dairy-fermented-foods', 'en:non-dairy-yogurts', 'en:soy-milk-yogurts', 'en:plain-soy-yogurts']",4335619096431,"Bulgaria, Germany, Portugal, Spain","['en:bulgaria', 'en:germany', 'en:portugal', 'en:spain']",1723662936,a,,https://images.openfoodfacts.org/images/products/433/561/909/6431/front_de.31.400.jpg,"['en:water', 'en:soya-bean', 'en:vegetable', 'en:legume', 'en:pulse', 'en:soya', 'en:modified-starch', 'en:starch', 'en:sea-salt', 'en:salt', 'en:natural-flavouring', 'en:flavouring', 'en:yogurt-culture', 'en:ferment', 'en:microbial-culture', 'en:lactic-ferments']","water, 13,3% soybeans, modified starch, starch, sea salt, natural flavor, yogurt cultures,","Vegan, FSC Mix, No added sugar, Nutriscore Grade A, Nutriscore Grade B","['en:vegetarian', 'en:vegan', 'en:fsc', 'en:fsc-mix', 'en:no-added-sugar', 'en:nutriscore', 'en:nutriscore-grade-a', 'en:nutriscore-grade-b']",1775074066,,,[],,,"[{'food_contact': 1, 'material': 'en:aluminium', 'number_of_units': 1, 'recycling': 'de:Gelbe Tonne', 'shape': 'en:lid'}, {'food_contact': 1, 'material': 'en:pp-5-polypropylene', 'number_of_units': 1, 'recycling': 'de:Gelbe Tonne', 'shape': 'en:pot'}, {'food_contact': 0, 'material': 'en:non-corrugated-cardboard', 'number_of_units': 1, 'recycling': 'de:Papier', 'shape': 'de:Banderole'}]",Soja Classic,Lidl,food,milch,82.0,
Milbona,Cow milk yogurts,"['en:dairies', 'en:fermented-foods', 'en:fermented-milk-products', 'en:desserts', 'en:dairy-desserts', 'en:fermented-dairy-desserts', 'en:yogurts', 'en:cow-milk-yogurts']",20917906,"China, France, Germany, Spain","['en:china', 'en:france', 'en:germany', 'en:spain']",1517225169,a,,https://images.openfoodfacts.org/images/products/000/002/091/7906/front_de.120.400.jpg,"['en:mild-yogurt', 'en:dairy', 'en:yogurt', 'en:fat', 'en:oil-and-fat']","Joghurt mild, 3,5 % Fett.","Ohne Gentechnik, Nutriscore Grade B","['en:no-gmos', 'de:ohne-gentechnik', 'en:nutriscore', 'en:nutriscore-grade-b']",1780677796,,Germany,['en:germany'],"en:81,en:Kunststoff,en:PET01,en:Plastikbecher","['en:81', 'en:kunststoff', 'en:pet01', 'en:plastikbecher']","[{'food_contact': 1, 'material': 'xx:81-c-pap', 'number_of_units': 1, 'quantity_per_unit': '150g', 'quantity_per_unit_unit': 'g', 'quantity_per_unit_value': 150, 'recycling': 'en:recycle-with-plastics', 'shape': 'en:pot'}, {'food_contact': 1, 'material': 'en:pet-1-polyethylene-terephthalate', 'number_of_units': 1, 'recycling': 'en:recycle-with-plastics', 'shape': 'en:seal'}]",Joghurt mild,Lidl,food,milch,84.0,
Bergader,"Cow cheeses, Blue-veined cheeses","['en:dairies', 'en:fermented-foods', 'en:fermented-milk-products', 'en:cheeses', 'en:cow-cheeses', 'en:blue-veined-cheeses']",4006402010100,"Bulgaria, Germany, Italy, Morocco, Portugal, Spain","['en:bulgaria', 'en:germany', 'en:italy', 'en:morocco', 'en:portugal', 'en:spain']",1452429942,d,,https://images.openfoodfacts.org/images/products/400/640/201/0100/front_de.31.400.jpg,"['en:cow-s-milk', 'en:dairy', 'en:milk', 'en:salt', 'bg:бактериални-култури', 'bg:микробиално-сирище', 'bg:плесенна-култура']","Краве мляко, сол, бактериални култури, микробиално сирище, плесенна култура.",Green Dot,['en:green-dot'],1775470263,Deutschland,,[],Kunststoff,['en:plastic'],"[{'food_contact': 1, 'material': 'en:o-7-other-plastics', 'number_of_units': 1, 'recycling': 'en:recycle-with-plastics-metal-and-bricks', 'shape': 'en:tray'}]",edelblu Classic,,food,milch,39.0,
Exquisa,"Cheese spreads, Cream cheeses","['en:dairies', 'en:fermented-foods', 'en:fermented-milk-products', 'en:cheeses', 'en:spreads', 'en:salted-spreads', 'en:cheese-spreads', 'en:cream-cheeses']",4019300005208,Germany,['en:germany'],1452122118,d,Frischkäsezubereitung wärmebehandelt Magerstufe,https://images.openfoodfacts.org/images/products/401/930/000/5208/front_de.153.400.jpg,"['en:soft-white-cheese', 'en:dairy', 'en:cheese', 'en:inulin', 'en:fiber', 'en:vegetable-fiber', 'en:salt', 'en:sugar', 'en:added-sugar', 'en:disaccharide', 'en:thickener', 'en:e407', 'en:e412']","Frischkäse, Inulin, Speisesalz, Zucker, Verdickungsmittel: Guarkernmehl, Carrageen.",,[],1780232638,deutschland,,[],"Plastic,Pot","['en:plastic', 'en:pot']","[{'food_contact': 1, 'material': 'en:pp-5-polypropylene'}]","Fitline Natur 0,2% Fett","edeka, famila, kaufland, netto, sky, tegut",food,milch,41.0,
müller,Kefir,"['en:beverages-and-beverages-preparations', 'en:beverages', 'en:dairies', 'en:fermented-foods', 'en:fermented-milk-products', 'en:dairy-drinks', 'en:fermented-drinks', 'en:fermented-milk-drinks', 'en:kefir']",4025500186821,"France, Germany, Luxembourg, Romania, Spain","['en:france', 'en:germany', 'en:luxembourg', 'en:romania', 'en:spain']",1487632338,unknown,Kefir,https://images.openfoodfacts.org/images/products/402/550/018/6821/front_de.127.400.jpg,"['de:fettarmer-kefir-mild', 'en:fat', 'en:oil-and-fat', 'en:milk', 'en:dairy']","Fettarmer Kefir mild. 1,5% Fett. Enthält Milch",High proteins,"['en:source-of-proteins', 'en:high-proteins']",1779627426,Deutschland,,[],"Plastic,PP - Polypropylene","['en:plastic', 'en:pp-polypropylene']","[{'food_contact': 1, 'material': 'en:pp-5-polypropylene'}]",Kalinka Kefir,"Aldi, Edeka, Lidl, Penny, Rewe",food,milch,,
Weihenstephan,"Beverages, UHT Milks, Whole milks","['en:beverages-and-beverages-preparations', 'en:beverages', 'en:dairies', 'en:milks-liquid-and-powder', 'en:milks', 'en:homogenized-milks', 'en:pasteurised-products', 'en:uht-milks', 'en:whole-milks']",4008452027602,Germany,['en:germany'],1485458847,c,,https://images.openfoodfacts.org/images/products/400/845/202/7602/front_en.166.400.jpg,"['en:uht-pasteurised-whole-milk', 'en:dairy', 'en:milk', 'en:whole-milk']",H-Vollmilch,FSC,['en:fsc'],1777940357,Deutschland,"Austria, Bayern","['en:germany', 'en:austria', 'en:bayern']","Tetra Pak, Pappe, Karton, Flasche(n)","['en:tetra-pak', 'en:cardboard', 'en:paperboard', 'de:flasche-n']","[{'food_contact': 1, 'material': 'en:tetra-brik-aseptic', 'number_of_units': 1, 'quantity_per_unit': '1059', 'shape': 'en:bottle'}, {'food_contact': 1, 'material': 'en:plastic', 'number_of_units': 1, 'shape': 'en:lid'}]","H-Milch 3,5%","Aldi, Edeka, Lidl",food,milch,51.0,
Géramont,Camemberts,"['en:dairies', 'en:fermented-foods', 'en:fermented-milk-products', 'en:cheeses', 'en:soft-cheeses', 'en:cow-cheeses', 'en:soft-cheeses-with-bloomy-rind', 'en:camemberts']",3161710000678,"Germany, Luxembourg","['en:germany', 'en:luxembourg']",1450099819,c,Französischer Weichkäse aus pasteurisierter Kuhmilch Doppelrahmstufe,https://images.openfoodfacts.org/images/products/316/171/000/0678/front_de.98.400.jpg,"['en:cow-s-milk', 'en:dairy', 'en:milk', 'en:cream', 'en:lactic-ferments', 'en:ferment', 'en:microbial-culture', 'en:rennet', 'en:enzyme', 'en:coagulating-enzyme', 'en:salt']","Pasteurisierte Kuhmilch, Rahm, Käsereikulturen, Lab, Speisesalz.","Source of proteins, No lactose, de:Reich an Calcium","['en:source-of-proteins', 'en:no-lactose', 'de:Reich an Calcium']",1780729226,Le Tholy,France,['en:france'],"Kunststoff, Papier","['en:plastic', 'en:paper']","[{'material': 'en:plastic'}, {'material': 'en:paper'}]",Camembert,"Aldi, Combi, Edeka, Famila, Kaufland, Netto, REWE",food,milch,47.0,
Almette,Cream cheeses,"['en:dairies', 'en:fermented-foods', 'en:fermented-milk-products', 'en:cheeses', 'en:cream-cheeses']",4002468084000,Germany,['en:germany'],1437852738,c,Frischkäse,https://images.openfoodfacts.org/images/products/400/246/808/4000/front_de.33.400.jpg,"['en:soft-white-cheese', 'en:dairy', 'en:cheese', 'en:salt', 'en:e931']","Frischkäse, Speisesalz, Stickstoff zum Aufschlagen.",Ohne Gentechnik,"['en:no-gmos', 'de:ohne-gentechnik']",1775496341,,"Germany, Austria","['en:germany', 'en:austria']",Kunststoff,['en:plastic'],"[{'food_contact': 1, 'material': 'en:plastic', 'number_of_units': 1, 'quantity_per_unit': '150', 'recycling': 'en:recycle', 'shape': 'en:can'}, {'food_contact': 0, 'material': 'en:plastic', 'number_of_units': 1, 'recycling': 'en:recycle', 'shape': 'en:lid'}]",Almette Natur 4002468084000 Frischkäse,,food,milch,46.0,
Leerdammer,"Fermented milk products, käse, scheibenkäse","['en:dairies', 'en:fermented-foods', 'en:fermented-milk-products', 'en:käse', 'en:scheibenkäse']",8721800405346,Germany,['en:germany'],1669112354,unknown,,https://images.openfoodfacts.org/images/products/872/180/040/5346/front_de.68.400.jpg,"['en:milk', 'en:dairy', 'en:salt', 'en:lactic-ferments', 'en:ferment', 'en:microbial-culture', 'en:microbial-rennet', 'en:enzyme', 'en:coagulating-enzyme', 'en:rennet', 'en:vegetarian-rennet']","Pasteurisierte Milch, Speisesalz, Milchsäurebakterien (Milch), mikrobielles Lab.","Ohne Gentechnik, FSC Mix","['en:no-gmos', 'de:ohne-gentechnik', 'en:fsc', 'en:fsc-mix']",1780027812,,Netherlands,['en:netherlands'],"Plastikschale,",['en:plastikschale'],"[{'food_contact': 1, 'material': 'en:plastic', 'number_of_units': 1, 'quantity_per_unit': '140g', 'quantity_per_unit_unit': 'g', 'quantity_per_unit_value': 140, 'shape': 'de:Blisterverpackung', 'weight_measured': 13}]","Käse Leerdammer Original Mild-Nussig 8721800405346 Schnittkäse, 45 % Fett i. Tr.","edeka, picnic",food,milch,,
alpro,Plain soy yogurts,"['en:plant-based-foods-and-beverages', 'en:fermented-foods', 'en:dairy-substitutes', 'en:desserts', 'en:vegan-products', 'en:non-dairy-desserts', 'en:non-dairy-fermented-foods', 'en:non-dairy-yogurts', 'en:soy-milk-yogurts', 'en:plain-soy-yogurts']",5411188137979,"France, Germany, Italy, Norway","['en:france', 'en:germany', 'en:italy', 'en:norway']",1682158199,a,"Fermentiertes Sojaprodukt, angereichert mit Calcium und Vitaminen.",https://images.openfoodfacts.org/images/products/541/118/813/7979/front_de.71.400.jpg,"['en:water', 'en:soya-bean', 'en:vegetable', 'en:legume', 'en:pulse', 'en:soya', 'en:sugar', 'en:added-sugar', 'en:disaccharide', 'en:e333iii', 'en:e333', 'en:stabiliser', 'en:acidity-regulator', 'en:sea-salt', 'en:salt', 'en:flavouring', 'en:antioxidant', 'en:vitamins', 'en:vitamin-b6', 'en:vitamin-b12', 'en:ergocalciferol', 'en:vitamin-d', 'en:lactic-ferments', 'en:ferment', 'en:microbial-culture', 'en:e440a', 'en:e331', 'en:e330', 'en:e306', 'en:e304', 'en:streptococcus-thermophilus', 'en:lactobacillus-bulgaricus', 'en:lactobacillus']","Wasser, geschälte SOJABOHNEN (10,7%), Zucker, Tricalciumcitrat, Stabilisator (Pektine), Säureregulatoren (Natriumcitrate, Citronensäure), Meersalz, Aroma, Antioxidationsmittel (stark tocopherolhaltige Extrakte, Fettsäureester der Ascorbinsäure), Vitamine (B6, B12, D2), Joghurtkulturen (S. thermophilus, L. bulgaricus).","Low or no sugar, Low fat, No gluten, Calcium source, European Vegetarian Union Vegan, High proteins, No lactose","['en:low-or-no-fat', 'en:low-or-no-sugar', 'en:vegetarian', 'en:low-fat', 'en:no-gluten', 'en:source-of-proteins', 'en:vegan', 'en:calcium-source', 'en:european-vegetarian-union', 'en:european-vegetarian-union-vegan', 'en:high-proteins', 'en:no-lactose']",1780845612,,,[],"Kunststoff,Papier","['en:plastic', 'en:paper']",[],Soja Natur,rewe,food,milch,76.0,
Milbona,"Salted spreads, Fresh cheeses, Cream cheeses","['en:dairies', 'en:fermented-foods', 'en:fermented-milk-products', 'en:cheeses', 'en:spreads', 'en:salted-spreads', 'en:fresh-cheeses', 'en:cream-cheeses']",20082857,Germany,['en:germany'],1529646442,d,"Frischkäsezubereitung, Doppelrahmstufe, wärmebahandelt",https://images.openfoodfacts.org/images/products/000/002/008/2857/front_de.107.400.jpg,"['en:soft-white-cheese', 'en:dairy', 'en:cheese', 'en:salt', 'en:cow-s-milk', 'en:milk', 'en:cream', 'en:lactic-ferments', 'en:ferment', 'en:microbial-culture', 'en:microbial-rennet', 'en:enzyme', 'en:coagulating-enzyme', 'en:rennet', 'en:vegetarian-rennet']","Frischkäse (_Kuhmilch_, _Sahne_, Käsereikulturen, mikrobielles Lab), Speisesalz.","No gluten, No GMOs, de:05 PP, de:41 ALU","['en:no-gluten', 'en:no-gmos', 'de:05 PP', 'de:41 ALU']",1781028612,,,[],"Metall, Kunststoff, Wiederverwertbare Metalle, Aluminium, PP - Polypropylen","['en:metal', 'en:plastic', 'en:recyclable-metals', 'en:aluminium', 'en:pp-polypropylene']","[{'material': 'en:aluminium'}, {'material': 'en:pp-5-polypropylene'}]",Frischkäse der Sahnige,Lidl,food,milch,38.0,
Deluxe,Crème brûlée,"['en:dairies', 'en:desserts', 'en:dairy-desserts', 'en:creme-brulee']",20281151,"Austria, Bulgaria, Croatia, Estonia, France, Germany, Hungary, Latvia, Poland, Switzerland","['en:austria', 'en:bulgaria', 'en:croatia', 'en:estonia', 'en:france', 'en:germany', 'en:hungary', 'en:latvia', 'en:poland', 'en:switzerland']",1467718961,a,,https://images.openfoodfacts.org/images/products/000/002/028/1151/front_de.174.400.jpg,"['en:cream', 'en:dairy', 'en:skimmed-milk', 'en:milk', 'en:sugar', 'en:added-sugar', 'en:disaccharide', 'en:egg-yolk', 'en:egg', 'en:chick-egg-white-or-protein', 'en:poultry', 'en:protein', 'en:animal-protein', 'en:chicken', 'en:egg-white', 'en:chicken-egg-white', 'en:chicken-protein', 'fr:eclats-de-caramel', 'en:glucose-syrup', 'en:monosaccharide', 'en:glucose']","38% Sahne, 36% Magermilch, Zucker, 11% Eigelb*, 4,7% Hühnereieiweiß*, 4% Karamellsplitter (Zucker, Glukosesirup). Kann Spuren von Gluten enthalten.","Free range eggs, French milk, Triman","['en:free-range', 'en:free-range-eggs', 'en:french-milk', 'fr:triman']",1780530320,France,France,['en:france'],"Métal, Verre, Pot, Carton, Opercule, Étui, Opercule en métal, Pot en verre, Sachet en plastique, Étui en carton","['en:metal', 'en:glass', 'en:pot', 'en:cardboard', 'en:seal', 'en:sleeve', 'fr:opercule-en-metal', 'fr:pot-en-verre', 'fr:sachet-en-plastique', 'fr:etui-en-carton']","[{'food_contact': 0, 'material': 'en:non-corrugated-cardboard', 'number_of_units': 1, 'recycling': 'en:recycle', 'shape': 'en:packaging'}, {'food_contact': 1, 'material': 'en:aluminium', 'shape': 'en:seal'}, {'food_contact': 0, 'material': 'en:cardboard', 'shape': 'en:bag'}, {'food_contact': 1, 'material': 'en:clear-glass', 'shape': 'en:pot'}]",Crème brûlée,Lidl,food,milch,83.0,
Arla,"Skyrs, Cream cheeses","['en:dairies', 'en:fermented-foods', 'en:fermented-milk-products', 'en:cheeses', 'en:desserts', 'en:dairy-desserts', 'en:fermented-dairy-desserts', 'en:fromages-blancs-petit-suisses-and-skyr', 'en:skyrs', 'en:cream-cheeses']",4016241030603,Germany,['en:germany'],1440613615,a,"Frischkäsezubereitung, Magerstufe",https://images.openfoodfacts.org/images/products/401/624/103/0603/front_de.160.400.jpg,"['en:milk', 'en:dairy']",Milch,"Made in Germany, too good to go","['en:made-in-germany', 'en:too-good-to-go']",1781044496,deutschland,"Germany, Denmark, Finland","['en:germany', 'en:denmark', 'en:finland']","Kunststoff,PET - Polyethylenterephtalat,Kanne,Pappe,Folie,Etikett,21 PAP","['en:plastic', 'en:pet-polyethylene-terephthalate', 'en:pot', 'en:cardboard', 'en:film', 'en:label', 'en:non-corrugated-cardboard']","[{'food_contact': 1, 'material': 'en:pet-1-polyethylene-terephthalate', 'number_of_units': 1, 'quantity_per_unit': '450 g', 'quantity_per_unit_unit': 'g', 'quantity_per_unit_value': 450, 'recycling': 'en:recycle', 'shape': 'en:pot'}, {'food_contact': 0, 'material': 'en:non-corrugated-cardboard', 'number_of_units': 1, 'recycling': 'en:recycle', 'shape': 'en:label'}, {'food_contact': 0, 'material': 'en:plastic', 'number_of_units': 1, 'recycling': 'en:recycle', 'shape': 'en:film'}]",Skyr Natur,"aldi, kaufland",food,milch,87.0,
Milsani,"Cream cheeses, Plain cottage cheeses","['en:dairies', 'en:fermented-foods', 'en:fermented-milk-products', 'en:cheeses', 'en:desserts', 'en:dairy-desserts', 'en:fermented-dairy-desserts', 'en:plain-fermented-dairy-desserts', 'en:fresh-cheeses', 'en:cottage-cheeses', 'en:cream-cheeses', 'en:plain-cottage-cheeses']",4061458047692,Germany,['en:germany'],1549723696,c,Frischkäse,https://images.openfoodfacts.org/images/products/406/145/804/7692/front_de.168.400.jpg,"['en:skimmed-milk', 'en:dairy', 'en:milk', 'en:cream', 'en:microbial-coagulating-enzyme', 'en:enzyme', 'en:coagulating-enzyme', 'en:salt', 'en:lactic-ferments', 'en:ferment', 'en:microbial-culture']","magermilch , sahne , mikrobieller labaustauschstoff , salz , Milchsäurebakterien","Vegetarian, Ohne Gentechnik, 2023 Gold medal of the German Agricultural Society, Nutriscore Grade A, Nutriscore Grade B","['en:vegetarian', 'en:german-agricultural-society', 'en:gold-medal-of-the-german-agricultural-society', 'en:no-gmos', 'de:ohne-gentechnik', 'en:2023-gold-medal-of-the-german-agricultural-society', 'en:nutriscore', 'en:nutriscore-grade-a', 'en:nutriscore-grade-b']",1780417580,"Bayern, Deutschland",Germany,['en:germany'],"Metall, Kunststoff, Wiederverwertbare Metalle, Aluminium","['en:metal', 'en:plastic', 'en:recyclable-metals', 'en:aluminium']","[{'food_contact': 1, 'material': 'en:ps-6-polystyrene', 'shape': 'en:pot'}, {'food_contact': 1, 'material': 'en:aluminium', 'shape': 'en:lid'}]","Körniger Frischkäse, Halbfettstufe","Aldi, Aldi Süd",food,milch,47.0,
Milbona,"Fruit yogurts, Fermentierte Lebensmittel, Fermentierte Milch, Fruchtjoghurt, Joghurt, Milchnachspeisen, Milchprodukte","['en:dairies', 'en:fermented-foods', 'en:fermented-milk-products', 'en:desserts', 'en:dairy-desserts', 'en:fermented-dairy-desserts', 'en:fermented-dairy-desserts-with-fruits', 'en:yogurts', 'en:fruit-yogurts', 'en:Fermentierte Lebensmittel', 'en:Fermentierte Milch', 'en:Fruchtjoghurt', 'en:Joghurt', 'en:Milchnachspeisen', 'en:Milchprodukte']",4056489110149,"France, Germany, Romania, Spain, United Kingdom","['en:france', 'en:germany', 'en:romania', 'en:spain', 'en:united-kingdom']",1574206226,a,,https://images.openfoodfacts.org/images/products/405/648/911/0149/front_en.50.400.jpg,"['en:mild-yogurt', 'en:dairy', 'en:yogurt', 'en:sugar', 'en:added-sugar', 'en:disaccharide', 'en:peach', 'en:fruit', 'en:prunus-species-fruit', 'en:modified-starch', 'en:starch', 'de:maracujasaft-aus-maracujasaftkonzentrat', 'en:juice', 'en:fruit-juice', 'en:passionfruit', 'en:passion-fruit-juice', 'en:peach-juice-from-concentrate', 'en:peach-juice', 'en:thickener', 'en:e412', 'en:natural-flavouring', 'en:flavouring', 'en:carrot-concentrate', 'en:vegetable', 'en:root-vegetable', 'en:taproot-vegetable', 'en:carrot', 'en:acidity-regulator', 'en:e333', 'en:e440a', 'en:e330']","Joghurt mild, Zucker, 6.8% Pfirsiche, modifizierte Stärke, 1,7% Maracujasaft aus Maracujasaftkonzentrat, 1,5% Pfirsichsaft aus Pfirsichsaftkonzentrat, Verdickungsmittel: Pektine, Guarkernmehl; natürliches Aroma, färbendes Karottenkonzentrat, Säureregulatoren: Citronensäure, Calciumcitrate.","Green Dot, Nutriscore Grade C","['en:green-dot', 'en:nutriscore', 'en:nutriscore-grade-c']",1772003792,,Germany,['en:germany'],Pot,['en:pot'],"[{'food_contact': 1, 'shape': 'en:pot'}, {'food_contact': 1, 'shape': 'en:lid'}]",Creme Joghurt mild Pfirsich Maracuja,Lidl,food,milch,80.0,
Philadelphia,"Cheese spreads, Cream cheeses","['en:dairies', 'en:fermented-foods', 'en:fermented-milk-products', 'en:cheeses', 'en:spreads', 'en:salted-spreads', 'en:cheese-spreads', 'en:cream-cheeses']",7622300318116,"Austria, Germany","['en:austria', 'en:germany']",1438965945,d,"Frischkäsezubereitung der Doppelrahmstufe mit Kräuter, wärmebehandelt",https://images.openfoodfacts.org/images/products/762/230/031/8116/front_de.101.400.jpg,"['en:soft-white-cheese', 'en:dairy', 'en:cheese', 'en:whey-product', 'en:whey', 'en:herb', 'en:onion', 'en:vegetable', 'en:root-vegetable', 'en:onion-family-vegetable', 'en:garlic', 'en:salt', 'en:thickener', 'en:acid', 'en:e412', 'en:e330']","Frischkäse, Molkenerzeugnis (Milch), Kräuter, Zwiebel, Knoblauch, Speisesalz, Verdickungsmittel (Guarkernmehl), Säuerungsmittel (Citronensäure)",Vegetarian,['en:vegetarian'],1781023365,,,[],"Metall,Kunststoff,Aluminium,Folie,Deckel,en:pp-polypropylene","['en:lid-or-cap', 'en:plastic', 'en:metal', 'en:pp-5-polypropylene', 'en:recyclable-metals', 'en:aluminium', 'en:film', 'en:lid']","[{'food_contact': 1, 'material': 'en:plastic-aluminium', 'shape': 'en:tray'}, {'food_contact': 0, 'material': 'en:pp-5-polypropylene', 'shape': 'en:lid'}, {'food_contact': 1, 'shape': 'en:film'}]",Philadelphia Kräuter Doppelrahmstufe,"Aldi, EDEKA, Lidl",food,milch,36.0,
Naturland,"Fresh cheeses, Cheese spreads, Cream cheeses","['en:dairies', 'en:fermented-foods', 'en:fermented-milk-products', 'en:cheeses', 'en:spreads', 'en:salted-spreads', 'en:fresh-cheeses', 'en:cheese-spreads', 'en:cream-cheeses']",4061458298292,Germany,['en:germany'],1692877366,c,,https://images.openfoodfacts.org/images/products/406/145/829/8292/front_de.17.400.jpg,"['en:milk', 'en:dairy', 'en:salt', 'en:lactic-ferments', 'en:ferment', 'en:microbial-culture']","Milch, Speisesalz, Käsereikulturen (enthalten Milch).","Vegetarian, EU Organic, Haltungsform 5, Ohne Gentechnik, Naturland, Nutriscore Grade B","['en:vegetarian', 'en:organic', 'en:eu-organic', 'en:no-gmos', 'de:haltungsform', 'de:haltungsform-5-bio', 'de:ohne-gentechnik', 'en:naturland', 'en:nutriscore', 'en:nutriscore-grade-b']",1780318860,,,[],,,[],Körniger Frischkäse,,food,milch,54.0,
ANDECHSER NATUR,Kefir,"['en:beverages-and-beverages-preparations', 'en:beverages', 'en:dairies', 'en:fermented-foods', 'en:fermented-milk-products', 'en:dairy-drinks', 'en:fermented-drinks', 'en:fermented-milk-drinks', 'en:kefir']",4104060031960,Germany,['en:germany'],1705081126,unknown,,https://images.openfoodfacts.org/images/products/410/406/003/1960/front_de.21.400.jpg,"['en:kefir', 'en:dairy']",Kefir.,"EU Organic, Bioland","['en:organic', 'en:eu-organic', 'en:bioland']",1780594198,,Bayern,"['en:germany', 'en:bayern']",,,"[{'food_contact': 1, 'shape': 'en:bottle'}, {'food_contact': 1, 'shape': 'en:lid'}]",Bio-Kefir,"Combi, Edeka, Globus, Netto MD, Rewe",food,milch,,
"Alnatura, Alnatura GmbH","Unsweetened plain soy-based drinks, de:Hülsenfrüchtedrinks","['en:beverages-and-beverages-preparations', 'en:plant-based-foods-and-beverages', 'en:beverages', 'en:plant-based-foods', 'en:legumes-and-their-products', 'en:dairy-substitutes', 'en:milk-substitutes', 'en:plant-based-beverages', 'en:plant-based-milk-alternatives', 'en:legume-based-drinks', 'en:soy-based-drinks', 'en:unsweetened-plain-soy-based-drinks', 'de:Hülsenfrüchtedrinks']",4104420094987,"Czech Republic, France, Germany, Switzerland, world","['en:czech-republic', 'en:france', 'en:germany', 'en:switzerland', 'en:world']",1403083651,a-plus,Bio Getränk auf Sojabasis,https://images.openfoodfacts.org/images/products/410/442/009/4987/front_en.85.400.jpg,"['en:water', 'en:soya-bean', 'en:vegetable', 'en:legume', 'en:pulse', 'en:soya']","Wasser, SOJABOHNEN* 9 % *aus biologischer Landwirtschaft","No gluten, No milk, de:Bio 7 Initiative, EG-Öko-Verordnung, Bioland, DE-ÖKO-001, DE-ÖKO-003, DE-ÖKO-013, EU/non-EU Agriculture, FSC Mix, Made in Germany, No added sugar, No lactose, Rich in vegetable protein, The Vegan Society, de:Fsc-c014047, de:VEGAN SOCIETY VEGAN LOGO","['en:vegetarian', 'en:no-gluten', 'en:organic', 'en:eu-organic', 'en:no-milk', 'en:non-eu-agriculture', 'en:source-of-proteins', 'en:vegan', 'de:bio-7-initiative', 'de:eg-öko-verordnung', 'en:bioland', 'en:de-oko-001', 'en:de-oko-003', 'en:de-oko-013', 'en:eu-agriculture', 'en:eu-non-eu-agriculture', 'en:fsc', 'en:fsc-mix', 'en:high-proteins', 'en:made-in-germany', 'en:no-added-sugar', 'en:no-lactose', 'en:rich-in-vegetable-protein', 'en:the-vegan-society', 'de:Fsc-c014047', 'de:VEGAN SOCIETY VEGAN LOGO']",1773399822,Allemagne,"France, Italy, Austria","['en:france', 'en:italy', 'en:austria']","Plastique, Tetra Pak, Brique, Carton, 84 C/PAP, Tetra Brik Aseptic","['en:plastic', 'en:tetra-pak', 'en:brick', 'en:cardboard', 'en:paper-and-cardboard-plastic-aluminium', 'fr:tetra-brik-aseptic']","[{'material': 'en:tetra-brik-aseptic', 'shape': 'en:brick'}, {'material': 'en:plastic'}, {'material': 'xx:84-c-pap'}, {'material': 'en:cardboard'}]",Soja Drink Natur,"Alnatura, Globus",food,milch,93.0,
MILSANI,Butters,"['en:dairies', 'en:fats', 'en:spreads', 'en:spreadable-fats', 'en:animal-fats', 'en:dairy-spreads', 'en:milkfat', 'en:butters']",4061458018913,Germany,['en:germany'],1549784694,e,,https://images.openfoodfacts.org/images/products/406/145/801/8913/front_de.97.400.jpg,"['de:mildgesäuerte-butter', 'en:water', 'en:rapeseed-oil', 'en:oil-and-fat', 'en:vegetable-oil-and-fat']","63% mildgesäuerte Butter, Wasser, 13 % Rapsöl.",Nutriscore Grade D,"['en:nutriscore', 'en:nutriscore-grade-d']",1776448258,,,[],"Kunststoff, Kasten","['en:plastic', 'en:box']","[{'food_contact': 1, 'material': 'en:plastic', 'shape': 'en:box'}]",Streichfein ungesalzen,"Aldi Nord, Aldi Süd",food,milch,24.0,
Arla BUKO,"Cream cheeses, de:Frischkäsezubereitungen","['en:dairies', 'en:fermented-foods', 'en:fermented-milk-products', 'en:cheeses', 'en:cream-cheeses', 'de:Frischkäsezubereitungen']",5711953103780,Germany,['en:germany'],1572776261,d,Frischkäsezubereitung,https://images.openfoodfacts.org/images/products/571/195/310/3780/front_de.35.400.jpg,"['en:soft-white-cheese', 'en:dairy', 'en:cheese', 'en:salt']","Frischkäse, Speisesalz.",,[],1778311584,,,[],"Plastik, Alu-Folie","['en:plastic', 'de:alu-folie']","[{'food_contact': 0, 'material': 'en:aluminium', 'number_of_units': 1, 'recycling': 'de:Gelbe Tonne', 'shape': 'en:film'}, {'food_contact': 1, 'material': 'en:pp-5-polypropylene', 'number_of_units': 1, 'quantity_per_unit': '200g', 'quantity_per_unit_unit': 'g', 'quantity_per_unit_value': 200, 'recycling': 'de:Gelbe Tonne', 'shape': 'en:pot', 'weight_measured': 9}, {'food_contact': 1, 'material': 'en:pp-5-polypropylene', 'number_of_units': 1, 'recycling': 'de:Gelbe Tonne', 'shape': 'en:lid', 'weight_measured': 6}]",Buko Balance,,food,milch,39.0,
Milsani,"Beverages, UHT Milks, Whole milks","['en:beverages-and-beverages-preparations', 'en:beverages', 'en:dairies', 'en:milks-liquid-and-powder', 'en:milks', 'en:homogenized-milks', 'en:pasteurised-products', 'en:uht-milks', 'en:whole-milks']",4061462842986,Germany,['en:germany'],1653725789,d,,https://images.openfoodfacts.org/images/products/406/146/284/2986/front_de.96.400.jpg,"['en:uht-pasteurised-whole-milk', 'en:dairy', 'en:milk', 'en:whole-milk']",Haltbare Vollmilch,"Haltungsform 3, Ohne Gentechnik, FSC Mix, Nutriscore Grade C, de:Dlg-tierwohl-3-4","['en:no-gmos', 'de:haltungsform', 'de:haltungsform-3-frischluftklima', 'de:ohne-gentechnik', 'en:fsc', 'en:fsc-mix', 'en:nutriscore', 'en:nutriscore-grade-c', 'de:Dlg-tierwohl-3-4']",1777034520,,,[],,,[],"H-Vollmilch 3,5 % Fett",Aldi,food,milch,33.0,
MILSLANI,Skyrs,"['en:dairies', 'en:fermented-foods', 'en:fermented-milk-products', 'en:desserts', 'en:dairy-desserts', 'en:fermented-dairy-desserts', 'en:fromages-blancs-petit-suisses-and-skyr', 'en:skyrs']",4061462952814,Germany,['en:germany'],1716912699,b,,https://images.openfoodfacts.org/images/products/406/146/295/2814/front_en.280.400.jpg,"['en:skimmed-milk', 'en:dairy', 'en:milk', 'en:lactic-ferments', 'en:ferment', 'en:microbial-culture', 'en:microbial-coagulating-enzyme', 'en:enzyme', 'en:coagulating-enzyme']","Magermilch, Milchsäurekulturen (enthalten Milch), mikrobieller Labaustauschstoff.","Ohne Gentechnik, Made in Germany, Nutriscore Grade A","['en:no-gmos', 'de:ohne-gentechnik', 'en:made-in-germany', 'en:nutriscore', 'en:nutriscore-grade-a']",1778214211,,,[],,,[],,Aldi,food,milch,71.0,
Elinas,"Beverages, Greek-style yogurts","['en:beverages-and-beverages-preparations', 'en:beverages', 'en:dairies', 'en:fermented-foods', 'en:fermented-milk-products', 'en:desserts', 'en:dairy-desserts', 'en:fermented-dairy-desserts', 'en:yogurts', 'en:greek-style-yogurts']",4003490323600,Germany,['en:germany'],1422734080,e,griechischer Joghurt,https://images.openfoodfacts.org/images/products/400/349/032/3600/front_de.124.400.jpg,"['en:yogurt', 'en:dairy', 'en:cow-s-milk', 'en:milk']",Joghurt (Kuhmilch).,"No gluten, Ohne Gentechnik, Made in Germany, No added sugar","['en:no-gluten', 'en:no-gmos', 'de:ohne-gentechnik', 'en:made-in-germany', 'en:no-added-sugar']",1777477075,Thalfang,,[],"Kunststoff,Kanne,41 ALU,Folie,Etikett,Karton","['en:metal', 'en:plastic', 'en:pot', 'en:recyclable-metals', 'en:aluminium', 'en:cardboard', 'en:film', 'en:label', 'en:paperboard']","[{'food_contact': 0, 'material': 'en:cardboard', 'number_of_units': 1, 'recycling': 'en:recycle', 'shape': 'en:packet'}, {'food_contact': 0, 'material': 'en:aluminium', 'number_of_units': 4, 'recycling': 'en:recycle', 'shape': 'en:film'}, {'food_contact': 1, 'material': 'en:pp-5-polypropylene', 'number_of_units': 4, 'recycling': 'en:recycle', 'shape': 'en:can'}]",Joghurt Griechischer Art,"Edeka, REWE",food,milch,28.0,
REWE Bio,"Fresh cheeses, Cream cheeses","['en:dairies', 'en:fermented-foods', 'en:fermented-milk-products', 'en:cheeses', 'en:fresh-cheeses', 'en:cream-cheeses']",4337256453776,Germany,['en:germany'],1706387405,c,,https://images.openfoodfacts.org/images/products/433/725/645/3776/front_de.32.400.jpg,"['en:milk', 'en:dairy', 'en:salt', 'en:lactic-ferments', 'en:ferment', 'en:microbial-culture', 'en:microbial-rennet', 'en:enzyme', 'en:coagulating-enzyme', 'en:rennet', 'en:vegetarian-rennet']","Milch, Speisesalz, Milchsäurekulturen, mikrobielles Lab","EU Organic, Ohne Gentechnik, de:Pro Planet, Naturland","['en:organic', 'en:eu-organic', 'en:no-gmos', 'de:ohne-gentechnik', 'de:pro-planet', 'en:naturland']",1773297867,,Germany,['en:germany'],,,"[{'food_contact': 1, 'material': 'en:ps-6-polystyrene', 'number_of_units': 3, 'quantity_per_unit': '175g', 'quantity_per_unit_unit': 'g', 'quantity_per_unit_value': 175, 'shape': 'en:pot'}]",Frischkäse,REWE,food,milch,59.0,
"Milbona, Igor",Gorgonzolas,"['en:dairies', 'en:fermented-foods', 'en:fermented-milk-products', 'en:cheeses', 'en:blue-veined-cheeses', 'en:italian-cheeses', 'en:gorgonzolas']",20053468,"Belgium, Bulgaria, France, Germany, Switzerland","['en:belgium', 'en:bulgaria', 'en:france', 'en:germany', 'en:switzerland']",1537959249,d,,https://images.openfoodfacts.org/images/products/000/002/005/3468/front_de.60.400.jpg,"['en:cow-s-milk', 'en:dairy', 'en:milk', 'en:lactic-ferments', 'en:ferment', 'en:microbial-culture', 'en:sea-salt', 'en:salt', 'en:animal-based-rennet', 'en:enzyme', 'en:coagulating-enzyme', 'en:rennet', 'de:Edelschimmelkulturen']","Pasteurisierte Kuhmilch, Käsereikulturen, Meersalz, tierisches Lab, Edelschimmelkulturen.","Made in Italy, PDO, Triman","['en:made-in-italy', 'en:pdo', 'fr:triman']",1780337633,,Italy,['en:italy'],PET PE 7 / PS 6,['fr:pet-pe-7-ps-6'],"[{'food_contact': 1, 'material': 'en:ps-6-polystyrene', 'number_of_units': 1, 'quantity_per_unit': '200g', 'quantity_per_unit_unit': 'g', 'quantity_per_unit_value': 200, 'recycling': 'en:recycle-in-sorting-bin', 'shape': 'en:tray', 'weight_measured': 13.5}, {'food_contact': 0, 'material': 'en:mixed-plastics', 'number_of_units': 1, 'recycling': 'en:recycle-in-sorting-bin', 'shape': 'en:seal', 'weight_measured': 1.3}, {'food_contact': 0, 'material': 'en:paper', 'number_of_units': 1, 'recycling': 'en:recycle-in-sorting-bin', 'shape': 'en:label'}]",Gorgonzola DOP mild,Lidl,food,milch,40.0,
Oatly,Oat-based drinks,"['en:beverages-and-beverages-preparations', 'en:plant-based-foods-and-beverages', 'en:beverages', 'en:plant-based-foods', 'en:cereals-and-potatoes', 'en:dairy-substitutes', 'en:cereals-and-their-products', 'en:milk-substitutes', 'en:plant-based-beverages', 'en:plant-based-milk-alternatives', 'en:cereal-based-drinks', 'en:oat-based-drinks']",7394376620744,"Austria, Germany, Switzerland","['en:austria', 'en:germany', 'en:switzerland']",1680208596,c,,https://images.openfoodfacts.org/images/products/739/437/662/0744/front_de.76.400.jpg,"['en:water', 'en:oat', 'en:cereal', 'en:rapeseed-oil', 'en:oil-and-fat', 'en:vegetable-oil-and-fat', 'en:acidity-regulator', 'en:minerals', 'en:chicory-fibre', 'en:vegetable', 'en:fiber', 'en:shoot-vegetable', 'en:vegetable-fiber', 'en:chicory', 'en:salt', 'en:vitamins', 'en:ergocalciferol', 'en:vitamin-d', 'en:e101', 'en:vitamin-b12', 'en:e340ii', 'en:e340', 'en:e170i', 'en:e170', 'en:potassium-iodide', 'en:iodine']","Wasser, HAFER 10%, Rapsöl, Säureregulator (Dikaliumphosphat), Mineralien (Calciumcarbonat, Kaliumiodid), Zichorienwurzelfaser, Salz, Vitamine (D2, Riboflavin (B2), B12).","No milk, Vegan, FSC, Green Dot, No soy","['en:vegetarian', 'en:no-milk', 'en:vegan', 'en:fsc', 'en:green-dot', 'en:no-soy']",1779954440,eu,European Union,['en:european-union'],,[],"[{'food_contact': 1, 'material': 'xx:84-c-pap'}]",Hafermilch Voll,"dm, rewe",food,milch,57.0,
Fol Epi,"Cow cheeses, Pasteurized cheeses, Sliced cheeses","['en:dairies', 'en:fermented-foods', 'en:fermented-milk-products', 'en:cheeses', 'en:cow-cheeses', 'en:pasteurised-products', 'en:pasteurized-cheeses', 'en:sliced-cheeses']",3090291386041,"Austria, Germany, Switzerland","['en:austria', 'en:germany', 'en:switzerland']",1486502618,d,,https://images.openfoodfacts.org/images/products/309/029/138/6041/front_de.93.400.jpg,"['en:cow-s-milk', 'en:dairy', 'en:milk', 'en:salt', 'en:lactic-ferments', 'en:ferment', 'en:microbial-culture', 'en:microbial-rennet', 'en:enzyme', 'en:coagulating-enzyme', 'en:rennet', 'en:vegetarian-rennet', 'en:colour', 'en:e150a', 'de:in der essbaren Rinde', 'en:e160a']","Pasteurisierte Kuhmilch, Speisesalz, Käsereikulturen, mikrobielles Lab, Farbstoffe: Carotin, Zuckerkulör. ¹in der essbaren Rinde.","Green Dot, High in calcium, No lactose","['en:green-dot', 'en:high-in-calcium', 'en:no-lactose']",1781024636,,,[],"Plastique, Frais, de:Packung(en), Folienverpackung","['en:plastic', 'en:fresh', 'de:packung-en', 'fr:folienverpackung']","[{'food_contact': 1, 'material': 'en:plastic', 'number_of_units': 1, 'quantity_per_unit': '150g', 'quantity_per_unit_unit': 'g', 'quantity_per_unit_value': 150, 'shape': 'en:packet', 'weight_measured': 10}]",Käse Fol Epi classic,,food,milch,39.0,
Vemondo,Soy milk yogurts,"['en:plant-based-foods-and-beverages', 'en:fermented-foods', 'en:dairy-substitutes', 'en:desserts', 'en:vegan-products', 'en:non-dairy-desserts', 'en:non-dairy-fermented-foods', 'en:non-dairy-yogurts', 'en:soy-milk-yogurts']",4335619096448,"Bulgaria, Germany, Portugal, Spain, Switzerland","['en:bulgaria', 'en:germany', 'en:portugal', 'en:spain', 'en:switzerland']",1728506816,a,,https://images.openfoodfacts.org/images/products/433/561/909/6448/front_de.39.400.jpg,"['en:water', 'en:soya-bean', 'en:vegetable', 'en:legume', 'en:pulse', 'en:soya', 'en:sugar', 'en:added-sugar', 'en:disaccharide', 'en:modified-starch', 'en:starch', 'en:acidity-regulator', 'en:e331', 'en:e333', 'en:natural-flavouring', 'en:flavouring', 'en:carrot-concentrate', 'en:root-vegetable', 'en:taproot-vegetable', 'en:carrot', 'en:sea-salt', 'en:salt', 'en:thickener', 'en:exhausted-ground-vanilla-pod', 'en:plant', 'en:vanilla', 'en:vanilla-pod', 'en:exhausted-vanilla-pod', 'en:lactic-ferments', 'en:ferment', 'en:microbial-culture', 'en:e330', 'en:carob-seed-flour', 'en:flour', 'en:carob-bean']","Wasser, 11% Sojabohnen, Zucker, modifizierte Stärke, Säureregulatoren: Citronensäure, Natriumcitrate, Calciumcitrate, Stärke, natürliches Aroma, färbendes Karottenkonzentrat, Meersalz, Verdickungsmittel: Johannisbrotkernmehl, gemahlene extrahierte Vanilleschoten, Joghurtkulturen,","Vegan, FSC Mix, Nutriscore Grade B","['en:vegetarian', 'en:vegan', 'en:fsc', 'en:fsc-mix', 'en:nutriscore', 'en:nutriscore-grade-b']",1780050076,,,[],,,"[{'material': 'en:light-aluminium', 'number_of_units': 1, 'recycling': 'en:recycle-with-plastics-metal-and-bricks', 'shape': 'es:Tapa'}, {'material': 'en:pp-5-polypropylene', 'number_of_units': 1, 'recycling': 'en:recycle-with-plastics-metal-and-bricks', 'shape': 'en:terrine-pot'}, {'material': 'en:fsc-cardboard', 'number_of_units': 1, 'recycling': 'en:recycle-in-paper-bin', 'shape': 'en:wrapper'}]",Soja Vanille Geschmack,lidl,food,milch,76.0,
"Kerrygold, Ornua Deutschland",Cheddar cheese,"['en:dairies', 'en:fermented-foods', 'en:fermented-milk-products', 'en:cheeses', 'en:cow-cheeses', 'en:cheeses-from-the-united-kingdom', 'en:cheeses-from-england', 'en:cheddar-cheese']",5410396152934,Germany,['en:germany'],1489910066,d,Irischer Cheddar,https://images.openfoodfacts.org/images/products/541/039/615/2934/front_en.139.400.jpg,"['en:milk', 'en:dairy', 'en:salt', 'en:maturing-ferments', 'en:ferment', 'en:rennet', 'en:enzyme', 'en:coagulating-enzyme', 'en:colour', 'de:mögliche-weiße-reifekristalle-sind-ein-qualitätsmerkmal', 'en:beta-carotene-dye', 'en:e160a', 'en:e160ai']","Milch, Salz, Reifungskulturen, Labaustauschstoff, Farbstoff (Beta-Carotin). Mögliche weiße Reifekristalle sind ein Qualitätsmerkmal","Vegetarian, Green Dot, No lactose, de:Unter Schutzatmosphäre verpackt","['en:vegetarian', 'en:green-dot', 'en:no-lactose', 'de:Unter Schutzatmosphäre verpackt']",1774452100,Irland,Ireland,['en:ireland'],Plastic,['en:plastic'],"[{'material': 'en:plastic', 'number_of_units': 1, 'quantity_per_unit': '150 g', 'quantity_per_unit_unit': 'g', 'quantity_per_unit_value': 150, 'shape': 'en:film', 'weight_measured': 7}, {'material': 'en:non-corrugated-cardboard', 'number_of_units': 1, 'shape': 'de:Pappetablett', 'weight_measured': 6}]",Kerrygold Cheddar herzhaft,,food,milch,43.0,
Meggle,"Salted spreads, Dairy spreads, Margarines, de:Mischstreichfett, de:Streichfette","['en:plant-based-foods-and-beverages', 'en:plant-based-foods', 'en:fats', 'en:spreads', 'en:plant-based-spreads', 'en:salted-spreads', 'en:vegetable-fats', 'en:spreadable-fats', 'en:dairy-spreads', 'en:margarines', 'de:mischfette', 'de:mischstreichfett', 'de:streichfette']",4034900008145,Germany,['en:germany'],1542030261,b,,https://images.openfoodfacts.org/images/products/403/490/000/8145/front_de.63.400.jpg,"['en:butter', 'en:dairy', 'en:water', 'en:rapeseed-oil', 'en:oil-and-fat', 'en:vegetable-oil-and-fat', 'en:skimmed-yogurt', 'en:yogurt']","_Butter_ 63 %, Wasser, Rapsöl 13%, _Magermilchjoghurt_.",,[],1776592693,,,[],"Metall, Kunststoff, Wiederverwertbare Metalle, Aluminium","['en:metal', 'en:plastic', 'en:recyclable-metals', 'en:aluminium']","[{'material': 'en:aluminium'}, {'material': 'en:plastic'}]",Meggle Butter Streichzart - ungesalzen,"Edeka, Netto MD, Rewe",food,milch,63.0,
Exquisa,"Skyrs, Cream cheeses","['en:dairies', 'en:fermented-foods', 'en:fermented-milk-products', 'en:cheeses', 'en:desserts', 'en:dairy-desserts', 'en:fermented-dairy-desserts', 'en:fromages-blancs-petit-suisses-and-skyr', 'en:skyrs', 'en:cream-cheeses']",4019300168095,"Austria, France, Germany, Switzerland","['en:austria', 'en:france', 'en:germany', 'en:switzerland']",1580581419,a,,https://images.openfoodfacts.org/images/products/401/930/016/8095/front_en.24.400.jpg,"['en:soft-white-cheese', 'en:dairy', 'en:cheese']",Frischkäse,,[],1781029242,,,[],Kanne,['en:pot'],"[{'food_contact': 1, 'shape': 'en:pot'}]",Milder Skyr,denner,food,milch,76.0,
alpro,"Yogurts, Plain soy yogurts","['en:plant-based-foods-and-beverages', 'en:dairies', 'en:fermented-foods', 'en:fermented-milk-products', 'en:dairy-substitutes', 'en:desserts', 'en:vegan-products', 'en:dairy-desserts', 'en:non-dairy-desserts', 'en:non-dairy-fermented-foods', 'en:fermented-dairy-desserts', 'en:non-dairy-yogurts', 'en:soy-milk-yogurts', 'en:yogurts', 'en:plain-soy-yogurts']",5411188138112,"Germany, Luxembourg, Spain","['en:germany', 'en:luxembourg', 'en:spain']",1682061788,a,"Fermentiertes Sojaprodukt mit Hafer, angereichert mit Calcium und Vitaminen.",https://images.openfoodfacts.org/images/products/541/118/813/8112/front_de.22.400.jpg,"['en:soy-base', 'en:oat', 'en:cereal', 'en:chicory-fibre', 'en:vegetable', 'en:fiber', 'en:shoot-vegetable', 'en:vegetable-fiber', 'en:chicory', 'en:sugar', 'en:added-sugar', 'en:disaccharide', 'en:e333iii', 'en:e333', 'en:acidity-regulator', 'en:stabiliser', 'en:natural-flavouring', 'en:flavouring', 'en:sea-salt', 'en:salt', 'en:antioxidant', 'en:vitamins', 'en:vitamin-b12', 'en:ergocalciferol', 'en:vitamin-d', 'en:lactic-ferments', 'en:ferment', 'en:microbial-culture', 'de:enthalten', 'en:water', 'en:soya-bean', 'en:legume', 'en:pulse', 'en:soya', 'en:e330', 'en:e331', 'en:e440a', 'en:e306', 'en:e304', 'de:Str', 'de:thermophilus', 'en:lactobacillus-bulgaricus', 'en:lactobacillus', 'de:keine Erdnüsse']","SOJABASIS (Wasser, geschälte SOJABOHNEN (9,7%)), HAFER (3%), Zichorienwurzelfasern, Zucker, Tricalciumcitrat, Säureregulatoren (Citronensäure, Natriumcitrate), Stabilisator (Pektine), natürliches Aroma, Meersalz, Antioxidationsmittel (stark tocopherolhaltige Extrakte, Fettsäureester der Ascorbinsäure), Vitamine (B12, D2), Joghurtkulturen (Str. thermophilus, L. bulgaricus) Kann Spuren von SCHALENFRÜCHTEN (keine Erdnüsse) enthalten.","No lactose, Nutriscore Grade A","['en:no-lactose', 'en:nutriscore', 'en:nutriscore-grade-a']",1781076906,,,[],,[],[],EDEKA Alpro Danone ALPRO® Joghurt Soja Hafer 400g 1.99€ 1kg 4.98€,,food,milch,76.0,
Becel,Margarines,"['en:plant-based-foods-and-beverages', 'en:plant-based-foods', 'en:fats', 'en:spreads', 'en:plant-based-spreads', 'en:vegetable-fats', 'en:spreadable-fats', 'en:margarines']",8719200263543,"Germany, Switzerland","['en:germany', 'en:switzerland']",1697361502,b,,https://images.openfoodfacts.org/images/products/871/920/026/3543/front_de.9.400.jpg,"['en:water', 'en:vegetable-oil', 'en:oil-and-fat', 'en:vegetable-oil-and-fat', 'en:flax-seed', 'en:seed', 'en:flax', 'de:Pflanzensterinester', 'en:coconut-fat', 'en:vegetable-fat', 'en:emulsifier', 'en:natural-flavouring', 'en:flavouring', 'en:colour', 'en:vitamin-d', 'en:vitamins', 'en:rapeseed-oil', 'en:sunflower-fat', 'en:e471', 'en:e322i', 'en:e322', 'en:e160a']","Wasser, pflanzliche Öle (Raps, Sonnenblumen, Leinsamen), 9% Pflanzensterinester, Kokosfett, Emulgatoren (Mono - und Diglyceride von Speisefettsäuren, Lecithin), natürliche Aromen, Farbstoff (Carotin), Vitamin D.",,[],1780476618,,,[],,,[],Becel ProActiv Margarine,,food,milch,61.0,
Milbona,Cow mozzarella,"['en:dairies', 'en:fermented-foods', 'en:fermented-milk-products', 'en:cheeses', 'en:cow-cheeses', 'en:italian-cheeses', 'en:stretched-curd-cheeses', 'en:mozzarella', 'en:cow-mozzarella']",20851750,"Bulgaria, Croatia, France, Germany, Greece, Slovenia","['en:bulgaria', 'en:croatia', 'en:france', 'en:germany', 'en:greece', 'en:slovenia']",1494790920,c,,https://images.openfoodfacts.org/images/products/000/002/085/1750/front_en.107.400.jpg,"['en:cow-s-milk', 'en:dairy', 'en:milk', 'en:microbial-rennet', 'en:enzyme', 'en:coagulating-enzyme', 'en:rennet', 'en:vegetarian-rennet', 'en:salt', 'en:acid', 'en:e330']","Pasteurisierte Kuhmilch, mikrobielles Lab, Speisesalz, Säuerungsmittel: Citronensäure.","Ohne Gentechnik, V-Label International Vegetarian","['en:vegetarian', 'en:no-gmos', 'de:ohne-gentechnik', 'en:v-label-international', 'en:v-label-international-vegetarian']",1779531590,,Germany,['en:germany'],"Plastique, Frais","['en:plastic', 'en:fresh']","[{'material': 'xx:81-c-pp', 'number_of_units': 1, 'shape': 'en:lid'}, {'material': 'en:pet-opaque', 'number_of_units': 1, 'shape': 'en:packaging'}]",Mini Mozzarella,Lidl,food,milch,52.0,
Alpenhain,Camemberts,"['en:dairies', 'en:fermented-foods', 'en:fermented-milk-products', 'en:cheeses', 'en:soft-cheeses', 'en:cow-cheeses', 'en:soft-cheeses-with-bloomy-rind', 'en:camemberts']",4003751002848,Germany,['en:germany'],1421486212,c,Käsezubereitung Doppelrahmstufe wärmebehandelt,https://images.openfoodfacts.org/images/products/400/375/100/2848/front_de.97.400.jpg,"['en:camembert', 'en:dairy', 'en:cheese', 'en:cream', 'en:butter', 'en:soft-white-cheese', 'en:onion', 'en:vegetable', 'en:root-vegetable', 'en:onion-family-vegetable', 'en:salt', 'en:spice', 'en:condiment', 'en:caraway']","53% Camembert, Rahm; Butter; Frischkäse, Zwiebeln; Salz, Gewürze, Kümmel","Vegetarian, No gluten, No preservatives, Ohne Gentechnik, PGI","['en:vegetarian', 'en:no-gluten', 'en:no-gmos', 'en:no-preservatives', 'de:ohne-gentechnik', 'en:pgi']",1780750303,d-83539-pfaffing,Bayern,"['en:germany', 'en:bayern']","Schüssel,PP - Polypropylen","['en:plastic', 'en:pp-polypropylene', 'en:bowl']","[{'material': 'en:pp-5-polypropylene', 'number_of_units': 1, 'recycling': 'en:recycle', 'shape': 'en:bowl'}, {'material': 'en:aluminium', 'number_of_units': 1, 'recycling': 'en:recycle', 'shape': 'en:film'}]",Obazda klassisch,hit,food,milch,49.0,
Rama,"Margarines, de:Pflanzliche-streichfette, de:Pflanzliches Streichfett","['en:plant-based-foods-and-beverages', 'en:plant-based-foods', 'en:fats', 'en:spreads', 'en:plant-based-spreads', 'en:vegetable-fats', 'en:spreadable-fats', 'en:margarines', 'de:Pflanzliche-streichfette', 'de:Pflanzliches Streichfett']",8719200233744,Germany,['en:germany'],1658486663,b,,https://images.openfoodfacts.org/images/products/871/920/023/3744/front_de.56.400.jpg,"['en:vegetable-fat', 'en:oil-and-fat', 'en:vegetable-oil-and-fat', 'de:ole', 'en:water', 'en:coconut-fat', 'en:broad-bean-protein', 'en:protein', 'en:plant-protein', 'en:emulsifier', 'en:natural-flavouring', 'en:flavouring', 'en:vitamins', 'en:ergocalciferol', 'en:vitamin-d', 'en:thiamin', 'en:e101', 'en:vitamin-b6', 'en:vitamin-b12', 'en:folic-acid', 'en:folate', 'en:colour', 'en:dextrose', 'en:added-sugar', 'en:monosaccharide', 'en:glucose', 'en:sunflower-fat', 'en:rapeseed-oil', 'en:e322i', 'en:e322', 'en:e160a']","Pflanzliche Fette und Ole (Sonnenblumen, Raps), Trinkwasser, Kokosfett, Ackerbohnenprotein, Emulgator (Lecithin), natürliche Aromen, Vitamine (D2, B1, B2, B6, B12, Folsäure), Farbstoff (Carotin), Dextrose.","No preservatives, Made in the EU, No palm oil, V-Label International Vegan","['en:vegetarian', 'en:no-preservatives', 'en:vegan', 'en:made-in-the-eu', 'en:no-palm-oil', 'en:v-label-international', 'en:v-label-international-vegan']",1775748610,,de:Hergestellt in der EU,['de:Hergestellt in der EU'],Kunststoff,['en:plastic'],"[{'food_contact': 1, 'material': 'en:plastic', 'shape': 'en:pot'}, {'food_contact': 0, 'material': 'en:aluminium', 'shape': 'en:film'}, {'food_contact': 1, 'material': 'en:plastic', 'shape': 'en:lid'}]",Butter,"Edeka, Rewe",food,milch,63.0,
Bresso,"Cow cheeses, Cheese spreads, Cream cheeses","['en:dairies', 'en:fermented-foods', 'en:fermented-milk-products', 'en:cheeses', 'en:spreads', 'en:salted-spreads', 'en:cow-cheeses', 'en:cheese-spreads', 'en:cream-cheeses']",4000400008053,"Austria, Germany","['en:austria', 'en:germany']",1461534817,d,"Frischkäsezubereitung, wärmebehandelt",https://images.openfoodfacts.org/images/products/400/040/000/8053/front_de.100.400.jpg,"['en:soft-white-cheese', 'en:dairy', 'en:cheese', 'de:crème-fraiche', 'en:butter', 'en:herbes-de-provence', 'en:herb', 'en:starch', 'en:spice', 'en:condiment', 'en:salt', 'en:natural-flavouring', 'en:flavouring', 'en:e931']","_Frischkäse_, _Crème Fraiche_, _Butter_, Kräuter der Provence, Kräuter, Stärke, Gewürze, Speisesalz, natürliche Aromen, Stickstoff zum Aufschlagen.","Ohne Gentechnik, natural flavors","['en:no-gmos', 'de:ohne-gentechnik', 'en:natural-flavors']",1777324250,"Allgäu, Deutschland",,[],"Plastic,Pot","['en:plastic', 'en:pot']","[{'food_contact': 1, 'material': 'en:plastic', 'number_of_units': 1, 'shape': 'en:lid'}, {'food_contact': 0, 'material': 'en:paper', 'number_of_units': 1, 'shape': 'en:label'}, {'food_contact': 1, 'material': 'en:plastic', 'number_of_units': 1, 'shape': 'en:pot'}]",Kräuter der Provence,"Hofer, NETTO",food,milch,37.0,
Almette,"Fresh cheeses, Cream cheeses","['en:dairies', 'en:fermented-foods', 'en:fermented-milk-products', 'en:cheeses', 'en:fresh-cheeses', 'en:cream-cheeses']",4002468084017,Germany,['en:germany'],1437853490,d,"Frischkäse wärmebehandelt, Doppelrahmstufe",https://images.openfoodfacts.org/images/products/400/246/808/4017/front_de.84.400.jpg,"['en:soft-white-cheese', 'en:dairy', 'en:cheese', 'en:chives', 'en:vegetable', 'en:root-vegetable', 'en:onion-family-vegetable', 'en:parsley', 'en:herb', 'en:leaf-vegetable', 'en:spice', 'en:condiment', 'en:salt', 'en:starch', 'en:e931', 'en:onion', 'en:garlic']","_Frischkäse_, Schnittlauch, Petersilie, Gewürze (Zwiebeln, Knoblauch), Speisesalz, Stärke, Stickstoff zum Aufschlagen","No preservatives, Ohne Gentechnik, Green Dot, de:DLG Tierwohl Silber","['en:no-gmos', 'en:no-preservatives', 'de:ohne-gentechnik', 'en:green-dot', 'de:DLG Tierwohl Silber']",1778515911,,,[],"en:Plastic, PP","['en:plastic', 'en:pp-polypropylene']","[{'food_contact': 1, 'material': 'en:pp-5-polypropylene', 'shape': 'en:pot'}]",Frischkäse Almette Kräuter,"Edeka, Netto MD, Rewe, Tegut",food,milch,41.0,
alpro,Soy milk yogurts,"['en:plant-based-foods-and-beverages', 'en:fermented-foods', 'en:dairy-substitutes', 'en:desserts', 'en:vegan-products', 'en:non-dairy-desserts', 'en:non-dairy-fermented-foods', 'en:non-dairy-yogurts', 'en:soy-milk-yogurts']",5411188128601,"Finland, France, Germany, Poland, Switzerland","['en:finland', 'en:france', 'en:germany', 'en:poland', 'en:switzerland']",1559223083,a,"Fermentiertes Sojaprodukt, Vanillegeschmack, angereichert mit Calcium und Vitaminen.",https://images.openfoodfacts.org/images/products/541/118/812/8601/front_de.151.400.jpg,"['en:water', 'en:soya-bean', 'en:vegetable', 'en:legume', 'en:pulse', 'en:soya', 'en:sugar', 'en:added-sugar', 'en:disaccharide', 'en:stabiliser', 'en:acidity-regulator', 'en:calcium', 'en:minerals', 'en:natural-flavouring', 'en:flavouring', 'en:sea-salt', 'en:salt', 'en:antioxidant', 'en:vanilla-pod', 'en:plant', 'en:vanilla', 'en:natural-vanilla-flavouring-with-other-natural-flavourings', 'en:vanilla-flavouring', 'en:natural-vanilla-flavouring', 'en:carrot-concentrate', 'en:root-vegetable', 'en:taproot-vegetable', 'en:carrot', 'en:vitamins', 'en:vitamin-b12', 'en:e101', 'en:ergocalciferol', 'en:vitamin-d', 'en:lactic-ferments', 'en:ferment', 'en:microbial-culture', 'en:e440a', 'en:e330', 'en:e331', 'en:e296', 'en:e341iii', 'en:e341', 'en:e306', 'en:e304', 'en:streptococcus-thermophilus', 'en:lactobacillus-bulgaricus', 'en:lactobacillus']","Wasser, geschälte Sojabohnen (13,9%), Zucker, Stabilisator (Pektine), Säureregulatoren (Citronensäure, Natriumcitrate, Apfelsäure), Calcium (Tricalciumphosphat), natürliches Aroma, Meersalz, Antioxidationsmittel (stark tocopherolhaltige Extrakte, Fettsäureester der Ascorbinsäure), extrahierte Vanilleschoten (0,02%), natürliches Vanillearoma mit anderen natürlichen Aromen, färbendes Karottenkonzentrat, Vitamine B12, B2, D2, Joghurtkulturen (S. thermophilus, L. bulgaricus).","No gluten, Certified B Corporation, High proteins, V-Label International Vegan","['en:vegetarian', 'en:no-gluten', 'en:source-of-proteins', 'en:vegan', 'en:certified-b-corporation', 'en:high-proteins', 'en:v-label-international', 'en:v-label-international-vegan']",1780489369,Union Européenne,,[],"Metal,Pot,Recyclable Metals,Aluminium,Plastique","['en:metal', 'en:pot', 'en:recyclable-metals', 'en:aluminium', 'en:plastique']","[{'food_contact': 1, 'material': 'en:plastic', 'number_of_units': 1, 'recycling': 'en:recycle', 'shape': 'en:pot'}, {'food_contact': 0, 'material': 'en:paperboard', 'number_of_units': 1, 'shape': 'en:sleeve'}, {'food_contact': 1, 'number_of_units': 1, 'shape': 'en:seal'}]",Skyr Alternative Vanille aus Soja,"coop, kaufland, rewe",food,milch,79.0,
Salakis,"Feta, Käse","['en:dairies', 'en:fermented-foods', 'en:fermented-milk-products', 'en:cheeses', 'en:greek-cheeses', 'en:feta', 'en:Käse']",3023260033424,"Austria, Germany","['en:austria', 'en:germany']",1674413312,e,,https://images.openfoodfacts.org/images/products/302/326/003/3424/front_en.29.400.jpg,"['en:sheeps-milk', 'en:dairy', 'en:milk', 'en:brine']","pasteurisierte Schafmilch, Salzlake","Vegetarian, No gluten, No preservatives, Ohne Gentechnik, 120 days grass-fed, No palm oil","['en:vegetarian', 'en:no-gluten', 'en:animal-welfare', 'en:no-gmos', 'en:no-preservatives', 'de:ohne-gentechnik', 'en:120-days-grass-fed', 'en:no-palm-oil']",1780927376,,,[],,[],[],Schafskäse,tegut,food,milch,18.0,
Lätta,Light margarines,"['en:plant-based-foods-and-beverages', 'en:plant-based-foods', 'en:fats', 'en:spreads', 'en:plant-based-spreads', 'en:vegetable-fats', 'en:spreadable-fats', 'en:margarines', 'en:light-margarines']",8719200261556,Germany,['en:germany'],1697371119,b,,https://images.openfoodfacts.org/images/products/871/920/026/1556/front_de.30.400.jpg,"['en:water', 'en:vegetable-oil', 'en:oil-and-fat', 'en:vegetable-oil-and-fat', 'en:coconut-fat', 'en:vegetable-fat', 'en:modified-starch', 'en:starch', 'en:salt', 'en:emulsifier', 'en:acid', 'en:preservative', 'en:natural-flavouring', 'en:flavouring', 'en:colour', 'en:vitamin-d', 'en:vitamins', 'en:rapeseed', 'en:vegetable', 'en:root-vegetable', 'en:sunflower', 'en:plant', 'en:e471', 'en:e322i', 'en:e322', 'en:e270', 'en:e202', 'en:e160a']","Trinkwasser, pflanzliche Öle (Raps, Sonnenblume) Kokosfett, modifizierte Stärke, Speisesalz (0,8%), Emulgatoren (Mono - und Diglyceride von Speisefettsäuren, Lecithin), Säuerungsmittel (Milchsäure), Konservierungsstoff (Kaliumsorbat), natürliche Aromen, Farbstoff (Carotin), Vitamin D.",No palm oil,['en:no-palm-oil'],1780026587,,,,,,"[{'material': 'en:plastic', 'number_of_units': 1, 'shape': 'en:box'}, {'material': 'en:plastic', 'number_of_units': 1, 'recycling': 'de:gelber sack', 'shape': 'en:lid'}, {'material': 'en:aluminium', 'number_of_units': 1, 'recycling': 'de:gelber Sack', 'shape': 'de:blatt'}, {'material': 'en:paper', 'number_of_units': 1, 'recycling': 'de:altpapier', 'shape': 'en:packaging'}]",Lätta Extra Fit,,food,milch,61.0,
Caprice des Dieux,"Cow cheeses, Soft cheeses with bloomy rind, French cheeses, Pasteurized cheeses, Soft cheese with a natural rind","['en:dairies', 'en:fermented-foods', 'en:fermented-milk-products', 'en:cheeses', 'en:soft-cheeses', 'en:cow-cheeses', 'en:soft-cheeses-with-bloomy-rind', 'en:pasteurised-products', 'en:french-cheeses', 'en:pasteurized-cheeses', 'en:soft-cheese-with-a-natural-rind']",3161710000135,"Belgium, France, Germany, Morocco, Switzerland","['en:belgium', 'en:france', 'en:germany', 'en:morocco', 'en:switzerland']",1454876857,d,"Französischer Rahm-Weichkäse aus pasteurisierter Milch, Doppelrahmstufe",https://images.openfoodfacts.org/images/products/316/171/000/0135/front_en.94.400.jpg,"['de:Französischer Rahm-Weichkäse aus pasteurisierter Milch', 'de:Doppelrahmstufe']","Französischer Rahm-Weichkäse aus pasteurisierter Milch, Doppelrahmstufe",No lactose,['en:no-lactose'],1780368763,Frankreich,,[],"Carton, Emballage, Papier cartonné, Etui en carton","['en:cardboard', 'en:packaging', 'en:paperboard', 'fr:etui-en-carton']","[{'material': 'en:paperboard', 'shape': 'en:sleeve'}, {'shape': 'en:packaging'}]",Caprice des Dieux,"Delhaize, Magasins U",food,milch,38.0,
Bellasan,"Salted spreads, Margarines","['en:plant-based-foods-and-beverages', 'en:plant-based-foods', 'en:fats', 'en:spreads', 'en:plant-based-spreads', 'en:salted-spreads', 'en:vegetable-fats', 'en:spreadable-fats', 'en:margarines']",4061458029766,Germany,['en:germany'],1555693661,b,,https://images.openfoodfacts.org/images/products/406/145/802/9766/front_de.117.400.jpg,"['en:vegetable-oil', 'en:oil-and-fat', 'en:vegetable-oil-and-fat', 'en:water', 'en:emulsifier', 'en:salt', 'en:natural-flavouring', 'en:flavouring', 'en:acid', 'en:colour', 'en:ergocalciferol', 'en:vitamins', 'en:vitamin-d', 'de:Kann Spuren enthalten von', 'en:sunflower', 'en:plant', 'de:ganz gehärtete Sonnenblumen', 'en:coconut', 'en:fruit', 'en:e471', 'en:e322', 'en:e330', 'en:e160a']","Pflanzliche Öle (Sonnenblumen (63 %), ganz gehärtete Sonnenblumen, Kokos), Wasser, Emulgator (E471, Lecithine), Salz (0,2 %), natürliches Aroma, Säuerungsmittel (Citronensäure), Farbstoff (Carotine), Vitamin D2. 

Kann Spuren enthalten von: Milch.","2018 Gold medal of the German Agricultural Society, 2023 Gold medal of the German Agricultural Society, Nutriscore Grade D, V-Label International Vegan","['en:vegetarian', 'en:german-agricultural-society', 'en:gold-medal-of-the-german-agricultural-society', 'en:vegan', 'en:2018-gold-medal-of-the-german-agricultural-society', 'en:2023-gold-medal-of-the-german-agricultural-society', 'en:nutriscore', 'en:nutriscore-grade-d', 'en:v-label-international', 'en:v-label-international-vegan']",1780487861,,,[],Kunststoff,['en:plastic'],"[{'food_contact': 1, 'material': 'en:pp-5-polypropylene', 'recycling': 'de:Gelbe Tonne', 'shape': 'en:pot'}, {'food_contact': 0, 'material': 'en:aluminium', 'recycling': 'de:Gelbe Tonne', 'shape': 'en:film'}, {'food_contact': 1, 'material': 'en:pp-5-polypropylene', 'recycling': 'de:Gelbe Tonne', 'shape': 'en:lid'}]",Sonnenblumen-Margarine,"Aldi Nord, Aldi Süd",food,milch,66.0,
Dovgan Family,"Cow cheeses, Cheese spreads, Cream cheeses","['en:dairies', 'en:fermented-foods', 'en:fermented-milk-products', 'en:cheeses', 'en:spreads', 'en:salted-spreads', 'en:cow-cheeses', 'en:cheese-spreads', 'en:cream-cheeses']",4032549018082,"Germany, Latvia","['en:germany', 'en:latvia']",1583226776,c,,https://images.openfoodfacts.org/images/products/403/254/901/8082/front_de.50.400.jpg,"['en:cow-s-milk', 'en:dairy', 'en:milk', 'en:lactic-ferments', 'en:ferment', 'en:microbial-culture']","pasteurisierte _Kuhmilch_, Milchsäurebakterien.",Green Dot,['en:green-dot'],1780054687,,Germany,['en:germany'],Kunststoff,['en:plastic'],"[{'food_contact': 1, 'material': 'en:plastic'}]",Körniger Frischkäse,aldi,food,milch,48.0,
alpro,Soy milk yogurts,"['en:plant-based-foods-and-beverages', 'en:fermented-foods', 'en:dairy-substitutes', 'en:desserts', 'en:vegan-products', 'en:non-dairy-desserts', 'en:non-dairy-fermented-foods', 'en:non-dairy-yogurts', 'en:soy-milk-yogurts']",5411188138334,"France, Germany, Spain","['en:france', 'en:germany', 'en:spain']",1709676069,a,"Fermentiertes Sojaprodukt, Zitronen-Käsekuchen-Geschmack, mit Calcium und Vitaminen.",https://images.openfoodfacts.org/images/products/541/118/813/8334/front_de.44.400.jpg,"['en:water', 'en:soya-bean', 'en:vegetable', 'en:legume', 'en:pulse', 'en:soya', 'en:sugar', 'en:added-sugar', 'en:disaccharide', 'de:Zitronenmischung', 'en:glucose-fructose-syrup', 'en:monosaccharide', 'en:fructose', 'en:glucose', 'en:calcium', 'en:minerals', 'en:stabiliser', 'en:acidity-regulator', 'en:modified-starch', 'en:starch', 'en:sea-salt', 'en:salt', 'en:flavouring', 'en:antioxidant', 'en:vitamins', 'en:e101', 'en:vitamin-b12', 'en:ergocalciferol', 'en:vitamin-d', 'en:lactic-ferments', 'en:ferment', 'en:microbial-culture', 'en:lemon-juice-from-concentrate', 'en:fruit', 'en:juice', 'en:fruit-juice', 'en:lemon-juice', 'en:e333iii', 'en:e333', 'en:e440a', 'en:e330', 'en:e331', 'en:e306', 'en:e304', 'en:streptococcus-thermophilus', 'en:lactobacillus-bulgaricus', 'en:lactobacillus']","Wasser, geschälte Sojabohnen (9,9%), Zucker, Zitronenmischung (2,8%) (Zitronensaft aus Zitronensaftkonzentrat (1,7%), Frucht (1,1%)), Glukose-Fruktose-Sirup, Calcium (Tricalciumcitrat), Stabilisator (Pektine), Säureregulatoren (Citronensäure, Natriumcitrate), modifizierte Stärke, Meersalz, Aroma, Antioxidationsmittel (stark tocopherolhaltige Extrakte, Fettsäureester der Ascorbinsäure), Vitamine B2, B12, D2, Joghurtkulturen (S. thermophilus, L. bulgaricus). Kann Spuren von Schalenfrüchten enthalten.","No gluten, Certified B Corporation, European Vegetarian Union Vegan, No lactose, Nutriscore, V-Label International Vegan","['en:vegetarian', 'en:no-gluten', 'en:vegan', 'en:certified-b-corporation', 'en:european-vegetarian-union', 'en:european-vegetarian-union-vegan', 'en:no-lactose', 'en:nutriscore', 'en:v-label-international', 'en:v-label-international-vegan']",1780562559,,"Hergestellt in Europa, Sojabohnen EU, Sojabohnen nicht EU (Kanada)","['en:Hergestellt in Europa', 'en:Sojabohnen EU', 'en:Sojabohnen nicht EU (Kanada)']",,,"[{'food_contact': 1, 'material': 'en:plastic', 'number_of_units': 1, 'shape': 'en:pot'}, {'food_contact': 0, 'material': 'en:paper', 'number_of_units': 1, 'shape': 'en:sleeve'}, {'food_contact': 1, 'number_of_units': 1, 'shape': 'en:seal'}]",Lemon cheesecake flavour aus Soja,"Edeka, Rewe",food,milch,79.0,
Milbona,"Cream cheeses, de:Frischkäsezubereitung","['en:dairies', 'en:fermented-foods', 'en:fermented-milk-products', 'en:cheeses', 'en:cream-cheeses', 'de:Frischkäsezubereitung']",20094508,"Germany, Hungary, Lithuania, Romania, Serbia, Switzerland","['en:germany', 'en:hungary', 'en:lithuania', 'en:romania', 'en:serbia', 'en:switzerland']",1455916995,d,Frischkäsezubereitung mit Kräutern,https://images.openfoodfacts.org/images/products/000/002/009/4508/front_en.66.400.jpg,"['en:soft-white-cheese', 'en:dairy', 'en:cheese', 'en:salt', 'en:herb', 'en:spice', 'en:condiment', 'en:garlic', 'en:vegetable', 'en:root-vegetable', 'en:onion-family-vegetable', 'en:onion', 'en:thickener', 'en:e412', 'en:e931', 'en:carob-seed-flour', 'en:flour', 'en:legume', 'en:pulse', 'en:carob-bean']","Frischkäse, Speisesalz, Kräuter, Gewürze, Knoblauch, Zwiebeln, Verdickungsmittel: Johannisbrotkernmehl, Guarkernmehl; Stickstoff zum Aufschlagen.",Made in Germany,['en:made-in-germany'],1775765440,,,[],"Metall,Kunststoff,PET - Polyethylenterephtalat,Wiederverwertbare Metalle,Aluminium,PP - Polypropylen","['en:plastic', 'en:metal', 'en:pet-polyethylene-terephthalate', 'en:pp-polypropylene', 'en:recyclable-metals', 'en:aluminium']","[{'material': 'en:pet-1-polyethylene-terephthalate'}, {'material': 'en:pp-5-polypropylene'}, {'material': 'en:aluminium'}]",Crefee mit feinen  Kräutern,Lidl,food,milch,34.0,
Milbona,"Skyrs, Cream cheeses","['en:dairies', 'en:fermented-foods', 'en:fermented-milk-products', 'en:cheeses', 'en:desserts', 'en:dairy-desserts', 'en:fermented-dairy-desserts', 'en:fromages-blancs-petit-suisses-and-skyr', 'en:skyrs', 'en:cream-cheeses']",4056489118206,"Austria, Germany, Spain","['en:austria', 'en:germany', 'en:spain']",1569338997,a,"Frischkäsezubereitung mit 20% Erdbeerzubereitung mit Süßungsmitteln, Magerstufe im Milchanteil",https://images.openfoodfacts.org/images/products/405/648/911/8206/front_de.64.400.jpg,"['en:skimmed-milk', 'en:dairy', 'en:milk', 'en:water', 'en:strawberry', 'en:fruit', 'en:berries', 'en:modified-starch', 'en:starch', 'en:lemon', 'en:citrus-fruit', 'en:thickener', 'en:e415', 'en:carrot-concentrate', 'en:vegetable', 'en:root-vegetable', 'en:taproot-vegetable', 'en:carrot', 'de:Säureregulaturen', 'en:e330', 'en:lactic-ferments', 'en:ferment', 'en:microbial-culture', 'en:microbial-rennet', 'en:enzyme', 'en:coagulating-enzyme', 'en:rennet', 'en:vegetarian-rennet', 'en:natural-flavouring', 'en:flavouring', 'en:sweetener', 'en:e950', 'en:e440a', 'en:e327', 'en:e951']","Entrahmte _Milch_, Wasser, 7% Erdbeere, modifizierte Stärke, Zitronesaftkonzentrat, Verdickungsmittel: Pektine, Xanthan, färbendes Karottenkonzentrat, Säureregulaturen: Calciumlactat, Citronensäure, Starterkulturen, mikrobielles Lab, natürliches Aroma (enthält _Milch_), Süßungsmittel: Aspartam, Acesulfam K,",Made in Germany,['en:made-in-germany'],1779968802,deutschland,,[],"Metall, Kunststoff, Wiederverwertbare Metalle, Aluminium, PP - Polypropylen","['en:metal', 'en:plastic', 'en:recyclable-metals', 'en:aluminium', 'en:pp-polypropylene']","[{'material': 'en:aluminium'}, {'material': 'en:pp-5-polypropylene'}]",Skyr Erdbeere,lidl,food,milch,75.0,
Milsani,"Beverages, Milks","['en:beverages-and-beverages-preparations', 'en:beverages', 'en:dairies', 'en:milks-liquid-and-powder', 'en:milks']",4061462842764,Germany,['en:germany'],1653558841,d,Haltbare Fettarme Milch,https://images.openfoodfacts.org/images/products/406/146/284/2764/front_de.207.400.jpg,"['de:Fettarme Mich 1', 'de:5\xa0% Fett']","Fettarme Mich 1,5 % Fett",Non-vegan,['en:non-vegan'],1781017794,Deutschland,de:DE RP 247 EG,['de:DE RP 247 EG'],,,[],Haltbare Fettarme Milch,"Aldi Nord, Aldi Süd",food,milch,38.0,
Milbona,Greek-style yogurts,"['en:dairies', 'en:fermented-foods', 'en:fermented-milk-products', 'en:desserts', 'en:dairy-desserts', 'en:fermented-dairy-desserts', 'en:yogurts', 'en:greek-style-yogurts']",20917920,"Austria, Germany","['en:austria', 'en:germany']",1493828579,a,"Joghurterzeugnis, 2% Fett",https://images.openfoodfacts.org/images/products/000/002/091/7920/front_de.76.400.jpg,"['en:milk', 'en:dairy', 'en:skimmed-milk', 'en:milk-proteins', 'en:protein', 'en:animal-protein', 'en:lactic-ferments', 'en:ferment', 'en:microbial-culture']","Milch, Magermilchkonzentrat, Milcheiweißerzeugnis, Joghurtkulturen","Ohne Gentechnik, Made in Germany","['en:no-gmos', 'de:ohne-gentechnik', 'en:made-in-germany']",1780287670,,,[],"Kunststoff, PP - Polypropylen, JETB11","['en:plastic', 'en:pp-polypropylene', 'de:jetb11']","[{'material': 'en:pp-5-polypropylene', 'number_of_units': 1, 'shape': 'en:bucket'}, {'material': 'en:plastic', 'number_of_units': 1, 'shape': 'en:lid'}]",Griechisches Joghurt 2% Fett,lidl,food,milch,76.0,
Alnatura,"Coconut yogurts, Coconutmilk yogurts, de:Veganer Joghurtersat","['en:plant-based-foods-and-beverages', 'en:dairies', 'en:fermented-foods', 'en:fermented-milk-products', 'en:dairy-substitutes', 'en:desserts', 'en:vegan-products', 'en:dairy-desserts', 'en:non-dairy-desserts', 'en:non-dairy-fermented-foods', 'en:fermented-dairy-desserts', 'en:non-dairy-yogurts', 'en:fermented-dairy-desserts-with-fruits', 'en:yogurts', 'en:fruit-yogurts', 'en:coconut-yogurts', 'en:coconutmilk-yogurts', 'de:Veganer Joghurtersat']",4104420207448,"France, Germany, Switzerland, world","['en:france', 'en:germany', 'en:switzerland', 'en:world']",1528016474,a-plus,,https://images.openfoodfacts.org/images/products/410/442/020/7448/front_en.80.400.jpg,"['en:coconut-milk', 'en:fruit', 'en:coconut', 'en:tapioca', 'en:starch', 'en:stabiliser', 'en:sea-salt', 'en:salt', 'en:lactic-ferments', 'en:ferment', 'en:microbial-culture', 'en:water', 'en:carob-seed-flour', 'en:vegetable', 'en:flour', 'en:legume', 'en:pulse', 'en:carob-bean']","Kokosmilch* 95 % (Wasser, Kokosmark* 24 %), Tapiokastärke*, Stabilisator: Johannisbrotkernmehl*, Meersalz, Milchsäurebakterienkulturen *aus biologischer Landwirtschaft.","AT-BIO-402, Made in the EU, No added sugar, The Vegan Society, de:Bio label German, de:VEGAN SOCIETY VEGAN LOGO","['en:vegetarian', 'en:organic', 'en:eu-organic', 'en:vegan', 'en:at-bio-402', 'en:made-in-the-eu', 'en:no-added-sugar', 'en:the-vegan-society', 'de:Bio label German', 'de:VEGAN SOCIETY VEGAN LOGO']",1777712631,,Non European Union,['en:non-european-union'],Pot,['en:pot'],"[{'food_contact': 1, 'material': 'en:pp-5-polypropylene', 'number_of_units': '1', 'recycling': 'en:discard', 'shape': 'en:pot'}, {'food_contact': 1, 'material': 'en:aluminium', 'number_of_units': '1', 'recycling': 'en:discard', 'shape': 'en:lid'}, {'food_contact': 0, 'material': 'en:non-corrugated-cardboard', 'number_of_units': '1', 'recycling': 'en:discard', 'shape': 'en:packaging'}]",Kokos Natur vegan,Alnatura,food,milch,94.0,
"Kerrygold, Ornua Deutschland","Unsalted butters, de:Mischstreichfett","['en:dairies', 'en:fats', 'en:spreads', 'en:spreadable-fats', 'en:animal-fats', 'en:dairy-spreads', 'en:milkfat', 'en:butters', 'de:mischfette', 'en:unsalted-butters', 'de:mischstreichfett']",4001954165803,Germany,['en:germany'],1488796051,d,,https://images.openfoodfacts.org/images/products/400/195/416/5803/front_de.84.400.jpg,"['en:butter', 'en:dairy', 'en:water', 'en:rapeseed-oil', 'en:oil-and-fat', 'en:vegetable-oil-and-fat']","Butter (63%), Wasser, Rapsöl (13%).",,[],1774688535,,Ireland,['en:ireland'],"Kunststoff,Pappe,PP - Polypropylen","['en:plastic', 'en:pp-polypropylene', 'en:cardboard']","[{'food_contact': 1, 'material': 'en:pp-5-polypropylene', 'recycling': 'de:Gelbe Tonne', 'shape': 'en:pot'}, {'food_contact': 0, 'material': 'en:cardboard', 'recycling': 'de:Papiertonne', 'shape': 'en:backing'}, {'food_contact': 0, 'material': 'en:aluminium', 'recycling': 'de:Gelbe Tonne', 'shape': 'en:film'}, {'food_contact': 1, 'material': 'en:pp-5-polypropylene', 'recycling': 'de:Gelbe Tonne', 'shape': 'en:lid'}]","Kerrgold extra XXL, ungesalzen","Aldi, Edeka, Kaufland, Netto MD, Penny, Rewe",food,milch,30.0,
Bergader,Sliced cheeses,"['en:dairies', 'en:fermented-foods', 'en:fermented-milk-products', 'en:cheeses', 'en:sliced-cheeses']",4006402046192,Germany,['en:germany'],1533801333,d,"Schnittkäse, 48% Fett i. Tr.",https://images.openfoodfacts.org/images/products/400/640/204/6192/front_de.67.400.jpg,"['en:milk', 'en:dairy', 'en:salt', 'en:lactic-ferments', 'en:ferment', 'en:microbial-culture', 'en:microbial-coagulating-enzyme', 'en:enzyme', 'en:coagulating-enzyme']","Pasteurisierte Milch, Kochsalz, Käsereikulturen, mikrobieller Labaustauschstoff.","No gluten, Ohne Gentechnik, No lactose","['en:no-gluten', 'en:no-gmos', 'de:ohne-gentechnik', 'en:no-lactose']",1775494003,Waging,,[],"Plastic,Pack","['en:plastic', 'en:packet']","[{'food_contact': 1, 'material': 'en:plastic', 'number_of_units': 1, 'quantity_per_unit': '150 g', 'quantity_per_unit_unit': 'g', 'quantity_per_unit_value': 150, 'shape': 'en:packet', 'weight_measured': 9}]",Bergbauern mild nussig Käse,"Norma, Penny, Rewe, real GmbH",food,milch,39.0,
alpro,Chocolate soy-based drinks,"['en:beverages-and-beverages-preparations', 'en:plant-based-foods-and-beverages', 'en:beverages', 'en:plant-based-foods', 'en:legumes-and-their-products', 'en:dairy-substitutes', 'en:milk-substitutes', 'en:plant-based-beverages', 'en:plant-based-milk-alternatives', 'en:legume-based-drinks', 'en:soy-based-drinks', 'en:chocolate-soy-based-drinks']",5411188130055,"Belgium, Bulgaria, Czech Republic, Denmark, Finland, France, Germany, Greece, Ireland, Italy, Norway, Poland, Romania, Sweden, Switzerland, United Kingdom","['en:belgium', 'en:bulgaria', 'en:czech-republic', 'en:denmark', 'en:finland', 'en:france', 'en:germany', 'en:greece', 'en:ireland', 'en:italy', 'en:norway', 'en:poland', 'en:romania', 'en:sweden', 'en:switzerland', 'en:united-kingdom']",1571048886,a-plus,"Sojadrink, Schokoladengeschmack, angereichert mit Calcium und Vitaminen.",https://images.openfoodfacts.org/images/products/541/118/813/0055/front_en.252.400.jpg,"['en:soy-base', 'en:sugar', 'en:added-sugar', 'en:disaccharide', 'en:cocoa', 'en:plant', 'en:e170i', 'en:e170', 'en:flavouring', 'en:sea-salt', 'en:salt', 'en:acidity-regulator', 'en:stabiliser', 'en:vitamins', 'en:e101', 'en:ergocalciferol', 'en:vitamin-d', 'de:Von Natur aus gluten', 'de:und laktosefrei', 'en:water', 'en:soya-bean', 'en:vegetable', 'en:legume', 'en:pulse', 'en:soya', 'en:e340', 'en:e418']","SOJABASIS (Wasser, geschälte SOJABOHNEN (12%)), Zucker, Magerkakao (1,6%), Calciumcarbonat, Aromen, Meersalz, Säureregulator (Kaliumphosphate), Stabilisator (Gellan), Vitamine (B2, D2). Von Natur aus gluten - und laktosefrei.","No gluten, No artificial sweeteners, Vegan, FSC, Nutriscore Grade A, Rainforest Alliance Cocoa, Rainforest Alliance Coffee, Rich in vegetable protein","['en:vegetarian', 'en:no-gluten', 'en:no-artificial-sweeteners', 'en:source-of-proteins', 'en:vegan', 'en:fsc', 'en:high-proteins', 'en:nutriscore', 'en:nutriscore-grade-a', 'en:rainforest-alliance', 'en:rainforest-alliance-cocoa', 'en:rainforest-alliance-coffee', 'en:rich-in-vegetable-protein']",1781030296,,Europe,['en:europe'],"Tetra Pak,Tetra Brik Aseptic,Composite-carton,Other plastic-cap","['en:multilayer-composite', 'en:tetra-pak', 'en:tetra-brik-aseptic', 'en:composite-carton', 'en:other-plastic-cap']","[{'material': 'en:tetra-brik-aseptic', 'number_of_units': 1, 'shape': 'en:brick'}, {'shape': 'en:bottle-cap'}]","Alpro Sojadrink, Schokoladen-Geschmack, Protein 1L","biedronka, coop, k-market, k-supermarket, rewe",food,kaffee,98.0,
Bellarom,"Beverages, Freeze-dried instant coffees, it:caffe-solubile, it:coffee-solubile","['en:beverages-and-beverages-preparations', 'en:plant-based-foods-and-beverages', 'en:beverages', 'en:plant-based-foods', 'en:beverage-preparations', 'en:freeze-dried-foods', 'en:instant-beverages', 'en:freeze-dried-plant-based-foods', 'en:instant-coffees', 'en:freeze-dried-instant-coffees', 'it:caffe-solubile', 'it:coffee-solubile']",4056489440628,"Belgium, Finland, France, Germany, Italy, Morocco, Netherlands, Sweden, Switzerland, United Kingdom","['en:belgium', 'en:finland', 'en:france', 'en:germany', 'en:italy', 'en:morocco', 'en:netherlands', 'en:sweden', 'en:switzerland', 'en:united-kingdom']",1633634150,unknown,,https://images.openfoodfacts.org/images/products/405/648/944/0628/front_en.26.400.jpg,"['en:instant-coffee', 'en:coffee']",freeze dried instant coffee,Rainforest Alliance,['en:rainforest-alliance'],1776921748,,Non European Union,['en:non-european-union'],"it:barattolo vetro, en:glass-bottle, en:hdpe-lid","['en:glass-bottle', 'en:hdpe-lid', 'it:barattolo-vetro']","[{'food_contact': 1, 'material': 'en:clear-glass', 'number_of_units': 1, 'shape': 'en:bottle'}, {'food_contact': 0, 'material': 'en:pp-5-polypropylene', 'number_of_units': 1, 'shape': 'en:bottle-cap'}, {'food_contact': 1, 'material': 'en:aluminium', 'number_of_units': 1, 'shape': 'en:seal'}]",Freeze Dried Instant Coffee,Lidl,food,kaffee,,
Maxwell House,"Hot beverages, Coffees, Instant coffees","['en:beverages-and-beverages-preparations', 'en:plant-based-foods-and-beverages', 'en:beverages', 'en:plant-based-foods', 'en:hot-beverages', 'en:beverage-preparations', 'en:coffees', 'en:instant-beverages', 'en:instant-coffees']",8711000522967,"Algeria, France, Germany, Morocco, Senegal","['en:algeria', 'en:france', 'en:germany', 'en:morocco', 'en:senegal']",1474106187,unknown,,https://images.openfoodfacts.org/images/products/871/100/052/2967/front_en.50.400.jpg,['en:cafe-soluble-lyophilise'],Café soluble lyophilisé,"Green Dot, Triman, Point Vert","['en:green-dot', 'fr:triman', 'en:Point Vert']",1773474417,,,[],"Plastic,Glass,Jar,fr:Bocal en verre","['en:plastic', 'en:glass', 'en:jar', 'fr:bocal-en-verre']","[{'food_contact': 1, 'material': 'en:glass', 'shape': 'en:jar'}, {'food_contact': 0, 'material': 'en:plastic'}]",löslichen Kaffee,"Auchan, Leclerc, Magasins U, carrefour.fr",food,kaffee,,
"Nestlé, 3x Nescafé Classic 11.26 - 2x Nescafé Gold 11.26, 3x Nescafé Classic 11.26 - 3x Nescafé Gold 11.26, 3x Nescafé Classic 11.27 - 2x Nescafé Gold 11.26, 3x Nescafé Gold 11.26, Nescafé, Nescafé Gold","Beverages, Coffees, Freeze-dried instant coffees","['en:beverages-and-beverages-preparations', 'en:plant-based-foods-and-beverages', 'en:beverages', 'en:plant-based-foods', 'en:beverage-preparations', 'en:coffees', 'en:freeze-dried-foods', 'en:instant-beverages', 'en:freeze-dried-plant-based-foods', 'en:instant-coffees', 'en:freeze-dried-instant-coffees']",7613036305846,Germany,['en:germany'],1553799240,unknown,,https://images.openfoodfacts.org/images/products/761/303/630/5846/front_de.106.400.jpg,['en:coffee'],Kaffee,"Green Dot, de:Unter Schutzatmosphäre verpackt","['en:green-dot', 'de:Unter Schutzatmosphäre verpackt']",1776694189,,,[],Glas,['en:glass'],"[{'food_contact': 1, 'material': 'en:glass', 'number_of_units': 1, 'shape': 'en:pot'}, {'food_contact': 1, 'material': 'en:pp-5-polypropylene', 'number_of_units': 1, 'shape': 'en:lid'}, {'food_contact': 0, 'material': 'en:metal', 'number_of_units': 1, 'shape': 'en:film'}]",Instant Kaffee,"Aldi, Combi, Edeka, Kaufland, Lidl, Penny, Rewe",food,kaffee,,
"Deutsche Extrakt Kaffee, REWE, ja!",Powdered cappucino,"['en:beverages-and-beverages-preparations', 'en:beverage-preparations', 'en:instant-beverages', 'en:instant-coffees', 'en:powdered-cappucino']",4337256381185,"Germany, Morocco","['en:germany', 'en:morocco']",1653305903,unknown,,https://images.openfoodfacts.org/images/products/433/725/638/1185/front_de.29.400.jpg,"['en:sweet-whey-powder', 'en:dairy', 'en:whey', 'en:sweet-whey', 'en:sugar', 'en:added-sugar', 'en:disaccharide', 'en:glucose-syrup', 'en:monosaccharide', 'en:glucose', 'de:löslicher-bohnenkaffee', 'en:coconut-fat', 'en:oil-and-fat', 'en:vegetable-oil-and-fat', 'en:vegetable-fat', 'en:skimmed-milk-powder', 'en:milk-powder', 'de:molkenpermeatpulver', 'en:salt', 'en:stabiliser', 'en:acidity-regulator', 'en:emulsifier', 'en:maltodextrin', 'en:e340', 'en:e501', 'en:e472e']","Süßmolkenpulver, Zucker, Glukosesirup, löslicher Bohnenkaffee¹ 14%, Kokosfett, Magermilchpulver 5,6%, Molkenpermeatpulver, Speisesalz, Stabilisator (Kaliumphosphate),Säureregulator (Kaliumcarbonate), Emulgator (Diacetylweinsäureester von Mono - und Diglyceriden von Speisefettsäuren), Maltodextrin.",Nutriscore Grade E,"['en:nutriscore', 'en:nutriscore-grade-e']",1774519741,,,[],,,[],Typ Cappuccino classic,,food,kaffee,,
Lidl,Decaffeinated instant coffees,"['en:beverages-and-beverages-preparations', 'en:plant-based-foods-and-beverages', 'en:plant-based-foods', 'en:beverage-preparations', 'en:coffees', 'en:instant-beverages', 'en:decaffeinated-coffees', 'en:instant-coffees', 'en:decaffeinated-instant-coffees']",20991241,"Germany, United Kingdom","['en:germany', 'en:united-kingdom']",1573637064,unknown,,https://images.openfoodfacts.org/images/products/000/002/099/1241/front_en.3.400.jpg,"['en:instant-coffee', 'en:coffee', 'fr:décaféiné', 'fr:lyophilisé']","Café soluble, décaféiné, lyophilisé.","Rainforest Alliance Coffee, Triman","['en:rainforest-alliance', 'en:rainforest-alliance-coffee', 'fr:triman']",1780530075,,,[],,,"[{'food_contact': 1, 'material': 'en:glass', 'shape': 'en:jar'}]",Belladonna Löslicher Kaffee Entkoffeiniert,lidl,food,kaffee,,
"CARTE NOIR, Carte Noire","Beverages, Arabica coffees, Coffee beans","['en:beverages-and-beverages-preparations', 'en:plant-based-foods-and-beverages', 'en:beverages', 'en:plant-based-foods', 'en:beverage-preparations', 'en:coffees', 'en:arabica-coffees', 'en:coffee-beans']",8000070063334,"France, Germany","['en:france', 'en:germany']",1677928732,f,,https://images.openfoodfacts.org/images/products/800/007/006/3334/front_fr.3.400.jpg,"['en:roasted-coffee-beans', 'en:coffee', 'en:roasted-coffee']",café torréfié en grains,,[],1774777280,,,[],,,"[{'food_contact': 1, 'material': 'en:plastic', 'shape': 'en:bag'}]",Café grains Carte noire,,food,kaffee,-15.0,
Wunderbar,"Beverages, Coffees, Instant coffees","['en:beverages-and-beverages-preparations', 'en:plant-based-foods-and-beverages', 'en:beverages', 'en:plant-based-foods', 'en:beverage-preparations', 'en:coffees', 'en:instant-beverages', 'en:instant-coffees']",4000508040306,Germany,['en:germany'],1548767944,unknown,Instant-Kaffee,https://images.openfoodfacts.org/images/products/400/050/804/0306/front_de.76.400.jpg,"['en:instant-coffee', 'en:coffee']",Löslicher Kaffee,"Green Dot, Made in Germany, de:Unter Schutzatmosphäre verpackt","['en:green-dot', 'en:made-in-germany', 'de:Unter Schutzatmosphäre verpackt']",1777445584,,"Netherlands, Germany, Non European Union","['en:netherlands', 'en:germany', 'en:non-european-union']",Glas,['en:glass'],"[{'food_contact': 1, 'material': 'en:clear-glass', 'shape': 'en:pot'}, {'food_contact': 0, 'material': 'en:plastic', 'shape': 'en:lid'}, {'food_contact': 1, 'shape': 'en:seal'}]",Jacobs Gold,"Edeka, Penny, Rewe",food,kaffee,,
Bellarom,"Beverages, Ground coffees","['en:beverages-and-beverages-preparations', 'en:plant-based-foods-and-beverages', 'en:beverages', 'en:plant-based-foods', 'en:beverage-preparations', 'en:coffees', 'en:ground-coffees']",4056489600596,"Bulgaria, Denmark, Germany, Romania, United Kingdom","['en:bulgaria', 'en:denmark', 'en:germany', 'en:romania', 'en:united-kingdom']",1669988759,f,,https://images.openfoodfacts.org/images/products/405/648/960/0596/front_en.5.400.jpg,,,Rainforest Alliance,['en:rainforest-alliance'],1778136169,,,,,,[],Bellarom Gold,Lidl,food,kaffee,-5.0,
Dallmayr,"Plant-based beverages, Coffee capsules","['en:beverages-and-beverages-preparations', 'en:plant-based-foods-and-beverages', 'en:beverages', 'en:plant-based-foods', 'en:hot-beverages', 'en:plant-based-beverages', 'en:beverage-preparations', 'en:coffees', 'en:capsules', 'en:coffee-capsules']",4008167103714,"Austria, Germany, Lithuania, Poland, Romania, Ukraine","['en:austria', 'en:germany', 'en:lithuania', 'en:poland', 'en:romania', 'en:ukraine']",1475672199,f,,https://images.openfoodfacts.org/images/products/400/816/710/3714/front_de.90.400.jpg,"['en:arabica-coffee', 'en:coffee']",Arabica Kaffee 100%,FSC Recycling,"['en:fsc', 'en:fsc-recycling']",1780924875,Germany,,[],"Papier, Aluminiumfolie","['en:paper', 'de:aluminiumfolie']","[{'food_contact': 1, 'material': 'en:paper'}]",Dallmayr Prodomo Kaffee,"Edeka, Interspar, Lidl, NP",food,kaffee,-6.0,
"Jabobs, Jacobs, Jacobs Douwe Egberts","Beverages, Coffees","['en:beverages-and-beverages-preparations', 'en:plant-based-foods-and-beverages', 'en:beverages', 'en:plant-based-foods', 'en:coffees']",8711000708651,"Germany, Morocco","['en:germany', 'en:morocco']",1714411669,unknown,,https://images.openfoodfacts.org/images/products/871/100/070/8651/front_de.3.400.jpg,"['en:verbraucherservice', 'en:0800-5736736', 'en:www-jacobscoffee-com-8-711000-708651', 'en:gebuhrenfrel-in-de']",The Netherlands Verbraucherservice: 0800-5736736 (gebührenfrel in DE) www.jacobscoffee.com 8 711000&quot;708651&quot;&gt;,,,1773951100,,,,,,[],Krönung Signature,,food,kaffee,,
"LavAzza - Luigi Lavazza S.p.A., Lavazza",Nespresso-compatible coffee capsules,"['en:beverages-and-beverages-preparations', 'en:plant-based-foods-and-beverages', 'en:beverages', 'en:plant-based-foods', 'en:hot-beverages', 'en:beverage-preparations', 'en:coffees', 'en:capsules', 'en:coffee-capsules', 'en:nespresso-compatible-coffee-capsules']",8000070053465,"France, Germany, Italy, Morocco","['en:france', 'en:germany', 'en:italy', 'en:morocco']",1626538729,f,,https://images.openfoodfacts.org/images/products/800/007/005/3465/front_de.13.400.jpg,"['en:roasted-coffee', 'en:coffee']",gemahlener Röstkaffee,Made in Italy,['en:made-in-italy'],1773306290,,,[],,,"[{'food_contact': 1, 'shape': 'en:coffee-capsule'}]",Qualità Oro - Kapseln,,food,kaffee,-20.0,
ja!,"Beverages, Coffees, Powdered cappucino","['en:beverages-and-beverages-preparations', 'en:plant-based-foods-and-beverages', 'en:beverages', 'en:plant-based-foods', 'en:beverage-preparations', 'en:coffees', 'en:instant-beverages', 'en:instant-coffees', 'en:powdered-cappucino']",4337256382304,"Germany, Morocco","['en:germany', 'en:morocco']",1652517027,unknown,Getränkepulver mit löslichem Bohnenkaffee,https://images.openfoodfacts.org/images/products/433/725/638/2304/front_de.44.400.jpg,"['en:sweet-whey-powder', 'en:dairy', 'en:whey', 'en:sweet-whey', 'en:maltodextrin', 'en:coconut-fat', 'en:oil-and-fat', 'en:vegetable-oil-and-fat', 'en:vegetable-fat', 'en:glucose-syrup', 'en:added-sugar', 'en:monosaccharide', 'en:glucose', 'en:skimmed-milk-powder', 'en:milk-powder', 'de:getränkepulver-mit-löslichem-bohnenkaffee-molkenpermeatpulver', 'en:salt', 'en:stabiliser', 'en:acidity-regulator', 'en:emulsifier', 'en:e340', 'en:e501', 'en:e472e']","Süßmolkenpulver, Maltodextrin,  Kokosfett, Glucosesirup 18%, Magermilchpulver 5,6%,  Getränkepulver mit löslichem Bohnenkaffee Molkenpermeatpulver, Speisesalz, Stabilisator (Kaliumphosphate), Säureregulator (Kaliumcarbonate), Emulgator (Diacetylweinsäureester von Mono - und Diglyceriden von Speisefettsäuren)","Nutriscore Grade C, Nutriscore Grade D","['en:nutriscore', 'en:nutriscore-grade-c', 'en:nutriscore-grade-d']",1774519405,"Deutschland, Hamburg",,[],,,[],Typ Cappuccino - weniger süß im Geschmack,REWE,food,kaffee,,
"Nestlé, Nescafé","Beverages, Coffees, Instant coffees","['en:beverages-and-beverages-preparations', 'en:plant-based-foods-and-beverages', 'en:beverages', 'en:plant-based-foods', 'en:beverage-preparations', 'en:coffees', 'en:instant-beverages', 'en:instant-coffees']",4005500005827,"France, Germany, Spain","['en:france', 'en:germany', 'en:spain']",1523692838,unknown,,https://images.openfoodfacts.org/images/products/400/550/000/5827/front_en.45.400.jpg,['de:löslicher-bohnenkaffee'],Löslicher Bohnenkaffee,,[],1772197862,,,[],"Glas, Produkt","['en:glass', 'de:produkt']",[],Nescafé Classic,Lidl,food,kaffee,,
Lavazza,Coffees,"['en:plant-based-foods-and-beverages', 'en:plant-based-foods', 'en:coffees']",8000070020559,"Belgium, France, Germany","['en:belgium', 'en:france', 'en:germany']",1584287318,unknown,,https://images.openfoodfacts.org/images/products/800/007/002/0559/front_en.6.400.jpg,,,,[],1773720693,,,[],Bag,['en:bag'],"[{'material': 'en:plastic', 'shape': 'en:bag'}, {'material': 'en:aluminium', 'shape': 'en:film'}]","Kaffee, Café en grains 100% arabica",carrefour.fr,food,kaffee,,
dmBio,"Beverages, getranke, getranke-und-getrankezubereitungen, getrankezubereitungen, heissgetranke, heissgetranke-zum-aufgliessen, losliche-kaffees, it:Dinkel kaffee, it:Dinkel-kaffee","['en:beverages-and-beverages-preparations', 'en:beverages', 'en:getranke', 'en:getranke-und-getrankezubereitungen', 'en:getrankezubereitungen', 'en:heissgetranke', 'en:heissgetranke-zum-aufgliessen', 'en:losliche-kaffees', 'it:Dinkel kaffee', 'it:Dinkel-kaffee']",4066447415254,Germany,['en:germany'],1694256024,unknown,,https://images.openfoodfacts.org/images/products/406/644/741/5254/front_de.57.400.jpg,['de:DINKEL 20\xa0% Zichorie'],80% DINKEL 20% Zichorie,"DE-ÖKO-005, European Vegetarian Union Vegan, Made in Germany, Naturland","['en:vegetarian', 'en:organic', 'en:eu-organic', 'en:vegan', 'en:de-oko-005', 'en:european-vegetarian-union', 'en:european-vegetarian-union-vegan', 'en:made-in-germany', 'en:naturland']",1780664585,,Germany,['en:germany'],,,"[{'food_contact': 1, 'material': 'en:clear-glass', 'number_of_units': 1, 'recycling': 'en:recycle', 'shape': 'en:bottle'}, {'food_contact': 0, 'material': 'en:aluminium', 'number_of_units': 1, 'recycling': 'en:recycle', 'shape': 'en:film'}, {'food_contact': 1, 'material': 'xx:81-c-pap', 'number_of_units': 1, 'shape': 'en:lid'}]",Dinkelkaffee mit Zichorie,dm,food,kaffee,,
Melitta,"Beverages, Coffees, de:Gemahlener Röstkaffee, de:Kaffeepulver","['en:beverages-and-beverages-preparations', 'en:plant-based-foods-and-beverages', 'en:beverages', 'en:plant-based-foods', 'en:coffees', 'de:Gemahlener Röstkaffee', 'de:Kaffeepulver']",4002720002261,"Finland, Germany, Morocco","['en:finland', 'en:germany', 'en:morocco']",1467719708,unknown,,https://images.openfoodfacts.org/images/products/400/272/000/2261/front_en.3.400.jpg,"['en:roasted-coffee', 'en:coffee']",Gemahlener Röstkaffee.,,[],1779993793,,Ukraine,['en:ukraine'],Paket,['de:paket'],"[{'food_contact': 1, 'material': 'en:plastic-aluminium', 'shape': 'en:bag'}]",Melitta Auslese Klassisch Kaffee gemahlen,lidl,food,kaffee,,
"Nestlé, Nescafé","Beverages, Coffees, Instant coffees, de:Bohnenkaffee","['en:beverages-and-beverages-preparations', 'en:plant-based-foods-and-beverages', 'en:beverages', 'en:plant-based-foods', 'en:beverage-preparations', 'en:coffees', 'en:instant-beverages', 'en:instant-coffees', 'de:Bohnenkaffee']",7613036246675,"France, Germany","['en:france', 'en:germany']",1544014529,unknown,,https://images.openfoodfacts.org/images/products/761/303/624/6675/front_de.5.400.jpg,['de:löslicher-bohnenkaffee'],100% löslicher Bohnenkaffee,"Green Dot, de:Unter Schutzatmosphäre verpackt","['en:green-dot', 'de:Unter Schutzatmosphäre verpackt']",1775376623,,,[],"Glas, Alu-Folie, Kunststoff-Deckel","['en:glass', 'de:alu-folie', 'de:kunststoff-deckel']","[{'food_contact': 1, 'material': 'en:plastic', 'number_of_units': 1, 'shape': 'en:lid'}, {'food_contact': 0, 'material': 'en:aluminium', 'shape': 'en:film'}, {'food_contact': 1, 'material': 'en:glass', 'number_of_units': 1, 'shape': 'en:jar'}]",Kaffee Instant,"Edeka, Penny, Rewe",food,kaffee,,
"Bellarom, Bellaron","Beverages, Coffees","['en:beverages-and-beverages-preparations', 'en:plant-based-foods-and-beverages', 'en:beverages', 'en:plant-based-foods', 'en:coffees']",4056489576778,"Germany, Spain","['en:germany', 'en:spain']",1653415459,unknown,,https://images.openfoodfacts.org/images/products/405/648/957/6778/front_en.4.400.jpg,"['en:coffee-beans', 'en:coffee']",Coffee beans,"Green Dot, Rainforest Alliance","['en:green-dot', 'en:rainforest-alliance']",1774519784,,,,,,[],Espresso Cremoso,Lidl,food,kaffee,,
Milbona Latte Macchiato Vanilla,"Coffees, Coffee drinks, Sweetened beverages","['en:beverages-and-beverages-preparations', 'en:plant-based-foods-and-beverages', 'en:beverages', 'en:plant-based-foods', 'en:coffees', 'en:coffee-drinks', 'en:sweetened-beverages']",4056489485681,"France, Germany, Spain","['en:france', 'en:germany', 'en:spain']",1626535244,unknown,,https://images.openfoodfacts.org/images/products/405/648/948/5681/front_de.43.400.jpg,"['en:milk', 'en:dairy', 'en:arabica-coffee', 'en:coffee', 'en:sugar', 'en:added-sugar', 'en:disaccharide', 'en:bourbon-vanilla', 'en:plant', 'en:vanilla', 'en:extract', 'en:stabiliser', 'en:natural-flavouring', 'en:flavouring', 'de:weitere-informationen-unter-ra-org', 'de:ungeöffnet-unter-8-c', 'de:allnt-isha-clorchenhals-vor', 'en:fat', 'en:oil-and-fat', 'en:e500', 'en:e407']","80% Milch (25% Fett), 15% Arabica-Kaffee*, Zucker, 0,1% Bourbon-Vanille - extrakt, Stabilisator (Natriumcarbonate, Carrageen), natürliches Aroma. *Rainforest Alliance-zertifiziert. Weitere Informationen unter ra.org. Ungeöffnet unter  8°C (ALlnt isha Clorchenhals Vor",Rainforest Alliance,['en:rainforest-alliance'],1774482016,,,[],"Kunststoff, PET - Polyethylenterephtalat","['en:plastic', 'en:pet-polyethylene-terephthalate']","[{'food_contact': 1, 'material': 'en:pet-1-polyethylene-terephthalate'}]",Latte Macchiato Vanille,Lidl,food,kaffee,,
Ritter Sport,Dark chocolates with coffee,"['en:snacks', 'en:sweet-snacks', 'en:cocoa-and-its-products', 'en:chocolates', 'en:dark-chocolates', 'en:dark-chocolates-with-coffee']",4000417620217,"France, Germany, Morocco","['en:france', 'en:germany', 'en:morocco']",1684161923,e,Halbbitter-Schokolade auf einer Kakao-Kaffee-Schicht mit Cornflakes-Stückchen,https://images.openfoodfacts.org/images/products/400/041/762/0217/front_de.15.400.jpg,"['en:sugar', 'en:added-sugar', 'en:disaccharide', 'en:cocoa-butter', 'en:plant', 'en:cocoa', 'en:cocoa-paste', 'en:whole-milk-powder', 'en:dairy', 'en:milk-powder', 'en:corn', 'en:cereal', 'en:lactose', 'en:coffee', 'en:butterfat', 'en:oil-and-fat', 'en:fat', 'en:milkfat', 'en:emulsifier', 'en:salt', 'en:malted-barley', 'en:malt', 'en:e322']","Zucker, Kakaobutter, Kakaomasse, _Vollmilchpulver_, Mais, _Laktose_, Kaffee (gemahlen) (15%), _Butterreinfett_, Emulgator: Lecithine (_Soja_), Salz, _Gerstenmalz_",Rainforest Alliance Cocoa,"['en:rainforest-alliance', 'en:rainforest-alliance-cocoa']",1774519643,,,[],,,[],Kaffee Knusper,,food,kaffee,27.0,
Bellarom,"Beverages, Decaffeinated coffees","['en:beverages-and-beverages-preparations', 'en:plant-based-foods-and-beverages', 'en:beverages', 'en:plant-based-foods', 'en:coffees', 'en:decaffeinated-coffees']",4056489234753,"Germany, Portugal, Spain","['en:germany', 'en:portugal', 'en:spain']",1614803073,unknown,,https://images.openfoodfacts.org/images/products/405/648/923/4753/front_es.3.400.jpg,['es:cafe-soluble-aglomerado-descafeinado'],Café soluble aglomerado descafeinado.,Rainforest Alliance,['en:rainforest-alliance'],1773921716,,,[],,,[],Café descafeinado,Lidl,food,kaffee,,
"Rewe, ja","Beverages, Coffees, Instant coffees","['en:beverages-and-beverages-preparations', 'en:plant-based-foods-and-beverages', 'en:beverages', 'en:plant-based-foods', 'en:beverage-preparations', 'en:coffees', 'en:instant-beverages', 'en:instant-coffees']",4388840018321,"Germany, Morocco","['en:germany', 'en:morocco']",1612283144,unknown,,https://images.openfoodfacts.org/images/products/438/884/001/8321/front_de.3.400.jpg,,,UTZ Certified,"['en:sustainable-farming', 'en:utz-certified']",1774493281,,,[],,,"[{'material': 'en:clear-glass', 'number_of_units': 1, 'quantity_per_unit': '200', 'shape': 'en:packaging'}, {'material': 'en:pp-5-polypropylene', 'number_of_units': 1, 'quantity_per_unit': '200', 'recycling': 'en:discard', 'shape': 'en:lid'}, {'material': 'en:paper', 'number_of_units': 2, 'quantity_per_unit': '200', 'recycling': 'en:discard', 'shape': 'en:label'}, {'material': 'en:paper-and-cardboard-plastic-aluminium', 'number_of_units': 1, 'quantity_per_unit': '200', 'recycling': 'en:discard', 'shape': 'en:lid'}]",Extra löslicher Kaffee,REWE,food,kaffee,,
"Dovgan, Mövenpick","Beverages, Arabica coffee beans","['en:beverages-and-beverages-preparations', 'en:plant-based-foods-and-beverages', 'en:beverages', 'en:plant-based-foods', 'en:beverage-preparations', 'en:coffees', 'en:arabica-coffees', 'en:coffee-beans', 'en:arabica-coffee-beans']",4006581017716,Germany,['en:germany'],1536896344,f,,https://images.openfoodfacts.org/images/products/400/658/101/7716/front_de.35.400.jpg,"['en:roasted-coffee-beans', 'en:coffee', 'en:roasted-coffee']",Röstkaffee in Bohnen,,[],1780924663,Deutschland,,[],Packet,['en:packet'],"[{'food_contact': 1, 'shape': 'en:packet'}]",Caffè Crema,carrefour.fr,food,kaffee,-15.0,
Bellarom,Arabica coffees,"['en:plant-based-foods-and-beverages', 'en:plant-based-foods', 'en:coffees', 'en:arabica-coffees']",4056489010241,"France, Germany, Romania","['en:france', 'en:germany', 'en:romania']",1590228679,unknown,,https://images.openfoodfacts.org/images/products/405/648/901/0241/front_de.13.400.jpg,"['de:gestion-de-resentazione', 'de:bellarom-coffee-organic-full-bodied-100-arabica-coffee', 'de:from-organic-farming-strength-00000-de-003-niet-eu-landbouw-nicht-eu-landwirschaft-agriculture-non-ue-agricoltura-non-ue-agricultura-no-ue']","gestion de resentazione/ Bellarom BIO COFFEE Organic FULL BODIED 100% ARABICA COFFEE, FROM ORGANIC FARMING STRENGTH 00000 DE-ÖKO-003 Niet-EU Landbouw Nicht-EU-Landwirschaft Agriculture non UE Agricoltura non UE Agricultura no UE","non-EU Agriculture, EG-Öko-Verordnung, DE-ÖKO-003","['en:organic', 'en:eu-organic', 'en:non-eu-agriculture', 'de:eg-öko-verordnung', 'en:de-oko-003']",1771272063,,,,,,[],Kaffee Bio gold Kaffee,Lidl,food,kaffee,,
dmBio,"Beverages, de:Malzkaffee","['en:beverages-and-beverages-preparations', 'en:beverages', 'de:Malzkaffee']",4058172487330,Germany,['en:germany'],1612204333,unknown,,https://images.openfoodfacts.org/images/products/405/817/248/7330/front_de.3.400.jpg,"['en:barley', 'en:cereal']",GERSTE,"Vegan, EG-Öko-Verordnung, Naturland","['en:vegetarian', 'en:organic', 'en:eu-organic', 'en:vegan', 'de:eg-öko-verordnung', 'en:naturland']",1774593970,,European Union,['en:european-union'],Glas,['en:glass'],"[{'food_contact': 1, 'material': 'en:glass'}]",Malz Kaffee,dm-drogerie markt,food,kaffee,,
"Krueger, Rewe, ja!","Beverages, Coffees, Instant coffees","['en:beverages-and-beverages-preparations', 'en:plant-based-foods-and-beverages', 'en:beverages', 'en:plant-based-foods', 'en:beverage-preparations', 'en:coffees', 'en:instant-beverages', 'en:instant-coffees']",4337256003896,"Germany, Morocco","['en:germany', 'en:morocco']",1617801041,unknown,Getränkepulver mit löslichem Bohnenkaffee,https://images.openfoodfacts.org/images/products/433/725/600/3896/front_xx.23.400.jpg,"['en:sugar', 'en:added-sugar', 'en:disaccharide', 'en:glucose-syrup', 'en:monosaccharide', 'en:glucose', 'en:sweet-whey-powder', 'en:dairy', 'en:whey', 'en:sweet-whey', 'de:löslicher-bohnenkaffee', 'en:fat-reduced-cocoa-powder', 'en:plant', 'en:cocoa', 'en:cocoa-powder', 'en:coconut-fat', 'en:oil-and-fat', 'en:vegetable-oil-and-fat', 'en:vegetable-fat', 'en:skimmed-milk-powder', 'en:milk-powder', 'en:salt', 'en:stabiliser', 'en:e339']","Zucker, Glukosesirup, Süßmolkenpulver, löslicher Bohnenkaffee 9%, stark entöltes Kakaopulver 7%, Kokosfett, Magermilchpulver, Speisesalz, Stabilisator: Natriumphosphat","Nutriscore Grade D, Rainforest Alliance, de:Rainforest Alliance Kaffee & Kakao","['en:nutriscore', 'en:nutriscore-grade-d', 'en:rainforest-alliance', 'de:Rainforest Alliance Kaffee & Kakao']",1774499549,Deutschland,,[],"Kunststoff,Dose,Deckel","['en:plastic', 'en:can', 'en:lid']","[{'food_contact': 0, 'material': 'en:plastic', 'shape': 'en:lid'}, {'food_contact': 1, 'material': 'en:metal', 'shape': 'en:can'}]",Cappuccino Family mit feiner Kakaonote,Rewe,food,kaffee,,
"LAVAZZA, Lavazza","Beverages, Roasted coffee beans, sk:kava","['en:beverages-and-beverages-preparations', 'en:plant-based-foods-and-beverages', 'en:beverages', 'en:plant-based-foods', 'en:beverage-preparations', 'en:coffees', 'en:coffee-beans', 'en:roasted-coffee-beans', 'sk:kava']",8000070051003,"Australia, Germany, Ireland, Morocco, Slovakia","['en:australia', 'en:germany', 'en:ireland', 'en:morocco', 'en:slovakia']",1637334801,f,,https://images.openfoodfacts.org/images/products/800/007/005/1003/front_en.22.400.jpg,"['en:roasted-coffee', 'en:coffee', 'en:beans', 'en:vegetable', 'en:legume', 'en:pulse']","Röstkaffee, ganze Bohnen.","Green Dot, Made in Italy","['en:green-dot', 'en:made-in-italy']",1780833524,,"Italy, Non European Union","['en:italy', 'en:non-european-union']",90,['en:90'],"[{'food_contact': 1, 'material': 'xx:90-c-ldpe', 'shape': 'en:bag'}]",crema e gusto Classico,"penny, woolworths",food,kaffee,-8.0,
,"Beverages, Coffees, Instant coffees","['en:beverages-and-beverages-preparations', 'en:plant-based-foods-and-beverages', 'en:beverages', 'en:plant-based-foods', 'en:beverage-preparations', 'en:coffees', 'en:instant-beverages', 'en:instant-coffees']",8445290491275,"Germany, Serbia","['en:germany', 'en:serbia']",1697563598,f,,https://images.openfoodfacts.org/images/products/844/529/049/1275/front_de.3.400.jpg,['en:coffee'],coffee,,[],1771272216,,,[],,,[],Nescafé Gold,,food,kaffee,-20.0,
"Fairtrade, Rewe Bio","Beverages, Coffees, Instant coffees, de:Löslicher kaffee","['en:beverages-and-beverages-preparations', 'en:plant-based-foods-and-beverages', 'en:beverages', 'en:plant-based-foods', 'en:beverage-preparations', 'en:coffees', 'en:instant-beverages', 'en:instant-coffees', 'de:Löslicher kaffee']",4337256177061,Germany,['en:germany'],1628933225,unknown,,https://images.openfoodfacts.org/images/products/433/725/617/7061/front_de.3.400.jpg,"['en:instant-coffee', 'en:coffee']",Löslicher Kaffee,"Fairtrade International, EG-Öko-Verordnung, ES-ECO-016-CL","['en:fair-trade', 'en:organic', 'en:eu-organic', 'en:fairtrade-international', 'de:eg-öko-verordnung', 'en:es-eco-016-cl']",1774506267,,"Honduras, Peru","['en:honduras', 'en:peru']",Glas,['en:glass'],"[{'food_contact': 1, 'material': 'en:glass'}]",Kaffee löslich,,food,kaffee,,
"Nestlé, Müller, Nescafé","Beverages, Coffees, Instant coffees","['en:beverages-and-beverages-preparations', 'en:plant-based-foods-and-beverages', 'en:beverages', 'en:plant-based-foods', 'en:beverage-preparations', 'en:coffees', 'en:instant-beverages', 'en:instant-coffees']",7613036347310,"France, Germany","['en:france', 'en:germany']",1551181870,unknown,,https://images.openfoodfacts.org/images/products/761/303/634/7310/front_de.51.400.jpg,"['fr:7-613036-347310-44216563', 'fr:100143829-glas-schutzfolie']",7 613036 347310¹ 44216563/100143829 Glas Schutzfolie,Green Dot,['en:green-dot'],1774976003,,,[],,[],[],Kaffee,,food,kaffee,,
Barissimo,"Beverages, Instant coffees","['en:beverages-and-beverages-preparations', 'en:beverages', 'en:beverage-preparations', 'en:instant-beverages', 'en:instant-coffees']",4047247979986,"France, Germany","['en:france', 'en:germany']",1740558540,unknown,,https://images.openfoodfacts.org/images/products/404/724/797/9986/front_en.3.400.jpg,,,,,1769679077,,,,,,[],,"Aldi Nord, Aldi Süd",food,kaffee,,
"OLUF LORENTZEN AS, lavAzza","Beverages, Coffee beans","['en:beverages-and-beverages-preparations', 'en:plant-based-foods-and-beverages', 'en:beverages', 'en:plant-based-foods', 'en:beverage-preparations', 'en:coffees', 'en:coffee-beans']",8000070025400,"Germany, Italy","['en:germany', 'en:italy']",1562963315,f,,https://images.openfoodfacts.org/images/products/800/007/002/5400/front_de.93.400.jpg,['de:de-geröstete-kaffeebohnen'],DE Geröstete Kaffeebohnen,"No gluten, Vegan, Green Dot, Made in Italy, Triman","['en:vegetarian', 'en:no-gluten', 'en:vegan', 'en:green-dot', 'en:made-in-italy', 'fr:triman']",1774890407,"Italy, Torino",,[],Folien-Beutel,['de:folien-beutel'],"[{'shape': 'en:bag'}, {'material': 'en:mixed-plastics', 'number_of_units': 1, 'shape': 'en:packet'}]",Crema E Aroma,Edeka,food,kaffee,-20.0,
Lavazza,"Beverages, Coffee beans","['en:beverages-and-beverages-preparations', 'en:plant-based-foods-and-beverages', 'en:beverages', 'en:plant-based-foods', 'en:beverage-preparations', 'en:coffees', 'en:coffee-beans']",8000070027336,"Austria, France, Germany","['en:austria', 'en:france', 'en:germany']",1573236258,f,,https://images.openfoodfacts.org/images/products/800/007/002/7336/front_de.44.400.jpg,"['en:coffee-beans', 'en:coffee']",Geröstete Kaffeebohnen,"Green Dot, Made in Italy","['en:green-dot', 'en:made-in-italy']",1777371400,Italien,,[],C/LDPE 90,['de:c-ldpe-90'],"[{'food_contact': 1, 'material': 'en:ldpe-4-low-density-polyethylene', 'number_of_units': 1, 'shape': 'en:bag'}]",Lavazza Espressobohnen,"Billa, Edeka, Spar, real",food,kaffee,-13.0,
dmBio,"Beverages, Instant coffees","['en:beverages-and-beverages-preparations', 'en:beverages', 'en:beverage-preparations', 'en:instant-beverages', 'en:instant-coffees']",4066447075526,"Germany, Italy","['en:germany', 'en:italy']",1660167848,unknown,,https://images.openfoodfacts.org/images/products/406/644/707/5526/front_de.3.400.jpg,"['de:löslicher-bohnenkaffee', 'de:gefriergetrocknet', 'de:robusta', 'en:beans', 'en:vegetable', 'en:legume', 'en:pulse', 'de:arabicabohnen']","Bio löslicher Bohnenkaffee, gefriergetrocknet : 70% Arabicabohnen, 30% Robusta - bohnen*. &quot;aus biologischer Landwirtschaft",,,1773782646,,"Honduras, Papua New Guinea, Peru, Uganda","['en:honduras', 'en:papua-new-guinea', 'en:peru', 'en:uganda']",product,['en:product'],[],Kaffee Klassik löslich,dm,food,kaffee,,
"Gold von REWE, ja!","Beverages, Coffees, Instant coffees","['en:beverages-and-beverages-preparations', 'en:plant-based-foods-and-beverages', 'en:beverages', 'en:plant-based-foods', 'en:beverage-preparations', 'en:coffees', 'en:instant-beverages', 'en:instant-coffees']",4337256551762,Germany,['en:germany'],1680548616,f,,,['de:ja-people-gold-löslicher-kaffee-00000-alliance-3-nature-kaffee-eine-marke-von-rewe-100-g-560-serviervorschlag-970-5871-00'],ja! PEOPLE GOLD Löslicher Kaffee 00000 ALLIANCE 3 NATURE Kaffee EINE MARKE VON REWE 100 g 560 Serviervorschlag 970 5871-00,,,1764508262,,,,,,[],GOLD Löslicher Kaffee,REWE,food,kaffee,-20.0,
Ritter Sport,"Milk chocolates, de:vollmilchschokolade","['en:snacks', 'en:sweet-snacks', 'en:cocoa-and-its-products', 'en:chocolates', 'en:milk-chocolates', 'de:vollmilchschokolade']",4000417663214,"Germany, Italy","['en:germany', 'en:italy']",1710606580,d,"Duo aus einer gefüllten Vollmilchschokolade mit einer Creme (23%) aus Kaffee (1%) und Milch (3,5%) und Reis-Flakes (0,7%) und einer Kakaocreme (21%) und karamellisierten Kaffeebohnenstückchen (2%)",https://images.openfoodfacts.org/images/products/400/041/766/3214/front_it.12.400.jpg,"['en:sugar', 'en:added-sugar', 'en:disaccharide', 'en:palm-fat', 'en:oil-and-fat', 'en:vegetable-oil-and-fat', 'en:palm-oil-and-fat', 'en:cocoa-butter', 'en:plant', 'en:cocoa', 'en:whole-milk-powder', 'en:dairy', 'en:milk-powder', 'en:cocoa-paste', 'en:skimmed-milk-powder', 'en:lactose', 'en:fat-reduced-cocoa', 'en:butterfat', 'en:fat', 'en:milkfat', 'en:ground-coffee', 'en:coffee', 'en:rice', 'en:soya-lecithin', 'en:e322', 'en:e322i', 'en:vanilla-pod', 'en:vanilla', 'en:sunflower-oil', 'en:vegetable-oil', 'en:salt', 'en:barley-malt-extract', 'en:cereal', 'en:malt', 'en:malted-barley']","Zucchero, grasso di palma, burro di cacao, LATTE intero in polvere, pasta di cacao', LATTE scremato in polvere, LATTOSIO, cacao magro' (2,5%), BURRO anidro, caffé macinato (1%), caffe tostato (0,9 %), riso, lecitine di SOIA; baccelli di vaniglia in polvere, olio di girasole, sale, estratto di malto d'ORZO",Rainforest Alliance Cocoa,"['en:rainforest-alliance', 'en:rainforest-alliance-cocoa']",1776185407,,,[],,,"[{'food_contact': 1, 'material': 'en:pp-5-polypropylene', 'number_of_units': 1, 'quantity_per_unit': '218 g', 'quantity_per_unit_unit': 'g', 'quantity_per_unit_value': 218, 'recycling': 'en:recycle-with-plastics', 'shape': 'en:envelope', 'weight_measured': 2.9}]",Coffee duo milky macchiato crunchy coffee,"Edeka, Tigros",food,kaffee,37.0,
"Ja!, Rewe","Beverages, Coffees, Getränke und Getränkezubereitungen, Getränkezubereitungen, Heißgetränke zum Aufgließen, Lösliche Kaffees","['en:beverages-and-beverages-preparations', 'en:plant-based-foods-and-beverages', 'en:beverages', 'en:plant-based-foods', 'en:coffees', 'en:Getränke und Getränkezubereitungen', 'en:Getränkezubereitungen', 'en:Heißgetränke zum Aufgließen', 'en:Lösliche Kaffees']",4337256555395,"Germany, Morocco","['en:germany', 'en:morocco']",1701097281,unknown,,https://images.openfoodfacts.org/images/products/433/725/655/5395/front_de.13.400.jpg,,,Rainforest Alliance,['en:rainforest-alliance'],1771272649,,,,,,[],Gold entkoffeiniert,REWE,food,kaffee,,
"Nestlé, Nescafé","Coffees, Dehydrated beverages, Powdered cappucino","['en:beverages-and-beverages-preparations', 'en:plant-based-foods-and-beverages', 'en:beverages', 'en:plant-based-foods', 'en:dried-products', 'en:beverage-preparations', 'en:dried-products-to-be-rehydrated', 'en:coffees', 'en:instant-beverages', 'en:dehydrated-beverages', 'en:instant-coffees', 'en:powdered-cappucino']",7613032569532,"France, Germany","['en:france', 'en:germany']",1535218991,unknown,Getränkepulver mit löslichem Bohnenkaffee,https://images.openfoodfacts.org/images/products/761/303/256/9532/front_de.55.400.jpg,"['en:sugar', 'en:added-sugar', 'en:disaccharide', 'en:glucose-syrup', 'en:monosaccharide', 'en:glucose', 'en:skimmed-milk-powder', 'en:dairy', 'en:milk-powder', 'de:löslicher-bohnenkaffee', 'en:coconut-oil', 'en:oil-and-fat', 'en:vegetable-oil-and-fat', 'en:vegetable-oil', 'en:lactose', 'en:acidity-regulator', 'en:salt', 'en:natural-flavouring', 'en:flavouring', 'en:e500', 'en:e330']","Zucker, Glukosesirup, _Magermilchpulver (20,7%)_ , löslicher Bohnenkaffee (11,8%), Kokosnussöl, _Milchzucker_, Säureregulator (Natriumcarbonate, Citronensäure), Salz, natürliches Aroma","Green Dot, Nutriscore Grade C, Nutriscore Grade D, GB-VK302","['en:green-dot', 'en:nutriscore', 'en:nutriscore-grade-c', 'en:nutriscore-grade-d', 'en:GB-VK302']",1774105947,,,[],Kunststoff,['en:plastic'],"[{'food_contact': 1, 'material': 'en:hdpe-2-high-density-polyethylene', 'number_of_units': 1, 'quantity_per_unit': '250 g', 'quantity_per_unit_unit': 'g', 'quantity_per_unit_value': 250, 'shape': 'en:pot'}, {'food_contact': 1, 'material': 'en:pp-5-polypropylene', 'number_of_units': 1, 'recycling': 'de:gelbe Tonne', 'shape': 'en:lid'}, {'food_contact': 0, 'material': 'en:plastic', 'number_of_units': 1, 'shape': 'en:sleeve'}]",Nescafé Typ Cappuccino,,food,kaffee,,
"Barissimo, NewCoffee, diverse","Beverages, Roasted coffee beans, de:Ganze Kaffeebohnen","['en:beverages-and-beverages-preparations', 'en:plant-based-foods-and-beverages', 'en:beverages', 'en:plant-based-foods', 'en:beverage-preparations', 'en:coffees', 'en:coffee-beans', 'en:roasted-coffee-beans', 'de:Ganze Kaffeebohnen']",4061463641939,Germany,['en:germany'],1685196836,f,,https://images.openfoodfacts.org/images/products/406/146/364/1939/front_de.28.400.jpg,"['en:coffee-beans', 'en:coffee']",Kaffeebohnen geröstet,"Rainforest Alliance Coffee, de:Unter Schutzatmosphäre verpackt","['en:rainforest-alliance', 'en:rainforest-alliance-coffee', 'de:Unter Schutzatmosphäre verpackt']",1775376670,,,[],,,"[{'food_contact': 1, 'material': 'en:plastic', 'number_of_units': 1, 'recycling': 'de:Gelbe Tonne', 'shape': 'en:bag'}]",Kaffee Bohnen,"Aldi Süd, Hofer",food,kaffee,0.0,
Solevita,"Coffees, Fruit juices, Instant coffees","['en:beverages-and-beverages-preparations', 'en:plant-based-foods-and-beverages', 'en:beverages', 'en:plant-based-foods', 'en:plant-based-beverages', 'en:beverage-preparations', 'en:fruit-based-beverages', 'en:juices-and-nectars', 'en:coffees', 'en:fruit-juices', 'en:instant-beverages', 'en:instant-coffees']",20112752,Germany,['en:germany'],1533230603,unknown,,https://images.openfoodfacts.org/images/products/000/002/011/2752/front_de.47.400.jpg,"['en:instant-coffee', 'en:coffee']",Löslicher Kaffee,"Green Dot, Rainforest Alliance, UTZ Certified, de:Nummer wird für 2 verschiedene Produkte verwendet","['en:sustainable-farming', 'en:green-dot', 'en:rainforest-alliance', 'en:utz-certified', 'de:Nummer wird für 2 verschiedene Produkte verwendet']",1775463083,,,[],"Glas,Kunststoff-Deckel,Kunststoff-Flasche","['en:glass', 'de:kunststoff-deckel', 'de:kunststoff-flasche']","[{'food_contact': 1, 'material': 'en:plastic', 'shape': 'en:bottle'}, {'food_contact': 1, 'material': 'en:plastic', 'shape': 'en:lid'}, {'food_contact': 0, 'material': 'en:glass'}]",Löslicher Kaffee Mild,"Lidl, Penny",food,kaffee,,
"Café intencion, J.J.Darboven","Beverages, Coffees","['en:beverages-and-beverages-preparations', 'en:plant-based-foods-and-beverages', 'en:beverages', 'en:plant-based-foods', 'en:coffees']",4006581002606,Germany,['en:germany'],1485280945,unknown,"Röstkaffee, gemahlen und vakuumverpackt",https://images.openfoodfacts.org/images/products/400/658/100/2606/front_de.4.400.jpg,['de:röstkaffee-arabica'],Röstkaffee Arabica 100%,"Fairtrade International, DE-ÖKO-003, Made in Germany","['en:fair-trade', 'en:organic', 'en:eu-organic', 'en:fairtrade-international', 'en:de-oko-003', 'en:made-in-germany']",1774481775,,Peru,['en:peru'],,[],[],Café Intención Kaffee,,food,kaffee,,
"Cafèt, Netto MD","Coffees, Latte macchiato","['en:beverages-and-beverages-preparations', 'en:plant-based-foods-and-beverages', 'en:beverages', 'en:plant-based-foods', 'en:coffees', 'en:coffee-drinks', 'en:latte-macchiato']",42413677,Germany,['en:germany'],1627982814,unknown,,https://images.openfoodfacts.org/images/products/000/004/241/3677/front_de.23.400.jpg,"['en:skimmed-milk', 'en:dairy', 'en:milk', 'de:aufgebrühter-röstkaffee', 'en:sugar', 'en:added-sugar', 'en:disaccharide', 'en:stabiliser', 'en:e407', 'en:e500']","78 % fettarme Milch, 18 % aufgebrühter Röstkaffee, Zucker, Stabilisator: Natriumcarbonate, Carrageen.","Ohne Gentechnik, Not advised for children and pregnant women, Rainforest Alliance Coffee","['en:no-gmos', 'en:not-advised-for-specific-people', 'de:ohne-gentechnik', 'en:not-advised-for-children-and-pregnant-women', 'en:rainforest-alliance', 'en:rainforest-alliance-coffee']",1774505819,,,,,,"[{'food_contact': 1, 'material': 'en:pp-5-polypropylene', 'number_of_units': 1, 'quantity_per_unit': '250 ml', 'quantity_per_unit_unit': 'ml', 'quantity_per_unit_value': 250, 'recycling': 'de:Gelbe Tonne', 'shape': 'en:pot'}, {'food_contact': 0, 'material': 'en:light-aluminium', 'number_of_units': 1, 'recycling': 'de:Gelbe Tonne', 'shape': 'en:film'}]",Latte Espresso,Netto MD,food,kaffee,,
"Nestlé, Mövenpick","Unsweetened beverages, Ground coffees, Coffee capsules, de:Röstkaffee","['en:beverages-and-beverages-preparations', 'en:plant-based-foods-and-beverages', 'en:beverages', 'en:plant-based-foods', 'en:hot-beverages', 'en:beverage-preparations', 'en:coffees', 'en:unsweetened-beverages', 'en:capsules', 'en:ground-coffees', 'en:coffee-capsules', 'de:Röstkaffee']",4006581001777,"Austria, France, Germany, Switzerland","['en:austria', 'en:france', 'en:germany', 'en:switzerland']",1539342015,f,"Röstkaffee, gemahlen und vakuum-verpackt",https://images.openfoodfacts.org/images/products/400/658/100/1777/front_de.67.400.jpg,"['de:mövenpick-of-switzerland-röstkaffee', 'de:gemahlen-und-vakuumver', 'de:packt', 'de:roasted-coffee', 'de:ground-and-vacuum-packed-café-torréfié', 'de:moulu-et-emballé-sous-vide-gebrande-koffie', 'de:gemalen-en-vacuüm-verpakt', 'de:kawa-palona-mielona', 'de:pakowana-próżniowo', 'de:pražená-káva', 'de:mletá-a-vakuově-balená', 'de:pražená-káva-mletá-a-vákuovo-balená', 'de:кофе-жареный', 'de:молотый', 'de:в-вакуумной-упаковке', 'de:кава-смажена', 'de:мелена', 'de:у-вакуумній-упаковці', 'de:قهوة-محمصة-ومطحونة-ومعبأة-بتفريغ-الهواء']","MÖVENPICK OF SWITZERLAND Röstkaffee, gemahlen und vakuumver - packt • Roasted coffee, ground and vacuum-packed Café torréfié, moulu et emballé sous vide Gebrande koffie, gemalen en vacuüm verpakt • Kawa palona mielona, pakowana próżniowo • Pražená káva, mletá a vakuově balená • Pražená káva mletá a vákuovo balená • Кофе жареный, молотый, в вакуумной упаковке • Кава смажена, мелена, у вакуумній упаковці • قهوة محمصة ومطحونة ومعبأة بتفريغ الهواء",,[],1774901728,"D-22113, Germany, Hamburg",,[],"81 C/PAP,90 C/LDPE,de:Kunststoff/Aluminium,de:Paket(e),de:Produkt","['en:composite-material', 'en:plastic-aluminium', 'en:paper-and-plastic', 'xx:81-c-pap', 'xx:90-c-ldpe', 'de:paket-e', 'de:produkt']","[{'material': 'xx:90-c-ldpe', 'shape': 'en:packet'}, {'material': 'en:cardboard'}]","Kaffee, Der Himmlische",,food,kaffee,-16.0,
Jacobs,"Beverages, Coffees, de:Instant, espresso, pflanzliche-lebensmittel-und-getranke","['en:beverages-and-beverages-preparations', 'en:plant-based-foods-and-beverages', 'en:beverages', 'en:plant-based-foods', 'en:coffees', 'de:Instant', 'en:espresso', 'en:pflanzliche-lebensmittel-und-getranke']",8711000506448,Germany,['en:germany'],1569770006,unknown,,https://images.openfoodfacts.org/images/products/871/100/050/6448/front_de.19.400.jpg,"['de:25-einzelportionen-löslicher-bohnenkaffee-im-praktischen-stickformat-mindestens-haltbar-bis-ende', 'de:siehe-packungsboden', 'de:jacobs-douwe-egbepe-ron']",25 Einzelportionen löslicher Bohnenkaffee im praktischen Stickformat Mindestens haltbar bis Ende: 45g Siehe Packungsboden. JACOBS DouWE EGBEPE ron,,,1775379960,,,,"Kunststoff, Produkt","['en:plastic', 'de:produkt']","[{'food_contact': 1, 'material': 'en:plastic'}]",Kaffeesticks Espresso,,food,kaffee,,
Dallmayr,"Beverages, Coffee beans","['en:beverages-and-beverages-preparations', 'en:plant-based-foods-and-beverages', 'en:beverages', 'en:plant-based-foods', 'en:beverage-preparations', 'en:coffees', 'en:coffee-beans']",4008167152729,"Austria, Germany","['en:austria', 'en:germany']",1529510016,f,Kaffeebohnen,https://images.openfoodfacts.org/images/products/400/816/715/2729/front_de.51.400.jpg,"['en:coffee-beans', 'en:coffee']",Kaffeebohnen.,"Green Dot, de:Mach mit","['en:green-dot', 'de:Mach mit']",1780924766,"Deutschland, München",,[],"Metall, Kunststoff, Wiederverwertbare Metalle, Aluminium, 90-C/LDPE, Polyethlyen, Polyethylen-Aluminium-Verbundstoff, Produkt","['en:metal', 'en:plastic', 'en:recyclable-metals', 'en:aluminium', 'de:90-c-ldpe', 'de:polyethlyen', 'de:polyethylen-aluminium-verbundstoff', 'de:produkt']","[{'material': 'xx:90-c-ldpe'}, {'material': 'en:aluminium'}, {'material': 'en:plastic'}]",Crema d'Oro Kaffee,Spar,food,kaffee,-20.0,
"6828 Balerna, Caffè Chicco d‘Oro - Eredi Rino Valsangiacomo S.A., Chicco D‘Oro, Schweiz, chicco'doro","Beverages, Coffee beans","['en:beverages-and-beverages-preparations', 'en:plant-based-foods-and-beverages', 'en:beverages', 'en:plant-based-foods', 'en:beverage-preparations', 'en:coffees', 'en:coffee-beans']",7610899110006,"France, Germany, Switzerland","['en:france', 'en:germany', 'en:switzerland']",1552127451,f,,https://images.openfoodfacts.org/images/products/761/089/911/0006/front_fr.4.400.jpg,"['fr:cafee-chicco-doro-tradition-ad-altissimo-contenuto-di-pregiato-caffe-arabica-hoher-anteil-an-erlesenem-kaffee-der-sorte-arabica-haut-contenu-en-cafes-selectionnes-arabica-high-content-of-first-choice-arabica-coffee-distribuito-da', 'fr:distribue-par', 'fr:chicco-d-oro-italia-srl', 'fr:via-volta-34-1-22071-cadorago', 'fr:www-chiccodoro-it-caffe-chicco-d-oro-gmbh', 'fr:in-de-tarpen-51-d-22848-norderstedt-www-chiccodoro-de-caffe-chicco-d-oro-ristretto-vertriebsgesmbh', 'fr:walgaustrasse-13-a-6833-klaus-www-chiccodoro-at-1000-ge', 'fr:vertrieben-durch', 'fr:distributed-by']","CAFEE CHICCO DORO TRADITION AD ALTISSIMO CONTENUTO DI PREGIATO CAFFE ARABICA HOHER ANTEIL AN ERLESENEM KAFFEE DER SORTE ARABICA HAUT CONTENU EN CAFÉS SÉLECTIONNÉS ARABICA HIGH CONTENT OF FIRST CHOICE ARABICA COFFEE Distribuito da: / Vertrieben durch: Distribué par:/ Distributed by: Chicco d'Oro Italia Srl, Via Volta 34 1-22071 Cadorago (CO) www.chiccodoro.it Caffè Chicco d'Oro GmbH, In de Tarpen 51 D-22848 Norderstedt www.chiccodoro.de Caffè Chicco d'Oro Ristretto VertriebsgesmbH. Walgaustrasse 13 A-6833 Klaus www.chiccodoro.at 1000 ge",,[],1774556598,,,[],,,"[{'material': 'en:plastic', 'number_of_units': 1, 'shape': 'en:bag'}, {'material': 'en:aluminium'}]",Café Chicco d‘Oro Tradition - Bohnen,,food,kaffee,-18.0,
"LavAzza - Luigi Lavazza S.p.A., Lavazza","Beverages, Ground coffees","['en:beverages-and-beverages-preparations', 'en:plant-based-foods-and-beverages', 'en:beverages', 'en:plant-based-foods', 'en:beverage-preparations', 'en:coffees', 'en:ground-coffees']",8000070035980,"Germany, Spain, Switzerland","['en:germany', 'en:spain', 'en:switzerland']",1558250469,f,,https://images.openfoodfacts.org/images/products/800/007/003/5980/front_es.25.400.jpg,"['nl:gebrande', 'en:ground-coffee', 'en:coffee']","gebrande, gemalen koffie","Vegan, Made in Italy","['en:vegetarian', 'en:vegan', 'en:made-in-italy']",1772174263,,,[],Paquete,['en:pack'],"[{'food_contact': 1, 'shape': 'en:packet'}]",Kaffee Qualità Rossa,,food,kaffee,-15.0,
Nescafé,"Beverages, Coffees, Instant coffees","['en:beverages-and-beverages-preparations', 'en:plant-based-foods-and-beverages', 'en:beverages', 'en:plant-based-foods', 'en:beverage-preparations', 'en:coffees', 'en:instant-beverages', 'en:instant-coffees']",7613036310116,"Germany, Switzerland","['en:germany', 'en:switzerland']",1570792530,unknown,,https://images.openfoodfacts.org/images/products/761/303/631/0116/front_de.20.400.jpg,['fr:18'],18:18,Green Dot,['en:green-dot'],1774482858,,,[],,,[],Nescafé Gold - Original,,food,kaffee,,
"Nestlé, Nescafe","Beverages, Coffees, Freeze-dried instant coffees","['en:beverages-and-beverages-preparations', 'en:plant-based-foods-and-beverages', 'en:beverages', 'en:plant-based-foods', 'en:beverage-preparations', 'en:coffees', 'en:freeze-dried-foods', 'en:instant-beverages', 'en:freeze-dried-plant-based-foods', 'en:instant-coffees', 'en:freeze-dried-instant-coffees']",7613036457712,Germany,['en:germany'],1580375650,unknown,,https://images.openfoodfacts.org/images/products/761/303/645/7712/front_de.21.400.jpg,['de:löslicher-bohnenkaffee'],Löslicher Bohnenkaffee,Green Dot,['en:green-dot'],1774481034,,,[],Glas,['en:glass'],"[{'food_contact': 1, 'material': 'en:glass'}]",Nescafe Classic Crema,Hit,food,kaffee,,
,"Beverages, Coffees, Instant beverages","['en:beverages-and-beverages-preparations', 'en:plant-based-foods-and-beverages', 'en:beverages', 'en:plant-based-foods', 'en:beverage-preparations', 'en:coffees', 'en:instant-beverages']",7891000255063,"Bulgaria, Germany","['en:bulgaria', 'en:germany']",1580996787,unknown,,https://images.openfoodfacts.org/images/products/789/100/025/5063/front_en.7.400.jpg,,,,,1777016395,,,,,,[],Nescafe classic,,food,kaffee,,
"dmBio, dm","Beverages, Instant coffees, Entkoffeinierte Kaffees, Entkoffeinierte lösliche Kaffees, Getränke, Heißgetränke zum Aufgließen, Kaffeebohnen, Kaffees, Lösliche Kaffees, Pflanzliche Lebensmittel, Pflanzliche Lebensmittel und Getränke","['en:beverages-and-beverages-preparations', 'en:beverages', 'en:beverage-preparations', 'en:instant-beverages', 'en:instant-coffees', 'en:Entkoffeinierte Kaffees', 'en:Entkoffeinierte lösliche Kaffees', 'en:Getränke', 'en:Heißgetränke zum Aufgließen', 'en:Kaffeebohnen', 'en:Kaffees', 'en:Lösliche Kaffees', 'en:Pflanzliche Lebensmittel', 'en:Pflanzliche Lebensmittel und Getränke']",4066447075540,"Germany, Italy","['en:germany', 'en:italy']",1651919955,unknown,löslicher Bohnenkaffee entkoffeiniert,https://images.openfoodfacts.org/images/products/406/644/707/5540/front_de.8.400.jpg,['en:coffee'],Bio Kaffee 100%,"Fairtrade International, non-EU Agriculture, EG-Öko-Verordnung, DE-ÖKO-005, European Vegetarian Union Vegan, Made in Germany","['en:vegetarian', 'en:fair-trade', 'en:organic', 'en:eu-organic', 'en:fairtrade-international', 'en:non-eu-agriculture', 'en:vegan', 'de:eg-öko-verordnung', 'en:de-oko-005', 'en:european-vegetarian-union', 'en:european-vegetarian-union-vegan', 'en:made-in-germany']",1780664613,Deutschland,Non European Union,['en:non-european-union'],"Kunststoff,Glas,Papier,Klarglas,Krug,Etikett,Deckel","['en:plastic', 'en:glass', 'en:paper', 'en:clear-glass', 'en:jar', 'en:label', 'en:lid']","[{'food_contact': 1, 'material': 'en:clear-glass', 'number_of_units': 1, 'quantity_per_unit': '100 g', 'quantity_per_unit_unit': 'g', 'quantity_per_unit_value': 0, 'recycling': 'en:reuse', 'shape': 'en:jar'}, {'food_contact': 1, 'material': 'en:plastic', 'number_of_units': 1, 'recycling': 'en:reuse', 'shape': 'en:lid'}, {'food_contact': 0, 'material': 'en:paper', 'number_of_units': 1, 'recycling': 'en:discard', 'shape': 'en:label'}]",Kaffee entkoffeiniert löslich,dm,food,kaffee,,
,Coffees,"['en:plant-based-foods-and-beverages', 'en:plant-based-foods', 'en:coffees']",5410658912214,"France, Germany","['en:france', 'en:germany']",1646940657,unknown,,https://images.openfoodfacts.org/images/products/541/065/891/2214/front_de.11.400.jpg,,,"CO2e neutral, Rainforest Alliance","['en:carbon-compensated-product', 'en:co2e-neutral', 'en:rainforest-alliance']",1774496128,,,,,,[],Regular,,food,kaffee,,
Incarom,"Beverages, Coffees","['en:beverages-and-beverages-preparations', 'en:plant-based-foods-and-beverages', 'en:beverages', 'en:plant-based-foods', 'en:coffees']",7613038720098,"Germany, Switzerland","['en:germany', 'en:switzerland']",1600621694,unknown,,https://images.openfoodfacts.org/images/products/761/303/872/0098/front_fr.12.400.jpg,"['fr:extrait-soluble', 'en:glucose-syrup', 'en:added-sugar', 'en:monosaccharide', 'en:glucose', 'en:oat', 'en:cereal', 'en:coffee', 'en:chicory', 'en:vegetable', 'en:shoot-vegetable']","Extrait soluble 50% (à base de café 52% et chicorée 48%), sirop de glucose 50%. Peut contenir de l'orge, du seigle, de l'avoine. 275 g",Nutriscore Grade C,"['en:nutriscore', 'en:nutriscore-grade-c']",1774452536,,,,,,[],Incarom Original,,food,kaffee,,
"Barissimo, Molkerei Gropper","Latte macchiato, de:Fertigkaffees","['en:beverages-and-beverages-preparations', 'en:beverages', 'en:coffee-drinks', 'en:latte-macchiato', 'de:Fertigkaffees']",4061459895322,Germany,['en:germany'],1712926109,unknown,,https://images.openfoodfacts.org/images/products/406/145/989/5322/front_de.24.400.jpg,['ar:spresso-latte-experts-ualitataus-metschland-the-coffee-654-654-bar-ssimo-latte-espresso-9900-chilled-coffee-to-fo-ainfores-people-allia-nate-kattee'],SPRESSO LATTE EXPERTS ualitataus METSCHLAND THE COFFEE 654 654 BAR SSIMO LATTE ESPRESSO 9900 CHILLED COFFEE TO FO AINFORES PEOPLE ALLIA NATE Kattee 250 ml,"Ohne Gentechnik, Nutriscore Grade C, Rainforest Alliance Coffee","['en:no-gmos', 'de:ohne-gentechnik', 'en:nutriscore', 'en:nutriscore-grade-c', 'en:rainforest-alliance', 'en:rainforest-alliance-coffee']",1774543086,,,[],,,"[{'food_contact': 1, 'material': 'en:pp-5-polypropylene', 'recycling': 'de:Gelbe Tonne', 'shape': 'en:pot'}, {'food_contact': 1, 'material': 'en:aluminium', 'recycling': 'de:Gelbe Tonne', 'shape': 'en:lid'}]",Latte Espresso,"Aldi Nord, Aldi Süd",food,kaffee,,
"Barissimo, Molkerei Gropper","Latte macchiato, de:Fertigkaffees","['en:beverages-and-beverages-preparations', 'en:beverages', 'en:coffee-drinks', 'en:latte-macchiato', 'de:Fertigkaffees']",4061459971514,Germany,['en:germany'],1716994469,unknown,,https://images.openfoodfacts.org/images/products/406/145/997/1514/front_de.12.400.jpg,"['en:whole-milk', 'en:dairy', 'en:milk', 'en:arabica-coffee', 'en:coffee', 'en:cream', 'en:sugar', 'en:added-sugar', 'en:disaccharide', 'en:stabiliser', 'en:e407', 'en:e500']","77 % Vollmilch, 15 % Arabica-Kaffee, Sahne, Zucker, Stabilisator Natriumcarbonate, Carrageen.","Ohne Gentechnik, Rainforest Alliance Coffee","['en:no-gmos', 'de:ohne-gentechnik', 'en:rainforest-alliance', 'en:rainforest-alliance-coffee']",1774544638,,,,,,"[{'food_contact': 1, 'material': 'en:pp-5-polypropylene', 'shape': 'en:pot'}, {'food_contact': 1, 'material': 'en:aluminium', 'shape': 'en:lid'}]",Latte Macchiato,,food,kaffee,,
"Jacobs, Jakobs","Beverages, Coffees, Instant coffees","['en:beverages-and-beverages-preparations', 'en:plant-based-foods-and-beverages', 'en:beverages', 'en:plant-based-foods', 'en:beverage-preparations', 'en:coffees', 'en:instant-beverages', 'en:instant-coffees']",8711000506325,Germany,['en:germany'],1532704098,unknown,,https://images.openfoodfacts.org/images/products/871/100/050/6325/front_de.36.400.jpg,"['en:sugar', 'en:added-sugar', 'en:disaccharide', 'en:glucose-syrup', 'en:monosaccharide', 'en:glucose', 'en:coconut-fat', 'en:oil-and-fat', 'en:vegetable-oil-and-fat', 'en:vegetable-fat', 'de:löslicher-bohnenkaffee', 'en:stabiliser', 'en:milk-proteins', 'en:protein', 'en:animal-protein', 'en:emulsifier', 'en:anti-caking-agent', 'de:ganz-gehärtet', 'en:e340', 'en:e452', 'en:e471', 'en:e481', 'en:e551']","Zucker (54%), Glukosesirup, Kokosfett (ganz gehärtet), löslicher Bohnenkaffee (8%), Stabilisatoren (E340, E452), Milcheiweiß, Emulgatoren (E471, E481), Trennmittel (E551).",Green Dot,['en:green-dot'],1774455417,Niederlande,Netherlands,['en:netherlands'],Tüte,['en:bag'],"[{'food_contact': 1, 'shape': 'en:bag'}]",Classic 3in1,Lidl,food,kaffee,,
Lavazza,"Beverages, Coffee beans","['en:beverages-and-beverages-preparations', 'en:plant-based-foods-and-beverages', 'en:beverages', 'en:plant-based-foods', 'en:beverage-preparations', 'en:coffees', 'en:coffee-beans']",8000070027411,"France, Germany","['en:france', 'en:germany']",1544720200,f,,https://images.openfoodfacts.org/images/products/800/007/002/7411/front_de.54.400.jpg,"['en:coffee-beans', 'en:coffee']",Geröstete Kaffeebohnen,Made in Italy,['en:made-in-italy'],1773478920,,,[],Kasten,['en:box'],"[{'food_contact': 1, 'material': 'xx:90-c-ldpe', 'number_of_units': 1, 'shape': 'en:bag'}]",Caffé Crema Classico Kaffee,Edeka,food,kaffee,-15.0,
Jacobs,"Beverages, Coffees, entkoffeinierte-lösliche-kaffees, getränke, heißgetränke-zum-aufgließen, lösliche-kaffees, pflanzliche-lebensmittel-und-getränke","['en:beverages-and-beverages-preparations', 'en:plant-based-foods-and-beverages', 'en:beverages', 'en:plant-based-foods', 'en:coffees', 'en:entkoffeinierte-lösliche-kaffees', 'en:getränke', 'en:heißgetränke-zum-aufgließen', 'en:lösliche-kaffees', 'en:pflanzliche-lebensmittel-und-getränke']",8711000396780,Germany,['en:germany'],1569762432,unknown,25 Einzelportionen löslicher Bohnenkaffee im praktischen Stickformat,https://images.openfoodfacts.org/images/products/871/100/039/6780/front_de.14.400.jpg,['de:25-einzelportionen-löslicher-bohnenkaffee-im-praktischen-stickformat'],25 Einzelportionen löslicher Bohnenkaffee im praktischen Stickformat,Green Dot,['en:green-dot'],1775381735,,,[],"Kunststoff, Pappe, Karton","['en:plastic', 'en:cardboard', 'en:paperboard']","[{'material': 'en:plastic'}, {'material': 'en:paperboard'}]",Café Crema,,food,kaffee,,
Dallmayr,"Beverages, Coffees","['en:beverages-and-beverages-preparations', 'en:plant-based-foods-and-beverages', 'en:beverages', 'en:plant-based-foods', 'en:coffees']",4008167113713,"Germany, Ireland","['en:germany', 'en:ireland']",1586508609,unknown,,https://images.openfoodfacts.org/images/products/400/816/711/3713/front_en.4.400.jpg,"['de:Hochlandkaffee', 'de:entkoffeiniert']","Hochlandkaffee, entkoffeiniert",,,1780768352,,,,,,[],Kaffee Prodomo entcoffeiniert,,food,kaffee,,
Nescafé,"Coffees, Instant coffees, Getränke, Getränke und Getränkezubereitungen, Getränkezubereitungen, Heißgetränke zum Aufgließen, Kaffees, Lösliche Kaffees, Pflanzliche Lebensmittel, Pflanzliche Lebensmittel und Getränke","['en:beverages-and-beverages-preparations', 'en:plant-based-foods-and-beverages', 'en:plant-based-foods', 'en:beverage-preparations', 'en:coffees', 'en:instant-beverages', 'en:instant-coffees', 'en:Getränke', 'en:Getränke und Getränkezubereitungen', 'en:Getränkezubereitungen', 'en:Heißgetränke zum Aufgließen', 'en:Kaffees', 'en:Lösliche Kaffees', 'en:Pflanzliche Lebensmittel', 'en:Pflanzliche Lebensmittel und Getränke']",7613036303910,"Germany, Ireland","['en:germany', 'en:ireland']",1607943242,unknown,,https://images.openfoodfacts.org/images/products/761/303/630/3910/front_en.8.400.jpg,['de:entkoffeinierter-löslicher-bohnenkaffee'],100% entkoffeinierter löslicher Bohnenkaffee.,,,1774457297,,,,,,[],löslicher Kaffee entkof.- Fach 21,,food,kaffee,,
"Nestlé, Nescafé","Coffees, Dehydrated beverages, Instant coffees","['en:beverages-and-beverages-preparations', 'en:plant-based-foods-and-beverages', 'en:beverages', 'en:plant-based-foods', 'en:dried-products', 'en:beverage-preparations', 'en:dried-products-to-be-rehydrated', 'en:coffees', 'en:instant-beverages', 'en:dehydrated-beverages', 'en:instant-coffees']",8445291766983,Germany,['en:germany'],1767289361,unknown,Löslicher Bohnenkaffee,https://images.openfoodfacts.org/images/products/844/529/176/6983/front_de.5.400.jpg,,,,[],1780173557,,,[],,,[],Nescafé Iced,"Edeka, Kaufland, Netto MD, Penny, Rewe",food,kaffee,,
"Milbona, Lidl, Solo Italia","Dairy desserts, Fresh foods, Tiramisu","['en:dairies', 'en:snacks', 'en:desserts', 'en:sweet-snacks', 'en:biscuits-and-cakes', 'en:dairy-desserts', 'en:fresh-foods', 'en:pastries', 'en:tiramisu']",20020620,"Bulgaria, France, Germany, Spain, United Kingdom","['en:bulgaria', 'en:france', 'en:germany', 'en:spain', 'en:united-kingdom']",1401892759,f,"Italienisches Dessert mit Mascarpone-Frischkäse, Marsala-Wein und Kuchenboden in Kaffee getränkt",https://images.openfoodfacts.org/images/products/000/002/002/0620/front_en.65.400.jpg,"['en:skimmed-milk', 'en:dairy', 'en:milk', 'en:glucose-syrup', 'en:added-sugar', 'en:monosaccharide', 'en:glucose', 'en:mascarpone', 'en:cheese', 'de:kuchenboden', 'en:coconut-fat', 'en:oil-and-fat', 'en:vegetable-oil-and-fat', 'en:vegetable-fat', 'en:sugar', 'en:disaccharide', 'en:cream', 'en:e1510', 'en:whole-egg', 'en:egg', 'en:stabiliser', 'de:kakaozubereitung', 'en:skimmed-milk-powder', 'en:milk-powder', 'en:milk-proteins', 'en:protein', 'en:animal-protein', 'de:marsala-wein', 'en:instant-coffee', 'en:coffee', 'en:e428', 'en:tapioca', 'en:starch', 'en:emulsifier', 'en:thickener', 'en:e401', 'en:natural-flavouring', 'en:flavouring', 'en:acidity-regulator', 'en:wheat-flour', 'en:cereal', 'en:flour', 'en:wheat', 'en:cereal-flour', 'en:potato-starch', 'en:raising-agent', 'en:e500', 'en:salt', 'en:e420', 'de:kakaopulver-dextrose', 'en:wheat-starch', 'en:cocoa-butter', 'en:plant', 'en:cocoa', 'en:beef', 'en:animal', 'en:e472b', 'en:carob-seed-flour', 'en:vegetable', 'en:legume', 'en:pulse', 'en:carob-bean', 'en:e270', 'en:e471', 'en:e450']","Rekonstituierte Magermilch, Glukosesirup, 17% Mascarpone (Sahne, Säureregulator: Milchsäure), 10% Kuchenboden (Weizenmehl, Zucker, Eier, Kartoffelstärke, Emulgator: Mono - und Diglyceride von Speisefettsäuren; Kokosfett, Backtriebmittel: Diphosphate, Natriumcarbonate; Speisesalz), Kokosfett, Zucker, Sahne, 2,4% Ethylalkohol, Vollei, Stabilisator: Sorbit; 1,2% Kakaozubereitung (0,6% Kakaopulver** Dextrose, Weizenstärke, Zucker, Kakaobutter**), Magermilchpulver, Milcheiweiß, 0,6% Marsala-Wein, 0,5% löslicher Kaffee, Speisegelatine (Rind), Tapiokastärke, Emulgator: Milchsäureester von Mono - und Diglyceriden von Speisefettsäuren; Verdickungsmittel: Johannisbrotkernmehl, Natriumalginat; natürliches Aroma. Kann Spuren von Soja, Senf und Schalenfrüchten enthalten.","Contains alcohol, Do not freeze, Made in Italy, Nutriscore Grade D","['en:contains-alcohol', 'en:do-not-freeze', 'en:made-in-italy', 'en:nutriscore', 'en:nutriscore-grade-d']",1773787947,"(MI : Milan), Dolcissimo Srl - Via Fratelli Cervi 41 - 20010 Ossona, Italie, Lombardie",Italy,['en:italy'],"Plastic, Pot, Cardboard, Container, Fresh, Non-corrugated cardboard, PP - Polypropylene, Seal, Sleeve, 04 PE-LD, Card-sleeve, Mixed plastic film-lid, Point vert, Pp-pot","['en:plastic', 'en:pot', 'en:cardboard', 'en:container', 'en:fresh', 'en:non-corrugated-cardboard', 'en:pp-polypropylene', 'en:seal', 'en:sleeve', 'en:04-pe-ld', 'en:card-sleeve', 'en:mixed-plastic-film-lid', 'en:point-vert', 'en:pp-pot']","[{'food_contact': 0, 'material': 'en:non-corrugated-cardboard', 'shape': 'en:sleeve'}, {'food_contact': 0, 'material': 'en:pp-5-polypropylene', 'shape': 'en:film'}, {'food_contact': 0, 'material': 'en:ldpe-4-low-density-polyethylene', 'shape': 'en:Container'}, {'food_contact': 1, 'material': 'en:pp-5-polypropylene', 'shape': 'en:pot'}, {'food_contact': 1, 'shape': 'en:seal'}]",Tiramisu,Lidl,food,kaffee,9.0,
Melitta,"Beverages, de:Gemahlener Kaffee, de:Kaffeepulver","['en:beverages-and-beverages-preparations', 'en:beverages', 'de:Gemahlener Kaffee', 'de:Kaffeepulver']",4002720002117,Germany,['en:germany'],1532093983,unknown,,https://images.openfoodfacts.org/images/products/400/272/000/2117/front_de.42.400.jpg,"['en:roasted-coffee', 'en:coffee']",Gemahlener Röstkaffee.,Green Dot,['en:green-dot'],1779467400,,,[],Produkt,['de:produkt'],[],Auslese Stärke 3,,food,kaffee,,
"Nestlé, Nestle nutrition","Beverages, Coffees, Instant coffees","['en:beverages-and-beverages-preparations', 'en:plant-based-foods-and-beverages', 'en:beverages', 'en:plant-based-foods', 'en:beverage-preparations', 'en:coffees', 'en:instant-beverages', 'en:instant-coffees']",7613035909014,"France, Germany, Switzerland","['en:france', 'en:germany', 'en:switzerland']",1536901147,unknown,,https://images.openfoodfacts.org/images/products/761/303/590/9014/front_fr.45.400.jpg,"['fr:zubereitung', 'fr:preparation', 'fr:x2-80-c-100-loslicher-kaffee', 'en:instant-coffee', 'en:coffee', 'fr:hergestellt-in-der-schweiz', 'fr:hergestellt-aus-gold-gerostetem-arabica-und-dunkel-gerostetem-robusta', 'fr:elabore-a-partir-d-arabicas-a-torrefaction-doree-et-de-robustas-a-torrefaction-brune']",Zubereitung / Préparation: x2 + 80°C 100% löslicher Kaffee./100% café soluble. Hergestellt in der Schweiz./Fabriqué en Suisse. **Hergestellt aus gold geröstetem Arabica und dunkel geröstetem Robusta. / Elaboré à partir d'Arabicas à torréfaction dorée et de Robustas à torréfaction brune.,Made in Swiss,['en:made-in-swiss'],1773363333,,Colombia,['en:colombia'],,[],"[{'food_contact': 1, 'material': 'en:glass', 'shape': 'en:jar'}, {'food_contact': 0, 'material': 'en:plastic', 'shape': 'en:lid'}, {'food_contact': 1, 'shape': 'en:seal'}]",Nescafé Gold de Luxe,Migros,food,kaffee,,
Lemonaid Beverages GmbH,"Beverages, Coffee beans","['en:beverages-and-beverages-preparations', 'en:plant-based-foods-and-beverages', 'en:beverages', 'en:plant-based-foods', 'en:beverage-preparations', 'en:coffees', 'en:coffee-beans']",4006581020686,"France, Germany","['en:france', 'en:germany']",1537800045,f,Röstkaffee in Bohnen,https://images.openfoodfacts.org/images/products/400/658/102/0686/front_de.26.400.jpg,"['en:arabica-coffee', 'en:coffee']",Arabica Kaffee,"Fairtrade International, DE-ÖKO-003, Made in Germany","['en:fair-trade', 'en:organic', 'en:eu-organic', 'en:fairtrade-international', 'en:de-oko-003', 'en:made-in-germany']",1773720908,,"Honduras, Peru","['en:honduras', 'en:peru']",,[],"[{'food_contact': 1, 'number_of_units': 1, 'quantity_per_unit': '1000 g', 'quantity_per_unit_unit': 'g', 'quantity_per_unit_value': 1000, 'recycling': 'en:discard', 'shape': 'en:bag'}]",Café Intención eclógico,Edeka,food,kaffee,10.0,
Grana,"Beverages, Coffees, Instant coffees","['en:beverages-and-beverages-preparations', 'en:plant-based-foods-and-beverages', 'en:beverages', 'en:plant-based-foods', 'en:beverage-preparations', 'en:coffees', 'en:instant-beverages', 'en:instant-coffees']",4009041101017,Germany,['en:germany'],1557939593,unknown,,https://images.openfoodfacts.org/images/products/400/904/110/1017/front_de.35.400.jpg,"['en:barley', 'en:cereal', 'en:rye', 'en:chicory', 'en:vegetable', 'en:shoot-vegetable', 'de:zuckerrüben']","Gerste (45%), Roggen (27%), Zichorie, Zuckerrüben",,[],1774459832,,,[],"Kunststoff, Verbundstoff","['en:plastic', 'de:verbundstoff']","[{'material': 'en:composite-material'}, {'material': 'en:plastic'}]","Feiner Landkaffee Aus Vollem Korn Geröstet, Kaffee",Kaufland,food,kaffee,,
Lavazza,"Arabica coffees, Roasted coffee beans","['en:beverages-and-beverages-preparations', 'en:plant-based-foods-and-beverages', 'en:plant-based-foods', 'en:beverage-preparations', 'en:coffees', 'en:arabica-coffees', 'en:coffee-beans', 'en:roasted-coffee-beans']",8000070038271,"France, Germany","['en:france', 'en:germany']",1579935533,f,Geröstete Kaffeebohnen,https://images.openfoodfacts.org/images/products/800/007/003/8271/front_de.21.400.jpg,"['en:coffee-beans', 'en:coffee']",Geröstete Kaffeebohnen 100%,"Green Dot, Made in Italy","['en:green-dot', 'en:made-in-italy']",1773793905,Italien,Non European Union,['en:non-european-union'],"Tüte,90 C/LDPE","['en:bag', 'de:90-c-ldpe']","[{'food_contact': 1, 'material': 'xx:90-c-ldpe', 'number_of_units': '1', 'quantity_per_unit': '1 kg', 'quantity_per_unit_unit': 'kg', 'quantity_per_unit_value': '0', 'recycling': 'en:discard', 'shape': 'en:bag'}]",Crema e Gusto - Tradizione Italiana Kaffee,Lidl,food,kaffee,7.0,
"Aldi, Choceur, Wiha",Chocolates,"['en:snacks', 'en:sweet-snacks', 'en:cocoa-and-its-products', 'en:chocolates']",4061458021746,Germany,['en:germany'],1612421595,unknown,,https://images.openfoodfacts.org/images/products/406/145/802/1746/front_de.28.400.jpg,"['en:sugar', 'en:added-sugar', 'en:disaccharide', 'en:cocoa-butter', 'en:plant', 'en:cocoa', 'en:cream', 'en:dairy', 'en:whole-milk-powder', 'en:milk-powder', 'en:cocoa-paste', 'en:skimmed-milk-powder', 'en:lactose', 'en:coffee', 'en:buttermilk', 'en:emulsifier', 'en:salt', 'en:vanilla-extract', 'en:extract', 'en:vanilla', 'en:vegetable-extract', 'en:e322']","Zucker, Kakaobutter, Sahnepulver (11,9%), Vollmilchpulver (10,3%), Kakaomasse, Magermilchpulver, Milchzucker, Kaffee, Buttermilchpulver, Emulgator Lecithine (Soja), Salz, Vanilleextrakt. Kann auch Haselnuss, Mandel, Erdnuss und andere Nüsse enthalten.","de:DLG Jährlich Prämiert, Nutriscore Grade E, PEFC, UTZ Certified Cocoa","['en:german-agricultural-society', 'en:sustainable-farming', 'de:dlg-jährlich-prämiert', 'en:nutriscore', 'en:nutriscore-grade-e', 'en:pefc', 'en:utz-certified', 'en:utz-certified-cocoa']",1771763292,,,[],"Kunststoff, Pappe","['en:plastic', 'en:cardboard']","[{'material': 'en:plastic'}, {'material': 'en:cardboard'}]",Schokolade Kaffee Sahne,,food,kaffee,,
"Dallmayr, dallmayer","Beverages, Coffees","['en:beverages-and-beverages-preparations', 'en:plant-based-foods-and-beverages', 'en:beverages', 'en:plant-based-foods', 'en:coffees']",4008167043805,Germany,['en:germany'],1657915269,unknown,,https://images.openfoodfacts.org/images/products/400/816/704/3805/front_de.9.400.jpg,"['en:Cullmayr HOME ARISTA E CREMA DOLCE ONISCH', 'en:WENIG SÄURE ONIOUS WITH LOW ACIDITY BA CAFFE DE Die Kaffeeb Rosten aromatiche doss Luft an die g So bleibt das g Hergestell in Deutschla Unter Schutzh EN The coffee bean roasting to presen air coming into This con Made in German Packaged 90 LOPE O']","Cullmayr HOME ARISTA E CREMA DOLCE ONISCH, WENIG SÄURE ONIOUS WITH LOW ACIDITY BA CAFFE DE Die Kaffeeb Rosten aromatiche doss Luft an die g So bleibt das g Hergestell in Deutschla Unter Schutzh EN The coffee bean roasting to presen air coming into This con Made in German Packaged 90 LOPE O","Green Dot, Rainforest Alliance","['en:green-dot', 'en:rainforest-alliance']",1780840059,,,,,,[],Home Barrista Café Crema Dolce,,food,kaffee,,
"Scho-Ka-Kola, Scho-Ka-Kola GmbH",Dark chocolates,"['en:snacks', 'en:sweet-snacks', 'en:cocoa-and-its-products', 'en:chocolates', 'en:dark-chocolates']",4030387034080,"Austria, Germany","['en:austria', 'en:germany']",1487853701,e,Zartbitterschokolade mit Kaffee und Kolanusspulver,https://images.openfoodfacts.org/images/products/403/038/703/4080/front_de.91.400.jpg,"['en:cocoa-paste', 'en:plant', 'en:cocoa', 'en:sugar', 'en:added-sugar', 'en:disaccharide', 'en:cocoa-butter', 'en:coffee', 'en:whole-milk-powder', 'en:dairy', 'en:milk-powder', 'en:cola-nut', 'en:nut', 'en:tree-nut', 'en:emulsifier', 'en:flavouring', 'en:e322']","Kakaomasse, Zucker, Kakaobutter,Kaffee (2,6 %), Vollmilchpulver, Kolanusspulver (1,6 %), Emulgator: Lecithine, Aroma,",,[],1771965113,Deutschland,,[],"Dose, Stück","['en:can', 'de:stück']","[{'food_contact': 1, 'material': 'en:metal', 'shape': 'en:can'}]",Scho-Ka-Kola,,food,kaffee,17.0,
"Nestlé, Nescafé","Dehydrated beverages, Aromatised instant coffees, Sweetened beverages","['en:beverages-and-beverages-preparations', 'en:beverages', 'en:dried-products', 'en:beverage-preparations', 'en:dried-products-to-be-rehydrated', 'en:instant-beverages', 'en:dehydrated-beverages', 'en:instant-coffees', 'en:aromatised-instant-coffees', 'en:sweetened-beverages']",4005500274995,"Austria, Germany","['en:austria', 'en:germany']",1482418297,unknown,Getränkepulver mit löslichem Bohnenkaffee,https://images.openfoodfacts.org/images/products/400/550/027/4995/front_de.54.400.jpg,"['en:sugar', 'en:added-sugar', 'en:disaccharide', 'de:löslicher Bohnenkaffee', 'en:flavouring', 'en:salt']","Zucker, 9,5% löslicher Bohnenkaffee, Aromen, Salz.","Green Dot, Nutriscore Grade E","['en:green-dot', 'en:nutriscore', 'en:nutriscore-grade-e']",1780168955,,,[],"Metal,Box,de:Dose(n),de:Produkt","['en:metal', 'en:box', 'de:dose-n', 'de:produkt']","[{'food_contact': 1, 'material': 'en:composite-material', 'shape': 'en:can'}, {'food_contact': 0, 'material': 'en:aluminium', 'shape': 'en:film'}, {'food_contact': 0, 'material': 'en:pp-5-polypropylene', 'shape': 'en:lid'}]",Nescafé Frappé Typ Eiskaffee,"Edeka, Famila, Hit, Kaufland, Netto MD, Penny, Rewe",food,kaffee,,
Markus Kaffee,"Beverages, Coffees","['en:beverages-and-beverages-preparations', 'en:plant-based-foods-and-beverages', 'en:beverages', 'en:plant-based-foods', 'en:coffees']",4047247775663,Germany,['en:germany'],1736007230,unknown,,https://images.openfoodfacts.org/images/products/404/724/777/5663/front_de.6.400.jpg,,,Rainforest Alliance,['en:rainforest-alliance'],1775229396,,,,,,[],Barissimo Classic,,food,kaffee,,
Nestlé,"Dried plant-based foods, Instant beverages, Dehydrated beverages","['en:beverages-and-beverages-preparations', 'en:plant-based-foods-and-beverages', 'en:beverages', 'en:plant-based-foods', 'en:dried-products', 'en:beverage-preparations', 'en:dried-products-to-be-rehydrated', 'en:dried-plant-based-foods', 'en:instant-beverages', 'en:dehydrated-beverages']",4005500086062,Germany,['en:germany'],1528379136,unknown,Getränkepulver aus Getreide (kein Kaffee),https://images.openfoodfacts.org/images/products/400/550/008/6062/front_de.28.400.jpg,"['en:barley', 'en:cereal', 'en:malted-barley', 'en:malt', 'en:chicory', 'en:vegetable', 'en:shoot-vegetable', 'en:rye']","Gerste, Gerstenmalz, Zichorie, Roggen.","Green Dot, Nutriscore Grade B","['en:green-dot', 'en:nutriscore', 'en:nutriscore-grade-b']",1779700691,,,[],,[],"[{'food_contact': 1, 'material': 'en:clear-glass', 'number_of_units': 1, 'shape': 'en:pot'}, {'food_contact': 0, 'material': 'en:pp-5-polypropylene', 'number_of_units': 1, 'shape': 'en:lid'}, {'food_contact': 1, 'material': 'en:plastic', 'number_of_units': 1, 'shape': 'en:seal'}]",Caro extra kräftig,"Edeka, Globus, Kaufland, Netto MD, Rewe",food,kaffee,,
"Nescafe, Nescafé","Beverages, Coffees, Instant coffees","['en:beverages-and-beverages-preparations', 'en:plant-based-foods-and-beverages', 'en:beverages', 'en:plant-based-foods', 'en:beverage-preparations', 'en:coffees', 'en:instant-beverages', 'en:instant-coffees']",7613031514793,"France, Germany","['en:france', 'en:germany']",1534325895,unknown,,https://images.openfoodfacts.org/images/products/761/303/151/4793/front_en.15.400.jpg,['en:nescafe'],nescafe,,[],1774105945,,,[],Glass,['en:glass'],"[{'food_contact': 1, 'material': 'en:glass', 'number_of_units': 1, 'shape': 'en:jar'}, {'food_contact': 1, 'material': 'en:plastic', 'number_of_units': 1, 'shape': 'en:lid'}]",Nescafé Classic Mild Instantkaffee,Kaufland,food,kaffee,,
Melitta,"Beverages, de:Gemahlener Röstkaffee, de:Kaffeepulver","['en:beverages-and-beverages-preparations', 'en:beverages', 'de:Gemahlener Röstkaffee', 'de:Kaffeepulver']",4002720002285,"Germany, Luxembourg","['en:germany', 'en:luxembourg']",1537096614,unknown,,https://images.openfoodfacts.org/images/products/400/272/000/2285/front_de.33.400.jpg,"['en:roasted-coffee', 'en:coffee']",Gemahlener Röstkaffee.,Green Dot,['en:green-dot'],1774467753,,,[],"Brique, de:Packung(en), Produkt","['en:brick', 'de:packung-en', 'fr:produkt']","[{'food_contact': 1, 'shape': 'en:brick'}]",Kaffee Harmonie mild,,food,kaffee,,
Dallmayr,"Beverages, Ground coffees","['en:beverages-and-beverages-preparations', 'en:plant-based-foods-and-beverages', 'en:beverages', 'en:plant-based-foods', 'en:beverage-preparations', 'en:coffees', 'en:ground-coffees']",4008167103905,"France, Germany","['en:france', 'en:germany']",1543619806,f,,https://images.openfoodfacts.org/images/products/400/816/710/3905/front_de.14.400.jpg,['en:coffee'],Kaffee,FSC Mix,"['en:fsc', 'en:fsc-mix']",1780924879,,,[],,,"[{'food_contact': 1, 'material': 'en:fsc-paper', 'number_of_units': 1, 'shape': 'en:packet'}]",Dallmayr Kaffee Prodomo Naturmild,,food,kaffee,-6.0,
Dallmayr,"Beverages, Roasted coffee beans","['en:beverages-and-beverages-preparations', 'en:plant-based-foods-and-beverages', 'en:beverages', 'en:plant-based-foods', 'en:beverage-preparations', 'en:coffees', 'en:coffee-beans', 'en:roasted-coffee-beans']",4008167154679,"France, Germany","['en:france', 'en:germany']",1562685769,f,,https://images.openfoodfacts.org/images/products/400/816/715/4679/front_de.16.400.jpg,,,,[],1780839805,,,[],Kunststoff,['en:plastic'],"[{'food_contact': 1, 'material': 'en:plastic', 'number_of_units': 1, 'shape': 'en:bag'}]",Espresso d'oro,,food,kaffee,-15.0,
"Jacobs, Jakobs","Hot beverages, Coffees","['en:beverages-and-beverages-preparations', 'en:plant-based-foods-and-beverages', 'en:beverages', 'en:plant-based-foods', 'en:hot-beverages', 'en:coffees']",8711000891735,Germany,['en:germany'],1565888461,unknown,,https://images.openfoodfacts.org/images/products/871/100/089/1735/front_de.16.400.jpg,,,,[],1774473387,,,[],Kunststoff,['en:plastic'],"[{'food_contact': 1, 'material': 'en:plastic'}]",Kaffee Espresso Kaffee,,food,kaffee,,
Rewe Bio,"Beverages, Arabica ground coffees","['en:beverages-and-beverages-preparations', 'en:plant-based-foods-and-beverages', 'en:beverages', 'en:plant-based-foods', 'en:beverage-preparations', 'en:coffees', 'en:arabica-coffees', 'en:ground-coffees', 'en:arabica-ground-coffees']",4388844009882,"Germany, Ireland","['en:germany', 'en:ireland']",1584127494,f,,https://images.openfoodfacts.org/images/products/438/884/400/9882/front_en.11.400.jpg,"['en:coffee-beans', 'en:coffee']",gemahlene Kaffeebohnen,"Fairtrade International, EG-Öko-Verordnung","['en:fair-trade', 'en:organic', 'en:eu-organic', 'en:fairtrade-international', 'de:eg-öko-verordnung']",1774452496,,"South-America, de:Mittelamerika","['en:south-america', 'de:Mittelamerika']",Kuststofftüte,['de:kuststofftüte'],"[{'food_contact': 1, 'material': 'en:composite-material', 'number_of_units': 1, 'shape': 'en:bag'}]",Röstkaffee gemahlen,Rewe,food,kaffee,10.0,
"dmBio, dm","Beverages, Coffee beans","['en:beverages-and-beverages-preparations', 'en:plant-based-foods-and-beverages', 'en:beverages', 'en:plant-based-foods', 'en:beverage-preparations', 'en:coffees', 'en:coffee-beans']",4058172684159,"Germany, Italy","['en:germany', 'en:italy']",1614092954,f,"Bio Röstkaffee, ganze Bohnen",https://images.openfoodfacts.org/images/products/405/817/268/4159/front_en.17.400.jpg,"['en:arabica-coffee', 'en:coffee']",Bio Arabica Kaffee 100%,"non-EU Agriculture, EG-Öko-Verordnung, DE-ÖKO-039, European Vegetarian Union Vegan, Made in Germany, Naturland","['en:vegetarian', 'en:organic', 'en:eu-organic', 'en:non-eu-agriculture', 'en:vegan', 'de:eg-öko-verordnung', 'en:de-oko-039', 'en:european-vegetarian-union', 'en:european-vegetarian-union-vegan', 'en:made-in-germany', 'en:naturland']",1767458238,Deutschland,"Honduras, Papua New Guinea, Peru","['en:honduras', 'en:papua-new-guinea', 'en:peru']","Bag, Beutel","['en:bag', 'en:beutel']","[{'food_contact': 1, 'number_of_units': 1, 'quantity_per_unit': '1 kg', 'quantity_per_unit_unit': 'kg', 'quantity_per_unit_value': 0, 'recycling': 'en:discard', 'shape': 'en:bag'}]","Caffè Crema, ganze Bohne",dm,food,kaffee,5.0,
"Cafèt, Netto MD","Coffees, Latte macchiato","['en:beverages-and-beverages-preparations', 'en:plant-based-foods-and-beverages', 'en:beverages', 'en:plant-based-foods', 'en:coffees', 'en:coffee-drinks', 'en:latte-macchiato']",42413684,Germany,['en:germany'],1627834203,unknown,,https://images.openfoodfacts.org/images/products/000/004/241/3684/front_de.24.400.jpg,"['en:skimmed-milk', 'en:dairy', 'en:milk', 'de:aufgebrühter-röstkaffee', 'en:sugar', 'en:added-sugar', 'en:disaccharide', 'en:cocoa-powder', 'en:plant', 'en:cocoa', 'en:stabiliser', 'en:e407', 'en:e500']","78 % fettarme Milch, 17 % aufgebrühter Röstkaffee', Zucker, Kakaopulver, Stabilisator: Natriumcarbonate, Carrageen.","Ohne Gentechnik, Not advised for children and pregnant women, Rainforest Alliance Cocoa, Rainforest Alliance Coffee","['en:no-gmos', 'en:not-advised-for-specific-people', 'de:ohne-gentechnik', 'en:not-advised-for-children-and-pregnant-women', 'en:rainforest-alliance', 'en:rainforest-alliance-cocoa', 'en:rainforest-alliance-coffee']",1774505771,,,[],"Kunststoff, Aluminium-Platine","['en:plastic', 'de:aluminium-platine']","[{'food_contact': 1, 'material': 'en:pp-5-polypropylene', 'shape': 'en:pot'}, {'food_contact': 1, 'material': 'en:aluminium', 'shape': 'en:lid'}]",Latte Cappuccino,Netto MD,food,kaffee,,
Dallmayr,"Beverages, Coffees","['en:beverages-and-beverages-preparations', 'en:plant-based-foods-and-beverages', 'en:beverages', 'en:plant-based-foods', 'en:coffees']",4008167023906,Germany,['en:germany'],1643990417,unknown,,https://images.openfoodfacts.org/images/products/400/816/702/3906/front_de.12.400.jpg,"['de:4-008167-023906-a-fsc-www-fsc-org-mix-verpackung-aus-verantwor', 'de:tungsvollen-quellen-fsc-c134920']",4 &quot;008167 023906 A FSC www.fsc.org MIX Verpackung aus verantwor - tungsvollen Quellen FSC C134920,,[],1776457485,,,[],,,[],Kaffee,,food,kaffee,,
"Das Exquisite, Rossmann",Dark chocolates with coffee,"['en:snacks', 'en:sweet-snacks', 'en:cocoa-and-its-products', 'en:chocolates', 'en:dark-chocolates', 'en:dark-chocolates-with-coffee']",4305615838977,Germany,['en:germany'],1645446410,d,,https://images.openfoodfacts.org/images/products/430/561/583/8977/front_de.46.400.jpg,"['en:sugar', 'en:added-sugar', 'en:disaccharide', 'en:cocoa-paste', 'en:plant', 'en:cocoa', 'en:cocoa-butter', 'de:arabica-kaffeenibs', 'en:emulsifier', 'en:natural-vanilla-flavouring', 'en:flavouring', 'en:natural-flavouring', 'en:vanilla-flavouring', 'en:e322', 'en:sunflower']","Zucker, Kakaomasse, Kakaobutter, 2,75% Arabica Kaffeenibs, Emulgator: Lecithine (Sonnenblume); natürliches Vanillearoma.","Fairtrade International, Fairtrade cocoa, FSC Mix, Made in Germany","['en:fair-trade', 'en:fairtrade-international', 'en:fairtrade-cocoa', 'en:fsc', 'en:fsc-mix', 'en:made-in-germany']",1779095572,Deutschland,,[],"FSC paper,Wrapper","['en:paper', 'en:fsc-paper', 'en:wrapper']","[{'material': 'en:paperboard', 'number_of_units': 1, 'shape': 'en:sleeve'}, {'food_contact': 1, 'material': 'en:aluminium', 'number_of_units': 1, 'shape': 'en:sheet'}]",Kaffee Arabica,Rossmann,food,kaffee,41.0,
"Barissimo, NewCoffee","Beverages, Coffee beans","['en:beverages-and-beverages-preparations', 'en:plant-based-foods-and-beverages', 'en:beverages', 'en:plant-based-foods', 'en:beverage-preparations', 'en:coffees', 'en:coffee-beans']",4061463641083,Germany,['en:germany'],1676647241,f,,https://images.openfoodfacts.org/images/products/406/146/364/1083/front_de.8.400.jpg,,,"Rainforest Alliance, de:Unter Schutzatmosphäre verpackt","['en:rainforest-alliance', 'de:Unter Schutzatmosphäre verpackt']",1770145209,,,,,,[],Caffè Crema & Aroma - Ganze Bohne,,food,kaffee,-5.0,
Dr. Oetker,"Coffee drinks, de:Milchmischerzeugnisse","['en:beverages-and-beverages-preparations', 'en:beverages', 'en:coffee-drinks', 'de:Milchmischerzeugnisse']",4023600016468,Germany,['en:germany'],1693739024,unknown,,https://images.openfoodfacts.org/images/products/402/360/001/6468/front_de.100.400.jpg,"['en:skimmed-milk', 'en:dairy', 'en:milk', 'en:whole-milk', 'en:milk-proteins', 'en:protein', 'en:animal-protein', 'en:coffee', 'en:flavouring', 'en:stabiliser', 'en:caffeine', 'en:sweetener', 'en:thickener', 'en:e500', 'en:e340', 'en:e950', 'en:e407']","75 % MAGERMILCH, 16 % VOLLMILCH, 5,5 % MILCHEIWEIßERZEUGNIS, 2,0 % flüssiger Kaffee-Extrakt, Aroma, Stabilisatoren (Natriumcarbonate, Kaliumphosphate), 0,02 % Koffein, Süßungsmittel (Acesulfam K), Verdickungsmittel (Carrageen).","Nutriscore Grade C, Rainforest Alliance Coffee","['en:nutriscore', 'en:nutriscore-grade-c', 'en:rainforest-alliance', 'en:rainforest-alliance-coffee']",1780859479,,,[],,,"[{'food_contact': 1, 'material': 'en:pp-5-polypropylene', 'shape': 'en:pot'}, {'food_contact': 0, 'material': 'en:cardboard', 'shape': 'de:Hülle'}, {'food_contact': 1, 'material': 'en:plastic', 'shape': 'en:lid'}, {'food_contact': 0, 'material': 'en:aluminium', 'shape': 'en:film'}]",High Protein Coffee Drink - Caramel Macchiato Style,"Aldi, Edeka, Netto MD, Rewe",food,kaffee,,
Amazon,"Coffees, Instant coffees","['en:beverages-and-beverages-preparations', 'en:plant-based-foods-and-beverages', 'en:plant-based-foods', 'en:beverage-preparations', 'en:coffees', 'en:instant-beverages', 'en:instant-coffees']",5400606955110,Germany,['en:germany'],1732130274,unknown,,https://images.openfoodfacts.org/images/products/540/060/695/5110/front_de.3.400.jpg,,,,,1775243245,,,,,,[],Kaffee,,food,kaffee,,
Nespresso,"Beverages, Coffees","['en:beverages-and-beverages-preparations', 'en:plant-based-foods-and-beverages', 'en:beverages', 'en:plant-based-foods', 'en:coffees']",7630585378626,Germany,['en:germany'],1748796427,unknown,,https://images.openfoodfacts.org/images/products/763/058/537/8626/front_de.6.400.jpg,,,,[],1780235837,,,[],,,[],Kazaar,,food,kaffee,,
Emmi,"Coffees, Coffee drinks, Boissons-au-café, Groceries","['en:beverages-and-beverages-preparations', 'en:plant-based-foods-and-beverages', 'en:beverages', 'en:plant-based-foods', 'en:coffees', 'en:coffee-drinks', 'en:Boissons-au-café', 'en:Groceries']",7610900138890,"Austria, Belgium, France, Germany, Luxembourg, Netherlands, Switzerland","['en:austria', 'en:belgium', 'en:france', 'en:germany', 'en:luxembourg', 'en:netherlands', 'en:switzerland']",1426531855,unknown,,https://images.openfoodfacts.org/images/products/761/090/013/8890/front_en.49.400.jpg,"['en:semi-skimmed-milk', 'en:dairy', 'en:milk', 'en:arabica-coffee', 'en:coffee', 'en:sugar', 'en:added-sugar', 'en:disaccharide', 'en:stabiliser', 'en:carrageenan-thickener', 'en:e339']","77% Part Skimmed Milk, 18% Freshly Prepared Arabica Coffee, Sugar, Stabilizer (E339), Carrageenan Thickener","Made in Swiss, Rainforest Alliance","['en:made-in-swiss', 'en:rainforest-alliance']",1774068888,Suisse,,[],,[],[],Caffè Latte Expresso,,food,kaffee,,
Illy,"Beverages, Coffees, Instant coffees","['en:beverages-and-beverages-preparations', 'en:plant-based-foods-and-beverages', 'en:beverages', 'en:plant-based-foods', 'en:beverage-preparations', 'en:coffees', 'en:instant-beverages', 'en:instant-coffees']",8003753144290,"Belgium, France, Germany, Luxembourg","['en:belgium', 'en:france', 'en:germany', 'en:luxembourg']",1536153125,unknown,Café soluble avec café torréfié moulu- Instant Coffee,https://images.openfoodfacts.org/images/products/800/375/314/4290/front_fr.4.400.jpg,"['en:instant-coffee', 'en:coffee', 'en:ground-roasted-coffee', 'en:ground-coffee']","Café soluble, café torréfié moulu 3 %.",Made in Swiss,['en:made-in-swiss'],1774264418,Suisse,,[],"Métal, Plastique, Boîte","['en:metal', 'en:plastic', 'en:box']","[{'material': 'en:metal', 'shape': 'en:box'}, {'material': 'en:metal'}, {'material': 'en:plastic', 'shape': 'en:lid'}]",Instant Coffee CLASSICO,Delhaize,food,kaffee,,
Segafredo,"Beverages, Roasted coffee beans","['en:beverages-and-beverages-preparations', 'en:plant-based-foods-and-beverages', 'en:beverages', 'en:plant-based-foods', 'en:beverage-preparations', 'en:coffees', 'en:coffee-beans', 'en:roasted-coffee-beans']",8003410311171,"Austria, France, Germany","['en:austria', 'en:france', 'en:germany']",1537084669,f,,https://images.openfoodfacts.org/images/products/800/341/031/1171/front_de.56.400.jpg,"['en:coffee-beans', 'en:coffee']",geröstete Kaffeebohnen,,[],1771502611,Italie,Non European Union,['en:non-european-union'],"Plastique, Film en plastique, Kunststoff,","['en:plastic', 'de:film-en-plastique', 'de:plastique']","[{'material': 'en:plastic', 'shape': 'en:film'}, {'material': 'en:plastic', 'shape': 'en:bag'}]",Intermezzo Gusto e Corposo Kaffee,"Edeka, Hofer, Kaufland, Metro",food,kaffee,-16.0,
Jacobs,"Beverages, Coffees, Powdered cappucino","['en:beverages-and-beverages-preparations', 'en:plant-based-foods-and-beverages', 'en:beverages', 'en:plant-based-foods', 'en:beverage-preparations', 'en:coffees', 'en:instant-beverages', 'en:instant-coffees', 'en:powdered-cappucino']",8711000525067,"France, Germany","['en:france', 'en:germany']",1538547790,unknown,,https://images.openfoodfacts.org/images/products/871/100/052/5067/front_fr.10.400.jpg,"['en:sugar', 'en:added-sugar', 'en:disaccharide', 'en:glucose-syrup', 'en:monosaccharide', 'en:glucose', 'en:coconut-fat', 'en:oil-and-fat', 'en:vegetable-oil-and-fat', 'en:vegetable-fat', 'de:löslicher-bohnenkaffee', 'de:molkenerzeugnisse', 'en:maltodextrin', 'en:skimmed-milk-powder', 'en:dairy', 'en:milk-powder', 'en:stabiliser', 'en:flavouring', 'en:anti-caking-agent', 'de:ganz-gehärtet', 'en:milk', 'en:e340', 'en:e1450', 'en:e551']","Zucker, Glukosesirup, Kokosfett (ganz gehärtet), löslicher Bohnenkaffee (9,8%), Molkenerzeugnisse (aus Milch), Maltodextrin, Magermilchpulver, Stabilisatoren (E340, E1450), Aroma, Trennmittel (E551)",,,1773706688,,,,,[],[],Cappuccino,,food,kaffee,,
Lavazza,"Beverages, Coffee beans","['en:beverages-and-beverages-preparations', 'en:plant-based-foods-and-beverages', 'en:beverages', 'en:plant-based-foods', 'en:beverage-preparations', 'en:coffees', 'en:coffee-beans']",8000070027435,"France, Germany","['en:france', 'en:germany']",1539617585,f,,https://images.openfoodfacts.org/images/products/800/007/002/7435/front_de.30.400.jpg,"['en:coffee-beans', 'en:coffee']",Kaffeebohnen,Made in Italy,['en:made-in-italy'],1748647590,Italien,Australia,['en:australia'],Kunststoff,['en:plastic'],"[{'food_contact': 1, 'material': 'en:plastic'}]",Caffé Crema Dolce Kaffee,,food,kaffee,-7.0,
"Bohnen, Dallmayr, Loacker","Beverages, Coffee beans","['en:beverages-and-beverages-preparations', 'en:plant-based-foods-and-beverages', 'en:beverages', 'en:plant-based-foods', 'en:beverage-preparations', 'en:coffees', 'en:coffee-beans']",4008167103219,"Germany, Morocco","['en:germany', 'en:morocco']",1546161122,f,,https://images.openfoodfacts.org/images/products/400/816/710/3219/front_de.21.400.jpg,['de:cafe'],cafe,,,1780645727,,,,"Packung(en), en:mixed plastic-bag","['de:packung-en', 'en:mixed-plastic-bag']","[{'material': 'en:plastic', 'shape': 'en:bag'}, {'shape': 'en:packet'}]",Dallmayr prodomo,,food,kaffee,-20.0,
"Edeka, Gut & Günstig","Beverages, Coffees, Powdered cappucino","['en:beverages-and-beverages-preparations', 'en:plant-based-foods-and-beverages', 'en:beverages', 'en:plant-based-foods', 'en:beverage-preparations', 'en:coffees', 'en:instant-beverages', 'en:instant-coffees', 'en:powdered-cappucino']",4311501482162,Germany,['en:germany'],1552501212,unknown,"Getränkepulver mit löslichem Bohnenkaffee, Typ Classico",https://images.openfoodfacts.org/images/products/431/150/148/2162/front_de.21.400.jpg,"['en:sugar', 'en:added-sugar', 'en:disaccharide', 'en:skimmed-milk-powder', 'en:dairy', 'en:milk-powder', 'de:löslicher-bohnenkaffee', 'en:coconut-fat', 'en:oil-and-fat', 'en:vegetable-oil-and-fat', 'en:vegetable-fat', 'en:glucose-syrup', 'en:monosaccharide', 'en:glucose', 'en:acidity-regulator', 'en:stabiliser', 'en:maltodextrin', 'en:e501', 'en:e339']","Zucker, _Magermilchpulver_, 14% löslicher Bohnenkaffee, Kokosfett, Glukosesirup, Säureregulator Kaliumcarbonate, Stabilisator Natriumphosphate, Maltodextrin","Rainforest Alliance, UTZ Certified Coffee","['en:sustainable-farming', 'en:rainforest-alliance', 'en:utz-certified', 'en:utz-certified-coffee']",1774489587,,Brazil,['en:brazil'],"Dose,Deckel,Kunststoff,82 C/PAP","['en:plastic', 'en:can', 'en:lid', 'de:82-c-pap']","[{'food_contact': 0, 'material': 'en:plastic', 'shape': 'en:lid'}, {'food_contact': 0, 'material': 'xx:82-c-pap'}, {'food_contact': 1, 'material': 'en:metal', 'shape': 'en:can'}]",Cappuccino,Edeka,food,kaffee,,
Amaroy,"Beverages, Coffees, Instant coffees","['en:beverages-and-beverages-preparations', 'en:plant-based-foods-and-beverages', 'en:beverages', 'en:plant-based-foods', 'en:beverage-preparations', 'en:coffees', 'en:instant-beverages', 'en:instant-coffees']",4061458002820,Germany,['en:germany'],1567083089,unknown,,https://images.openfoodfacts.org/images/products/406/145/800/2820/front_de.45.400.jpg,"['de:baad-das-rainforest-alliance-siegel-steht-für-eine-bessere-zukunft-für-mensch-und-natur', 'de:www-ra-org-löslicher-kaffee-200-ge-man-the-veral-gelbe']",baad Das Rainforest Alliance Siegel steht für eine bessere Zukunft für Mensch und Natur. www.ra.org Löslicher Kaffee 200 ge man the VERAL Gelbe,"Rainforest Alliance, UTZ Certified Coffee","['en:sustainable-farming', 'en:rainforest-alliance', 'en:utz-certified', 'en:utz-certified-coffee']",1773411777,,,[],,[],[],Kaffee Classic löslich,,food,kaffee,,
,"Incorrect product type, non-food-products, open-beauty-facts","['en:incorrect-product-type', 'en:non-food-products', 'en:open-beauty-facts']",4066447091748,"Germany, Morocco","['en:germany', 'en:morocco']",1701004329,unknown,,,,,,,1771272558,,,,,,[],Balea Shampoo Men,,beauty,shampoo,,
Balea,"Incorrect product type, non-food-products, open-beauty-facts","['en:incorrect-product-type', 'en:non-food-products', 'en:open-beauty-facts']",4066447745443,"Germany, Morocco","['en:germany', 'en:morocco']",1723554878,unknown,,https://images.openbeautyfacts.org/images/products/406/644/774/5443/front_bg.5.400.jpg,,,,,1771272860,,,,,,[],Anti Schuppen Shampoo,,beauty,shampoo,,
"Cien, Win Cosmetic","Shampoos, Incorrect product type, non-food-products, open-beauty-facts","['en:hair', 'en:shampoos', 'en:incorrect-product-type', 'en:non-food-products', 'en:open-beauty-facts']",4056489235620,Germany,['en:germany'],1725613875,unknown,,https://images.openbeautyfacts.org/images/products/405/648/923/5620/front_de.4.400.jpg,"['en:water', 'en:sodium-laureth-sulfate', 'en:cocamidopropyl-betaine', 'en:sodium-chloride', 'en:sodium-benzoate', 'en:citric-acid', 'en:glycol-distearate', 'de:ldl-parfum', 'en:laureth-4', 'en:laureth', 'en:cocamide-mea', 'en:guar-hydroxypropyltrimonium-chloride', 'en:panthenol', 'en:potassium-sorbate', 'en:butylene-glycol', 'en:formic-acid', 'en:glucose', 'en:lactic-acid', 'de:humulus-lupulus-extract', 'en:chamomilla-recutita-flower-extract', 'en:natural-extracts', 'en:flower-extracts', 'de:rosmarinus-officinalis-leaf-extract', 'de:urtica-dioica-extract', 'de:melissa-officinalis-leaf-extract', 'de:19140', 'en:ci-42090', 'de:equisetum-arvense-extract', 'en:salvia-officinalis-leaf-extract', 'en:leaf-extracts', 'en:ci-47005', 'en:colorants', 'en:caramel', 'en:tartaric-acid']","Aqua, Sodium Laureth Sulfate, Cocamidopropyl Betaine, Sodium Chloride, Sodium Benzoate, Citric Acid, Glycol Distearate, LDL Parfum, Laureth-4, Cocamide MEA, Guar Hydroxypropyltrimonium Chloride, Panthenol, Potassium Sorbate, Butylene Glycol, Formic Acid, Glucose, Lactic Acid, Humulus Lupulus Extract, Chamomilla Recutita Flower Extract, Rosmarinus Officinalis Leaf Extract, Urtica Dioica Extract, Melissa Officinalis Leaf Extract, 19140, CI 42090, Equisetum Arvense Extract, Salvia Officinalis Leaf Extract, CI 47005, Caramel, Tartaric Acid.","Without microplastics, Without silicon, de:Recyceltes Plastik","['en:without-microplastics', 'en:without-silicon', 'de:Recyceltes Plastik']",1743032579,Deutschland,,[],"Kunststoff,LDPE,HDPE","['kunststoff', 'ldpe', 'hdpe']",[],Shampoo 7 Kräuter,Lidl,beauty,shampoo,,
head & shoulders,,[],8001090890054,Germany,['en:germany'],1690210646,unknown,,,,,,[],1746411822,,,[],,,[],Anti Schuppen Shampoo,,beauty,shampoo,,
SALT HOUSE,"Incorrect product type, non-food-products, open-beauty-facts","['en:incorrect-product-type', 'en:non-food-products', 'en:open-beauty-facts']",4008890006429,Germany,['en:germany'],1583168906,unknown,,https://images.openbeautyfacts.org/images/products/400/889/000/6429/front_de.3.400.jpg,,,,[],1746730494,,,[],,[],[],Salthouse Totes Meer Shampoo Anti-Schuppen,,beauty,shampoo,,
Garnier,"Shampoos, Incorrect product type, non-food-products, open-beauty-facts","['en:hair', 'en:shampoos', 'en:incorrect-product-type', 'en:non-food-products', 'en:open-beauty-facts']",3600542461511,"Germany, Iraq","['en:germany', 'en:iraq']",1711816330,unknown,,https://images.openbeautyfacts.org/images/products/360/054/246/1511/front_en.9.400.jpg,,,,,1771275524,,,,,,[],,,beauty,shampoo,,
éla,"Incorrect product type, non-food-products, open-beauty-facts","['en:incorrect-product-type', 'en:non-food-products', 'en:open-beauty-facts']",4262395460012,Germany,['en:germany'],1764860610,unknown,,https://images.openbeautyfacts.org/images/products/426/239/546/0012/front_de.5.400.jpg,,,,,1779692423,,,,,,[],Hydrate & Shine Shampoo,,beauty,shampoo,,
,,[],5012008733007,Germany,['en:germany'],1698404117,unknown,,https://images.openbeautyfacts.org/images/products/501/200/873/3007/front_de.3.400.jpg,,,,[],1739296720,,,[],,,[],shampoo,,beauty,shampoo,,
Cien,"Incorrect product type, non-food-products, open-beauty-facts","['en:incorrect-product-type', 'en:non-food-products', 'en:open-beauty-facts']",4056489329770,Germany,['en:germany'],1646234431,unknown,,https://images.openbeautyfacts.org/images/products/405/648/932/9770/front_de.11.400.jpg,,,Vegan,"['en:vegetarian', 'en:vegan']",1739946860,,,[],,,[],Shampoo vegan Aloe Vera,,beauty,shampoo,,
Cien,Shampoos,"['en:hair', 'en:shampoos']",4056489318460,Germany,['en:germany'],1690915284,unknown,,https://images.openbeautyfacts.org/images/products/405/648/931/8460/front_de.7.400.jpg,"['en:aqua', 'en:sodium-laureth-sulfate', 'en:cocamidopropyl-betaine', 'en:sodium-chloride', 'en:sodium-benzoate', 'en:citric-acid', 'en:glycol-distearate', 'en:parfum', 'en:laureth-4', 'en:laureth', 'en:cocamide-mea', 'en:guar-hydroxypropyltrimonium-chloride', 'en:panthenol', 'en:potassium-sorbate', 'en:humulus-lupulus-extract', 'en:propylene-glycol', 'en:formic-acid', 'en:lactic-acid']","Aqua, Sodium Laureth Sulfate, Cocamidopropyl Betaine, Sodium Chloride, Sodium Benzoate, Citric Acid, Glycol Distearate, Parfum, Laureth-4, Cocamide MEA, Guar Hydroxypropyltrimonium Chloride, Panthenol, Potassium Sorbate, Humulus Lupulus Extract, Propylene Glycol, Formic Acid, Lactic Acid.","Vegan, Made in Germany, Without microplastics, Without silicon","['en:vegetarian', 'en:vegan', 'en:made-in-germany', 'en:without-microplastics', 'en:without-silicon']",1771055535,,Germany,['en:germany'],,,"[{'material': 'en:hdpe-2-high-density-polyethylene', 'number_of_units': 1, 'shape': 'en:bottle'}, {'material': 'en:pp-5-polypropylene', 'number_of_units': 1, 'shape': 'en:lid'}]",Shampoo for men für normales Haar,Lidl,beauty,shampoo,,
Cien,,,4056489688082,Germany,['en:germany'],1710958289,unknown,,https://images.openbeautyfacts.org/images/products/405/648/968/8082/front_en.7.400.jpg,,,,,1754729476,,,,,,[],Anti schuppen Shampoo,,beauty,shampoo,,
Seba med,"Incorrect product type, non-food-products, open-beauty-facts","['en:incorrect-product-type', 'en:non-food-products', 'en:open-beauty-facts']",4103040048943,Germany,['en:germany'],1722949658,unknown,,,,,,,1737040839,,,,,,[],shampoo,,beauty,shampoo,,
Balea,"Incorrect product type, non-food-products, open-beauty-facts","['en:incorrect-product-type', 'en:non-food-products', 'en:open-beauty-facts']",4066447704761,Germany,['en:germany'],1730213225,unknown,,,,,,,1737042055,,,,,,[],Balea feste Seife,,beauty,seife,,
Lacura,"Soaps, non-food-products, open-beauty-facts","['en:hygiene', 'en:soaps', 'en:non-food-products', 'en:open-beauty-facts']",4061464932647,Germany,['en:germany'],1731079307,unknown,,https://images.openbeautyfacts.org/images/products/406/146/493/2647/front_de.9.400.jpg,,,"No colorings, Without microplastics","['en:no-colorings', 'en:without-microplastics']",1776565770,,,[],,,[],Pflegende Seife - 3 % Urea,"Aldi Nord, Aldi Süd",beauty,seife,,
CD,"non-food-products, open-beauty-facts","['en:non-food-products', 'en:open-beauty-facts']",5000468000074,"Germany, Luxembourg","['en:germany', 'en:luxembourg']",1519802598,unknown,,https://images.openbeautyfacts.org/images/products/500/046/800/0074/front_fr.10.400.jpg,,,Vegan,"['en:vegetarian', 'en:vegan']",1705952499,,,[],,,[],Milde Seife - Aloe Vera,,beauty,seife,,['unknown']
Kiona  Aldi,"Incorrect product type, de:Flüssigseife, non-food-products, open-beauty-facts","['en:incorrect-product-type', 'de:Flüssigseife', 'en:non-food-products', 'en:open-beauty-facts']",29023462,Germany,['en:germany'],1662120297,unknown,Seife Flüssig,https://images.openbeautyfacts.org/images/products/000/002/902/3462/front_de.3.400.jpg,,,,[],1737042054,,,[],,[],[],Seife Flüssig,,beauty,seife,,
Speick Original,"Soaps, Incorrect product type, non-food-products, open-beauty-facts, seifen","['en:hygiene', 'en:soaps', 'en:incorrect-product-type', 'en:non-food-products', 'en:open-beauty-facts', 'en:seifen']",4009800001008,Germany,['en:germany'],1607321993,unknown,,https://images.openbeautyfacts.org/images/products/400/980/000/1008/front_de.11.400.jpg,"['de:ingredients', 'de:sodium-cocoate', 'en:water', 'en:e422', 'de:parfum', 'de:valeriana-celtica', 'de:extract', 'de:lavandula-angustifolia', 'de:oil', 'de:caprylic', 'de:capric-triglyceride', 'de:cera-alba', 'en:honey', 'en:added-sugar', 'de:potassium-laurate', 'de:sodium-gluconate', 'de:sodium-chloride', 'de:ci-15850', 'de:ci-75120', 'de:benzyl-salicylate', 'de:eugenol', 'de:limonene', 'de:linalool', 'de:sodium-tallowate', 'de:water', 'de:fragrance', 'de:speick', 'de:lavender', 'de:beeswax', 'de:honey', 'de:pigment-red-57', 'en:e160b', 'de:1']","Ingredients: Sodium Tallowate, Sodium Cocoate, Aqua (Water), Glycerin, Parfum (Fragrance), Valeriana Celtica (Speick) Extract, Lavandula Angustifolia (Lavender) Oil, Caprylic/Capric Triglyceride, Cera Alba (Beeswax), Mel (Honey), Potassium Laurate, Sodium Gluconate, Sodium Chloride, CI 15850 (Pigment Red 57:1), CI 75120 (Annatto), Benzyl Salicylate, Eugenol, Limonene, Linalool",,[],1774451222,,,[],pap,['pap'],[],Seife,,beauty,seife,,
Sagrotan,"Incorrect product type, non-food-products, open-beauty-facts","['en:incorrect-product-type', 'en:non-food-products', 'en:open-beauty-facts']",4002448100065,"France, Germany","['en:france', 'en:germany']",1587809595,unknown,,https://images.openbeautyfacts.org/images/products/400/244/810/0065/front_de.3.400.jpg,,,,[],1739291864,,,[],,,[],Hygiene Seife Hydra Care - Kamille Duft,,beauty,seife,,
Frosch,,,4001499957482,Germany,['en:germany'],1710269530,unknown,,https://images.openbeautyfacts.org/images/products/400/149/995/7482/front_en.3.400.jpg,"['de:ingredients-aqua', 'en:sodium-laureth-sulfate', 'en:sodium-chloride', 'en:glycerin', 'en:cocamidopropyl-betaine', 'de:coco-glucoside', 'en:glyceryl-oleate', 'en:dipropylene-glycol', 'de:prunus-persica-flower-extract', 'en:citric-acid', 'en:lactic-acid', 'en:sodium-benzoate', 'en:fragrance', 'en:ci-45100', 'en:ci-47005', 'en:colorants', 'de:frei-von-mikroplastik-frei-von-edta-frei-von-parabenen', 'de:frei-von-tierischen-inhaltsstoffen-hergestellt-in-einem-emas-zertifizierten-unternehmen']","INGREDIENTS * Aqua, Sodium Laureth Sulfate, Sodium Chloride, Glycerin, Cocamidopropyl Betaine, Coco-Glucoside, Glyceryl Oleate, Dipropylene Glycol, Prunus Persica Flower Extract, Citric Acid, Lactic Acid, Sodium Benzoate, Parfum, CI 45100, CI 47005. frei von Mikroplastik frei von EDTA frei von Parabenen vegan: frei von tierischen Inhaltsstoffen hergestellt in einem EMAS-zertifizierten Unternehmen",,,1761075194,,,,,,"[{'material': 'en:ldpe-4-low-density-polyethylene', 'number_of_units': 1, 'quantity_per_unit': '500ml', 'quantity_per_unit_unit': 'ml', 'quantity_per_unit_value': 500, 'recycling': 'de:4 LDPE', 'shape': 'en:bag', 'weight_measured': 26}]",Pfirsichblüte Sensitiv Seife,,beauty,seife,,
,"Incorrect product type, non-food-products, open-beauty-facts","['en:incorrect-product-type', 'en:non-food-products', 'en:open-beauty-facts']",4066447477177,Germany,['en:germany'],1704196559,unknown,,https://images.openbeautyfacts.org/images/products/406/644/747/7177/front_de.3.400.jpg,,,,,1737042055,,,,,,[],Seife Balea,,beauty,seife,,
Alverde,"Incorrect product type, non-food-products, open-beauty-facts","['en:incorrect-product-type', 'en:non-food-products', 'en:open-beauty-facts']",4066447806922,Germany,['en:germany'],1734777715,unknown,,https://images.openbeautyfacts.org/images/products/406/644/780/6922/front_de.3.400.jpg,,,The Vegan Society,"['en:vegetarian', 'en:vegan', 'en:the-vegan-society']",1737042055,,,,,,[],Mandelblüte Seife,,beauty,seife,,
ISANA,"Incorrect product type, non-food-products, open-beauty-facts","['en:incorrect-product-type', 'en:non-food-products', 'en:open-beauty-facts']",4305615617480,Germany,['en:germany'],1664830505,unknown,,,,,,,1737042054,,,,,,[],IMilde Seife (Meeresluft),,beauty,seife,,
Kappus,"Incorrect product type, de:Körperpflege, de:Seife, fats, non-food-products, open-beauty-facts, plant-based-foods, plant-based-foods-and-beverages, vegetable-fats, vegetable-oils","['en:incorrect-product-type', 'de:Körperpflege', 'de:Seife', 'en:fats', 'en:non-food-products', 'en:open-beauty-facts', 'en:plant-based-foods', 'en:plant-based-foods-and-beverages', 'en:vegetable-fats', 'en:vegetable-oils']",4003143014251,Germany,['en:germany'],1613295739,unknown,,https://images.openbeautyfacts.org/images/products/400/314/301/4251/front_de.4.400.jpg,"['de:ingredients', 'de:sodium-cocoate-parfum-hydrogenated-coconut-acid', 'de:limonene-linalool-phytic-acid', 'de:sodium-chloride-ci-77268', 'de:sodium-palmate', 'de:aqua-glycerin', 'de:1']",INGREDIENTS: Sodium Palmate · Aqua Glycerin - Sodium Cocoate· Parfum Hydrogenated Coconut Acid - Limonene· Linalool Phytic Acid - Sodium Chloride· CI 77268:1,"Made in Germany, PEFC","['en:made-in-germany', 'en:pefc']",1737042058,,,,Papier,['en:paper'],"[{'food_contact': 1, 'material': 'en:paper'}]",Naturseife (Aktivkohle),,beauty,seife,,
alverde,"Incorrect product type, de:Seife, non-food-products, open-beauty-facts","['en:incorrect-product-type', 'de:Seife', 'en:non-food-products', 'en:open-beauty-facts']",4066447105094,Germany,['en:germany'],1717258244,unknown,,https://images.openbeautyfacts.org/images/products/406/644/710/5094/front_de.3.400.jpg,,,Made in Germany,['en:made-in-germany'],1737042055,,,,,,[],Flüssigseife,,beauty,seife,,
,"Incorrect product type, non-food-products, open-beauty-facts","['en:incorrect-product-type', 'en:non-food-products', 'en:open-beauty-facts']",27277799,Germany,['en:germany'],1657471770,unknown,,,,,,,1737042054,,,,,,[],Seife,,beauty,seife,,
Frosch,"Incorrect product type, non-food-products, open-beauty-facts","['en:incorrect-product-type', 'en:non-food-products', 'en:open-beauty-facts']",4001499115998,"France, Germany","['en:france', 'en:germany']",1582971687,unknown,,https://images.openbeautyfacts.org/images/products/400/149/911/5998/front_de.3.400.jpg,,,"Vegan, mikroplastikfrei","['en:vegetarian', 'en:vegan', 'en:mikroplastikfrei']",1742152989,,,[],"Kunststoff, Polyethylen niedriger Dichte","['en:plastic', 'en:ldpe-low-density-polyethylene']","[{'food_contact': 1, 'material': 'en:ldpe-4-low-density-polyethylene'}]",Flüssigseife „Sensitiv Seife“,,beauty,seife,,
Balea Men,"Incorrect product type, de:Seife, non-food-products, open-beauty-facts","['en:incorrect-product-type', 'de:Seife', 'en:non-food-products', 'en:open-beauty-facts']",4058172633393,Germany,['en:germany'],1624431699,unknown,,https://images.openbeautyfacts.org/images/products/405/817/263/3393/front_de.7.400.jpg,"['de:cocos-nucifera-seed-oil', 'en:water', 'de:olea-europaea-fruit-oil', 'de:sodium-hydroxide', 'de:potassium-hydroxide', 'de:parfum', 'de:nigella-sativa-seed-oil', 'de:persea-gratissima-oil', 'de:argania-spinosa-kernel-oil', 'de:prunus-amygdalus-dulcis-oil', 'de:hexyl-cinnamal', 'de:limonene', 'de:linaool', 'de:ci-77007']","COCOS NUCIFERA SEED OIL,AQUA,OLEA EUROPAEA FRUIT OIL,SODIUM HYDROXIDE,POTASSIUM HYDROXIDE,PARFUM,NIGELLA SATIVA SEED OIL,PERSEA GRATISSIMA OIL,ARGANIA SPINOSA KERNEL OIL,PRUNUS AMYGDALUS DULCIS OIL,HEXYL CINNAMAL,LIMONENE,LINAOOL,CI 77007",,,1737042058,Österreich,,,Papier,['en:paper'],"[{'food_contact': 1, 'material': 'en:paper'}]",Fresh Feste Duschseife,Dm-drogerie markt,beauty,seife,,
,"Incorrect product type, non-food-products, open-beauty-facts","['en:incorrect-product-type', 'en:non-food-products', 'en:open-beauty-facts']",5000186363017,"France, Germany","['en:france', 'en:germany']",1544013909,unknown,,,,,,,1737042054,,,,,,[],seife,,beauty,seife,,
Lornamead GmbH,"Incorrect product type, avocados, fruits, fruits-and-vegetables-based-foods, fruits-based-foods, non-food-products, open-beauty-facts, plant-based-foods, plant-based-foods-and-beverages, tropical-fruits","['en:incorrect-product-type', 'en:avocados', 'en:fruits', 'en:fruits-and-vegetables-based-foods', 'en:fruits-based-foods', 'en:non-food-products', 'en:open-beauty-facts', 'en:plant-based-foods', 'en:plant-based-foods-and-beverages', 'en:tropical-fruits']",4045612009412,Germany,['en:germany'],1673960931,c,,https://images.openbeautyfacts.org/images/products/404/561/200/9412/front_de.3.400.jpg,,,Vegan,"['en:vegetarian', 'en:vegan']",1750427926,,,,,,[],CD Milde Seife Avocado,,beauty,seife,52.0,
,"Incorrect product type, non-food-products, open-beauty-facts","['en:incorrect-product-type', 'en:non-food-products', 'en:open-beauty-facts']",8719238032685,Germany,['en:germany'],1719480099,unknown,,,,,,,1737042054,,,,,,[],Seife,,beauty,seife,,
Cien,"Incorrect product type, non-food-products, open-beauty-facts","['en:incorrect-product-type', 'en:non-food-products', 'en:open-beauty-facts']",4056489762027,Germany,['en:germany'],1732032712,unknown,,https://images.openbeautyfacts.org/images/products/405/648/976/2027/front_ro.9.400.jpg,,,,,1759180166,,,,,,[],Seife Soap Province Honey,,beauty,seife,,
Jean &,"Incorrect product type, non-food-products, open-beauty-facts","['en:incorrect-product-type', 'en:non-food-products', 'en:open-beauty-facts']",4260702180813,Germany,['en:germany'],1657140650,unknown,,,,,,,1737042054,,,,,,[],Seife,,beauty,seife,,
Alverde,"Incorrect product type, non-food-products, open-beauty-facts","['en:incorrect-product-type', 'en:non-food-products', 'en:open-beauty-facts']",4010355218551,"France, Germany","['en:france', 'en:germany']",1585165292,unknown,,https://images.openbeautyfacts.org/images/products/401/035/521/8551/front_de.4.400.jpg,,,,,1737042054,,,,Stück,['de:stück'],[],Seife,,beauty,seife,,
,"Incorrect product type, non-food-products, open-beauty-facts","['en:incorrect-product-type', 'en:non-food-products', 'en:open-beauty-facts']",4058172778612,Germany,['en:germany'],1638599635,unknown,,,,,,,1737042054,,,,,,[],Seife,,beauty,seife,,
Belea DM,"Incorrect product type, de:Cremseife, de:Seife, non-food-products, open-beauty-facts","['en:incorrect-product-type', 'de:Cremseife', 'de:Seife', 'en:non-food-products', 'en:open-beauty-facts']",4066447377064,"Austria, Germany","['en:austria', 'en:germany']",1695827731,unknown,,https://images.openbeautyfacts.org/images/products/406/644/737/7064/front_de.8.400.jpg,"['de:hautvertraglichkeit-dermatologisch-bestätigt', 'de:ph-hautneutral', 'de:für-empfindliche-haut-geeignet', 'de:ingredients', 'de:nemačka', 'de:uvezeno', 'de:uvoznik-za-rs', 'de:đumbir-i-limun', 'de:dodatno-punjenje', 'de:zemlja-podrijet-markt', 'de:am-dm-platz-1', 'de:76227-karlsruhe', 'de:njemačka', 'de:uvoznik-za-bih', 'de:fax', 'de:033-778-400', 'de:info-dm-drogeriemarkt-ba', 'de:tekuté-mydl-ie-ne-ricarica', 'de:per-smaltimento-imballo-var', 'de:aqua-sodium-laureth-sulfate-sodium-chloride-cocamidopropyl-betaine-glycerin-hydroxide-sodium-benzoate-citric-acid-parfum-glycol-distearate-coco-glucoside-guicer-sodium-lactate-tetrasodium-glutamate-diacetate-laureth-4-potassium-sorbate-lactic-acid-tocop-hydrogenated-vegetable-glycerides-citrate-lecithin-ascorbyl-palmitate-limonene-folyékony-szappan-gyömbér-és-citrom-illattal', 'de:tekuté-mýdlo-zázvor-und-citron-náhradní-náplň', 'de:kremasti-tečnila-dopuna', 'de:pogodno-za-osetljivu-kožu', 'de:zemlja-porekla', 'de:dm-drogerie-m-11000-beograd', 'de:hr-bih-kremasti-tekući-sapun', 'de:dm-drogerie-marit-d-586']","HAUTVERTRAGLICHKEIT Dermatologisch bestätigt, pH-hautneutral. Für empfindliche Haut geeignet. . . INGREDIENTS: AQUA SODIUM LAURETH SULFATE SODIUM CHLORIDE COCAMIDOPROPYL BETAINE GLYCERIN HYDROXIDE SODIUM BENZOATE CITRIC ACID PARFUM GLYCOL DISTEARATE COCO-GLUCOSIDE GUICER SODIUM LACTATE TETRASODIUM GLUTAMATE DIACETATE LAURETH-4 POTASSIUM SORBATE LACTIC ACID TOCOP HYDROGENATED VEGETABLE GLYCERIDES CITRATE LECITHIN ASCORBYL PALMITATE LIMONENE Folyékony szappan gyömbér és citrom illattal. @ Tekuté mýdlo zázvor & citron náhradní náplň. Kremasti tečnila dopuna. Pogodno za osetljivu kožu. Zemlja porekla: Nemačka; Uvezeno iz: EU; Uvoznik za RS: dm drogerie m 11000 Beograd. HR BIH Kremasti tekući sapun - đumbir i limun, dodatno punjenje. Zemlja podrijet markt, Am dm-Platz 1, 76227 Karlsruhe, Njemačka; Uvoznik za BiH: dm drogerie marit d 586, Fax. 033 778 400, info@dm-drogeriemarkt.ba. Tekuté mydl ie ne ricarica. Per smaltimento imballo var","Made in Germany, The Vegan Society","['en:vegetarian', 'en:vegan', 'en:made-in-germany', 'en:the-vegan-society']",1737042058,,,,,,[],Ginger & Lemon Cremseife,DM,beauty,seife,,
Rituals,"Incorrect product type, non-food-products, open-beauty-facts","['en:incorrect-product-type', 'en:non-food-products', 'en:open-beauty-facts']",8719134153880,Germany,['en:germany'],1728333006,unknown,,,,,,,1737042054,,,,,,[],Ritual Of Karma Seife,,beauty,seife,,
Palmolive,"Incorrect product type, non-food-products, open-beauty-facts","['en:incorrect-product-type', 'en:non-food-products', 'en:open-beauty-facts']",8714789700472,Germany,['en:germany'],1650728966,unknown,,https://images.openbeautyfacts.org/images/products/871/478/970/0472/front_de.6.400.jpg,,,,[],1737042008,,,[],,,[],Seife,,beauty,seife,,
,,[],4001499197475,"Germany, Ireland","['en:germany', 'en:ireland']",1649246807,unknown,,,,,,[],1705952429,,,[],,,[],Frosch Aloe Vera Creme Seife Refill,,beauty,seife,,
Bevola,"Incorrect product type, non-food-products, open-beauty-facts","['en:incorrect-product-type', 'en:non-food-products', 'en:open-beauty-facts']",4337185451195,Germany,['en:germany'],1647258017,unknown,,,,,,,1737042054,,,,,,[],Seife,,beauty,seife,,
Speick,"Incorrect product type, non-food-products, open-beauty-facts","['en:incorrect-product-type', 'en:non-food-products', 'en:open-beauty-facts']",4009800006164,Germany,['en:germany'],1673112508,unknown,,https://images.openbeautyfacts.org/images/products/400/980/000/6164/front_de.10.400.jpg,"['de:ingredients', 'en:sodium-cocoate', 'en:water', 'en:sodium-coco-sulfate', 'en:sodium-olivate', 'en:glycerin', 'en:fragrance', 'de:argania-spinosa', 'de:kernel-oil', 'de:hydrolyzed-wheat-protein', 'en:guar-hydroxypropyltrimonium-chloride', 'en:sodium-gluconate', 'en:sodium-chloride', 'en:sodium-thiosulfate', 'en:ci-75120', 'en:citronellol', 'en:allergenic-fragrances', 'en:geraniol', 'en:limonene', 'en:linalool', 'en:sodium-palmate', 'de:argan', 'de:annatto']","Ingredients: Sodium Palmate, Sodium Cocoate, Aqua (Water), Sodium Coco - Sulfate, Sodium Olivate, Glycerin, Parfum (Fragrance), Argania Spinosa (Argan) Kernel Oil, Hydrolyzed Wheat Protein, Guar Hydroxypropyltrimonium Chloride, Sodium Gluconate, Sodium Chloride, Sodium Thiosulfate, CI 75120 (Annatto), Citronellol, Geraniol, Limonene, Linalool",,,1742687594,,,,,,[],Haar Seife Speick,,beauty,seife,,
CD,"Incorrect product type, non-food-products, open-beauty-facts","['en:incorrect-product-type', 'en:non-food-products', 'en:open-beauty-facts']",5000468000067,Germany,['en:germany'],1680535486,unknown,,https://images.openbeautyfacts.org/images/products/500/046/800/0067/front_de.3.400.jpg,,,,,1737042054,,,,,,[],Milde Seife - Avocado,,beauty,seife,,
babylove,"Soaps, Incorrect product type, non-food-products, open-beauty-facts","['en:hygiene', 'en:soaps', 'en:incorrect-product-type', 'en:non-food-products', 'en:open-beauty-facts']",4058172455933,Germany,['en:germany'],1587122894,unknown,,https://images.openbeautyfacts.org/images/products/405/817/245/5933/front_en.6.400.jpg,"['en:sodium-palmate', 'en:sodium-palm-kernelate', 'en:water', 'en:glycerin', 'de:palm-kernel-acid', 'de:simmondsia-chinensis-seed-oil', 'de:cocos-nucifera-oil', 'en:sodium-chloride', 'en:tetrasodium-etidronate', 'en:chamomilla-recutita-flower-extract', 'en:natural-extracts', 'en:flower-extracts']","SODIUM PALMATE, SODIUM PALM KERNELATE, AQUA, GLYCERIN, PALM KERNEL ACID, SIMMONDSIA CHINENSIS SEED OIL, COCOS NUCIFERA OIL, SODIUM CHLORIDE, TETRASODIUM ETIDRONATE, CHAMOMILLA RECUTITA FLOWER EXTRACT","Vegan, de:Parfümfrei","['en:vegetarian', 'en:vegan', 'de:Parfümfrei']",1741435245,Polen,,[],Papier,['papier'],[],Milde Seife,dm,beauty,seife,,
sodasan,"Incorrect product type, non-food-products, open-beauty-facts","['en:incorrect-product-type', 'en:non-food-products', 'en:open-beauty-facts']",4019886190060,Germany,['en:germany'],1696346085,unknown,,,,,,,1737042054,,,,,,[],Seife,,beauty,seife,,
,"Incorrect product type, non-food-products, open-beauty-facts","['en:incorrect-product-type', 'en:non-food-products', 'en:open-beauty-facts']",8720181050787,Germany,['en:germany'],1636822369,unknown,,,,,,,1737042054,,,,,,[],Seife Antibakteriell,,beauty,seife,,
Foamie,"Incorrect product type, de:Feste Duschseife, de:Seife, non-food-products, open-beauty-facts","['en:incorrect-product-type', 'de:Feste Duschseife', 'de:Seife', 'en:non-food-products', 'en:open-beauty-facts']",4063528017796,Germany,['en:germany'],1650442665,unknown,,https://images.openbeautyfacts.org/images/products/406/352/801/7796/front_de.4.400.jpg,"['de:sodium-cocdyl-isethionate', 'de:hydrogenated-vegetable-oil', 'en:water', 'de:polyglyceryc4-laurate-glycerin', 'de:parfum', 'de:theobroma-cacao', 'de:seed-butter', 'de:limonene', 'de:cocos-nucifera', 'de:oil', 'de:citrus-limon', 'de:peel-oal-coumarin', 'de:tetrasodium-glutamate-diacetate', 'de:mentha-aquatica', 'de:leaf-extract-hexyl-cinnamal-alpha-isomethyl-1onone', 'de:linalool', 'de:benzyl-salicylate', 'de:sodium-benzoate', 'de:citric-acid-cl-77007', 'de:ci-42090', 'de:water', 'de:fragrance', 'de:guar-hydroxypropyltrimonium-chloride', 'de:cocoa', 'de:coconut', 'de:lemon', 'de:watermint', 'de:ultramarines', 'de:blue-1']","SODIUM COCDYL ISETHIONATE, HYDROGENATED VEGETABLE OIL, AQUA (WATER). POLYGLYCERYC4 LAURATE GLYCERIN, PARFUM (FRAGRANCE): GUAR HYDROXYPROPYLTRIMONIUM CHLORIDE, THEOBROMA CACAO (COCOA) SEED BUTTER, LIMONENE; COCOS NUCIFERA (COCONUT) OIL, CITRUS LIMON (LEMON) PEEL OAL COUMARIN, TETRASODIUM GLUTAMATE DIACETATE, MENTHA AQUATICA (WATERMINT) LEAF EXTRACT HEXYL CINNAMAL ALPHA-ISOMETHYL 1ONONE, LINALOOL, BENZYL SALICYLATE, SODIUM BENZOATE, CITRIC ACID Cl 77007 (ULTRAMARINES), CI 42090 (BLUE 1)",Vegan,"['en:vegetarian', 'en:vegan']",1735994580,Vereinigtes Königreich,United Kingdom,['en:united-kingdom'],Papier,['en:paper'],"[{'food_contact': 1, 'material': 'en:paper'}]",Men - Wasserminze und Zitrone,,beauty,seife,,
sebamed,"Incorrect product type, non-food-products, open-beauty-facts","['en:incorrect-product-type', 'en:non-food-products', 'en:open-beauty-facts']",4103040048264,Germany,['en:germany'],1727971209,unknown,,,,,,,1737042054,,,,,,[],flüssig seife,,beauty,seife,,
aliviana,"Incorrect product type, non-food-products, open-beauty-facts","['en:incorrect-product-type', 'en:non-food-products', 'en:open-beauty-facts']",42267201,Germany,['en:germany'],1664023404,unknown,,,,,,,1737042054,,,,,,[],feste Seife,,beauty,seife,,
,"Incorrect product type, non-food-products, open-beauty-facts","['en:incorrect-product-type', 'en:non-food-products', 'en:open-beauty-facts']",0018787810323,Germany,['en:germany'],1678098160,unknown,,,,,,,1737042054,,,,,,[],Seife Bronner's,,beauty,seife,,
Balea,"Incorrect product type, non-food-products, open-beauty-facts","['en:incorrect-product-type', 'en:non-food-products', 'en:open-beauty-facts']",4066447671827,Germany,['en:germany'],1718639688,unknown,,https://images.openbeautyfacts.org/images/products/406/644/767/1827/front_de.4.400.jpg,,,The Vegan Society,"['en:vegetarian', 'en:vegan', 'en:the-vegan-society']",1737042054,,,,,,[],Seife Summer Vibes,,beauty,seife,,
Elkos,"Incorrect product type, non-food-products, open-beauty-facts","['en:incorrect-product-type', 'en:non-food-products', 'en:open-beauty-facts']",4311501677537,Germany,['en:germany'],1642996785,unknown,,,,,,,1737042054,,,,,,[],Honig Seife,,beauty,seife,,
,"Incorrect product type, non-food-products, open-beauty-facts","['en:incorrect-product-type', 'en:non-food-products', 'en:open-beauty-facts']",4017645021600,Germany,['en:germany'],1650728293,unknown,,,,,,,1737042054,,,,,,[],Spülung seife,,beauty,seife,,
,"Incorrect product type, non-food-products, open-beauty-facts","['en:incorrect-product-type', 'en:non-food-products', 'en:open-beauty-facts']",21825361,Germany,['en:germany'],1705512549,unknown,,,,,,,1737042055,,,,,,[],Arzt Seife,,beauty,seife,,
,"Incorrect product type, non-food-products, open-beauty-facts","['en:incorrect-product-type', 'en:non-food-products', 'en:open-beauty-facts']",4056489506683,Germany,['en:germany'],1690915379,unknown,,,,,,,1737042054,,,,,,[],Nachfüller Seife,,beauty,seife,,
Balea,"Soaps, Incorrect product type, non-food-products, open-beauty-facts","['en:hygiene', 'en:soaps', 'en:incorrect-product-type', 'en:non-food-products', 'en:open-beauty-facts']",4010355125767,Germany,['en:germany'],1514037845,unknown,,https://images.openbeautyfacts.org/images/products/401/035/512/5767/front_de.6.400.jpg,"['en:water', 'de:sodium-laureth-sulfate', 'de:sodium-chloride', 'de:cocamidopropyl-betaine', 'de:aloe-barbadensis-leaf-juice', 'en:e422', 'de:sodium-benzoate', 'de:coco-glucoside', 'de:glyceryl-oleate', 'de:sodium-lactate', 'de:parfum', 'de:potassium-sorbate', 'de:styrene', 'de:acrylates-copolymer', 'de:tetra-sodium-glutamete-diacetate', 'de:citric-acid', 'de:benzoic-acid', 'de:sodium-hydroxide', 'de:lactic-acid', 'de:tocopherol', 'de:methyl-benzoate', 'de:hydrogenated-palm-glycerides-citrate', 'en:e322i', 'en:e322', 'de:ascorbyl-palmitate']","Aqua, Sodium Laureth Sulfate, Sodium Chloride, Cocamidopropyl Betaine, Aloe Barbadensis Leaf Juice, Glycerin, Sodium Benzoate, Coco-Glucoside, Glyceryl Oleate, Sodium Lactate, Parfum, Potassium Sorbate, Styrene/Acrylates Copolymer, Tetra.Sodium Glutamete Diacetate, Citric Acid, Benzoic Acid, Sodium Hydroxide, Lactic Acid, Tocopherol, Methyl Benzoate, Hydrogenated Palm Glycerides Citrate, Lecithin, Ascorbyl Palmitate.",,[],1560195605,,,[],5 PP,['5-pp'],[],Creme Seife Sensitive,dm,beauty,seife,,
Ombia,"Incorrect product type, beverages, beverages-and-beverages-preparations, non-food-products, open-beauty-facts","['en:incorrect-product-type', 'en:beverages', 'en:beverages-and-beverages-preparations', 'en:non-food-products', 'en:open-beauty-facts']",4061458007450,"Germany, Ireland","['en:germany', 'en:ireland']",1583776833,unknown,,https://images.openbeautyfacts.org/images/products/406/145/800/7450/front_en.5.400.jpg,,,,,1737042054,,,,,,[],Seife Milch Honig,,beauty,seife,,
isana,"Soaps, Incorrect product type, non-food-products, open-beauty-facts","['en:hygiene', 'en:soaps', 'en:incorrect-product-type', 'en:non-food-products', 'en:open-beauty-facts']",4305615610344,Germany,['en:germany'],1578303866,unknown,,https://images.openbeautyfacts.org/images/products/430/561/561/0344/front_de.4.400.jpg,"['en:water', 'de:sodium-laureth-sulfate', 'en:e422', 'de:cocoamidopropyl-betaine', 'de:sodium-chloride', 'de:lactic-acid', 'de:sodium-benzoate', 'de:citrus-aurantium-dulcis-oil', 'de:peg-40-hydrogenated-castor-oil', 'de:coco-glucoside', 'de:glyceryl-oleate', 'de:sodium-lactate', 'de:parfum', 'de:benzophenone-4', 'de:linalool', 'de:hexyl-cinnamal', 'de:limonene', 'de:ci-15510']","Aqua, Sodium Laureth Sulfate, Glycerin, Cocoamidopropyl Betaine, Sodium Chloride, Lactic Acid, Sodium Benzoate, Citrus Aurantium Dulcis Oil, PEG-40 Hydrogenated Castor Oil, Coco-Glucoside, Glyceryl Oleate, Sodium Lactate, Parfum, Benzophenone-4, Linalool, Hexyl Cinnamal, Limonene, CI 15510",,[],1578304952,,,[],,[],[],Küchen Seife mit Orangen- und Thymian-Duft,,beauty,seife,,
"Aldi, Ombia","Incorrect product type, non-food-products, open-beauty-facts","['en:incorrect-product-type', 'en:non-food-products', 'en:open-beauty-facts']",4061458007467,"France, Germany","['en:france', 'en:germany']",1566084266,unknown,,https://images.openbeautyfacts.org/images/products/406/145/800/7467/front_de.3.400.jpg,,,,[],1737042054,,,[],Produkt,['de:produkt'],[],Seife Flüssig- Ombia Sanfte Pflege Aldi,Aldi,beauty,seife,,
,"Incorrect product type, non-food-products, open-beauty-facts","['en:incorrect-product-type', 'en:non-food-products', 'en:open-beauty-facts']",4061459319309,Germany,['en:germany'],1719062476,unknown,,,,,,,1737042054,,,,,,[],Cremeöl Seife,,beauty,seife,,
oecolife,"Incorrect product type, non-food-products, open-beauty-facts","['en:incorrect-product-type', 'en:non-food-products', 'en:open-beauty-facts']",4000883101463,Germany,['en:germany'],1683569792,unknown,,https://images.openbeautyfacts.org/images/products/400/088/310/1463/front_de.3.400.jpg,,,Made in Germany,['en:made-in-germany'],1737042055,,,,,,[],Seife Kokos Fest,,beauty,seife,,
,"Incorrect product type, non-food-products, open-beauty-facts","['en:incorrect-product-type', 'en:non-food-products', 'en:open-beauty-facts']",4305615688831,Germany,['en:germany'],1645892014,unknown,,,,,,,1737042054,,,,,,[],Seife,,beauty,seife,,
,"Incorrect product type, non-food-products, open-beauty-facts","['en:incorrect-product-type', 'en:non-food-products', 'en:open-beauty-facts']",4305615869605,Germany,['en:germany'],1676119501,unknown,,,,,,,1737042054,,,,,,[],Seife,,beauty,seife,,
joolea,"Incorrect product type, non-food-products, open-beauty-facts","['en:incorrect-product-type', 'en:non-food-products', 'en:open-beauty-facts']",4310224045333,Germany,['en:germany'],1676047724,unknown,,,,,,,1737042054,,,,,,[],Seife,,beauty,seife,,
,"Incorrect product type, non-food-products, open-beauty-facts","['en:incorrect-product-type', 'en:non-food-products', 'en:open-beauty-facts']",4066447277340,Germany,['en:germany'],1691845384,unknown,,,,,,,1737042055,,,,,,[],seife,,beauty,seife,,
Davon Du Midi,de:Seife,['de:Seife'],4260123740788,Germany,['en:germany'],1746957863,,,https://images.openbeautyfacts.org/images/products/426/012/374/0788/front_de.3.400.jpg,"['de:savon-au-karité-karitéseife-soap-with-sheabutter-ingredients', 'en:sodium-palm-kernelate', 'en:water', 'en:glycerin', 'de:lavandula-hybrida', 'de:oil', 'de:olea-europaea', 'de:fruit-oil', 'de:lavandula-angustifolia', 'en:sodium-chloride', 'en:tetrasodium-glutamate-diacetate', 'en:citric-acid', 'de:butyrospermum-parkii', 'en:butter', 'de:cl-77288', 'en:ci-77492', 'en:colorants', 'de:helianthus-annuus', 'en:seed-oils', 'en:vegetal-oils', 'en:ci-77491', 'en:ci-77499', 'de:rosmarinus-officinalis', 'en:leaf-extracts', 'en:natural-extracts', 'en:alumina', 'en:magnesium-oxide', 'en:linalool', 'en:allergenic-fragrances', 'en:limonene', 'en:geraniol', 'de:made-using-organic-ingredients-from-natural-essential-oils-from-or', 'de:ganic-agriculture-99-97-natural', 'de:avoid-contact-with-eyes', 'de:nur-für-äußerliche-anwendung', 'de:außer-reichweite-von-kindern-aufbewahren', 'de:for-external-use-only', 'de:keep-out-of-the-reach-of-children', 'de:inci', 'en:sodium-palmate', 'de:lavandin', 'de:olive', 'de:lavender', 'de:shea', 'en:chromium-oxide-greens', 'de:iron-oxides', 'de:sunflower', 'de:rosemary']","Savon au Karité Karitéseife Soap with Sheabutter Ingredients (INCI): Sodium Palmate*, Sodium Palm Kernelate*, Aqua (Water), Glycerin*, Lavandula Hybrida (Lavandin) Oil***, Olea Europaea (Olive) Fruit Oil***, Lavandula Angustifolia (Lavender) Oil, Sodium Chloride, Tetrasodium Glutamate Diacetate, Citric Acid, Butyrospermum Parkii (Shea) Butter***, Cl 77288 (Chromium Oxide Greens), CI 77492 (Iron Oxides), Helianthus Annuus (Sunflower) Seed Oil***, CI 77491 (Iron Oxides), CI 77499 (Iron Oxides), Rosmarinus Officinalis (Rosemary) Leaf Extract***, Alumina, Magnesium Oxide, Linalool**, Limonene**, Geraniol**. *made using organic ingredients | **from natural essential oils | ***from or - ganic agriculture | 99,97% natural origin of total | 79% organic of total | 99% organic of total without water and minerals | Kontakt mit Augen vermeiden. Avoid contact with eyes. Nur für äußerliche Anwendung. Außer Reichweite von Kindern aufbewahren. For external use only. Keep out of the reach of children.",,,1746958669,,,,,,[],Provence,,beauty,seife,,
,"Incorrect product type, non-food-products, open-beauty-facts","['en:incorrect-product-type', 'en:non-food-products', 'en:open-beauty-facts']",4066447377200,Germany,['en:germany'],1708173420,unknown,,,,,,,1737042055,,,,,,[],Seife,,beauty,seife,,
Today,Seife,['en:Seife'],26405834,Germany,['en:germany'],1767030150,,,https://images.openbeautyfacts.org/images/products/000/002/640/5834/front_de.7.400.jpg,,,,,1770215331,,,,,,[],Flüssigseife Aqua Nachfüllpack,Penny,beauty,seife,,
,"Incorrect product type, non-food-products, open-beauty-facts","['en:incorrect-product-type', 'en:non-food-products', 'en:open-beauty-facts']",7630028629377,Germany,['en:germany'],1729079572,unknown,,,,,,,1737042054,,,,,,[],Seife,,beauty,seife,,
Maja,"Incorrect product type, non-food-products, open-beauty-facts","['en:incorrect-product-type', 'en:non-food-products', 'en:open-beauty-facts']",8410190890251,Germany,['en:germany'],1646564346,unknown,,,,,,,1737042054,,,,,,[],Seife,,beauty,seife,,
,"Incorrect product type, non-food-products, open-beauty-facts","['en:incorrect-product-type', 'en:non-food-products', 'en:open-beauty-facts']",2200281553556,Germany,['en:germany'],1686996799,unknown,,https://images.openbeautyfacts.org/images/products/220/028/155/3556/front_de.4.400.jpg,,,,,1737042055,,,,,,[],Seife,,beauty,seife,,
Isana,"Incorrect product type, non-food-products, open-beauty-facts","['en:incorrect-product-type', 'en:non-food-products', 'en:open-beauty-facts']",4068134052476,Germany,['en:germany'],1730559575,unknown,,https://images.openbeautyfacts.org/images/products/406/813/405/2476/front_de.6.400.jpg,,,,,1737042055,,,,,,[],Milde Seife Wichteltraum,,beauty,seife,,
Dr. Bronner‘s,"Incorrect product type, non-food-products, open-beauty-facts","['en:incorrect-product-type', 'en:non-food-products', 'en:open-beauty-facts']",0018787810385,Germany,['en:germany'],1707038802,unknown,,,,,,,1737040052,,,,,,[],Kosmetik – Teebaum Seife,,beauty,seife,,
,"Incorrect product type, non-food-products, open-beauty-facts","['en:incorrect-product-type', 'en:non-food-products', 'en:open-beauty-facts']",4061463573919,Germany,['en:germany'],1717053014,unknown,,,,,,,1737042055,,,,,,[],flüssig seife,,beauty,seife,,
sagrotan,"Incorrect product type, non-food-products, open-beauty-facts","['en:incorrect-product-type', 'en:non-food-products', 'en:open-beauty-facts']",4251758405395,Germany,['en:germany'],1685794901,unknown,,,,,,,1737042055,,,,,,[],sagrotan seife,,beauty,seife,,
Today,de:Seife,['de:Seife'],21449819,"Austria, Germany","['en:austria', 'en:germany']",1705497933,unknown,Handseife,https://images.openbeautyfacts.org/images/products/000/002/144/9819/front_de.3.400.jpg,"['en:water', 'de:sodium-laureth-sulfate', 'de:cocamidopropyl-betaine', 'en:e422', 'en:sodium-chloride', 'en:minerals', 'en:sodium', 'en:e270', 'de:peg-120-methyl-glucose-dioleate', 'de:sodium-salicylate', 'en:e330', 'de:parfum', 'de:linalool', 'de:phenoxyethanol', 'en:e211', 'en:e202', 'de:cl-16035']","Aqua, Sodium Laureth Sulfate, Cocamidopropyl Betaine, Glycerin, Sodium Chloride, Lactic Acid, PEG-120 Methyl Glucose Dioleate, Sodium Salicylate, Citric Acid, Parfum, Linalool, Phenoxyethanol, Sodium Benzoate, Potassium Sorbate, Cl 16035",,[],1720807333,,,[],,[],[],Flüssigseife hygienisch frisch,Billa,beauty,seife,,['unknown']
Isana | Rossmann,"Incorrect product type, non-food-products, open-beauty-facts","['en:incorrect-product-type', 'en:non-food-products', 'en:open-beauty-facts']",4305615776491,Germany,['en:germany'],1698079205,unknown,,https://images.openbeautyfacts.org/images/products/430/561/577/6491/front_de.3.400.jpg,,,,,1737042055,,,,,,[],Milde Seife - mit Grapefruit & Minzextrakt,,beauty,seife,,
Dettol,,[],4002448156970,Germany,['en:germany'],1700909016,unknown,,https://images.openbeautyfacts.org/images/products/400/244/815/6970/front_de.3.400.jpg,,,,[],1700910685,,,[],,,[],Seife,,beauty,seife,,['unknown']
,"Incorrect product type, non-food-products, open-beauty-facts","['en:incorrect-product-type', 'en:non-food-products', 'en:open-beauty-facts']",4820023360075,Germany,['en:germany'],1730400255,unknown,,https://images.openbeautyfacts.org/images/products/482/002/336/0075/front_de.3.400.jpg,,,,,1737042055,,,,,,[],Seife baby,,beauty,seife,,
share,Soaps,"['en:hygiene', 'en:soaps']",4260556671185,Germany,['en:germany'],1590731668,,,https://images.openbeautyfacts.org/images/products/426/055/667/1185/front_de.4.400.jpg,"['de:sodium-olivate', 'de:sodium-cocoate', 'de:sodium-stearate', 'en:water', 'de:parfum', 'en:e422', 'en:sodium-chloride', 'en:minerals', 'en:sodium', 'de:citrus-aurantium-dulcis-peel-oil', 'de:eucalyptus-globulus-leaf-oil', 'de:tetrasodium-glutamate-diacetate', 'de:limonene', 'de:linalool', 'de:c-i-77891', 'de:verseiftes-olivenöl', 'de:verseiftes-kokosöl', 'de:entsteht-bei-der-verseifung-von-olivenöl', 'en:orange-essential-oil', 'en:essential-oil', 'de:eukalyptusöl']","Sodium Olivate (verseiftes Olivenöl), Sodium Cocoate (verseiftes Kokosöl), Sodium Stearate (entsteht bei der Verseifung von Olivenöl), Aqua, Parfum, Glycerin, Sodium Chloride, Citrus Aurantium Dulcis Peel Oil (Orangenöl), Eucalyptus Globulus Leaf Oil (Eukalyptusöl), Tetrasodium Glutamate Diacetate, Limonene, Linalool, C.I.77891.","Vegan, No palm oil","['en:vegetarian', 'en:vegan', 'en:no-palm-oil']",1638994054,,,[],Papierschachtel,['papierschachtel'],[],Seife Vanille & Patschuli,,beauty,seife,,
Quandale dingel,"Incorrect product type, de:Mm lecker lecker Seife, non-food-products, open-beauty-facts","['en:incorrect-product-type', 'de:Mm lecker lecker Seife', 'en:non-food-products', 'en:open-beauty-facts']",8719134183924,Germany,['en:germany'],1747070932,unknown,,https://images.openbeautyfacts.org/images/products/871/913/418/3924/front_de.9.400.jpg,"['de:galaxy-s21-5g-al-hand-balm-handbalsamh-handbalm-baume-pour-les-mains-balsamo-de-manos-balsamo-mans', 'de:handbalm-kasvoide', 'de:banky-balzamas-balzam-na-ruce-balsam-de-sanca-hardbalsem-made-with-love-krem-do-rak-na-nuky-kazbalzsam-balzam-za-ne-acid-eased-on-150-made-in-europe-rituals-com-8-719134-183924']",Galaxy S21 5G AL Hand balm Handbalsamh Handbalm Baume pour les mains Balsamo de manos Balsamo mans - Handbalm Kasvoide - Banky balzamas Balzam na ruce Balsam de Sanca Hardbalsem Made with love Krem do rak na nuky Kazbalzsam Balzam za ne Acid Eased on 150 Made in Europe rituals.com 8 719134 183924,,,1769254527,,,,,,[],,,beauty,seife,,
la ligne,Soaps,"['en:hygiene', 'en:soaps']",4306188064190,Germany,['en:germany'],1597932846,,,,[],,,[],1603100563,,,[],,[],,Creme Seife Sensitiv,Real,beauty,seife,,
Urtekram,"Incorrect product type, non-food-products, open-beauty-facts","['en:incorrect-product-type', 'en:non-food-products', 'en:open-beauty-facts']",5701058006024,Germany,['en:germany'],1735843800,unknown,,https://images.openbeautyfacts.org/images/products/570/105/800/6024/front_de.3.400.jpg,,,,,1737042055,,,,,,[],Seife Lemongrass,,beauty,seife,,
,,[],4061458155021,"France, Germany","['en:france', 'en:germany']",1583487187,,,https://images.openbeautyfacts.org/images/products/406/145/815/5021/front_de.3.400.jpg,[],,,[],1583487756,,,[],stück,['stuck'],,Seife,,beauty,seife,,
Isana,"Incorrect product type, non-food-products, open-beauty-facts","['en:incorrect-product-type', 'en:non-food-products', 'en:open-beauty-facts']",4068134024060,Germany,['en:germany'],1730032068,unknown,,https://images.openbeautyfacts.org/images/products/406/813/402/4060/front_de.3.400.jpg,,,,,1742393034,,,,,,[],Milde Seife Tropical Dresm,,beauty,seife,,
Isana,Soaps,"['en:hygiene', 'en:soaps']",4305615688848,Germany,['en:germany'],1573900066,,,https://images.openbeautyfacts.org/images/products/430/561/568/8848/front_de.3.400.jpg,"['en:ingredient', 'de:sodium-laureth-sulfate', 'de:cocamidopropyl-betaine', 'de:sodium-chioride', 'de:coco-glucoside', 'de:glyceryl-oleate', 'de:chamomilla-recutita-flower-extract', 'en:e490', 'de:bisabolol', 'de:parfum', 'en:e307a', 'de:hydrogenated-vegetable-giycenides-citrate', 'en:e325', 'en:e330', 'en:e211', 'de:potassium-sorhate', 'en:water']","INGREDIENTS: Aqua, Sodium Laureth Sulfate, Cocamidopropyl Betaine, Sodium Chioride, Coco-Glucoside, Glyceryl Oleate, Chamomilla Recutita Flower Extract, Propylene Glycol, Bisabolol, Parfum, Tocopherol, Hydrogenated Vegetable Giycenides Citrate. Sodium Lactate, Citric Acid, Sodium Benzoate, Potassium Sorhate",,,1573900364,,,,,,,Osama Milde Seife Sensitiv,,beauty,seife,,
Sagrotan,,,0042400099970,Germany,['en:germany'],1769586269,,,https://images.openbeautyfacts.org/images/products/004/240/009/9970/front_de.3.400.jpg,,,,,1769586272,,,,,,[],Hygiene Seife,,beauty,seife,,
Rituals,"Incorrect product type, non-food-products, open-beauty-facts","['en:incorrect-product-type', 'en:non-food-products', 'en:open-beauty-facts']",8719134033144,Germany,['en:germany'],1735409904,unknown,,,,,,,1737042055,,,,,,[],Seife,,beauty,seife,,
Balea,Soaps,"['en:hygiene', 'en:soaps']",4010355420596,Germany,['en:germany'],1510234589,,,https://images.openbeautyfacts.org/images/products/401/035/542/0596/front_de.5.400.jpg,"['en:water', 'de:sodium-laureth-sulfate', 'en:sodium-chloride', 'en:minerals', 'en:sodium', 'de:cocamidopropyl-betaine', 'en:e422', 'de:citrus-limon-fruit-extract', 'de:zingiber-officinale-root-extract', 'en:e927b', 'de:parfum', 'en:e270', 'en:e202', 'en:e420', 'en:e490', 'en:e325', 'de:styrene', 'de:acrylates-copolymer', 'de:tetrasodium-glutamate-diacetate', 'en:e211', 'en:e330', 'de:coco-glucoside', 'de:glyceryl-oleate', 'de:hydrogenated-vegetable-glycerides-citrate', 'en:e307a', 'en:e304', 'en:e322', 'en:e210', 'en:e524', 'en:lime', 'en:fruit', 'en:citrus-fruit']","Aqua, Sodium Laureth Sulfate, Sodium Chloride, Cocamidopropyl Betaine, Glycerin, Citrus Limon Fruit Extract, Zingiber Officinale Root Extract, Urea, Parfum, Lactic Acid, Potassium Sorbate, Sorbitol, Propylene Glycol, Sodium Lactate, Styrene / Acrylates Copolymer, Tetrasodium Glutamate Diacetate, Sodium Benzoate, Citric Acid, Coco-Glucoside, Glyceryl Oleate, Hydrogenated Vegetable Glycerides Citrate, Tocopherol, Ascorbyl Palmitate, Lecithin, Benzoic Acid, Sodium Hydroxide, Limone.",,[],1560195212,,,[],,[],,Creme Seife Ginger & Lemon,dm,beauty,seife,,
,"Incorrect product type, non-food-products, open-beauty-facts","['en:incorrect-product-type', 'en:non-food-products', 'en:open-beauty-facts']",4316268631457,Germany,['en:germany'],1710502824,unknown,,,,,,,1737042055,,,,,,[],seife,,beauty,seife,,
Balea,Liquid soaps,"['en:hygiene', 'en:soaps', 'en:liquid-soaps']",4066447705041,"Austria, Germany","['en:austria', 'en:germany']",1741900754,unknown,,https://images.openbeautyfacts.org/images/products/406/644/770/5041/front_de.7.400.jpg,,,The Vegan Society,"['en:vegetarian', 'en:vegan', 'en:the-vegan-society']",1767613066,,,[],,,[],Milde Seife Pflege & Hygiene (Nachfüllbeutel),dm,beauty,seife,,
,"Incorrect product type, non-food-products, open-beauty-facts","['en:incorrect-product-type', 'en:non-food-products', 'en:open-beauty-facts']",20982843,Germany,['en:germany'],1653823515,unknown,,,,,,,1737042054,,,,,,[],Seife,,beauty,seife,,
"Isana, Rossmann",Liquid soaps,"['en:hygiene', 'en:soaps', 'en:liquid-soaps']",4305615610436,Germany,['en:germany'],1550858100,,,https://images.openbeautyfacts.org/images/products/430/561/561/0436/front_de.8.400.jpg,"['en:water', 'de:sodium-laureth-sulfate', 'de:cocamidopropyl-betaine', 'de:sodium-choride', 'de:coco-glucoside', 'de:glyceryl-oleate', 'de:cananga-odorata-flower-extrad', 'de:hohal', 'de:parfum', 'en:e307a', 'de:hydrogenated-vegetable-glycerides-citrate', 'de:sodium-lacate', 'en:e330', 'en:e211', 'en:e202', 'de:linalool', 'de:benzyl-salicylate', 'de:l-17200', 'de:ci-16255']","Aqua, Sodium Laureth Sulfate, Cocamidopropyl Betaine, Sodium Choride, Coco-Glucoside, Glyceryl Oleate, Cananga Odorata Flower Extrad, Hohal, Parfum, Tocopherol, Hydrogenated Vegetable Glycerides Citrate, Sodium Lacate, Citric Acid, Sodium Benzoate, Potassium Sorbate, Linalool, Benzyl Salicylate, l 17200, CI 16255.","Vegan, green-point","['en:vegetarian', 'en:vegan', 'en:green-point']",1553787844,Deutschland,,[],"PET/PE,Kunststoff,Tüte","['pet-pe', 'kunststoff', 'tute']",,milde Seife Blütenfest,,beauty,seife,,
The Body Shop,"non-food-products, open-beauty-facts","['en:non-food-products', 'en:open-beauty-facts']",5028197454937,Germany,['en:germany'],1692876286,unknown,,https://images.openbeautyfacts.org/images/products/502/819/745/4937/front_de.3.400.jpg,,,,,1698864564,,,,,,[],"Seife, Shea",,beauty,seife,,['unknown']
sagrotan,"Incorrect product type, non-food-products, open-beauty-facts","['en:incorrect-product-type', 'en:non-food-products', 'en:open-beauty-facts']",4002448120681,Germany,['en:germany'],1712226654,unknown,,,,,,,1741526618,,,,,,[],Seife nachfüllpack,,beauty,seife,,
Isana,Soaps,"['en:hygiene', 'en:soaps']",4305615776903,Germany,['en:germany'],1630785821,,,https://images.openbeautyfacts.org/images/products/430/561/577/6903/front_de.4.400.jpg,"['de:ngerents', 'de:sodium-laureth-sulfate', 'de:cocamidopropyl-betaine', 'en:sodium-chloride', 'en:minerals', 'en:sodium', 'de:coco-glucoside', 'de:glyceryl-oleate', 'en:e307a', 'de:hydrogenated-vegetable-glycerides-citrate', 'en:e330', 'en:e211', 'en:e202', 'en:water']","NGERENTS: Aqua, Sodium Laureth Sulfate, Cocamidopropyl Betaine, Sodium Chloride, Coco-Glucoside, Glyceryl Oleate, Tocopherol, Hydrogenated Vegetable Glycerides Citrate, Citric Acid, Sodium Benzoate, Potassium Sorbate.","Vegan, Without microplastics, de:ohne Parfum","['en:vegetarian', 'en:vegan', 'en:without-microplastics', 'de:ohne Parfum']",1630786306,Deutschland,,,Kunststoff - Nachfüllpack,['kunststoff-nachfullpack'],[],Einfach nur Seife,Rossmann,beauty,seife,,
Solimo,"Incorrect product type, non-food-products, open-beauty-facts","['en:incorrect-product-type', 'en:non-food-products', 'en:open-beauty-facts']",5400606008847,Germany,['en:germany'],1712141692,unknown,,,,,,,1737042055,,,,,,[],Seife Handseife Olive,,beauty,seife,,
Alterra,Soaps,"['en:hygiene', 'en:soaps']",4068134067654,Germany,['en:germany'],1772739678,,NATURKOSMETIK Seife,,"['en:sodium-palmate', 'en:water', 'en:glycerin', 'en:sodium-palm-kernelate', 'en:fragrance', 'de:coconut-acid', 'de:olea-europaea-fruit-oil', 'en:lippia-citriodora-leaf-water', 'en:phytic-acid', 'en:sodium-chloride', 'en:sodium-citrate', 'en:citric-acid', 'en:sodium-benzoate', 'en:potassium-sorbate', 'en:citral', 'en:allergenic-fragrances', 'en:limonene', 'en:linalool', 'en:geraniol', 'en:citronellol', 'en:beta-caryophyllene', 'en:pinene', 'de:citrus-auratium-peel-oil', 'de:citrus-limon-peel-oil', 'de:ci77288']","Sodium Palmate; Aqua; Glycerin; Sodium Palm Kernelate; Parfum**; Coconut Acid; Olea Europaea Fruit Oil*; Lippia Citriodora Leaf Water*; Phytic Acid; Sodium Chloride; Sodium Citrate; Citric Acid; Sodium Benzoate, Potassium Sorbate; Citral**; Limonene**; Linalool**; Geraniol**; Citronellol**; Beta Caryophyllene**; Pinene**; Citrus Auratium Peel Oil**; Citrus Limon Peel Oil**; CI77288","Vegan, de:NATURKOSMETIK","['en:vegetarian', 'en:vegan', 'de:NATURKOSMETIK']",1772739777,,,[],,,[],Alterra NATURKOSMETIK Reine Pflanzenölseife Zitronenverbene,Rossmann,beauty,seife,,
,"Incorrect product type, non-food-products, open-beauty-facts","['en:incorrect-product-type', 'en:non-food-products', 'en:open-beauty-facts']",3574661643014,Germany,['en:germany'],1725185769,unknown,,,,,,,1737042054,,,,,,[],Seife,,beauty,seife,,
pulvex,"Incorrect product type, non-food-products, open-beauty-facts","['en:incorrect-product-type', 'en:non-food-products', 'en:open-beauty-facts']",7707264461396,Germany,['en:germany'],1704041839,unknown,,https://images.openbeautyfacts.org/images/products/770/726/446/1396/front_de.3.400.jpg,,,,,1737042055,,,,,,[],Seife gegen insekten,,beauty,seife,,
,"Incorrect product type, non-food-products, open-beauty-facts","['en:incorrect-product-type', 'en:non-food-products', 'en:open-beauty-facts']",4311501002971,Germany,['en:germany'],1692041700,unknown,,https://images.openbeautyfacts.org/images/products/431/150/100/2971/front_de.3.400.jpg,,,,,1741362315,,,,,,[],elkos Seife hart,,beauty,seife,,
sana,"Incorrect product type, non-food-products, open-beauty-facts","['en:incorrect-product-type', 'en:non-food-products', 'en:open-beauty-facts']",29024377,Germany,['en:germany'],1712306725,unknown,,https://images.openbeautyfacts.org/images/products/000/002/902/4377/front_de.3.400.jpg,,,,,1737042055,,,,,,[],Seife,,beauty,seife,,
ISANA,"Incorrect product type, Bar soaps, bath-body, cosmetics, non-open-products-facts, open-beauty-facts","['en:hygiene', 'en:soaps', 'en:incorrect-product-type', 'en:bar-soaps', 'en:bath-body', 'en:cosmetics', 'en:non-open-products-facts', 'en:open-beauty-facts']",4305615610320,Germany,['en:germany'],1776707396,,,,,"Aqua, Sodium Laureth Sulfate, Cocamidopropyl Betaine, Sodium Chloride, Lactic Acid, Coco-Glucoside, Glyceryl Oleate, Mentha Piperita Leaf Extract, Citrus Grandis Fruit Extract, Glycerin, Parfum, Sodium Lactate, Sodium Benzoate, Potassium Sorbate, Citric Acid, Alcohol, Linalool, Limonene, CI 17200, CI 47005",,[],1776707477,,,[],,,[],Milde Seife Hygiene Aktiv,ROSSMANN,beauty,seife,,
Balea,"de:Flüssigseife, de:Seife","['de:Flüssigseife', 'de:Seife']",4066447954036,Germany,['en:germany'],1775852201,unknown,Flüssigseife Very Cherry,,"['de:ingredients', 'de:sodium-laureth-sulfate', 'de:sodium-chloride', 'de:cocamidopropyl-betaine', 'de:sodium-benzoate', 'en:e422', 'de:parfum', 'de:coco-glucoside', 'de:citric-acid', 'de:glyceryl-oleate', 'de:sodium-hydroxide', 'de:betaine', 'de:potassium-sorbate', 'de:tocopherol', 'de:hydrogenated-vegetable-glycerides-citrate', 'en:e322i', 'en:e322', 'de:ascorbyl-palmitate', 'de:benzyl-alcohol', 'de:citrus-aurantium-peel-oil', 'de:limonene', 'en:water']","INGREDIENTS: AQUA, SODIUM LAURETH SULFATE, SODIUM CHLORIDE, COCAMIDOPROPYL BETAINE, SODIUM BENZOATE, GLYCERIN, PARFUM, COCO-GLUCOSIDE, CITRIC ACID, GLYCERYL OLEATE, SODIUM HYDROXIDE, BETAINE, POTASSIUM SORBATE, TOCOPHEROL, HYDROGENATED VEGETABLE GLYCERIDES CITRATE, LECITHIN, ASCORBYL PALMITATE, BENZYL ALCOHOL, CITRUS AURANTIUM PEEL OIL, LIMONENE.",,[],1775852272,Deutschland,,[],,,[],"Balea Flüssigseife Very Cherry, 500 ml",DM,beauty,seife,,
ISANA,Soaps,"['en:hygiene', 'en:soaps']",4068134072405,Germany,['en:germany'],1772738848,,ISANA Seife,,"['en:water', 'en:sodium-laureth-sulfate', 'en:sodium-chloride', 'en:cocamidopropyl-betaine', 'de:coco-glucoside', 'en:glyceryl-oleate', 'en:sodium-lactate', 'en:fragrance', 'en:tocopherol', 'en:hydrogenated-vegetable-glycerides-citrate', 'en:sodium-citrate', 'en:citric-acid', 'en:sodium-benzoate', 'de:citrus-aurantium-peel-oil', 'en:limonene', 'en:allergenic-fragrances', 'en:ci-16255', 'en:colorants']","Aqua, Sodium Laureth Sulfate, Sodium Chloride, Cocamidopropyl Betaine, Coco-Glucoside, Glyceryl Oleate, Sodium Lactate, Parfum, Tocopherol, Hydrogenated Vegetable Glycerides Citrate, Sodium Citrate, Citric Acid, Sodium Benzoate, Citrus Aurantium Peel Oil, Limonene, CI 16255",,[],1772738911,,,[],,,[],ISANA Verwöhnende Seife Persian Feeling,,beauty,seife,,
,"Incorrect product type, non-food-products, open-beauty-facts","['en:incorrect-product-type', 'en:non-food-products', 'en:open-beauty-facts']",2200215434494,Germany,['en:germany'],1736680059,unknown,,,,,,,1737042055,,,,,,[],Seife,,beauty,seife,,
Aldi,"Incorrect product type, non-food-products, open-beauty-facts","['en:incorrect-product-type', 'en:non-food-products', 'en:open-beauty-facts']",4061458012430,"France, Germany","['en:france', 'en:germany']",1566084372,unknown,,https://images.openbeautyfacts.org/images/products/406/145/801/2430/front_de.3.400.jpg,,,,,1737042054,,,,Produkt,['de:produkt'],[],Seife Flüssig- Ombia Pfirsich Aldi,Aldi,beauty,seife,,
Dove,"Soaps, Incorrect product type, non-food-products, open-beauty-facts","['en:hygiene', 'en:soaps', 'en:incorrect-product-type', 'en:non-food-products', 'en:open-beauty-facts']",8720182264664,"Bosnia and Herzegovina, Croatia, France, Germany, Morocco, Serbia","['en:bosnia-and-herzegovina', 'en:croatia', 'en:france', 'en:germany', 'en:morocco', 'en:serbia']",1729944282,unknown,,https://images.openbeautyfacts.org/images/products/872/018/226/4664/front_en.12.400.jpg,"['en:sodium-lauroyl-isethionate', 'en:stearic-acid', 'en:sodium-stearate', 'en:sodium-palmate', 'en:water', 'en:sodium-isethionate', 'en:lauric-acid', 'en:cocamidopropyl-betaine', 'en:parfum', 'en:sodium-palm-kernelate', 'en:sodium-chloride', 'en:glycerin', 'en:disodium-etidronate', 'en:disodium-edta', 'en:edta', 'en:zinc-oxide', 'en:alpha-isomethyl-ionone', 'en:allergenic-fragrances', 'en:citronellol', 'en:coumarin', 'en:hexyl-cinnamal', 'en:limonene', 'en:linalool', 'en:ci-77891', 'en:colorants']","Sodium Lauroyl Isethionate, Stearic Acid, Sodium Stearate, Sodium Palmate, Aqua, Sodium Isethionate, Lauric Acid, Cocamidopropyl Betaine, Parfum, Sodium Palm Kernelate, Sodium Chloride, Glycerin, Tetrasodium Etidronate, Tetrasodium EDTA, Zinc Oxide, Alpha-Isomethyl Ionone, Citronellol, Coumarin, Hexyl Cinnamal, Limonene, Linalool, CI 77891",Vegan,"['en:vegetarian', 'en:vegan']",1778635258,,,[],,,"[{'material': 'en:non-corrugated cardboard (paperboard)', 'number_of_units': 1, 'shape': 'en:box'}]",Beauty cream bar,,beauty,cream,,
Alverde Naturkosmetik,"Incorrect product type, Hand creams, non-food-products, open-beauty-facts","['en:body', 'en:incorrect-product-type', 'en:hand-creams', 'en:non-food-products', 'en:open-beauty-facts']",4066447241310,Germany,['en:germany'],1735377497,unknown,,https://images.openbeautyfacts.org/images/products/406/644/724/1310/front_de.3.400.jpg,"['de:ingredients', 'de:helianthus-annuus-hybrid-oil', 'de:butyrospermum-parkii-butter', 'en:e422', 'de:alcohol', 'de:cetearyl-alcohol', 'de:palmitic-acid', 'de:stearic-acid', 'de:glyceryl-stearate', 'de:punica-granatum-seed-oil', 'de:glyceryl-stearate-citrate', 'de:xanthan-gum', 'de:sodium-cetearyl-sulfate', 'de:parfum', 'de:linalool', 'de:limonene', 'de:citronellol', 'de:benzyl-alcohol', 'de:agriculture-from-natural-essential-oils', 'en:water']","INGREDIENTS: Aqua, Helianthus Annuus Hybrid Oil, Butyrospermum Parkii Butter², Glycerin, Alcohol, Alcohol², Cetearyl Alcohol, Palmitic Acid, Stearic Acid, Glyceryl Stearate, Punica Granatum Seed Oil², Glyceryl Stearate Citrate, Xanthan Gum, Sodium Cetearyl Sulfate, Parfum³, Linalool³, Limonene³, Citronellol³, Benzyl Alcohol³,
²ingredients from certified organic,
³agriculture from natural essential oils",Organic,['en:organic'],1739992953,,,,,,[],Intensiv Handcreme,,beauty,cream,,
Nivea,,[],4005808890637,Germany,['en:germany'],1555058431,,,https://images.openbeautyfacts.org/images/products/400/580/889/0637/front_en.3.400.jpg,[],,,[],1560196599,,,[],,[],,Nivea soft cream idratante rinfrescante per viso coperto mani,,beauty,cream,,
NIVEA,"Hand creams, de:Hautpflege, creams","['en:body', 'en:hand-creams', 'de:Hautpflege', 'en:creams']",4005900756152,Germany,['en:germany'],1616190348,b,,https://images.openbeautyfacts.org/images/products/400/590/075/6152/front_de.4.400.jpg,"['en:water', 'de:paraffinum-liguidum', 'de:cera-microcristallina', 'en:e422', 'de:lanolin-alcohol', 'en:e905cii', 'en:e905', 'en:e905c', 'de:panthenol', 'de:magnesium-sulfate', 'de:decyl-oleate', 'de:octyldodecanol', 'de:aluminum-stearates', 'de:citric-acid', 'de:magnesium-stearate', 'de:limonene', 'de:geraniol', 'de:hydroxycitronellal', 'de:linalool', 'de:citronellol', 'de:benzyl-benzoate', 'de:cinnamyl-alcohol', 'de:parfum', 'de:eucerit']","Aqua, Paraffinum Liguidum, Cera Microcristallina, Glycerin, Lanolin Alcohol (Eucerit®), Paraffin, Panthenol, Magnesium Sulfate, Decyl Oleate, Octyldodecanol, Aluminum Stearates, Citric Acid, Magnesium Stearate, Limonene, Geraniol, Hydroxycitronellal, Linalool, Citronellol, Benzyl Benzoate, Cinnamyl Alcohol, Parfum",,[],1740726773,,,[],Dose,['dose'],[],Nivea Creme,,beauty,cream,65.0,
NIVEA,"Body creams, Facial creams, Hand creams, Body care, Body moisturizers, Cosmetics, Face care, Face moisturizers, Hand care, Moisturizers, Skin care","['en:body', 'en:face', 'en:body-creams', 'en:facial-creams', 'en:hand-creams', 'en:Body care', 'en:Body moisturizers', 'en:Cosmetics', 'en:Face care', 'en:Face moisturizers', 'en:Hand care', 'en:Moisturizers', 'en:Skin care']",4005900009135,"Germany, Pakistan, Turkey, United Kingdom","['en:germany', 'en:pakistan', 'en:turkey', 'en:united-kingdom']",1698172944,unknown,,https://images.openbeautyfacts.org/images/products/400/590/000/9135/front_en.3.400.jpg,"['en:aqua', 'en:glycerin', 'en:myristyl-alcohol', 'en:alcohol-denat', 'en:myristyl-myristate', 'en:cetearyl-glucoside', 'en:coco-caprylate', 'en:Caprate', 'en:glyceryl-stearate', 'en:palmitic-acid', 'en:stearic-acid', 'en:hydrogenated-coco-glycerides', 'en:Simmondsia Chinensis Seed Oil', 'en:tocopheryl-acetate', 'en:prunus-amygdalus-dulcis-oil', 'en:vegetable-oil', 'en:cetyl-ricinoleate', 'en:triisostearin', 'en:Sorbitan Stearate', 'en:Hydroxypropyl Starch Phosphate', 'en:sodium-hydroxide', 'en:cetearyl-alcohol', 'en:gellan-gum', 'en:xanthan-gum', 'en:myristic-acid', 'en:arachidic-acid', 'en:oleic-acid', 'en:lauric-acid', 'en:disodium-cetearyl-sulfosuccinate', 'en:phenoxyethanol', 'en:linalool', 'en:allergenic-fragrances', 'en:citronellol', 'en:alpha-isomethyl-ionone', 'en:Acetyl Cedrene', 'en:Citrus Aurantium Peel Oil', 'en:limonene', 'en:terpineol', 'en:Lavandula Oil', 'en:Extract', 'en:linalyl-acetate', 'en:parfum']","Aqua, Glycerin, Myristyl Alcohol, Alcohol Denat., Myristyl Myristate, Cetearyl Glucoside, Coco-Caprylate/Caprate, Glyceryl Stearate, Palmitic Acid, Stearic Acid, Hydrogenated Coco-Glycerides, Simmondsia Chinensis Seed Oil, Tocopheryl Acetate, Prunus Amygdalus Dulcis Oil, Vegetable Oil, Cetyl Ricinoleate, Triisostearin, Sorbitan Stearate, Hydroxypropyl Starch Phosphate, Sodium Hydroxide, Cetearyl Alcohol, Gellan Gum, Xanthan Gum, Myristic Acid, Arachidic Acid, Oleic Acid, Lauric Acid, Disodium Cetearyl Sulfosuccinate, Phenoxyethanol, Linalool, Citronellol, Alpha-Isomethyl Ionone, Acetyl Cedrene, Citrus Aurantium Peel Oil, Limonene, Terpineol, Lavandula Oil/Extract, Linalyl Acetate, Parfum",,[],1780501059,,,[],,,[],NIVEA Soft Moisturizing Cream,,beauty,cream,,['unknown']
"Berioska S.L., babaria","Hand creams, de:Kremes","['en:body', 'en:hand-creams', 'de:Kremes']",8410412020299,"Germany, Spain","['en:germany', 'en:spain']",1549718424,unknown,,https://images.openbeautyfacts.org/images/products/841/041/202/0299/front_de.4.400.jpg,"['en:water', 'en:e422', 'de:paraffinum-liquidum', 'de:stearyl-alcohol', 'de:stearic-acid', 'de:cetyl-alcohol', 'de:olea-europaea-fruit-oil', 'de:ceteth-24', 'de:tocopheryl-acetate', 'de:phenoxyethanol', 'de:sodium-carbomer', 'de:parfum', 'en:e218', 'de:tetrasodium-edta', 'de:acrylates', 'de:vinyl-isodecanoate-crosspolymer', 'de:citric-acid', 'de:propylparaben', 'de:2-bromo', 'de:2-nitopropane-1-3-diol', 'de:water', 'de:fragrance']","Aqua (Water), Glycerin, Paraffinum Liquidum, Stearyl Alcohol, Stearic Acid, Cetyl Alcohol, Olea Europaea Fruit Oil, Ceteth-24, Tocopheryl Acetate, Phenoxyethanol, Sodium Carbomer, Parfum (Fragrance), Methylparaben, Tetrasodium EDTA, Acrylates/Vinyl Isodecanoate Crosspolymer, Citric Acid, Propylparaben, 2-Bromo - 2-Nitopropane-1,3-Diol,","de:Ohne Tierversuche, green-point","['de:Ohne Tierversuche', 'en:green-point']",1774489845,"Spanien, Valencia",,[],5-PP,['5-pp'],[],Olive oil moisturizing body cream,,beauty,cream,,
,,,3660005578347,"France, Germany, Morocco","['en:france', 'en:germany', 'en:morocco']",1693394369,unknown,,,,,,,1738679475,,,,,,[],déo camomille,,beauty,deo,,['unknown']
DM,,[],4066447413083,"Germany, Morocco","['en:germany', 'en:morocco']",1705498855,unknown,,https://images.openbeautyfacts.org/images/products/406/644/741/3083/front_de.3.400.jpg,"['en:butane', 'en:propane', 'en:neopentyl-glycol-dicaprylate', 'en:dicaprate', 'en:triethyl-citrate', 'en:parfum', 'en:ethylhexylglycerin', 'en:phenoxyethanol', 'en:c12-15-alkyl-benzoate', 'en:octyldodecanol', 'en:disteardimonium-hectorite', 'en:octenidine-hcl', 'en:alpha-isomethyl-ionone', 'en:allergenic-fragrances', 'en:citral', 'en:citronellol', 'en:limonene', 'en:linalool']","Butane, propane, neopentyl glycol dicaprylate/dicaprate, triethyl citrate, parfum, ethylhexylglycerin, phenoxyethanol, c12_15 alkyl benzoate, octyldodecanol, disteardimonium hectorite, octenidine hcl, alpha_isomethyl ionone, citral, citronellol, limonene, linalool",,[],1756934443,,,[],,,[],Balea Sensitive Men Deo,,beauty,deo,,['unknown']
Balea,"Incorrect product type, non-food-products, open-beauty-facts","['en:incorrect-product-type', 'en:non-food-products', 'en:open-beauty-facts']",4066447410525,"Germany, Morocco","['en:germany', 'en:morocco']",1711197228,unknown,,https://images.openbeautyfacts.org/images/products/406/644/741/0525/front_de.8.400.jpg,,,,[],1758709550,,,[],,,[],Deo 5in1 Anti Transpirant,,beauty,deo,,
Nivea,Deodorants sticks,"['en:hygiene', 'en:deodorants', 'en:deodorants-sticks']",42449751,"Austria, Germany","['en:austria', 'en:germany']",1762418035,unknown,,https://images.openbeautyfacts.org/images/products/000/004/244/9751/front_en.4.400.jpg,"['en:aqua', 'en:propylene-glycol', 'en:peg-8', 'en:palmitic-acid', 'en:stearic-acid', 'en:parfum', 'en:butyloctanoic-acid', 'en:ethylhexylglycerin', 'en:octyldodecanol', 'en:persea-gratissima-oil', 'en:distarch-phosphate', 'en:myristic-acid', 'en:arachidic-acid', 'en:oleic-acid', 'en:lauric-acid', 'en:sodium-hydroxide']","Aqua, Propylene Glycol, PEG-8, Palmitic Acid, Stearic Acid, Parfum, Butyloctanoic Acid, Ethylhexylglycerin, Octyldodecanol, Persea Gratissima Oil, Distarch Phosphate, Myristic Acid, Arachidic Acid, Oleic Acid, Lauric Acid, Sodium Hydroxide",es:0 % Aluminum (ACH),['es:0\xa0% Aluminum (ACH)'],1772223984,,,,,,[],Nivea Men 48H Deo,dm,beauty,deo,,
CD,"Incorrect product type, Roll-on deodorants, non-food-products, open-beauty-facts","['en:hygiene', 'en:deodorants', 'en:incorrect-product-type', 'en:roll-on-deodorants', 'en:non-food-products', 'en:open-beauty-facts']",5014697017086,Germany,['en:germany'],1607087896,unknown,,https://images.openbeautyfacts.org/images/products/501/469/701/7086/front_de.4.400.jpg,"['de:alcohol-denat', 'en:water', 'de:triethyl-citrate', 'de:parfum', 'en:e463', 'de:nymphaea-alba-flower-exract', 'de:citric-acid', 'de:phenoxyethanol', 'de:alpha-isomethyl-lonone', 'de:benzyl-benzoate', 'de:benzyl-salicylate', 'de:citronel', 'de:coumarin', 'de:eugenol', 'de:geraniol', 'de:hexyl-cinnamal', 'de:linaloo']","Alcohol denat., Aqua, Triethyl Citrate, Parfum, Hydroxypropylcellulose, Nymphaea Alba Flower Exract, Citric Acid, Phenoxyethanol, Alpha-Isomethyl lonone, Benzyl Benzoate, Benzyl Salicylate, Citronel, Coumarin, Eugenol, Geraniol, Hexyl Cinnamal, Linaloo.",Vegan,"['en:vegetarian', 'en:vegan']",1774451227,Germany,,,Glass,['glass'],[],Deo - Wasserlilie,Edeka,beauty,deo,,
Weleda,Deodorants sticks,"['en:hygiene', 'en:deodorants', 'en:deodorants-sticks']",4001638095228,"France, Germany","['en:france', 'en:germany']",1619506744,unknown,deodorant,https://images.openbeautyfacts.org/images/products/400/163/809/5228/front_en.22.400.jpg,"['en:water', 'en:alcohol', 'en:triethyl-citrate', 'en:glycerin', 'en:fragrance', 'en:sodium-caproyl', 'en:lauroyl-lactylate', 'en:glycyrrhiza-glabra', 'en:root-extracts', 'en:natural-extracts', 'en:hamamelis-virginiana', 'en:acacia-senegal-gum', 'en:xanthan-gum', 'en:citric-acid', 'en:phytic-acid', 'en:limonene', 'en:allergenic-fragrances', 'en:linalool', 'en:benzyl-benzoate', 'en:benzyl-salicylate', 'en:geraniol', 'en:citral', 'en:coumarin', 'en:farnesol', 'en:parfum', 'en:licorice', 'en:witch-hazel']","Water (Aqua), Alcohol, Triethyl Citrate, Glycerin, Fragrance (Parfum)*, Sodium Caproyl/Lauroyl Lactylate, Glycyrrhiza Glabra (Licorice) Root Extract, Hamamelis Virginiana (Witch Hazel) Water, Acacia Senegal Gum, Xanthan Gum, Citric Acid, Phytic Acid, Limonene, Linalool*, Benzyl Benzoate*, Benzyl Salicylate*, Geraniol, Citral, Coumarin*, Farnesol*",,[],1765805380,Suisse,,[],plastique,['plastique'],[],Men 24h Deo Roll-On,,beauty,deo,,
Alverde,"Open Products Facts, non-food-products, open-beauty-facts","['en:incorrect-product-type', 'en:non-beauty-products', 'en:open-products-facts', 'en:non-food-products', 'en:open-beauty-facts']",4066447330892,Germany,['en:germany'],1710350556,unknown,,https://images.openbeautyfacts.org/images/products/406/644/733/0892/front_de.3.400.jpg,,,The Vegan Society,"['en:vegetarian', 'en:vegan', 'en:the-vegan-society']",1712006106,,,[],,,"[{'food_contact': 1, 'shape': 'en:ball-flask'}]",Active Nature 24 h Deo Roll-on,,beauty,deo,,
,"Incorrect product type, non-food-products, open-beauty-facts","['en:incorrect-product-type', 'en:non-food-products', 'en:open-beauty-facts']",42419419,Germany,['en:germany'],1636711533,unknown,,https://images.openbeautyfacts.org/images/products/000/004/241/9419/front_de.3.400.jpg,,,,,1712049386,,,,,,[],Active protect Deo,,beauty,deo,,
"Isana, Rossmann","Deodorants, Incorrect product type, non-food-products, open-beauty-facts","['en:hygiene', 'en:deodorants', 'en:incorrect-product-type', 'en:non-food-products', 'en:open-beauty-facts']",42348535,Germany,['en:germany'],1738298129,unknown,,https://images.openbeautyfacts.org/images/products/000/004/234/8535/front_de.5.400.jpg,"['en:water', 'de:isopropyl-myristate', 'de:glyceryl-stearate-citrate', 'de:sodium-stearoyl-glutamate', 'de:cetearyl-alcohol', 'de:parfum', 'de:phenoxyethanol', 'de:carbomer', 'de:propylene-glycol', 'de:ethylhexylglycerin', 'de:octenidine-hci', 'de:tocopherol', 'de:sodium-hydroxide']","Aqua, Isopropyl Myristate, Glyceryl Stearate Citrate, Sodium Stearoyl Glutamate, Cetearyl Alcohol, Parfum, Phenoxyethanol, Carbomer, Propylene Glycol, Ethylhexylglycerin, Octenidine HCI, Tocopherol, Sodium Hydroxide.",,[],1738616429,,,[],,,[],Deo Roll-On Sensitiv,Rossmann,beauty,deo,,
Rexona,"Deodorants, Incorrect product type, de:Antitranspirant, de:Deoroller, non-food-products, open-beauty-facts","['en:hygiene', 'en:deodorants', 'en:incorrect-product-type', 'de:Antitranspirant', 'de:Deoroller', 'en:non-food-products', 'en:open-beauty-facts']",50076598,Germany,['en:germany'],1644395688,unknown,,https://images.openbeautyfacts.org/images/products/000/005/007/6598/front_de.4.400.jpg,,,,,1644395716,,,,Kunststoff,['kunststoff'],[],Antitranspirant Motion Sense Invisible Aqua,,beauty,deo,,
Nivea Men,,,4005900843807,Germany,['en:germany'],1684183004,unknown,,https://images.openbeautyfacts.org/images/products/400/590/084/3807/front_de.3.400.jpg,,,,,1738687997,,,,,,[],Black & White Invisible Deo,,beauty,deo,,
Weleda,"Deodorants, Incorrect product type, non-food-products, open-beauty-facts","['en:hygiene', 'en:deodorants', 'en:incorrect-product-type', 'en:non-food-products', 'en:open-beauty-facts']",4001638099271,Germany,['en:germany'],1734879777,unknown,,https://images.openbeautyfacts.org/images/products/400/163/809/9271/front_de.3.400.jpg,"['de:alcohol-water', 'de:triethyl-citrate-fragrance', 'de:salvia-officinalis', 'de:oil-limonene', 'en:linalool', 'en:allergenic-fragrances', 'en:benzyl-benzoate', 'en:geraniol', 'en:coumarin', 'en:water', 'en:fragrance', 'de:sage']","ALCOHOL WATER (AQUA) TRIETHYL CITRATE FRAGRANCE (PARFUM) SALVIA OFFICINALIS (SAGE) OIL LIMONENE, LINALOOL, BENZYL BENZOATE, GERANIOL, COUMARIN.",,,1755092929,,,,,,[],Herbal Fresh Deo Spray,Edeka,beauty,deo,,
Laverana GmbH & Co. KG,Roll-on deodorants,"['en:hygiene', 'en:deodorants', 'en:roll-on-deodorants']",4021457638765,Germany,['en:germany'],1703511494,unknown,,https://images.openbeautyfacts.org/images/products/402/145/763/8765/front_en.13.400.jpg,"['de:water', 'de:alcohol-denat', 'de:triethyl-citrate', 'de:zinc-pca', 'de:glyceryl-caprylate', 'de:glyceryl-stearate-citrate', 'de:levulinic-acid', 'de:glycine-soja', 'de:o', 'de:prunus-armeniaca', 'de:kernel-o-helianthus-annuus-hybrid-o', 'de:verbena-officinalis-leaf-extract', 'de:citrus-aurantifolia', 'de:fruit-extract', 'de:hama', 'de:mells-virginiana', 'de:leaf-extract', 'en:e422', 'de:sodi-um-levulinate', 'de:decyl-cocoate', 'de:coco-caprylate', 'de:caprate', 'de:xan-than-gum', 'de:polyglyceryl-2-caprate', 'de:sodium-caproyl', 'de:lauryl-lactylate', 'de:calcium-lactate', 'de:sea-salt', 'de:maris-sall', 'de:hydrogenated-lecithin', 'de:tocopherol', 'de:helianthus-annuus', 'de:seed-o-fragrance', 'de:limonene', 'de:linalool', 'de:citral', 'de:citro-neliol', 'de:geraniol-ingredients-from-certified-organic-agrical', 'de:ture-from-natural-essential-oils', 'en:water', 'de:soybean', 'de:apricot', 'de:lime', 'de:witch-hazel', 'de:sunflower', 'de:parfum']","Water (Aqua), Alcohol denat, Triethyl Citrate, Zinc PCA, Glyceryl Caprylate, Glyceryl Stearate Citrate, Levulinic Acid, Glycine Soja (Soybean) O&quot;, Prunus Armeniaca (Apricot) Kernel O Helianthus Annuus Hybrid O&quot;, Verbena Officinalis Leaf Extract, Citrus Aurantifolia (Lime) Fruit Extract, Hama - mells Virginiana (Witch Hazel) Leaf Extract, Glycerin, Sodi um Levulinate, Decyl Cocoate, Coco-Caprylate/Caprate, Xan than Gum, Polyglyceryl-2 Caprate, Sodium Caproyl/Lauryl Lactylate, Calcium Lactate, Sea Salt (Maris Sall, Hydrogenated Lecithin, Tocopherol, Helianthus Annuus (Sunflower) Seed O Fragrance (Parfum), Limonene**, Linalool**, Citral**, Citro neliol, Geraniol
*ingredients from certified organic agrical - ture from natural essential oils",Vegan,"['en:vegetarian', 'en:vegan']",1703515591,,,,,,[],Lavera Natural & Fresh Deo Roll-on,DM,beauty,deo,,
sebamed,"Deodorants, Incorrect product type, non-food-products, open-beauty-facts","['en:hygiene', 'en:deodorants', 'en:incorrect-product-type', 'en:non-food-products', 'en:open-beauty-facts']",4103040231017,Germany,['en:germany'],1561896444,unknown,,https://images.openbeautyfacts.org/images/products/410/304/023/1017/front_de.7.400.jpg,"['de:alcohol', 'en:water', 'de:triethyl', 'en:e330', 'de:parfum', 'de:citric-acid', 'de:sodium', 'de:hydroxide', 'de:linalool']","Alcohol, Aqua, Triethyl, Citrate, Parfum, Citric Acid, Sodium, Hydroxide, Linalool",Ökotest,['en:Ökotest'],1774491856,"Deutschland, Germany",,[],"Glas,Plastik","['glas', 'plastik']",[],Frische Deo frisch,Real,beauty,deo,,
Alverde,de:Antitranspirantien,['de:Antitranspirantien'],4066447396232,Germany,['en:germany'],1714522676,unknown,,https://images.openbeautyfacts.org/images/products/406/644/739/6232/front_de.7.400.jpg,"['en:water', 'de:aloe-barbadensis-leaf-juice', 'de:maris-sal', 'de:zinc-oxide', 'de:sodium-lactate', 'de:zinc-ricinoleate', 'de:glyceryl-caprylate', 'de:xanthan-gum', 'en:e422', 'de:hydrogenated-palm-glycerides', 'de:potassiun-cetyl-phosphate', 'de:caprylic', 'de:capric-triglyceride', 'de:lactic-acid', 'de:chamomilla-recutita-flower-extract2', 'de:tocopherol', 'de:levulinic-acid', 'de:helanthus-annuus-seed-oil', 'de:sodium-levulinate', 'de:parfum']","Aqua, Aloe Barbadensis Leaf Juice², Maris Sal, Zinc Oxide, Sodium Lactate, Zinc Ricinoleate, Glyceryl Caprylate, Xanthan Gum, Glycerin, Hydrogenated Palm Glycerides, Potassiun Cetyl Phosphate, Caprylic/Capric Triglyceride, Lactic Acid, Chamomilla Recutita Flower Extract2, Tocopherol, Levulinic Acid, Helanthus Annuus Seed Oil, Sodium Levulinate, Parfum³","Ohne Gentechnik, No alcohol, The Vegan Society, de:Ohne Mineralöle","['en:vegetarian', 'en:no-gmos', 'en:vegan', 'de:ohne-gentechnik', 'en:no-alcohol', 'en:the-vegan-society', 'de:Ohne Mineralöle']",1714769935,,,[],"Stift,Glas","['stift', 'glas']","[{'food_contact': 1, 'shape': 'en:unknown'}]",Deo Roll-On Sensitiv,dm,beauty,deo,,
Adidas,"Incorrect product type, non-food-products, open-beauty-facts","['en:incorrect-product-type', 'en:non-food-products', 'en:open-beauty-facts']",3616303440800,Germany,['en:germany'],1704624556,unknown,,https://images.openbeautyfacts.org/images/products/361/630/344/0800/front_de.4.400.jpg,,,,[],1767280610,,,[],,,[],Ice Dive Deo,,beauty,deo,,
lavera,,,4021457639113,Germany,['en:germany'],1716876694,unknown,,https://images.openbeautyfacts.org/images/products/402/145/763/9113/front_de.4.400.jpg,,,,,1773576558,,,,,,[],Natural & Strong Deo Creme,,beauty,deo,,
"Nive, Nivea",,[],42419365,Germany,['en:germany'],1661331671,unknown,,https://images.openbeautyfacts.org/images/products/000/004/241/9365/front_en.10.400.jpg,,,,[],1738687840,,,[],,,[],Deo Woman,,beauty,deo,,
Nivea,"Deodorants, non-food-products, open-beauty-facts","['en:hygiene', 'en:deodorants', 'en:non-food-products', 'en:open-beauty-facts']",42332961,Germany,['en:germany'],1581693419,unknown,,https://images.openbeautyfacts.org/images/products/000/004/233/2961/front_de.4.400.jpg,"['en:water', 'de:aluminum-chlorohydrate', 'de:65-stearyl-ether', 'de:steareth-2', 'de:steareth-21', 'de:alumi', 'de:un-sesquichlorohydrate', 'de:parfum', 'de:zinc-citrate', 'de:orpropanediol', 'de:persea-gratissima-oil', 'de:trisodium-edta', 'de:limonene', 'de:linalool', 'de:coumarin', 'de:geraniol']","Aqua, Aluminum Chlorohydrate, 65 Stearyl Ether, Steareth-2, Steareth-21, Alumi - un Sesquichlorohydrate, Parfum, Zinc Citrate, orpropanediol, Persea Gratissima Oil, Trisodium EDTA, Limonene, Linalool, Coumarin, Geraniol.",,[],1698266292,,,[],Deo Roller,['de:deo-roller'],[],Ultimate Protect Deo,,beauty,deo,,['unknown']
Borotalco,,[],8002410043099,Germany,['en:germany'],1691395045,unknown,,https://images.openbeautyfacts.org/images/products/800/241/004/3099/front_de.3.400.jpg,,,,[],1691532725,,,[],,,[],Deo pure,,beauty,deo,,
CD,Deodorants,"['en:hygiene', 'en:deodorants']",5014697017109,Germany,['en:germany'],1617028802,unknown,,https://images.openbeautyfacts.org/images/products/501/469/701/7109/front_de.6.400.jpg,"['en:alcohol-denat', 'en:aqua', 'en:glycerin', 'en:parfum', 'en:triethyl-citrate', 'en:nymphaea-alba-flower-extract', 'en:phenoxyethanol', 'en:citric-acid', 'en:alpha-isomethyl-ionone', 'en:allergenic-fragrances', 'en:benzyl-benzoate', 'en:benzyl-salicylate', 'en:eugenol', 'en:geraniol', 'en:hexyl-cinnamal', 'en:linalool', 'en:butylphenyl-methylpropional', 'en:citronellol', 'en:coumarin']","Alcohol denat., Aqua, Glycerin, Parfum, Triethyl Citrate, Nymphaea Alba Flower Extract, Phenoxyethanol, Citric Acid, Alpha-Isomethyl Ionone, Benzyl Benzoate, Benzyl Salicylate, Eugenol, Geraniol, Hexyl Cinnamal, Linalool, Butylphenyl Methylpropional, Citronellol, Coumarin.",maoam,['en:maoam'],1771751887,,,[],,,"[{'material': 'en:glass', 'shape': 'en:bottle-or-vial'}]",Deo Wasserlilie,,beauty,deo,,
Nivea Men,,[],4006000003405,Germany,['en:germany'],1705698401,unknown,,https://images.openbeautyfacts.org/images/products/400/600/000/3405/front_de.3.400.jpg,,,,[],1705739740,,,[],,,[],Deo,,beauty,deo,,
Niveau,"Incorrect product type, non-food-products, open-beauty-facts","['en:incorrect-product-type', 'en:non-food-products', 'en:open-beauty-facts']",4006000047195,Germany,['en:germany'],1709047278,unknown,,https://images.openbeautyfacts.org/images/products/400/600/004/7195/front_de.7.400.jpg,"['de:ingredients', 'de:alcohol-denat', 'de:peg-40-hydrogenated-castor-oil', 'de:parfum', 'de:polyglyceryl-2-caprate', 'de:ethylhexylglycerin', 'de:methyl-phenylbutan', 'de:ol', 'de:ostres-shell-extract', 'de:maris-limus-extract', 'de:persea-gratissima-oil', 'de:octyldodecanol', 'de:propylene-glycal', 'de:diammonium-citrate', 'de:citric-acid', 'de:benzo', 'de:phenone-4', 'de:sodium-benzoate', 'de:potassium-sorbate', 'de:lactic-acid', 'de:linalool', 'de:limonene', 'de:geraniol', 'de:citronellol', 'de:alpha-isomethyl-ionone', 'de:eugenol', 'de:citral-www-nivea-com-art-nr', 'de:81620-s75mle', 'en:water']","Ingredients: Aqua, Alcohol Denat, PEG-40 Hydrogenated Castor Oil, Parfum, Polyglyceryl-2 Caprate, Ethylhexylglycerin, Methyl Phenylbutan - ol, Ostres Shell Extract, Maris Limus Extract, Persea Gratissima Oil, Octyldodecanol, Propylene Glycal, Diammonium Citrate, Citric Acid, Benzo - phenone-4, Sodium Benzoate, Potassium Sorbate, Lactic Acid, Linalool, Limonene, Geraniol, Citronellol, Alpha-Isomethyl Ionone, Eugenol, Citral www.NIVEA.com Art.-Nr. 81620 S75mle",,,1743928492,,,,,,[],Deo,,beauty,deo,,
Nivea,Deodorants,"['en:hygiene', 'en:deodorants']",4005900843579,Germany,['en:germany'],1639863526,unknown,,https://images.openbeautyfacts.org/images/products/400/590/084/3579/front_de.7.400.jpg,,,,,1689574099,,,,"Metall, Wiederverwertbare Metalle, Aluminium","['en:metal', 'en:recyclable-metals', 'en:aluminium']","[{'food_contact': 1, 'material': 'en:aluminium'}]",Nivea fresh natural,,beauty,deo,,
Hidrofugal,,[],42449980,Germany,['en:germany'],1760540109,unknown,Deoroller,,,,,[],1773410316,,,[],,,[],Deo Roll-On Classic,,beauty,deo,,
,,,4005808161003,Germany,['en:germany'],1678794216,unknown,,https://images.openbeautyfacts.org/images/products/400/580/816/1003/front_de.4.400.jpg,,,,,1701194683,,,,,,[],Deo Roller Johnny,,beauty,deo,,
Axe,"Incorrect product type, non-food-products, open-beauty-facts","['en:incorrect-product-type', 'en:non-food-products', 'en:open-beauty-facts']",8710447484326,Germany,['en:germany'],1639394466,unknown,,https://images.openbeautyfacts.org/images/products/871/044/748/4326/front_de.6.400.jpg,,,,[],1705920656,,,[],,,[],Deo Collision,,beauty,deo,,
Borotalco,,[],8002410044539,Germany,['en:germany'],1709283043,unknown,,https://images.openbeautyfacts.org/images/products/800/241/004/4539/front_de.4.400.jpg,,,,[],1709283553,,,[],,,[],Deo,,beauty,deo,,
alverde,Roll-on deodorants,"['en:hygiene', 'en:deodorants', 'en:roll-on-deodorants']",4010355218711,Germany,['en:germany'],1513954234,unknown,,https://images.openbeautyfacts.org/images/products/401/035/521/8711/front_de.7.400.jpg,"['en:water', 'de:alcohol', 'en:e422', 'de:triethyl-citrate', 'de:parfum', 'de:glyceryl-caprylate', 'de:hamamelis-virginiana-leaf-extract', 'de:oryza-sativa-extract', 'de:hypericum-perforatum-extract', 'de:xanthan-gum', 'de:linalool', 'de:limonene', 'de:citronellol', 'de:citral', 'de:benzyl-salicylate', 'de:geraniol']","Aqua, Alcohol, Glycerin, Triethyl Citrate, Parfum, Glyceryl Caprylate, Hamamelis Virginiana Leaf Extract, Oryza Sativa Extract, Hypericum Perforatum Extract, Xanthan Gum, Linalool, Limonene, Citronellol, Citral, Benzyl Salicylate, Geraniol.",The Vegan Society,"['en:vegetarian', 'en:vegan', 'en:the-vegan-society']",1774490869,Deutschland,,[],"Glas,Kunststoff","['glas', 'kunststoff']",[],Invisible 48h Deo Roll-On,,beauty,deo,,
Bruno Banani,,,3616304696046,Germany,['en:germany'],1693981997,unknown,,,,,,,1699027278,,,,,,[],Deo,,beauty,deo,,
Nivea,"Incorrect product type, non-food-products, open-beauty-facts","['en:incorrect-product-type', 'en:non-food-products', 'en:open-beauty-facts']",42419402,Germany,['en:germany'],1653555467,unknown,,https://images.openbeautyfacts.org/images/products/000/004/241/9402/front_en.5.400.jpg,,,,[],1717518493,,,[],,,[],Deo Black & White Invisible,,beauty,deo,,
Nivea,,[],42419372,Germany,['en:germany'],1731673075,unknown,,,,,,[],1732183560,,,[],,,[],Deo,,beauty,deo,,
Nivea,"Incorrect product type, non-food-products, open-beauty-facts","['en:incorrect-product-type', 'en:non-food-products', 'en:open-beauty-facts']",4005900843531,Germany,['en:germany'],1652543406,unknown,Nivea,https://images.openbeautyfacts.org/images/products/400/590/084/3531/front_de.3.400.jpg,,,,[],1733428341,,,[],,[],[],Deo 0% Alluminium,,beauty,deo,,
Adidas,"Incorrect product type, non-food-products, open-beauty-facts","['en:incorrect-product-type', 'en:non-food-products', 'en:open-beauty-facts']",3616304696602,Germany,['en:germany'],1727104298,unknown,,https://images.openbeautyfacts.org/images/products/361/630/469/6602/front_de.3.400.jpg,['en:poison'],Poison,,[],1767280613,,,[],,,[],Ice Dive Deo,,beauty,deo,,
Nivea Men,,,42345206,Germany,['en:germany'],1637429131,unknown,,,,,,,1698266399,,,,,,[],Deo roller,,beauty,deo,,
Seinz,"Incorrect product type, de:Personal Care, non-food-products, open-beauty-facts","['en:incorrect-product-type', 'de:Personal Care', 'en:non-food-products', 'en:open-beauty-facts']",4066447276862,Germany,['en:germany'],1694631930,unknown,,https://images.openbeautyfacts.org/images/products/406/644/727/6862/front_de.6.400.jpg,,,de:Deo,['de:Deo'],1736518643,,Austria,['en:austria'],,,[],Antitranspirant Deospray extra stark,,beauty,deo,,
,"Incorrect product type, non-open-products-facts, open-beauty-facts","['en:incorrect-product-type', 'en:non-open-products-facts', 'en:open-beauty-facts']",3600550995053,"France, Germany","['en:france', 'en:germany']",1692036804,unknown,,https://images.openbeautyfacts.org/images/products/360/055/099/5053/front_fr.13.400.jpg,,,,[],1762966845,,,[],,,[],Déo Angeline,,beauty,deo,,
AXE,"non-food-products, open-beauty-facts","['en:non-food-products', 'en:open-beauty-facts']",8717163641064,Germany,['en:germany'],1664540199,unknown,,https://images.openbeautyfacts.org/images/products/871/716/364/1064/front_de.5.400.jpg,,,,[],1734771214,,,[],,,[],AXE Deo Moschus,,beauty,deo,,
Handy Matic,non-food-products,['en:non-food-products'],7610200017192,"Germany, Switzerland","['en:germany', 'en:switzerland']",1459964293,unknown,,https://images.openproductsfacts.org/images/products/761/020/001/7192/front_fr.3.400.jpg,,,,[],1700498082,,,[],,[],[],Regeneriersalz,,products,handy,,['unknown']
Merci Handy,,,3760277822190,Germany,['en:germany'],1762433866,,,https://images.openproductsfacts.org/images/products/376/027/782/2190/front_fr.3.400.jpg,,,,,1762433866,Chine,,,,,[],Gel Nettoyant,,products,handy,,
Samsung,"Mobile Phones, Android smartphones, de:Handy, Communications-devices-and-accessories, Information-technology-broadcasting-and-telecommunications, Personal-communication-devices","['en:electronics', 'en:communications', 'en:telephony', 'en:smart-devices', 'en:mobile-phones', 'en:smartphones', 'en:android-smartphones', 'de:Handy', 'en:Communications-devices-and-accessories', 'en:Information-technology-broadcasting-and-telecommunications', 'en:Personal-communication-devices']",8806090886911,Germany,['en:germany'],1613599023,,,https://images.openproductsfacts.org/images/products/880/609/088/6911/front_de.4.400.jpg,,,Repairability index 8.2 - France,['en:repairability-index-8-2-france'],1749887549,,,[],"Pappe,Papier","['pappe', 'papier']",[],S21 Ultra 5G,,products,handy,,
Apple,"Mobile Phones, iPhone smartphones, Communications-devices-and-accessories, Information-technology-broadcasting-and-telecommunications, Personal-communication-devices, Phones","['en:electronics', 'en:communications', 'en:telephony', 'en:smart-devices', 'en:mobile-phones', 'en:smartphones', 'en:iphone-smartphones', 'en:Communications-devices-and-accessories', 'en:Information-technology-broadcasting-and-telecommunications', 'en:Personal-communication-devices', 'en:Phones']",0190198450715,Germany,['en:germany'],1611577549,,iPhone,https://images.openproductsfacts.org/images/products/019/019/845/0715/front_en.4.400.jpg,[],,,[],1726045777,,,[],Pappe,['pappe'],[],iPhone 8 64gb,,products,handy,,
Apple,"Mobile Phones, iPhone smartphones, Communications-devices-and-accessories, Information-technology-broadcasting-and-telecommunications, Personal-communication-devices, Phones","['en:electronics', 'en:communications', 'en:telephony', 'en:smart-devices', 'en:mobile-phones', 'en:smartphones', 'en:iphone-smartphones', 'en:Communications-devices-and-accessories', 'en:Information-technology-broadcasting-and-telecommunications', 'en:Personal-communication-devices', 'en:Phones']",0190198292216,Germany,['en:germany'],1611578088,,,https://images.openproductsfacts.org/images/products/019/019/829/2216/front_en.4.400.jpg,[],,,[],1726045777,,,[],Pappe,['pappe'],[],"iPhone SE, space gray, 32 GB",,products,handy,,
Apple,"Mobile Phones, iPhone smartphones, Communications-devices-and-accessories, Information-technology-broadcasting-and-telecommunications, Personal-communication-devices, Phones","['en:electronics', 'en:communications', 'en:telephony', 'en:smart-devices', 'en:mobile-phones', 'en:smartphones', 'en:iphone-smartphones', 'en:Communications-devices-and-accessories', 'en:Information-technology-broadcasting-and-telecommunications', 'en:Personal-communication-devices', 'en:Phones']",0888462062367,Germany,['en:germany'],1611580797,,,https://images.openproductsfacts.org/images/products/088/846/206/2367/front_en.4.400.jpg,[],,,[],1726045776,,,[],Pappe,['pappe'],[],"iPhone 6, space gray, 16GB",,products,handy,,
Handy Matic,,[],7630028637389,Germany,['en:germany'],1700651076,unknown,,https://images.openproductsfacts.org/images/products/763/002/863/7389/front_de.3.400.jpg,,,,[],1700655262,,,[],,,[],Spühlmaschinentabs,,products,handy,,['unknown']
Duracell,,,5000394030428,Germany,['en:germany'],1647083814,unknown,,,,,,,1702971945,,,,,,[],Batterie CR2450,,products,batterie,,
Duracell,"Incorrect product type, Batteries, AAA Batteries, Non-food-products, Open-products-facts","['en:electronics', 'en:incorrect-product-type', 'en:electronics-accessories', 'en:power', 'en:batteries', 'en:AAA Batteries', 'en:Non-food-products', 'en:Open-products-facts']",5000394141230,"Germany, United States","['en:germany', 'en:united-states']",1693987369,unknown,,,,,,[],1768733505,,,[],Produkt,['de:produkt'],[],AAA Batterien,,products,batterie,,
Panasonic,"Batteries, AAA Batteries","['en:electronics', 'en:electronics-accessories', 'en:power', 'en:batteries', 'en:AAA Batteries']",5410853063780,Germany,['en:germany'],1713537172,unknown,,https://images.openproductsfacts.org/images/products/541/085/306/3780/front_de.3.400.jpg,,,,,1768733504,,,,,,[],Batterien Aaa,,products,batterie,,
Duracell,"Batteries, AAA Batteries, uk:Батарейки AAA Duracell","['en:electronics', 'en:electronics-accessories', 'en:power', 'en:batteries', 'en:AAA Batteries', 'uk:Батарейки AAA Duracell']",5000394141117,Germany,['en:germany'],1687016861,unknown,,https://images.openproductsfacts.org/images/products/500/039/414/1117/front_de.25.400.jpg,,,,[],1768733505,,,[],,,[],Batterien Aaa,,products,batterie,,
Areocell,"Batteries, AAA Batteries, Non-food-products, Open-products-facts","['en:electronics', 'en:electronics-accessories', 'en:power', 'en:batteries', 'en:AAA Batteries', 'en:Non-food-products', 'en:Open-products-facts']",4056489259596,Germany,['en:germany'],1637430358,unknown,,,,,,[],1768733504,,,[],,,[],Batterien AAA,,products,batterie,,['unknown']
,,,29047772,"France, Germany","['en:france', 'en:germany']",1559290770,unknown,,https://images.openproductsfacts.org/images/products/000/002/904/7772/front_fr.6.400.jpg,,,,,1738242652,,,,Produkt,['fr:produkt'],[],Top Craft Batterie,,products,batterie,,
VARTA,"Batteries, AAA Batteries","['en:electronics', 'en:electronics-accessories', 'en:power', 'en:batteries', 'en:AAA Batteries']",4008496978168,Germany,['en:germany'],1669225190,,,https://images.openproductsfacts.org/images/products/400/849/697/8168/front_de.4.400.jpg,,,Green Dot,['en:green-dot'],1768733505,,,,"Blister,Kunststoff,Pappe","['blister', 'kunststoff', 'pappe']",[],AAA 30 Pack,BHG,products,batterie,,
Amazon Basics,"Batteries, AAA Batteries","['en:electronics', 'en:electronics-accessories', 'en:power', 'en:batteries', 'en:AAA Batteries']",0697003831139,Germany,['en:germany'],1661445083,unknown,,,,,,,1768733505,,,,,,[],AAA Alkaline Batterien,,products,batterie,,['unknown']
Energizer,"Batteries, AAA Batteries","['en:electronics', 'en:electronics-accessories', 'en:power', 'en:batteries', 'en:AAA Batteries']",7638900438284,Germany,['en:germany'],1668523162,unknown,,https://images.openproductsfacts.org/images/products/763/890/043/8284/front_de.7.400.jpg,,,,,1776547758,,,,,,[],AAA Batterien,,products,batterie,,['unknown']
Acive Energy,"Batteries, AAA Batteries","['en:electronics', 'en:electronics-accessories', 'en:power', 'en:batteries', 'en:AAA Batteries']",4061462751707,"Austria, Germany","['en:austria', 'en:germany']",1722792330,unknown,,https://images.openproductsfacts.org/images/products/406/146/275/1707/front_de.5.400.jpg,,,,[],1768733505,,,[],,,[],Batterie AAA LR03,Hofer,products,batterie,,
Varta,"Batteries, de:AAA-Batterien, de:Alkali-Batterien, AAA Batteries","['en:electronics', 'en:electronics-accessories', 'en:power', 'en:batteries', 'de:AAA-Batterien', 'de:Alkali-Batterien', 'en:AAA Batteries']",4008496659203,Germany,['en:germany'],1690814110,unknown,,https://images.openproductsfacts.org/images/products/400/849/665/9203/front_de.3.400.jpg,[],,"FSC Mix, Green Dot, Made in Germany, Triman, de:FSC C002400","['en:fsc', 'en:fsc-mix', 'en:green-dot', 'en:made-in-germany', 'fr:triman', 'de:FSC C002400']",1768733504,,,[],Sichtverpackung,['sichtverpackung'],[],Longlife Power AAA 8 + 4,Netto,products,batterie,,['unknown']
"EURES, KOFUR, star","CR2032 batteries, de:Haushalt","['en:electronics', 'en:electronics-accessories', 'en:power', 'en:batteries', 'en:cr2032-batteries', 'de:Haushalt']",4311536147838,Germany,['en:germany'],1703922439,,,https://images.openproductsfacts.org/images/products/431/153/614/7838/front_de.4.400.jpg,,,de:FSC C118989,['de:FSC C118989'],1746711757,,,,,,[],Super Energy Lithium Knopfzelle CR2032,Netto Marken-Discount,products,batterie,,
Aerocell,"Batteries, AAA Batteries, Biscuits-and-cakes, Snacks, Sweet-snacks","['en:electronics', 'en:electronics-accessories', 'en:power', 'en:batteries', 'en:AAA Batteries', 'en:Biscuits-and-cakes', 'en:Snacks', 'en:Sweet-snacks']",4056489238270,Germany,['en:germany'],1646565467,unknown,,,,,,,1768733504,,,,,,[],AAA Batterien,,products,batterie,,['unknown']
Varta,"Batteries, AAA Batteries","['en:electronics', 'en:electronics-accessories', 'en:power', 'en:batteries', 'en:AAA Batteries']",4008496525072,Germany,['en:germany'],1764278505,,,,,,,,1768733504,,,,,,[],"Batterien, Longlife, AAA, Alkaline",,products,batterie,,
KeyOuest,Power banks,"['en:electronics', 'en:electronics-accessories', 'en:power', 'en:power-banks']",3662277052884,Germany,['en:germany'],1764163313,,,https://images.openproductsfacts.org/images/products/366/227/705/2884/front_fr.3.400.jpg,,,,,1772006428,Chine,,,,,[],Batterie externe,,products,batterie,,
Varta,"Batteries, AAA Batteries","['en:electronics', 'en:electronics-accessories', 'en:power', 'en:batteries', 'en:AAA Batteries']",4008496083572,Germany,['en:germany'],1768235729,unknown,,https://images.openproductsfacts.org/images/products/400/849/608/3572/front_de.3.400.jpg,,,Made in Germany,['en:made-in-germany'],1768733504,,,[],,,[],Batterien AAA,,products,batterie,,
H. Essers,"Batteries, AAA Batteries","['en:electronics', 'en:electronics-accessories', 'en:power', 'en:batteries', 'en:AAA Batteries']",4047247041768,Germany,['en:germany'],1696096260,,,https://images.openproductsfacts.org/images/products/404/724/704/1768/front_de.4.400.jpg,,,,,1768733505,"Belgien, Kampenhout",belgien,['en:belgien'],Pappe,['pappe'],[],Activ Energy Super Alkaline AAA,Aldi,products,batterie,,
,"Batteries, AAA Batteries","['en:electronics', 'en:electronics-accessories', 'en:power', 'en:batteries', 'en:AAA Batteries']",4008496069958,Germany,['en:germany'],1762598938,unknown,,,,,,[],1768733504,,,[],,,[],AAA Batterien,,products,batterie,,
Qilive,Power banks,"['en:electronics', 'en:electronics-accessories', 'en:power', 'en:power-banks']",3665257612849,Germany,['en:germany'],1771331292,,,https://images.openproductsfacts.org/images/products/366/525/761/2849/front_fr.3.400.jpg,,,,,1772006428,Chine,,,,,[],Batterie externe,,products,batterie,,
Gut & Günstig,"Batteries, AAA Batteries","['en:electronics', 'en:electronics-accessories', 'en:power', 'en:batteries', 'en:AAA Batteries']",4311501585559,Germany,['en:germany'],1669485052,unknown,,https://images.openproductsfacts.org/images/products/431/150/158/5559/front_de.5.400.jpg,,,,,1768733505,,,,,,[],"Batterien, LR03 AAA, Alkaline",,products,batterie,,['unknown']
Varta,"Batteries, AAA Batteries","['en:electronics', 'en:electronics-accessories', 'en:power', 'en:batteries', 'en:AAA Batteries']",4008496083459,Germany,['en:germany'],1731079380,unknown,,https://images.openproductsfacts.org/images/products/400/849/608/3459/front_de.4.400.jpg,,,,,1768733505,,,,,,[],"Batterien, AAA, Alkaline",,products,batterie,,
Star,"Batteries, Batterien","['en:electronics', 'en:electronics-accessories', 'en:power', 'en:batteries', 'en:Batterien']",4311536231131,Germany,['en:germany'],1611753925,,,https://images.openproductsfacts.org/images/products/431/153/623/1131/front_de.6.400.jpg,[],,,[],1768308344,,,[],"PET,PAP,01,21","['pet', 'pap', '01', '21']",[],Super Energy Alkaline Batterie Mignon AA,,products,batterie,,
Varta,,[],4008496993154,Germany,['en:germany'],1744883546,unknown,,,,,,[],1768301091,,,[],,,[],Batterie AAA,,products,batterie,,
,"Batteries, AAA Batteries","['en:electronics', 'en:electronics-accessories', 'en:power', 'en:batteries', 'en:AAA Batteries']",6928394902363,Germany,['en:germany'],1664098796,unknown,,,,,,,1768733504,,,,,,[],Batterien AAA,,products,batterie,,['unknown']
Varta,"Batteries, AAA Batteries, Non-food-products, Open-products-facts","['en:electronics', 'en:electronics-accessories', 'en:power', 'en:batteries', 'en:AAA Batteries', 'en:Non-food-products', 'en:Open-products-facts']",4008496929382,Germany,['en:germany'],1646490513,unknown,,https://images.openproductsfacts.org/images/products/400/849/692/9382/front_de.5.400.jpg,,,Made in Germany,['en:made-in-germany'],1768733504,,,[],,,[],Batterien Micro AAA,,products,batterie,,['unknown']
Kodak,Batteries,"['en:electronics', 'en:electronics-accessories', 'en:power', 'en:batteries']",0887930418729,Germany,['en:germany'],1657023109,,,https://images.openproductsfacts.org/images/products/088/793/041/8729/front_de.4.400.jpg,,,,[],1771860300,,,[],"Kunststoff,Pappe","['kunststoff', 'pappe']",[],Super Heavy Duty Zinc AA,,products,batterie,,
Varta,,[],4008496222537,Germany,['en:germany'],1765029017,unknown,,,,,,[],1768301071,,,[],,,[],Batterie AA performance alkaline,,products,batterie,,
Ariel,Waschmittel,['en:Waschmittel'],8001841153605,Germany,['en:germany'],1564158148,unknown,,https://images.openproductsfacts.org/images/products/800/184/115/3605/front_ar.4.400.jpg,,,,[],1738257251,,,[],,,[],Ariel Vollwaschmittel,,products,waschmittel,,['unknown']
"Henkel, Perwoll",Laundry detergents,"['en:household-chemicals', 'en:laundry-detergents']",4015000970044,Germany,['en:germany'],1640604082,unknown,Waschmittel für weiße Wäsche,https://images.openproductsfacts.org/images/products/401/500/097/0044/front_de.8.400.jpg,,,,[],1700213092,,,[],Waschmittel,['de:waschmittel'],[],Weiss & Faser Perwoll,,products,waschmittel,,['unknown']
"Mayeri Industries, Savin","Laundry detergents, Liquid detergent, de:Buntwaschmittel","['en:household-chemicals', 'en:laundry-detergents', 'en:liquid-detergent', 'de:Buntwaschmittel']",5712873371501,Germany,['en:germany'],1681211427,unknown,Farbwaschmittel,https://images.openproductsfacts.org/images/products/571/287/337/1501/front_de.4.400.jpg,,,de:Ecolabel EE/006/00001,['de:Ecolabel EE/006/00001'],1774451161,Estland,Estonia,['en:estonia'],Kunststoff,['kunststoff'],[],Savin Color Protect,NETTO,products,waschmittel,,
Lenor,"Fabric Softeners & Dryer Sheets, de:Weichspüler, Waschmittel","['en:home-garden', 'en:household-supplies', 'en:laundry-supplies', 'en:fabric-softeners-dryer-sheets', 'de:Weichspüler', 'en:Waschmittel']",8006540484258,Germany,['en:germany'],1645865555,unknown,,,,,,,1761465483,,,,bottle,['en:bottle'],[{'shape': 'en:bottle'}],Lenor Weichspüler,,products,waschmittel,,['unknown']
Ariel,,[],8700216088756,Germany,['en:germany'],1730455589,unknown,,https://images.openproductsfacts.org/images/products/870/021/608/8756/front_de.3.400.jpg,,,,[],1759948834,,,[],,,[],Ariel Waschmittel Pulver,,products,waschmittel,,
Henkel,"Incorrect product type, Laundry detergents, non-food-products, open-products-facts","['en:incorrect-product-type', 'en:household-chemicals', 'en:laundry-detergents', 'en:non-food-products', 'en:open-products-facts']",4015000971737,Germany,['en:germany'],1611139261,unknown,,https://images.openproductsfacts.org/images/products/401/500/097/1737/front_de.4.400.jpg,"['de:15', 'de:nichtionische-tenside', 'de:seife', 'de:phosphonate', 'de:weitere-inhaltsstoffe', 'de:alpha-isomethyl-ionone', 'de:enzyme', 'de:anionische-tenside', 'de:duftstoffe', 'de:benzyl-salicylate']","15-30%: anionische Tenside, nichtionische Tenside, 5-15%: Seife, &lt;5%: Phosphonate. Weitere Inhaltsstoffe: Duftstoffe (Benzyl salicylate, Alpha-isomethyl ionone), Enzyme.",,,1746353609,,,,"Kunststoff, Pappe, Karton","['en:plastic', 'en:cardboard', 'en:paperboard']","[{'material': 'en:plastic'}, {'material': 'en:paperboard'}]",Weißer Riese Color Duo-Caps Aromatherapie Orchidee & Sandelholz,NETTO,products,waschmittel,,
Persil,,,4015000966306,Germany,['en:germany'],1648230393,unknown,,,,,,,1700217072,,,,,,[],Waschmittel,,products,waschmittel,,
Ariel,,,8006540074039,Germany,['en:germany'],1639839725,unknown,,,,,,,1683957269,,,,,,[],Waschmittel Color,,products,waschmittel,,['unknown']
Dash,de:Flüssiges Waschmittel,['de:Flüssiges Waschmittel'],4012400504527,Germany,['en:germany'],1780742164,,,https://images.openproductsfacts.org/images/products/401/240/050/4527/front_de.5.400.jpg,,,,[],1780742443,,,[],,,[],Colorwaschmitttel,Lidl,products,waschmittel,,
"Rossmann, domol","Laundry detergents, Liquid detergent","['en:household-chemicals', 'en:laundry-detergents', 'en:liquid-detergent']",4305615358451,Germany,['en:germany'],1778246592,,,https://images.openproductsfacts.org/images/products/430/561/535/8451/front_de.3.400.jpg,,,,,1778246725,,,,,,[],domol Black,,products,waschmittel,,
Persil,Laundry detergents,"['en:household-chemicals', 'en:laundry-detergents']",4015200035789,Germany,['en:germany'],1776953575,,,https://images.openproductsfacts.org/images/products/401/520/003/5789/front_de.3.400.jpg,,,,,1776953673,,,,,,[],Professional Color 4in1 Discs,,products,waschmittel,,
Eco Freude,Laundry detergents,"['en:household-chemicals', 'en:laundry-detergents']",4305615834900,Germany,['en:germany'],1772285692,,,https://images.openproductsfacts.org/images/products/430/561/583/4900/front_de.3.400.jpg,,,,,1772285882,,,,,,[],Color-Waschmittel,,products,waschmittel,,
Ariel,Laundry detergents,"['en:household-chemicals', 'en:laundry-detergents']",8700216702249,"Austria, Germany","['en:austria', 'en:germany']",1752154026,unknown,,https://images.openproductsfacts.org/images/products/870/021/670/2249/front_de.7.400.jpg,"['ar:90wäschen-nur-fur-kurze-zeit-neues-frische-sy-fleck-weg-powe-1', 'ar:wasch-arbsc-fa-hutz-90-color-pulver-ariel-schnell-auflösend-gegen-pulverrückstände-selbst-in-kaltem-wasser-fareschur-z']",,,[],1771097283,,,[],,,[],Color + Pulver,"Hofer, dm",products,waschmittel,,
"Mayeri, Savin",Laundry detergents,"['en:household-chemicals', 'en:laundry-detergents']",5712874993153,Germany,['en:germany'],1771027599,,,https://images.openproductsfacts.org/images/products/571/287/499/3153/front_de.3.400.jpg,,,,,1771027823,,,,,,[],Savin Color Protect Colorwaschmittel,,products,waschmittel,,
Ariel,,[],8435495810872,Germany,['en:germany'],1647186407,unknown,,,,,,[],1759948996,,,[],,,[],Waschmittel,,products,waschmittel,,
Ariel,,[],8700216570466,Germany,['en:germany'],1742233188,unknown,,https://images.openproductsfacts.org/images/products/870/021/657/0466/front_de.3.400.jpg,,,,[],1759948895,,,[],,,[],Universal Waschmittel Frische Baumwollblüte,,products,waschmittel,,
Woolite,,[],4002448042112,Germany,['en:germany'],1730563532,unknown,,,,,,[],1759948447,,,[],,,[],Waschmittel weiss,,products,waschmittel,,
Woolite,,[],7610075973128,Germany,['en:germany'],1730563678,unknown,,,,,,[],1759947750,,,[],,,[],Waschmittel schwarz,,products,waschmittel,,
Frosch,Laundry detergents,"['en:household-chemicals', 'en:laundry-detergents']",4001499960147,Germany,['en:germany'],1755249442,,,https://images.openproductsfacts.org/images/products/400/149/996/0147/front_de.3.400.jpg,,,,,1755250079,,European Union,['en:european-union'],,,"[{'material': 'en:cardboard', 'number_of_units': 1, 'shape': 'en:packet'}]",Bunt-Waschpulver Granatapfel,,products,waschmittel,,
,,[],8017596132222,Germany,['en:germany'],1746268186,unknown,,https://images.openproductsfacts.org/images/products/801/759/613/2222/front_de.3.400.jpg,,,,[],1746599921,,,[],,,[],waschmittel,,products,waschmittel,,
Werner u. Mertz,,,4001499969416,Germany,['en:germany'],1746438858,,,https://images.openproductsfacts.org/images/products/400/149/996/9416/front_fr.3.400.jpg,,,,,1746438938,,,,,,[],Frosch Aloe Vera Waschmittel,,products,waschmittel,,
Lenor,,[],8700216093613,Germany,['en:germany'],1736164302,unknown,,https://images.openproductsfacts.org/images/products/870/021/609/3613/front_de.3.400.jpg,,,,[],1738289345,,,[],,,[],Waschmittel,,products,waschmittel,,
Ariel,Waschmittel,['en:Waschmittel'],8001841698267,Germany,['en:germany'],1617021297,,,https://images.openproductsfacts.org/images/products/800/184/169/8267/front_de.3.400.jpg,,,,[],1738263019,,,[],Kunststoff,['kunststoff'],[],Strahlend rein,,products,waschmittel,,
Gut&Günstig,Waschmittel,['en:Waschmittel'],4311501620625,Germany,['en:germany'],1570474848,,,https://images.openproductsfacts.org/images/products/431/150/162/0625/front_de.4.400.jpg,"['de:unter', 'de:nichtionische-tenside', 'de:phosphonate', 'de:seife', 'de:polycarboxylate', 'en:no5', 'en:enzyme', 'de:konser-vierungsstoffe', 'de:anionische-tenside', 'de:weitere-inhaltsstoffe', 'de:duftstoffe', 'de:methylisothiazolinone', 'de:benz', 'de:isothiazolinone', 'de:phenoxyethanol']","Unter 5%: nichtionische Tenside, Phosphonate, Seife, Polycarboxylate, 5-15%: anionische Tenside. Weitere Inhaltsstoffe: Duftstoffe, Enzyme, Konservierungsstoffe (METHYLISOTHIAZOLINONE, BENZISOTHIAZOLINONE, PHENOXYETHANOL).",,[],1738262160,,,[],05 PP,['05-pp'],"[{'number_of_units': 1, 'shape': 'en:bottle'}]",Black Feinwaschmittel,Edeka,products,waschmittel,,
Ariel,,,8700216240697,Germany,['en:germany'],1736868671,unknown,,,,,,,1738059526,,,,,,[],Waschmittel,,products,waschmittel,,
Ariel,,,8700216197083,Germany,['en:germany'],1724512330,unknown,,,,,,,1738059461,,,,,,[],Waschmittel,,products,waschmittel,,
Ariel,,,8006540840122,Germany,['en:germany'],1736609760,unknown,,https://images.openproductsfacts.org/images/products/800/654/084/0122/front_de.3.400.jpg,,,,,1738059241,,,,,,[],Waschmittel Strahlend Rein,,products,waschmittel,,
Ariel,,,8006540905944,Germany,['en:germany'],1736610250,unknown,,https://images.openproductsfacts.org/images/products/800/654/090/5944/front_de.3.400.jpg,,,,,1738059240,,,,,,[],Waschmittel Universal Allin1 Pods,,products,waschmittel,,
Ariel,,,8700216197434,Germany,['en:germany'],1730455725,unknown,,https://images.openproductsfacts.org/images/products/870/021/619/7434/front_de.3.400.jpg,,,,,1738059212,,,,,,[],Ariel febreze Waschmittel flüssig,,products,waschmittel,,
Ariel,,,8700216088657,Germany,['en:germany'],1736610565,unknown,,https://images.openproductsfacts.org/images/products/870/021/608/8657/front_de.3.400.jpg,,,,,1738059174,,,,,,[],Waschmittel Universal Pulver,,products,waschmittel,,
Ariel,,,8700216536028,Germany,['en:germany'],1736610464,unknown,,https://images.openproductsfacts.org/images/products/870/021/653/6028/front_de.3.400.jpg,,,,,1738059139,,,,,,[],Waschmittel Touch of Lenor Pulver,,products,waschmittel,,
Lenor,,,8700216292566,Germany,['en:germany'],1736610360,unknown,,https://images.openproductsfacts.org/images/products/870/021/629/2566/front_de.3.400.jpg,,,,,1738059138,,,,,,[],Waschmittel Universal Pods,,products,waschmittel,,
Lenor,,,8700216285605,Germany,['en:germany'],1733162830,unknown,,https://images.openproductsfacts.org/images/products/870/021/628/5605/front_de.4.400.jpg,,,,,1738059131,,,,,,[],Waschmittel,,products,waschmittel,,
Lenor,,,8700216292610,Germany,['en:germany'],1731667134,unknown,,https://images.openproductsfacts.org/images/products/870/021/629/2610/front_de.6.400.jpg,,,,,1738059131,,,,,,[],Waschmittel Color Pods,,products,waschmittel,,
Lenor,,,8700216292146,Germany,['en:germany'],1730628147,unknown,,https://images.openproductsfacts.org/images/products/870/021/629/2146/front_de.3.400.jpg,,,,,1738059050,,,,,,[],Lenor Color Waschmittel 38Pods,,products,waschmittel,,
coral,,,8720181327087,Germany,['en:germany'],1733575025,unknown,,https://images.openproductsfacts.org/images/products/872/018/132/7087/front_de.3.400.jpg,,,,,1736760604,,,,,,[],Color flüssig Waschmittel,,products,waschmittel,,
Lenor,,,8006540943229,Germany,['en:germany'],1709556824,unknown,,,,,,,1734867394,,,,,,[],Waschmittel,,products,waschmittel,,
Waschmittel,,,8720181327056,Germany,['en:germany'],1679412646,unknown,,https://images.openproductsfacts.org/images/products/872/018/132/7056/front_de.4.400.jpg,,,,,1710691639,,,,,,[],Coral,,products,waschmittel,,['unknown']
burti,"Laundry detergents, de:Feinwaschmittel","['en:household-chemicals', 'en:laundry-detergents', 'de:Feinwaschmittel']",4000196122544,Germany,['en:germany'],1688399211,,,https://images.openproductsfacts.org/images/products/400/019/612/2544/front_de.4.400.jpg,,,de:Ohne Mikroplastik,['de:Ohne Mikroplastik'],1688399319,,,,Kunststoff,['kunststoff'],,Noir,,products,waschmittel,,
,,,8001841525266,Germany,['en:germany'],1678024669,unknown,,,,,,,1683979461,,,,,,[],Lenor Waschmittel,,products,waschmittel,,['unknown']
Lenor,non-food-products,['en:non-food-products'],8006540943168,Germany,['en:germany'],1677169395,unknown,,https://images.openproductsfacts.org/images/products/800/654/094/3168/front_de.3.400.jpg,,,,[],1683957381,,,[],,[],[],Waschmittel,,products,waschmittel,,['unknown']
Ariel,,,8006540668535,Germany,['en:germany'],1661680229,unknown,,,,,,,1683957363,,,,,,[],Waschmittel Pods,,products,waschmittel,,['unknown']
Ariel,,,8006540180297,Germany,['en:germany'],1635540371,unknown,,,,,,,1683957297,,,,,,[],Waschmittel universal All in 1 Pods,,products,waschmittel,,['unknown']
,,,8006540173121,Germany,['en:germany'],1640492596,unknown,,,,,,,1683957295,,,,,,[],Waschmittel,,products,waschmittel,,['unknown']
,,,8006540043011,Germany,['en:germany'],1679222204,unknown,,,,,,,1683957263,,,,,,[],Waschmittel,,products,waschmittel,,['unknown']
Ariel,,,8006540042854,Germany,['en:germany'],1664613759,unknown,,,,,,,1683957261,,,,,,[],Waschmittel,,products,waschmittel,,['unknown']
RB Hygiene Home Deutschland,"Laundry detergents, de:Entkalker, de:Haushaltschemie","['en:household-chemicals', 'en:laundry-detergents', 'de:Entkalker', 'de:Haushaltschemie']",4251758410900,Germany,['en:germany'],1683646639,,,https://images.openproductsfacts.org/images/products/425/175/841/0900/front_de.4.400.jpg,,,,,1683646891,EU,European Union,['en:european-union'],"Karton,Pappe","['karton', 'pappe']",,Calgon Power Tabs 4 in 1,NETTO,products,waschmittel,,
Bravil,Laundry detergents,"['en:household-chemicals', 'en:laundry-detergents']",4316268478489,Germany,['en:germany'],1583440860,,,https://images.openproductsfacts.org/images/products/431/626/847/8489/front_de.4.400.jpg,"['de:sodium-dodecyl-benzenesulfonate', 'en:e550', 'de:c12-18-pareth-7']","SODIUM DODECYL-BENZENESULFONATE, SODIUM SILICATE, C12-18 PARETH-7",,,1583441131,Düsseldorf,,,Kunststoffbeutel,['kunststoffbeutel'],,Bravil ColorPlus,Netto Marken-Discount,products,waschmittel,,
"Henkel, Spee",Laundry detergents,"['en:household-chemicals', 'en:laundry-detergents']",4015000968331,Germany,['en:germany'],1562804834,,Waschmittel,,"['de:15-30-anionische-tenside', 'de:zeolithe', 'de:lt', 'de:seife', 'de:nichtionische-tenside', 'de:phosphonate', 'de:polycarboxylate', 'de:duftstoffe', 'de:enzyme']","15-30 % anionische Tenside, Zeolithe, &lt;5%: Seife, nichtionische Tenside, Phosphonate, Polycarboxylate, Duftstoffe, Enzyme",,[],1562805392,,,[],Kunststoffbeutel,['kunststoffbeutel'],,Spee Megaperls Color Multi Aktiv,Netto,products,waschmittel,,
DM,Toothbrushes,"['en:health-beauty', 'en:personal-care', 'en:oral-care', 'en:toothbrushes']",4066447782035,Germany,['en:germany'],1771153902,unknown,,,,,,[],1780934705,,,[],,,[],toothbrush,,products,toothbrush,,
Colgate,Toothbrushes,"['en:health-beauty', 'en:personal-care', 'en:oral-care', 'en:toothbrushes']",8850006943861,"Australia, Germany","['en:australia', 'en:germany']",1780592773,unknown,,,,,,[],1780934424,,,[],,,[],360 Advanced Optic White Toothbrush Soft,Coles,products,toothbrush,,
Colgate,Toothbrushes,"['en:health-beauty', 'en:personal-care', 'en:oral-care', 'en:toothbrushes']",8850006943878,"Australia, Germany","['en:australia', 'en:germany']",1780592752,unknown,,,,,,[],1780934363,,,[],,,[],360 Advanced Optic White Toothbrush Medium,Coles,products,toothbrush,,
Philips,Toothbrushes,"['en:health-beauty', 'en:personal-care', 'en:oral-care', 'en:toothbrushes']",8710103805625,"Germany, United Kingdom","['en:germany', 'en:united-kingdom']",1619945209,unknown,,https://images.openproductsfacts.org/images/products/871/010/380/5625/front_en.5.400.jpg,,,,[],1780934158,,,[],,,[],Sonicare C3 Toothbrush heads,,products,toothbrush,,
Colgate,Toothbrushes,"['en:health-beauty', 'en:personal-care', 'en:oral-care', 'en:toothbrushes']",8850006947296,"Australia, Germany","['en:australia', 'en:germany']",1780599397,,,,,,,[],1780849700,,,[],,,[],Gentle Clean Soft Toothbrush,Coles,products,toothbrush,,
Oral-B,Toothbrushes,"['en:health-beauty', 'en:personal-care', 'en:oral-care', 'en:toothbrushes']",3014260831523,"Australia, Germany","['en:australia', 'en:germany']",1780590727,,,,,,,[],1780849642,,India,['en:india'],,,[],All Rounder Fresh Clean Soft Toothbrush,Coles,products,toothbrush,,
Colgate,Toothbrushes,"['en:health-beauty', 'en:personal-care', 'en:oral-care', 'en:toothbrushes']",9300632065547,"Australia, Germany","['en:australia', 'en:germany']",1780597805,,,,,,,[],1780849573,,,[],,,[],Zig Zag Medium Toothbrush Value Pack,Coles,products,toothbrush,,
Philips,Toothbrushes,"['en:health-beauty', 'en:personal-care', 'en:oral-care', 'en:toothbrushes']",8720689050838,"Australia, Germany","['en:australia', 'en:germany']",1780599530,,,,,,,[],1780849269,,,[],,,[],Sonicare Electric Toothbrush Series 2100 Black,Coles,products,toothbrush,,
Oral-B,Toothbrushes,"['en:health-beauty', 'en:personal-care', 'en:oral-care', 'en:toothbrushes']",4987176144256,"Australia, Germany","['en:australia', 'en:germany']",1780592654,,,,,,,[],1780846216,,,[],,,[],iO 3 Series Ultimate Clean Electric Toothbrush,Coles,products,toothbrush,,
Colgate,Toothbrushes,"['en:health-beauty', 'en:personal-care', 'en:oral-care', 'en:toothbrushes']",8850006951057,"Australia, Germany","['en:australia', 'en:germany']",1780598767,,,,,,,[],1780846112,,,[],,,[],Gentle Sensitive Expert Ultra Soft Toothbrush,Coles,products,toothbrush,,
Oral-B,Toothbrushes,"['en:health-beauty', 'en:personal-care', 'en:oral-care', 'en:toothbrushes']",4902430897204,"Australia, Germany","['en:australia', 'en:germany']",1780590243,,,,,,,[],1780845703,,,[],,,[],Cross Action Indicator Toothbrush,Coles,products,toothbrush,,
Philips,Toothbrushes,"['en:health-beauty', 'en:personal-care', 'en:oral-care', 'en:toothbrushes']",8720689050166,"Australia, Germany","['en:australia', 'en:germany']",1780600162,,,,,,,[],1780845572,,,[],,,[],Sonicare Electric Toothbrush Series 1100 White,Coles,products,toothbrush,,
Philips,Toothbrushes,"['en:health-beauty', 'en:personal-care', 'en:oral-care', 'en:toothbrushes']",8720689050197,"Australia, Germany","['en:australia', 'en:germany']",1780599463,,,,,,,[],1780845148,,,[],,,[],Philips Sonicare Electric Toothbrush Series 1100 Marine Blue,Coles,products,toothbrush,,
Colgate,,,8714789183824,"Australia, Germany","['en:australia', 'en:germany']",1780587841,,,,,,,,1780587841,,,,,,[],Colgate 360 Deep Clean Soft Toothbrush 1 Pack,Coles,products,toothbrush,,
Colgate,,,8718951570276,Germany,['en:germany'],1762702216,,,https://images.openproductsfacts.org/images/products/871/895/157/0276/front_fr.3.400.jpg,,,,,1762702217,Suisse,,,,,[],Colgate 360° Deep Clean Toothbrush,,products,toothbrush,,
